id,group,movements,noise,renew_noise,hold_min,peak_reset,composite_peak,entry_window,entry_percentile,min_bout,exit_percentile,exit_windows,exit_events,exit_rms_lookback,deep_min,deep_bouts,stageable_min,fallback_min,first_half_deep_min,safety_cap_min,short_run_filtered_min,deep_percent,bouts_per_hour,median_bout_minutes,longest_bout_minutes,short_bouts_le5,light_gaps_le2,first_deep_elapsed_percent,first_half_share_of_deep,deep_intervals
baseline,baseline,3,3.0,-1.0,45,1.5,false,15,50,10,70,3,8,5,31.0,1,61,281.0,0.0,0,0,9.064327485380117,0.17543859649122806,31.0,31.0,0,0,54.242558479532164,0.0,04:36-05:07
anchor_A,anchor,2,3.0,-1.0,45,1.5,false,15,65,10,70,3,8,5,88.0,4,149,193.0,30.0,0,0,25.730994152046783,0.7017543859649122,18.5,39.0,0,1,21.201622807017547,0.3409090909090909,02:43-03:01; 03:03-03:15; 04:28-05:07; 06:53-07:12
anchor_B,anchor,2,3.0,-1.0,45,3.0,false,10,65,5,50,1,8,5,101.0,8,244,137.0,9.49045,0,39,29.53216374269006,1.4035087719298245,5.0,56.0,5,0,45.47062865497076,0.0939648514851485,04:06-04:11; 04:17-04:22; 04:27-05:23; 05:43-05:48; 06:15-06:22; 06:26-06:39; 06:57-07:02; 07:07-07:12
A_entryP55,local,2,3.0,-1.0,45,1.5,false,15,55,10,70,3,8,5,39.0,1,149,206.0,0.0,0,13,11.403508771929824,0.17543859649122806,39.0,39.0,0,0,51.90337719298246,0.0,04:28-05:07
A_entryP60,local,2,3.0,-1.0,45,1.5,false,15,60,10,70,3,8,5,59.0,3,149,193.0,10.0,0,0,17.251461988304094,0.5263157894736842,10.0,39.0,0,0,23.540804093567253,0.1694915254237288,02:51-03:01; 04:28-05:07; 07:02-07:12
A_entryP62,local,2,3.0,-1.0,45,1.5,false,15,62,10,70,3,8,5,68.0,3,149,193.0,10.0,0,0,19.883040935672515,0.5263157894736842,19.0,39.0,0,0,23.540804093567253,0.14705882352941177,02:51-03:01; 04:28-05:07; 06:53-07:12
A_entryP67,local,2,3.0,-1.0,45,1.5,false,15,67,10,70,3,8,5,88.0,4,149,193.0,30.0,0,0,25.730994152046783,0.7017543859649122,18.5,39.0,0,1,21.201622807017547,0.3409090909090909,02:43-03:01; 03:03-03:15; 04:28-05:07; 06:53-07:12
A_entryP70,local,2,3.0,-1.0,45,1.5,false,15,70,10,70,3,8,5,88.0,4,149,193.0,30.0,0,0,25.730994152046783,0.7017543859649122,18.5,39.0,0,1,21.201622807017547,0.3409090909090909,02:43-03:01; 03:03-03:15; 04:28-05:07; 06:53-07:12
A_exitP50,local,2,3.0,-1.0,45,1.5,false,15,65,10,50,3,8,5,49.0,2,149,219.0,10.0,0,26,14.327485380116958,0.3508771929824561,24.5,39.0,0,0,23.540804093567253,0.20408163265306123,02:51-03:01; 04:28-05:07
A_exitP55,local,2,3.0,-1.0,45,1.5,false,15,65,10,55,3,8,5,68.0,3,149,202.0,14.0,0,9,19.883040935672515,0.5263157894736842,15.0,39.0,0,0,22.371213450292398,0.20588235294117646,02:47-03:01; 04:28-05:07; 06:57-07:12
A_exitP60,local,2,3.0,-1.0,45,1.5,false,15,65,10,60,3,8,5,76.0,3,149,196.0,18.0,0,3,22.22222222222222,0.5263157894736842,19.0,39.0,0,0,21.201622807017547,0.23684210526315788,02:43-03:01; 04:28-05:07; 06:53-07:12
A_exitP62,local,2,3.0,-1.0,45,1.5,false,15,65,10,62,3,8,5,76.0,3,149,196.0,18.0,0,3,22.22222222222222,0.5263157894736842,19.0,39.0,0,0,21.201622807017547,0.23684210526315788,02:43-03:01; 04:28-05:07; 06:53-07:12
A_exitP65,local,2,3.0,-1.0,45,1.5,false,15,65,10,65,3,8,5,76.0,3,149,196.0,18.0,0,3,22.22222222222222,0.5263157894736842,19.0,39.0,0,0,21.201622807017547,0.23684210526315788,02:43-03:01; 04:28-05:07; 06:53-07:12
A_exitP67,local,2,3.0,-1.0,45,1.5,false,15,65,10,67,3,8,5,88.0,4,149,193.0,30.0,0,0,25.730994152046783,0.7017543859649122,18.5,39.0,0,1,21.201622807017547,0.3409090909090909,02:43-03:01; 03:03-03:15; 04:28-05:07; 06:53-07:12
A_exitP75,local,2,3.0,-1.0,45,1.5,false,15,65,10,75,3,8,5,90.0,3,149,193.0,32.0,0,0,26.31578947368421,0.5263157894736842,32.0,39.0,0,0,21.201622807017547,0.35555555555555557,02:43-03:15; 04:28-05:07; 06:53-07:12
A_window10,local,2,3.0,-1.0,45,1.5,false,10,65,10,70,3,8,5,72.0,3,149,198.0,15.0,0,5,21.052631578947366,0.5263157894736842,15.0,42.0,0,0,22.078815789473687,0.20833333333333334,02:46-03:01; 04:25-05:07; 06:57-07:12
A_window12,local,2,3.0,-1.0,45,1.5,false,12,65,10,70,3,8,5,76.0,3,149,196.0,14.0,0,3,22.22222222222222,0.5263157894736842,20.0,42.0,0,0,22.371213450292398,0.18421052631578946,02:47-03:01; 04:25-05:07; 06:52-07:12
A_bout5,local,2,3.0,-1.0,45,1.5,false,15,65,5,70,3,8,5,88.0,4,149,193.0,30.0,0,0,25.730994152046783,0.7017543859649122,18.5,39.0,0,1,21.201622807017547,0.3409090909090909,02:43-03:01; 03:03-03:15; 04:28-05:07; 06:53-07:12
A_bout7,local,2,3.0,-1.0,45,1.5,false,15,65,7,70,3,8,5,88.0,4,149,193.0,30.0,0,0,25.730994152046783,0.7017543859649122,18.5,39.0,0,1,21.201622807017547,0.3409090909090909,02:43-03:01; 03:03-03:15; 04:28-05:07; 06:53-07:12
A_wait1,local,2,3.0,-1.0,45,1.5,false,15,65,10,70,1,8,5,86.0,4,149,193.0,28.0,0,0,25.146198830409354,0.7017543859649122,17.5,39.0,0,0,21.201622807017547,0.32558139534883723,02:43-02:59; 03:03-03:15; 04:28-05:07; 06:53-07:12
A_wait2,local,2,3.0,-1.0,45,1.5,false,15,65,10,70,2,8,5,87.0,4,149,193.0,29.0,0,0,25.438596491228072,0.7017543859649122,18.0,39.0,0,0,21.201622807017547,0.3333333333333333,02:43-03:00; 03:03-03:15; 04:28-05:07; 06:53-07:12
A_rms3,local,2,3.0,-1.0,45,1.5,false,15,65,10,70,3,8,3,87.0,4,149,193.0,29.0,0,0,25.438596491228072,0.7017543859649122,18.0,39.0,0,0,21.201622807017547,0.3333333333333333,02:43-03:00; 03:03-03:15; 04:28-05:07; 06:53-07:12
A_rms7,local,2,3.0,-1.0,45,1.5,false,15,65,10,70,3,8,7,90.0,3,149,193.0,32.0,0,0,26.31578947368421,0.5263157894736842,32.0,39.0,0,0,21.201622807017547,0.35555555555555557,02:43-03:15; 04:28-05:07; 06:53-07:12
A_peak2.0,local,2,3.0,-1.0,45,2.0,false,15,65,10,70,3,8,5,90.0,3,178,171.0,32.0,0,7,26.31578947368421,0.5263157894736842,32.0,39.0,0,0,21.201622807017547,0.35555555555555557,02:43-03:15; 04:28-05:07; 06:53-07:12
A_peak2.5,local,2,3.0,-1.0,45,2.5,false,15,65,10,70,3,8,5,105.0,4,205,156.0,32.0,0,19,30.701754385964914,0.7017543859649122,25.5,39.0,0,0,21.201622807017547,0.3047619047619048,02:43-03:15; 04:28-05:07; 06:26-06:41; 06:53-07:12
A_peak3.0,local,2,3.0,-1.0,45,3.0,false,15,65,10,70,3,8,5,149.0,5,244,121.0,32.0,0,23,43.567251461988306,0.8771929824561403,19.0,68.0,0,0,21.201622807017547,0.21476510067114093,02:43-03:15; 04:25-05:33; 05:36-05:51; 06:26-06:41; 06:53-07:12
A_noise2.5,local,2,2.5,-1.0,45,1.5,false,15,65,10,70,3,8,5,110.0,4,205,137.0,44.0,0,0,32.16374269005848,0.7017543859649122,22.0,56.0,0,0,23.540804093567253,0.4,02:51-03:01; 03:20-03:54; 04:28-05:24; 07:02-07:12
A_noise2.75,local,2,2.75,-1.0,45,1.5,false,15,65,10,70,3,8,5,110.0,4,205,137.0,44.0,0,0,32.16374269005848,0.7017543859649122,22.0,56.0,0,0,23.540804093567253,0.4,02:51-03:01; 03:20-03:54; 04:28-05:24; 07:02-07:12
A_hold35,local,2,3.0,-1.0,35,1.5,false,15,65,10,70,3,8,5,58.0,3,145,201.0,10.0,0,4,16.95906432748538,0.5263157894736842,19.0,29.0,0,0,23.540804093567253,0.1724137931034483,02:51-03:01; 04:28-04:57; 06:53-07:12
A_hold55,local,2,3.0,-1.0,55,1.5,false,15,65,10,70,3,8,5,95.0,4,176,166.0,20.0,0,0,27.77777777777778,0.7017543859649122,14.5,56.0,0,0,23.540804093567253,0.21052631578947367,02:51-03:01; 03:15-03:25; 04:28-05:24; 06:53-07:12
A_renew2.5,local,2,3.0,2.5,45,1.5,false,15,65,10,70,3,8,5,110.0,4,205,137.0,44.0,0,0,32.16374269005848,0.7017543859649122,22.0,56.0,0,0,23.540804093567253,0.4,02:51-03:01; 03:20-03:54; 04:28-05:24; 07:02-07:12
A_renew2.75,local,2,3.0,2.75,45,1.5,false,15,65,10,70,3,8,5,110.0,4,205,137.0,44.0,0,0,32.16374269005848,0.7017543859649122,22.0,56.0,0,0,23.540804093567253,0.4,02:51-03:01; 03:20-03:54; 04:28-05:24; 07:02-07:12
B_entryP55,local,2,3.0,-1.0,45,3.0,false,10,55,5,50,1,8,5,96.0,7,244,124.0,9.49045,0,26,28.07017543859649,1.2280701754385965,5.0,56.0,4,0,45.47062865497076,0.09885885416666666,04:06-04:11; 04:17-04:22; 04:27-05:23; 05:43-05:48; 06:15-06:22; 06:26-06:39; 07:07-07:12
B_entryP60,local,2,3.0,-1.0,45,3.0,false,10,60,5,50,1,8,5,101.0,8,244,126.0,9.49045,0,28,29.53216374269006,1.4035087719298245,5.0,56.0,5,0,45.47062865497076,0.0939648514851485,04:06-04:11; 04:17-04:22; 04:27-05:23; 05:43-05:48; 06:15-06:22; 06:26-06:39; 06:57-07:02; 07:07-07:12
B_entryP62,local,2,3.0,-1.0,45,3.0,false,10,62,5,50,1,8,5,101.0,8,244,129.0,9.49045,0,31,29.53216374269006,1.4035087719298245,5.0,56.0,5,0,45.47062865497076,0.0939648514851485,04:06-04:11; 04:17-04:22; 04:27-05:23; 05:43-05:48; 06:15-06:22; 06:26-06:39; 06:57-07:02; 07:07-07:12
B_entryP67,local,2,3.0,-1.0,45,3.0,false,10,67,5,50,1,8,5,101.0,8,244,138.0,9.49045,0,40,29.53216374269006,1.4035087719298245,5.0,56.0,5,0,45.47062865497076,0.0939648514851485,04:06-04:11; 04:17-04:22; 04:27-05:23; 05:43-05:48; 06:15-06:22; 06:26-06:39; 06:57-07:02; 07:07-07:12
B_entryP70,local,2,3.0,-1.0,45,3.0,false,10,70,5,50,1,8,5,101.0,8,244,138.0,9.49045,0,40,29.53216374269006,1.4035087719298245,5.0,56.0,5,0,45.47062865497076,0.0939648514851485,04:06-04:11; 04:17-04:22; 04:27-05:23; 05:43-05:48; 06:15-06:22; 06:26-06:39; 06:57-07:02; 07:07-07:12
B_exitP55,local,2,3.0,-1.0,45,3.0,false,10,65,5,55,1,8,5,116.0,10,244,129.0,20.49045,0,31,33.91812865497076,1.7543859649122806,6.5,56.0,4,2,22.371213450292398,0.17664181034482757,02:47-02:52; 02:53-02:59; 04:06-04:11; 04:17-04:22; 04:27-05:23; 05:43-05:48; 06:15-06:22; 06:26-06:39; 06:57-07:04; 07:05-07:12
B_exitP60,local,2,3.0,-1.0,45,3.0,false,10,65,5,60,1,8,5,133.0,9,244,121.0,28.49045,0,23,38.88888888888889,1.5789473684210527,7.0,58.0,4,0,21.786418128654972,0.21421390977443608,02:45-02:59; 03:08-03:13; 04:06-04:11; 04:17-04:22; 04:25-05:23; 05:43-05:48; 06:15-06:22; 06:26-06:39; 06:51-07:12
B_exitP62,local,2,3.0,-1.0,45,3.0,false,10,65,5,62,1,8,5,145.0,9,244,114.0,32.49045,0,16,42.39766081871345,1.5789473684210527,7.0,66.0,4,0,20.616827485380117,0.22407206896551726,02:41-02:59; 03:08-03:13; 04:06-04:11; 04:17-04:22; 04:25-05:31; 05:43-05:48; 06:15-06:22; 06:26-06:39; 06:51-07:12
B_exitP65,local,2,3.0,-1.0,45,3.0,false,10,65,5,65,1,8,5,155.0,9,244,109.0,42.49045,0,11,45.32163742690059,1.5789473684210527,13.0,66.0,2,0,20.616827485380117,0.274131935483871,02:41-02:59; 03:02-03:15; 04:06-04:13; 04:17-04:22; 04:25-05:31; 05:43-05:48; 06:15-06:22; 06:26-06:39; 06:51-07:12
B_exitP67,local,2,3.0,-1.0,45,3.0,false,10,65,5,67,1,8,5,155.0,9,244,109.0,42.49045,0,11,45.32163742690059,1.5789473684210527,13.0,66.0,2,0,20.616827485380117,0.274131935483871,02:41-02:59; 03:02-03:15; 04:06-04:13; 04:17-04:22; 04:25-05:31; 05:43-05:48; 06:15-06:22; 06:26-06:39; 06:51-07:12
B_exitP70,local,2,3.0,-1.0,45,3.0,false,10,65,5,70,1,8,5,168.0,8,244,102.0,47.49045,0,4,49.122807017543856,1.4035087719298245,13.0,66.0,1,0,20.03203216374269,0.28268125,02:39-03:15; 04:06-04:13; 04:17-04:22; 04:25-05:31; 05:36-05:49; 06:15-06:22; 06:26-06:39; 06:51-07:12
B_exitP75,local,2,3.0,-1.0,45,3.0,false,10,65,5,75,1,8,5,180.0,6,244,102.0,48.49045,0,4,52.63157894736842,1.0526315789473684,22.5,75.0,0,0,20.03203216374269,0.2693913888888889,02:39-03:15; 04:06-04:14; 04:17-05:32; 05:36-05:52; 06:15-06:39; 06:51-07:12
B_window12,local,2,3.0,-1.0,45,3.0,false,12,65,5,50,1,8,5,96.0,7,244,139.0,4.49045,0,41,28.07017543859649,1.2280701754385965,6.0,56.0,3,0,48.68700292397661,0.046775520833333334,04:17-04:22; 04:27-05:23; 05:42-05:48; 06:16-06:22; 06:26-06:39; 06:57-07:02; 07:07-07:12
B_window15,local,2,3.0,-1.0,45,3.0,false,15,65,5,50,1,8,5,84.0,5,244,141.0,4.49045,0,43,24.561403508771928,0.8771929824561403,5.0,56.0,3,0,48.68700292397661,0.05345773809523809,04:17-04:22; 04:27-05:23; 06:26-06:39; 06:57-07:02; 07:07-07:12
B_bout7,local,2,3.0,-1.0,45,3.0,false,10,65,7,50,1,8,5,76.0,3,244,162.0,0.0,0,64,22.22222222222222,0.5263157894736842,13.0,56.0,0,0,51.610979532163746,0.0,04:27-05:23; 06:15-06:22; 06:26-06:39
B_bout10,local,2,3.0,-1.0,45,3.0,false,10,65,10,50,1,8,5,69.0,2,244,169.0,0.0,0,71,20.175438596491226,0.3508771929824561,34.5,56.0,0,0,51.610979532163746,0.0,04:27-05:23; 06:26-06:39
B_wait2,local,2,3.0,-1.0,45,3.0,false,10,65,5,50,2,8,5,129.0,11,244,128.0,16.49045,0,30,37.719298245614034,1.9298245614035088,6.0,59.0,2,3,24.417997076023394,0.1278329457364341,02:54-03:00; 04:06-04:12; 04:17-04:23; 04:25-05:24; 05:25-05:32; 05:36-05:41; 05:42-05:49; 06:15-06:23; 06:26-06:40; 06:57-07:03; 07:07-07:12
B_wait3,local,2,3.0,-1.0,45,3.0,false,10,65,5,50,3,8,5,145.0,12,244,123.0,17.49045,0,25,42.39766081871345,2.1052631578947367,7.0,60.0,1,6,24.710394736842105,0.12062379310344827,02:55-03:01; 04:06-04:13; 04:17-04:24; 04:25-05:25; 05:26-05:33; 05:36-05:42; 05:43-05:50; 06:15-06:24; 06:26-06:41; 06:43-06:48; 06:55-07:04; 07:05-07:12
B_rms3,local,2,3.0,-1.0,45,3.0,false,10,65,5,50,1,8,3,96.0,8,244,138.0,5.0,0,40,28.07017543859649,1.4035087719298245,6.0,57.0,3,1,45.47062865497076,0.052083333333333336,04:06-04:11; 04:25-05:22; 05:25-05:30; 05:41-05:47; 06:15-06:21; 06:26-06:31; 06:32-06:38; 07:06-07:12
B_rms7,local,2,3.0,-1.0,45,3.0,false,10,65,5,50,1,8,7,102.0,7,244,137.0,10.49045,0,39,29.82456140350877,1.2280701754385965,8.0,57.0,1,0,45.47062865497076,0.10284754901960784,04:06-04:12; 04:17-04:23; 04:27-05:24; 05:27-05:32; 05:41-05:49; 06:15-06:23; 06:28-06:40
B_peak1.5,local,2,3.0,-1.0,45,1.5,false,10,65,5,50,1,8,5,55.0,4,149,203.0,5.0,0,10,16.08187134502924,0.7017543859649122,5.0,40.0,3,0,24.417997076023394,0.09090909090909091,02:54-02:59; 04:27-05:07; 06:57-07:02; 07:07-07:12
B_peak2.0,local,2,3.0,-1.0,45,2.0,false,10,65,5,50,1,8,5,66.0,6,178,186.0,11.0,0,22,19.298245614035086,1.0526315789473684,5.0,40.0,4,1,22.371213450292398,0.16666666666666666,02:47-02:52; 02:53-02:59; 04:27-05:07; 05:43-05:48; 06:57-07:02; 07:07-07:12
B_peak2.5,local,2,3.0,-1.0,45,2.5,false,10,65,5,50,1,8,5,75.0,6,205,164.0,0.0,0,27,21.929824561403507,1.0526315789473684,6.0,40.0,3,0,51.610979532163746,0.0,04:27-05:07; 05:43-05:48; 06:15-06:22; 06:26-06:39; 06:57-07:02; 07:07-07:12
B_noise2.5,local,2,2.5,-1.0,45,3.0,false,10,65,5,50,1,8,5,123.0,8,283,93.0,45.49045,0,34,35.96491228070175,1.4035087719298245,5.0,55.0,5,0,32.02033625730994,0.3698410569105691,03:20-03:56; 04:06-04:11; 04:17-04:22; 04:27-05:22; 05:43-05:48; 06:15-06:22; 06:27-06:32; 07:07-07:12
B_noise2.75,local,2,2.75,-1.0,45,3.0,false,10,65,5,50,1,8,5,123.0,8,283,93.0,45.49045,0,34,35.96491228070175,1.4035087719298245,5.0,55.0,5,0,32.02033625730994,0.3698410569105691,03:20-03:56; 04:06-04:11; 04:17-04:22; 04:27-05:22; 05:43-05:48; 06:15-06:22; 06:27-06:32; 07:07-07:12
B_hold35,local,2,3.0,-1.0,35,3.0,false,10,65,5,50,1,8,5,90.0,8,231,141.0,18.49045,0,30,26.31578947368421,1.4035087719298245,6.0,41.0,4,0,39.9150730994152,0.20544944444444443,03:47-03:56; 04:06-04:11; 04:17-04:22; 04:27-05:08; 05:43-05:48; 06:15-06:22; 06:26-06:39; 07:07-07:12
B_hold55,local,2,3.0,-1.0,55,3.0,false,10,65,5,50,1,8,5,105.0,9,254,123.0,14.49045,0,35,30.701754385964914,1.5789473684210527,5.0,55.0,6,0,32.02033625730994,0.13800428571428572,03:20-03:25; 04:06-04:11; 04:17-04:22; 04:27-05:22; 05:43-05:48; 06:15-06:22; 06:26-06:39; 06:57-07:02; 07:07-07:12
B_renew2.5,local,2,3.0,2.5,45,3.0,false,10,65,5,50,1,8,5,123.0,8,283,93.0,45.49045,0,34,35.96491228070175,1.4035087719298245,5.0,55.0,5,0,32.02033625730994,0.3698410569105691,03:20-03:56; 04:06-04:11; 04:17-04:22; 04:27-05:22; 05:43-05:48; 06:15-06:22; 06:27-06:32; 07:07-07:12
B_renew2.75,local,2,3.0,2.75,45,3.0,false,10,65,5,50,1,8,5,123.0,8,283,93.0,45.49045,0,34,35.96491228070175,1.4035087719298245,5.0,55.0,5,0,32.02033625730994,0.3698410569105691,03:20-03:56; 04:06-04:11; 04:17-04:22; 04:27-05:22; 05:43-05:48; 06:15-06:22; 06:27-06:32; 07:07-07:12
A_p55_x60_w10_e1_b5_r3,A_grid,2,3.0,-1.0,45,1.5,false,10,55,5,60,1,8,3,59.0,4,149,197.0,5.0,0,4,17.251461988304094,0.7017543859649122,6.0,42.0,2,1,24.12559941520468,0.0847457627118644,02:53-02:58; 04:25-05:07; 06:59-07:04; 07:05-07:12
A_p55_x60_w10_e1_b5_r5,A_grid,2,3.0,-1.0,45,1.5,false,10,55,5,60,1,8,5,65.0,4,149,193.0,11.0,0,0,19.005847953216374,0.7017543859649122,9.0,42.0,1,1,22.663611111111113,0.16923076923076924,02:48-02:59; 04:25-05:07; 06:59-07:04; 07:05-07:12
A_p55_x60_w10_e1_b7_r3,A_grid,2,3.0,-1.0,45,1.5,false,10,55,7,60,1,8,3,49.0,2,149,207.0,0.0,0,14,14.327485380116958,0.3508771929824561,24.5,42.0,0,0,51.02618421052632,0.0,04:25-05:07; 07:05-07:12
A_p55_x60_w10_e1_b7_r5,A_grid,2,3.0,-1.0,45,1.5,false,10,55,7,60,1,8,5,60.0,3,149,198.0,11.0,0,5,17.543859649122805,0.5263157894736842,11.0,42.0,0,0,22.663611111111113,0.18333333333333332,02:48-02:59; 04:25-05:07; 07:05-07:12
A_p55_x60_w10_e1_b10_r3,A_grid,2,3.0,-1.0,45,1.5,false,10,55,10,60,1,8,3,42.0,1,149,214.0,0.0,0,21,12.280701754385964,0.17543859649122806,42.0,42.0,0,0,51.02618421052632,0.0,04:25-05:07
A_p55_x60_w10_e1_b10_r5,A_grid,2,3.0,-1.0,45,1.5,false,10,55,10,60,1,8,5,53.0,2,149,205.0,11.0,0,12,15.497076023391813,0.3508771929824561,26.5,42.0,0,0,22.663611111111113,0.20754716981132076,02:48-02:59; 04:25-05:07
A_p55_x60_w10_e2_b5_r3,A_grid,2,3.0,-1.0,45,1.5,false,10,55,5,60,2,8,3,65.0,4,149,193.0,11.0,0,0,19.005847953216374,0.7017543859649122,8.5,42.0,0,1,22.663611111111113,0.16923076923076924,02:48-02:59; 04:25-05:07; 06:59-07:05; 07:06-07:12
A_p55_x60_w10_e2_b5_r5,A_grid,2,3.0,-1.0,45,1.5,false,10,55,5,60,2,8,5,67.0,3,149,193.0,12.0,0,0,19.5906432748538,0.5263157894736842,13.0,42.0,0,0,22.663611111111113,0.1791044776119403,02:48-03:00; 04:25-05:07; 06:59-07:12
A_p55_x60_w10_e2_b7_r3,A_grid,2,3.0,-1.0,45,1.5,false,10,55,7,60,2,8,3,53.0,2,149,205.0,11.0,0,12,15.497076023391813,0.3508771929824561,26.5,42.0,0,0,22.663611111111113,0.20754716981132076,02:48-02:59; 04:25-05:07
A_p55_x60_w10_e2_b7_r5,A_grid,2,3.0,-1.0,45,1.5,false,10,55,7,60,2,8,5,67.0,3,149,193.0,12.0,0,0,19.5906432748538,0.5263157894736842,13.0,42.0,0,0,22.663611111111113,0.1791044776119403,02:48-03:00; 04:25-05:07; 06:59-07:12
A_p55_x60_w10_e2_b10_r3,A_grid,2,3.0,-1.0,45,1.5,false,10,55,10,60,2,8,3,53.0,2,149,205.0,11.0,0,12,15.497076023391813,0.3508771929824561,26.5,42.0,0,0,22.663611111111113,0.20754716981132076,02:48-02:59; 04:25-05:07
A_p55_x60_w10_e2_b10_r5,A_grid,2,3.0,-1.0,45,1.5,false,10,55,10,60,2,8,5,67.0,3,149,193.0,12.0,0,0,19.5906432748538,0.5263157894736842,13.0,42.0,0,0,22.663611111111113,0.1791044776119403,02:48-03:00; 04:25-05:07; 06:59-07:12
A_p55_x60_w10_e3_b5_r3,A_grid,2,3.0,-1.0,45,1.5,false,10,55,5,60,3,8,3,67.0,3,149,193.0,12.0,0,0,19.5906432748538,0.5263157894736842,13.0,42.0,0,0,22.663611111111113,0.1791044776119403,02:48-03:00; 04:25-05:07; 06:59-07:12
A_p55_x60_w10_e3_b5_r5,A_grid,2,3.0,-1.0,45,1.5,false,10,55,5,60,3,8,5,68.0,3,149,193.0,13.0,0,0,19.883040935672515,0.5263157894736842,13.0,42.0,0,0,22.663611111111113,0.19117647058823528,02:48-03:01; 04:25-05:07; 06:59-07:12
A_p55_x60_w10_e3_b7_r3,A_grid,2,3.0,-1.0,45,1.5,false,10,55,7,60,3,8,3,67.0,3,149,193.0,12.0,0,0,19.5906432748538,0.5263157894736842,13.0,42.0,0,0,22.663611111111113,0.1791044776119403,02:48-03:00; 04:25-05:07; 06:59-07:12
A_p55_x60_w10_e3_b7_r5,A_grid,2,3.0,-1.0,45,1.5,false,10,55,7,60,3,8,5,68.0,3,149,193.0,13.0,0,0,19.883040935672515,0.5263157894736842,13.0,42.0,0,0,22.663611111111113,0.19117647058823528,02:48-03:01; 04:25-05:07; 06:59-07:12
A_p55_x60_w10_e3_b10_r3,A_grid,2,3.0,-1.0,45,1.5,false,10,55,10,60,3,8,3,67.0,3,149,193.0,12.0,0,0,19.5906432748538,0.5263157894736842,13.0,42.0,0,0,22.663611111111113,0.1791044776119403,02:48-03:00; 04:25-05:07; 06:59-07:12
A_p55_x60_w10_e3_b10_r5,A_grid,2,3.0,-1.0,45,1.5,false,10,55,10,60,3,8,5,68.0,3,149,193.0,13.0,0,0,19.883040935672515,0.5263157894736842,13.0,42.0,0,0,22.663611111111113,0.19117647058823528,02:48-03:01; 04:25-05:07; 06:59-07:12
A_p55_x60_w12_e1_b5_r3,A_grid,2,3.0,-1.0,45,1.5,false,12,55,5,60,1,8,3,54.0,3,149,195.0,5.0,0,2,15.789473684210526,0.5263157894736842,7.0,42.0,1,0,24.12559941520468,0.09259259259259259,02:53-02:58; 04:25-05:07; 07:05-07:12
A_p55_x60_w12_e1_b5_r5,A_grid,2,3.0,-1.0,45,1.5,false,12,55,5,60,1,8,5,55.0,3,149,195.0,6.0,0,2,16.08187134502924,0.5263157894736842,7.0,42.0,0,0,24.12559941520468,0.10909090909090909,02:53-02:59; 04:25-05:07; 07:05-07:12
A_p55_x60_w12_e1_b7_r3,A_grid,2,3.0,-1.0,45,1.5,false,12,55,7,60,1,8,3,49.0,2,149,200.0,0.0,0,7,14.327485380116958,0.3508771929824561,24.5,42.0,0,0,51.02618421052632,0.0,04:25-05:07; 07:05-07:12
A_p55_x60_w12_e1_b7_r5,A_grid,2,3.0,-1.0,45,1.5,false,12,55,7,60,1,8,5,49.0,2,149,201.0,0.0,0,8,14.327485380116958,0.3508771929824561,24.5,42.0,0,0,51.02618421052632,0.0,04:25-05:07; 07:05-07:12
A_p55_x60_w12_e1_b10_r3,A_grid,2,3.0,-1.0,45,1.5,false,12,55,10,60,1,8,3,42.0,1,149,207.0,0.0,0,14,12.280701754385964,0.17543859649122806,42.0,42.0,0,0,51.02618421052632,0.0,04:25-05:07
A_p55_x60_w12_e1_b10_r5,A_grid,2,3.0,-1.0,45,1.5,false,12,55,10,60,1,8,5,42.0,1,149,208.0,0.0,0,15,12.280701754385964,0.17543859649122806,42.0,42.0,0,0,51.02618421052632,0.0,04:25-05:07
A_p55_x60_w12_e2_b5_r3,A_grid,2,3.0,-1.0,45,1.5,false,12,55,5,60,2,8,3,54.0,3,149,196.0,6.0,0,3,15.789473684210526,0.5263157894736842,6.0,42.0,0,0,24.12559941520468,0.1111111111111111,02:53-02:59; 04:25-05:07; 07:06-07:12
A_p55_x60_w12_e2_b5_r5,A_grid,2,3.0,-1.0,45,1.5,false,12,55,5,60,2,8,5,59.0,3,149,193.0,7.0,0,0,17.251461988304094,0.5263157894736842,10.0,42.0,0,0,24.12559941520468,0.11864406779661017,02:53-03:00; 04:25-05:07; 07:02-07:12
A_p55_x60_w12_e2_b7_r3,A_grid,2,3.0,-1.0,45,1.5,false,12,55,7,60,2,8,3,42.0,1,149,208.0,0.0,0,15,12.280701754385964,0.17543859649122806,42.0,42.0,0,0,51.02618421052632,0.0,04:25-05:07
A_p55_x60_w12_e2_b7_r5,A_grid,2,3.0,-1.0,45,1.5,false,12,55,7,60,2,8,5,59.0,3,149,193.0,7.0,0,0,17.251461988304094,0.5263157894736842,10.0,42.0,0,0,24.12559941520468,0.11864406779661017,02:53-03:00; 04:25-05:07; 07:02-07:12
A_p55_x60_w12_e2_b10_r3,A_grid,2,3.0,-1.0,45,1.5,false,12,55,10,60,2,8,3,42.0,1,149,208.0,0.0,0,15,12.280701754385964,0.17543859649122806,42.0,42.0,0,0,51.02618421052632,0.0,04:25-05:07
A_p55_x60_w12_e2_b10_r5,A_grid,2,3.0,-1.0,45,1.5,false,12,55,10,60,2,8,5,52.0,2,149,200.0,0.0,0,7,15.204678362573098,0.3508771929824561,26.0,42.0,0,0,51.02618421052632,0.0,04:25-05:07; 07:02-07:12
A_p55_x60_w12_e3_b5_r3,A_grid,2,3.0,-1.0,45,1.5,false,12,55,5,60,3,8,3,59.0,3,149,193.0,7.0,0,0,17.251461988304094,0.5263157894736842,10.0,42.0,0,0,24.12559941520468,0.11864406779661017,02:53-03:00; 04:25-05:07; 07:02-07:12
A_p55_x60_w12_e3_b5_r5,A_grid,2,3.0,-1.0,45,1.5,false,12,55,5,60,3,8,5,60.0,3,149,193.0,8.0,0,0,17.543859649122805,0.5263157894736842,10.0,42.0,0,0,24.12559941520468,0.13333333333333333,02:53-03:01; 04:25-05:07; 07:02-07:12
A_p55_x60_w12_e3_b7_r3,A_grid,2,3.0,-1.0,45,1.5,false,12,55,7,60,3,8,3,59.0,3,149,193.0,7.0,0,0,17.251461988304094,0.5263157894736842,10.0,42.0,0,0,24.12559941520468,0.11864406779661017,02:53-03:00; 04:25-05:07; 07:02-07:12
A_p55_x60_w12_e3_b7_r5,A_grid,2,3.0,-1.0,45,1.5,false,12,55,7,60,3,8,5,60.0,3,149,193.0,8.0,0,0,17.543859649122805,0.5263157894736842,10.0,42.0,0,0,24.12559941520468,0.13333333333333333,02:53-03:01; 04:25-05:07; 07:02-07:12
A_p55_x60_w12_e3_b10_r3,A_grid,2,3.0,-1.0,45,1.5,false,12,55,10,60,3,8,3,52.0,2,149,200.0,0.0,0,7,15.204678362573098,0.3508771929824561,26.0,42.0,0,0,51.02618421052632,0.0,04:25-05:07; 07:02-07:12
A_p55_x60_w12_e3_b10_r5,A_grid,2,3.0,-1.0,45,1.5,false,12,55,10,60,3,8,5,52.0,2,149,201.0,0.0,0,8,15.204678362573098,0.3508771929824561,26.0,42.0,0,0,51.02618421052632,0.0,04:25-05:07; 07:02-07:12
A_p55_x60_w15_e1_b5_r3,A_grid,2,3.0,-1.0,45,1.5,false,15,55,5,60,1,8,3,46.0,2,149,196.0,0.0,0,3,13.450292397660817,0.3508771929824561,23.0,39.0,0,0,51.90337719298246,0.0,04:28-05:07; 07:05-07:12
A_p55_x60_w15_e1_b5_r5,A_grid,2,3.0,-1.0,45,1.5,false,15,55,5,60,1,8,5,46.0,2,149,197.0,0.0,0,4,13.450292397660817,0.3508771929824561,23.0,39.0,0,0,51.90337719298246,0.0,04:28-05:07; 07:05-07:12
A_p55_x60_w15_e1_b7_r3,A_grid,2,3.0,-1.0,45,1.5,false,15,55,7,60,1,8,3,46.0,2,149,196.0,0.0,0,3,13.450292397660817,0.3508771929824561,23.0,39.0,0,0,51.90337719298246,0.0,04:28-05:07; 07:05-07:12
A_p55_x60_w15_e1_b7_r5,A_grid,2,3.0,-1.0,45,1.5,false,15,55,7,60,1,8,5,46.0,2,149,197.0,0.0,0,4,13.450292397660817,0.3508771929824561,23.0,39.0,0,0,51.90337719298246,0.0,04:28-05:07; 07:05-07:12
A_p55_x60_w15_e1_b10_r3,A_grid,2,3.0,-1.0,45,1.5,false,15,55,10,60,1,8,3,39.0,1,149,203.0,0.0,0,10,11.403508771929824,0.17543859649122806,39.0,39.0,0,0,51.90337719298246,0.0,04:28-05:07
A_p55_x60_w15_e1_b10_r5,A_grid,2,3.0,-1.0,45,1.5,false,15,55,10,60,1,8,5,39.0,1,149,204.0,0.0,0,11,11.403508771929824,0.17543859649122806,39.0,39.0,0,0,51.90337719298246,0.0,04:28-05:07
A_p55_x60_w15_e2_b5_r3,A_grid,2,3.0,-1.0,45,1.5,false,15,55,5,60,2,8,3,46.0,2,149,197.0,0.0,0,4,13.450292397660817,0.3508771929824561,23.0,39.0,0,0,51.90337719298246,0.0,04:28-05:07; 07:05-07:12
A_p55_x60_w15_e2_b5_r5,A_grid,2,3.0,-1.0,45,1.5,false,15,55,5,60,2,8,5,51.0,3,149,193.0,5.0,0,0,14.912280701754385,0.5263157894736842,7.0,39.0,1,0,24.710394736842105,0.09803921568627451,02:55-03:00; 04:28-05:07; 07:05-07:12
A_p55_x60_w15_e2_b7_r3,A_grid,2,3.0,-1.0,45,1.5,false,15,55,7,60,2,8,3,46.0,2,149,197.0,0.0,0,4,13.450292397660817,0.3508771929824561,23.0,39.0,0,0,51.90337719298246,0.0,04:28-05:07; 07:05-07:12
A_p55_x60_w15_e2_b7_r5,A_grid,2,3.0,-1.0,45,1.5,false,15,55,7,60,2,8,5,46.0,2,149,198.0,0.0,0,5,13.450292397660817,0.3508771929824561,23.0,39.0,0,0,51.90337719298246,0.0,04:28-05:07; 07:05-07:12
A_p55_x60_w15_e2_b10_r3,A_grid,2,3.0,-1.0,45,1.5,false,15,55,10,60,2,8,3,39.0,1,149,204.0,0.0,0,11,11.403508771929824,0.17543859649122806,39.0,39.0,0,0,51.90337719298246,0.0,04:28-05:07
A_p55_x60_w15_e2_b10_r5,A_grid,2,3.0,-1.0,45,1.5,false,15,55,10,60,2,8,5,39.0,1,149,205.0,0.0,0,12,11.403508771929824,0.17543859649122806,39.0,39.0,0,0,51.90337719298246,0.0,04:28-05:07
A_p55_x60_w15_e3_b5_r3,A_grid,2,3.0,-1.0,45,1.5,false,15,55,5,60,3,8,3,51.0,3,149,193.0,5.0,0,0,14.912280701754385,0.5263157894736842,7.0,39.0,1,0,24.710394736842105,0.09803921568627451,02:55-03:00; 04:28-05:07; 07:05-07:12
A_p55_x60_w15_e3_b5_r5,A_grid,2,3.0,-1.0,45,1.5,false,15,55,5,60,3,8,5,52.0,3,149,193.0,6.0,0,0,15.204678362573098,0.5263157894736842,7.0,39.0,0,0,24.710394736842105,0.11538461538461539,02:55-03:01; 04:28-05:07; 07:05-07:12
A_p55_x60_w15_e3_b7_r3,A_grid,2,3.0,-1.0,45,1.5,false,15,55,7,60,3,8,3,46.0,2,149,198.0,0.0,0,5,13.450292397660817,0.3508771929824561,23.0,39.0,0,0,51.90337719298246,0.0,04:28-05:07; 07:05-07:12
A_p55_x60_w15_e3_b7_r5,A_grid,2,3.0,-1.0,45,1.5,false,15,55,7,60,3,8,5,46.0,2,149,199.0,0.0,0,6,13.450292397660817,0.3508771929824561,23.0,39.0,0,0,51.90337719298246,0.0,04:28-05:07; 07:05-07:12
A_p55_x60_w15_e3_b10_r3,A_grid,2,3.0,-1.0,45,1.5,false,15,55,10,60,3,8,3,39.0,1,149,205.0,0.0,0,12,11.403508771929824,0.17543859649122806,39.0,39.0,0,0,51.90337719298246,0.0,04:28-05:07
A_p55_x60_w15_e3_b10_r5,A_grid,2,3.0,-1.0,45,1.5,false,15,55,10,60,3,8,5,39.0,1,149,206.0,0.0,0,13,11.403508771929824,0.17543859649122806,39.0,39.0,0,0,51.90337719298246,0.0,04:28-05:07
A_p55_x65_w10_e1_b5_r3,A_grid,2,3.0,-1.0,45,1.5,false,10,55,5,65,1,8,3,65.0,3,149,193.0,10.0,0,0,19.005847953216374,0.5263157894736842,13.0,42.0,0,0,22.663611111111113,0.15384615384615385,02:48-02:58; 04:25-05:07; 06:59-07:12
A_p55_x65_w10_e1_b5_r5,A_grid,2,3.0,-1.0,45,1.5,false,10,55,5,65,1,8,5,66.0,3,149,193.0,11.0,0,0,19.298245614035086,0.5263157894736842,13.0,42.0,0,0,22.663611111111113,0.16666666666666666,02:48-02:59; 04:25-05:07; 06:59-07:12
A_p55_x65_w10_e1_b7_r3,A_grid,2,3.0,-1.0,45,1.5,false,10,55,7,65,1,8,3,65.0,3,149,193.0,10.0,0,0,19.005847953216374,0.5263157894736842,13.0,42.0,0,0,22.663611111111113,0.15384615384615385,02:48-02:58; 04:25-05:07; 06:59-07:12
A_p55_x65_w10_e1_b7_r5,A_grid,2,3.0,-1.0,45,1.5,false,10,55,7,65,1,8,5,66.0,3,149,193.0,11.0,0,0,19.298245614035086,0.5263157894736842,13.0,42.0,0,0,22.663611111111113,0.16666666666666666,02:48-02:59; 04:25-05:07; 06:59-07:12
A_p55_x65_w10_e1_b10_r3,A_grid,2,3.0,-1.0,45,1.5,false,10,55,10,65,1,8,3,65.0,3,149,193.0,10.0,0,0,19.005847953216374,0.5263157894736842,13.0,42.0,0,0,22.663611111111113,0.15384615384615385,02:48-02:58; 04:25-05:07; 06:59-07:12
A_p55_x65_w10_e1_b10_r5,A_grid,2,3.0,-1.0,45,1.5,false,10,55,10,65,1,8,5,66.0,3,149,193.0,11.0,0,0,19.298245614035086,0.5263157894736842,13.0,42.0,0,0,22.663611111111113,0.16666666666666666,02:48-02:59; 04:25-05:07; 06:59-07:12
A_p55_x65_w10_e2_b5_r3,A_grid,2,3.0,-1.0,45,1.5,false,10,55,5,65,2,8,3,66.0,3,149,193.0,11.0,0,0,19.298245614035086,0.5263157894736842,13.0,42.0,0,0,22.663611111111113,0.16666666666666666,02:48-02:59; 04:25-05:07; 06:59-07:12
A_p55_x65_w10_e2_b5_r5,A_grid,2,3.0,-1.0,45,1.5,false,10,55,5,65,2,8,5,67.0,3,149,193.0,12.0,0,0,19.5906432748538,0.5263157894736842,13.0,42.0,0,0,22.663611111111113,0.1791044776119403,02:48-03:00; 04:25-05:07; 06:59-07:12
A_p55_x65_w10_e2_b7_r3,A_grid,2,3.0,-1.0,45,1.5,false,10,55,7,65,2,8,3,66.0,3,149,193.0,11.0,0,0,19.298245614035086,0.5263157894736842,13.0,42.0,0,0,22.663611111111113,0.16666666666666666,02:48-02:59; 04:25-05:07; 06:59-07:12
A_p55_x65_w10_e2_b7_r5,A_grid,2,3.0,-1.0,45,1.5,false,10,55,7,65,2,8,5,67.0,3,149,193.0,12.0,0,0,19.5906432748538,0.5263157894736842,13.0,42.0,0,0,22.663611111111113,0.1791044776119403,02:48-03:00; 04:25-05:07; 06:59-07:12
A_p55_x65_w10_e2_b10_r3,A_grid,2,3.0,-1.0,45,1.5,false,10,55,10,65,2,8,3,66.0,3,149,193.0,11.0,0,0,19.298245614035086,0.5263157894736842,13.0,42.0,0,0,22.663611111111113,0.16666666666666666,02:48-02:59; 04:25-05:07; 06:59-07:12
A_p55_x65_w10_e2_b10_r5,A_grid,2,3.0,-1.0,45,1.5,false,10,55,10,65,2,8,5,67.0,3,149,193.0,12.0,0,0,19.5906432748538,0.5263157894736842,13.0,42.0,0,0,22.663611111111113,0.1791044776119403,02:48-03:00; 04:25-05:07; 06:59-07:12
A_p55_x65_w10_e3_b5_r3,A_grid,2,3.0,-1.0,45,1.5,false,10,55,5,65,3,8,3,67.0,3,149,193.0,12.0,0,0,19.5906432748538,0.5263157894736842,13.0,42.0,0,0,22.663611111111113,0.1791044776119403,02:48-03:00; 04:25-05:07; 06:59-07:12
A_p55_x65_w10_e3_b5_r5,A_grid,2,3.0,-1.0,45,1.5,false,10,55,5,65,3,8,5,68.0,3,149,193.0,13.0,0,0,19.883040935672515,0.5263157894736842,13.0,42.0,0,0,22.663611111111113,0.19117647058823528,02:48-03:01; 04:25-05:07; 06:59-07:12
A_p55_x65_w10_e3_b7_r3,A_grid,2,3.0,-1.0,45,1.5,false,10,55,7,65,3,8,3,67.0,3,149,193.0,12.0,0,0,19.5906432748538,0.5263157894736842,13.0,42.0,0,0,22.663611111111113,0.1791044776119403,02:48-03:00; 04:25-05:07; 06:59-07:12
A_p55_x65_w10_e3_b7_r5,A_grid,2,3.0,-1.0,45,1.5,false,10,55,7,65,3,8,5,68.0,3,149,193.0,13.0,0,0,19.883040935672515,0.5263157894736842,13.0,42.0,0,0,22.663611111111113,0.19117647058823528,02:48-03:01; 04:25-05:07; 06:59-07:12
A_p55_x65_w10_e3_b10_r3,A_grid,2,3.0,-1.0,45,1.5,false,10,55,10,65,3,8,3,67.0,3,149,193.0,12.0,0,0,19.5906432748538,0.5263157894736842,13.0,42.0,0,0,22.663611111111113,0.1791044776119403,02:48-03:00; 04:25-05:07; 06:59-07:12
A_p55_x65_w10_e3_b10_r5,A_grid,2,3.0,-1.0,45,1.5,false,10,55,10,65,3,8,5,68.0,3,149,193.0,13.0,0,0,19.883040935672515,0.5263157894736842,13.0,42.0,0,0,22.663611111111113,0.19117647058823528,02:48-03:01; 04:25-05:07; 06:59-07:12
A_p55_x65_w12_e1_b5_r3,A_grid,2,3.0,-1.0,45,1.5,false,12,55,5,65,1,8,3,57.0,3,149,193.0,5.0,0,0,16.666666666666664,0.5263157894736842,10.0,42.0,1,0,24.12559941520468,0.08771929824561403,02:53-02:58; 04:25-05:07; 07:02-07:12
A_p55_x65_w12_e1_b5_r5,A_grid,2,3.0,-1.0,45,1.5,false,12,55,5,65,1,8,5,58.0,3,149,193.0,6.0,0,0,16.95906432748538,0.5263157894736842,10.0,42.0,0,0,24.12559941520468,0.10344827586206896,02:53-02:59; 04:25-05:07; 07:02-07:12
A_p55_x65_w12_e1_b7_r3,A_grid,2,3.0,-1.0,45,1.5,false,12,55,7,65,1,8,3,52.0,2,149,198.0,0.0,0,5,15.204678362573098,0.3508771929824561,26.0,42.0,0,0,51.02618421052632,0.0,04:25-05:07; 07:02-07:12
A_p55_x65_w12_e1_b7_r5,A_grid,2,3.0,-1.0,45,1.5,false,12,55,7,65,1,8,5,52.0,2,149,199.0,0.0,0,6,15.204678362573098,0.3508771929824561,26.0,42.0,0,0,51.02618421052632,0.0,04:25-05:07; 07:02-07:12
A_p55_x65_w12_e1_b10_r3,A_grid,2,3.0,-1.0,45,1.5,false,12,55,10,65,1,8,3,52.0,2,149,198.0,0.0,0,5,15.204678362573098,0.3508771929824561,26.0,42.0,0,0,51.02618421052632,0.0,04:25-05:07; 07:02-07:12
A_p55_x65_w12_e1_b10_r5,A_grid,2,3.0,-1.0,45,1.5,false,12,55,10,65,1,8,5,52.0,2,149,199.0,0.0,0,6,15.204678362573098,0.3508771929824561,26.0,42.0,0,0,51.02618421052632,0.0,04:25-05:07; 07:02-07:12
A_p55_x65_w12_e2_b5_r3,A_grid,2,3.0,-1.0,45,1.5,false,12,55,5,65,2,8,3,58.0,3,149,193.0,6.0,0,0,16.95906432748538,0.5263157894736842,10.0,42.0,0,0,24.12559941520468,0.10344827586206896,02:53-02:59; 04:25-05:07; 07:02-07:12
A_p55_x65_w12_e2_b5_r5,A_grid,2,3.0,-1.0,45,1.5,false,12,55,5,65,2,8,5,59.0,3,149,193.0,7.0,0,0,17.251461988304094,0.5263157894736842,10.0,42.0,0,0,24.12559941520468,0.11864406779661017,02:53-03:00; 04:25-05:07; 07:02-07:12
A_p55_x65_w12_e2_b7_r3,A_grid,2,3.0,-1.0,45,1.5,false,12,55,7,65,2,8,3,52.0,2,149,199.0,0.0,0,6,15.204678362573098,0.3508771929824561,26.0,42.0,0,0,51.02618421052632,0.0,04:25-05:07; 07:02-07:12
A_p55_x65_w12_e2_b7_r5,A_grid,2,3.0,-1.0,45,1.5,false,12,55,7,65,2,8,5,59.0,3,149,193.0,7.0,0,0,17.251461988304094,0.5263157894736842,10.0,42.0,0,0,24.12559941520468,0.11864406779661017,02:53-03:00; 04:25-05:07; 07:02-07:12
A_p55_x65_w12_e2_b10_r3,A_grid,2,3.0,-1.0,45,1.5,false,12,55,10,65,2,8,3,52.0,2,149,199.0,0.0,0,6,15.204678362573098,0.3508771929824561,26.0,42.0,0,0,51.02618421052632,0.0,04:25-05:07; 07:02-07:12
A_p55_x65_w12_e2_b10_r5,A_grid,2,3.0,-1.0,45,1.5,false,12,55,10,65,2,8,5,52.0,2,149,200.0,0.0,0,7,15.204678362573098,0.3508771929824561,26.0,42.0,0,0,51.02618421052632,0.0,04:25-05:07; 07:02-07:12
A_p55_x65_w12_e3_b5_r3,A_grid,2,3.0,-1.0,45,1.5,false,12,55,5,65,3,8,3,59.0,3,149,193.0,7.0,0,0,17.251461988304094,0.5263157894736842,10.0,42.0,0,0,24.12559941520468,0.11864406779661017,02:53-03:00; 04:25-05:07; 07:02-07:12
A_p55_x65_w12_e3_b5_r5,A_grid,2,3.0,-1.0,45,1.5,false,12,55,5,65,3,8,5,60.0,3,149,193.0,8.0,0,0,17.543859649122805,0.5263157894736842,10.0,42.0,0,0,24.12559941520468,0.13333333333333333,02:53-03:01; 04:25-05:07; 07:02-07:12
A_p55_x65_w12_e3_b7_r3,A_grid,2,3.0,-1.0,45,1.5,false,12,55,7,65,3,8,3,59.0,3,149,193.0,7.0,0,0,17.251461988304094,0.5263157894736842,10.0,42.0,0,0,24.12559941520468,0.11864406779661017,02:53-03:00; 04:25-05:07; 07:02-07:12
A_p55_x65_w12_e3_b7_r5,A_grid,2,3.0,-1.0,45,1.5,false,12,55,7,65,3,8,5,60.0,3,149,193.0,8.0,0,0,17.543859649122805,0.5263157894736842,10.0,42.0,0,0,24.12559941520468,0.13333333333333333,02:53-03:01; 04:25-05:07; 07:02-07:12
A_p55_x65_w12_e3_b10_r3,A_grid,2,3.0,-1.0,45,1.5,false,12,55,10,65,3,8,3,52.0,2,149,200.0,0.0,0,7,15.204678362573098,0.3508771929824561,26.0,42.0,0,0,51.02618421052632,0.0,04:25-05:07; 07:02-07:12
A_p55_x65_w12_e3_b10_r5,A_grid,2,3.0,-1.0,45,1.5,false,12,55,10,65,3,8,5,52.0,2,149,201.0,0.0,0,8,15.204678362573098,0.3508771929824561,26.0,42.0,0,0,51.02618421052632,0.0,04:25-05:07; 07:02-07:12
A_p55_x65_w15_e1_b5_r3,A_grid,2,3.0,-1.0,45,1.5,false,15,55,5,65,1,8,3,46.0,2,149,196.0,0.0,0,3,13.450292397660817,0.3508771929824561,23.0,39.0,0,0,51.90337719298246,0.0,04:28-05:07; 07:05-07:12
A_p55_x65_w15_e1_b5_r5,A_grid,2,3.0,-1.0,45,1.5,false,15,55,5,65,1,8,5,46.0,2,149,197.0,0.0,0,4,13.450292397660817,0.3508771929824561,23.0,39.0,0,0,51.90337719298246,0.0,04:28-05:07; 07:05-07:12
A_p55_x65_w15_e1_b7_r3,A_grid,2,3.0,-1.0,45,1.5,false,15,55,7,65,1,8,3,46.0,2,149,196.0,0.0,0,3,13.450292397660817,0.3508771929824561,23.0,39.0,0,0,51.90337719298246,0.0,04:28-05:07; 07:05-07:12
A_p55_x65_w15_e1_b7_r5,A_grid,2,3.0,-1.0,45,1.5,false,15,55,7,65,1,8,5,46.0,2,149,197.0,0.0,0,4,13.450292397660817,0.3508771929824561,23.0,39.0,0,0,51.90337719298246,0.0,04:28-05:07; 07:05-07:12
A_p55_x65_w15_e1_b10_r3,A_grid,2,3.0,-1.0,45,1.5,false,15,55,10,65,1,8,3,39.0,1,149,203.0,0.0,0,10,11.403508771929824,0.17543859649122806,39.0,39.0,0,0,51.90337719298246,0.0,04:28-05:07
A_p55_x65_w15_e1_b10_r5,A_grid,2,3.0,-1.0,45,1.5,false,15,55,10,65,1,8,5,39.0,1,149,204.0,0.0,0,11,11.403508771929824,0.17543859649122806,39.0,39.0,0,0,51.90337719298246,0.0,04:28-05:07
A_p55_x65_w15_e2_b5_r3,A_grid,2,3.0,-1.0,45,1.5,false,15,55,5,65,2,8,3,46.0,2,149,197.0,0.0,0,4,13.450292397660817,0.3508771929824561,23.0,39.0,0,0,51.90337719298246,0.0,04:28-05:07; 07:05-07:12
A_p55_x65_w15_e2_b5_r5,A_grid,2,3.0,-1.0,45,1.5,false,15,55,5,65,2,8,5,51.0,3,149,193.0,5.0,0,0,14.912280701754385,0.5263157894736842,7.0,39.0,1,0,24.710394736842105,0.09803921568627451,02:55-03:00; 04:28-05:07; 07:05-07:12
A_p55_x65_w15_e2_b7_r3,A_grid,2,3.0,-1.0,45,1.5,false,15,55,7,65,2,8,3,46.0,2,149,197.0,0.0,0,4,13.450292397660817,0.3508771929824561,23.0,39.0,0,0,51.90337719298246,0.0,04:28-05:07; 07:05-07:12
A_p55_x65_w15_e2_b7_r5,A_grid,2,3.0,-1.0,45,1.5,false,15,55,7,65,2,8,5,46.0,2,149,198.0,0.0,0,5,13.450292397660817,0.3508771929824561,23.0,39.0,0,0,51.90337719298246,0.0,04:28-05:07; 07:05-07:12
A_p55_x65_w15_e2_b10_r3,A_grid,2,3.0,-1.0,45,1.5,false,15,55,10,65,2,8,3,39.0,1,149,204.0,0.0,0,11,11.403508771929824,0.17543859649122806,39.0,39.0,0,0,51.90337719298246,0.0,04:28-05:07
A_p55_x65_w15_e2_b10_r5,A_grid,2,3.0,-1.0,45,1.5,false,15,55,10,65,2,8,5,39.0,1,149,205.0,0.0,0,12,11.403508771929824,0.17543859649122806,39.0,39.0,0,0,51.90337719298246,0.0,04:28-05:07
A_p55_x65_w15_e3_b5_r3,A_grid,2,3.0,-1.0,45,1.5,false,15,55,5,65,3,8,3,51.0,3,149,193.0,5.0,0,0,14.912280701754385,0.5263157894736842,7.0,39.0,1,0,24.710394736842105,0.09803921568627451,02:55-03:00; 04:28-05:07; 07:05-07:12
A_p55_x65_w15_e3_b5_r5,A_grid,2,3.0,-1.0,45,1.5,false,15,55,5,65,3,8,5,52.0,3,149,193.0,6.0,0,0,15.204678362573098,0.5263157894736842,7.0,39.0,0,0,24.710394736842105,0.11538461538461539,02:55-03:01; 04:28-05:07; 07:05-07:12
A_p55_x65_w15_e3_b7_r3,A_grid,2,3.0,-1.0,45,1.5,false,15,55,7,65,3,8,3,46.0,2,149,198.0,0.0,0,5,13.450292397660817,0.3508771929824561,23.0,39.0,0,0,51.90337719298246,0.0,04:28-05:07; 07:05-07:12
A_p55_x65_w15_e3_b7_r5,A_grid,2,3.0,-1.0,45,1.5,false,15,55,7,65,3,8,5,46.0,2,149,199.0,0.0,0,6,13.450292397660817,0.3508771929824561,23.0,39.0,0,0,51.90337719298246,0.0,04:28-05:07; 07:05-07:12
A_p55_x65_w15_e3_b10_r3,A_grid,2,3.0,-1.0,45,1.5,false,15,55,10,65,3,8,3,39.0,1,149,205.0,0.0,0,12,11.403508771929824,0.17543859649122806,39.0,39.0,0,0,51.90337719298246,0.0,04:28-05:07
A_p55_x65_w15_e3_b10_r5,A_grid,2,3.0,-1.0,45,1.5,false,15,55,10,65,3,8,5,39.0,1,149,206.0,0.0,0,13,11.403508771929824,0.17543859649122806,39.0,39.0,0,0,51.90337719298246,0.0,04:28-05:07
A_p55_x70_w10_e1_b5_r3,A_grid,2,3.0,-1.0,45,1.5,false,10,55,5,70,1,8,3,65.0,3,149,193.0,10.0,0,0,19.005847953216374,0.5263157894736842,13.0,42.0,0,0,22.663611111111113,0.15384615384615385,02:48-02:58; 04:25-05:07; 06:59-07:12
A_p55_x70_w10_e1_b5_r5,A_grid,2,3.0,-1.0,45,1.5,false,10,55,5,70,1,8,5,66.0,3,149,193.0,11.0,0,0,19.298245614035086,0.5263157894736842,13.0,42.0,0,0,22.663611111111113,0.16666666666666666,02:48-02:59; 04:25-05:07; 06:59-07:12
A_p55_x70_w10_e1_b7_r3,A_grid,2,3.0,-1.0,45,1.5,false,10,55,7,70,1,8,3,65.0,3,149,193.0,10.0,0,0,19.005847953216374,0.5263157894736842,13.0,42.0,0,0,22.663611111111113,0.15384615384615385,02:48-02:58; 04:25-05:07; 06:59-07:12
A_p55_x70_w10_e1_b7_r5,A_grid,2,3.0,-1.0,45,1.5,false,10,55,7,70,1,8,5,66.0,3,149,193.0,11.0,0,0,19.298245614035086,0.5263157894736842,13.0,42.0,0,0,22.663611111111113,0.16666666666666666,02:48-02:59; 04:25-05:07; 06:59-07:12
A_p55_x70_w10_e1_b10_r3,A_grid,2,3.0,-1.0,45,1.5,false,10,55,10,70,1,8,3,65.0,3,149,193.0,10.0,0,0,19.005847953216374,0.5263157894736842,13.0,42.0,0,0,22.663611111111113,0.15384615384615385,02:48-02:58; 04:25-05:07; 06:59-07:12
A_p55_x70_w10_e1_b10_r5,A_grid,2,3.0,-1.0,45,1.5,false,10,55,10,70,1,8,5,66.0,3,149,193.0,11.0,0,0,19.298245614035086,0.5263157894736842,13.0,42.0,0,0,22.663611111111113,0.16666666666666666,02:48-02:59; 04:25-05:07; 06:59-07:12
A_p55_x70_w10_e2_b5_r3,A_grid,2,3.0,-1.0,45,1.5,false,10,55,5,70,2,8,3,66.0,3,149,193.0,11.0,0,0,19.298245614035086,0.5263157894736842,13.0,42.0,0,0,22.663611111111113,0.16666666666666666,02:48-02:59; 04:25-05:07; 06:59-07:12
A_p55_x70_w10_e2_b5_r5,A_grid,2,3.0,-1.0,45,1.5,false,10,55,5,70,2,8,5,67.0,3,149,193.0,12.0,0,0,19.5906432748538,0.5263157894736842,13.0,42.0,0,0,22.663611111111113,0.1791044776119403,02:48-03:00; 04:25-05:07; 06:59-07:12
A_p55_x70_w10_e2_b7_r3,A_grid,2,3.0,-1.0,45,1.5,false,10,55,7,70,2,8,3,66.0,3,149,193.0,11.0,0,0,19.298245614035086,0.5263157894736842,13.0,42.0,0,0,22.663611111111113,0.16666666666666666,02:48-02:59; 04:25-05:07; 06:59-07:12
A_p55_x70_w10_e2_b7_r5,A_grid,2,3.0,-1.0,45,1.5,false,10,55,7,70,2,8,5,67.0,3,149,193.0,12.0,0,0,19.5906432748538,0.5263157894736842,13.0,42.0,0,0,22.663611111111113,0.1791044776119403,02:48-03:00; 04:25-05:07; 06:59-07:12
A_p55_x70_w10_e2_b10_r3,A_grid,2,3.0,-1.0,45,1.5,false,10,55,10,70,2,8,3,66.0,3,149,193.0,11.0,0,0,19.298245614035086,0.5263157894736842,13.0,42.0,0,0,22.663611111111113,0.16666666666666666,02:48-02:59; 04:25-05:07; 06:59-07:12
A_p55_x70_w10_e2_b10_r5,A_grid,2,3.0,-1.0,45,1.5,false,10,55,10,70,2,8,5,67.0,3,149,193.0,12.0,0,0,19.5906432748538,0.5263157894736842,13.0,42.0,0,0,22.663611111111113,0.1791044776119403,02:48-03:00; 04:25-05:07; 06:59-07:12
A_p55_x70_w10_e3_b5_r3,A_grid,2,3.0,-1.0,45,1.5,false,10,55,5,70,3,8,3,67.0,3,149,193.0,12.0,0,0,19.5906432748538,0.5263157894736842,13.0,42.0,0,0,22.663611111111113,0.1791044776119403,02:48-03:00; 04:25-05:07; 06:59-07:12
A_p55_x70_w10_e3_b5_r5,A_grid,2,3.0,-1.0,45,1.5,false,10,55,5,70,3,8,5,68.0,3,149,193.0,13.0,0,0,19.883040935672515,0.5263157894736842,13.0,42.0,0,0,22.663611111111113,0.19117647058823528,02:48-03:01; 04:25-05:07; 06:59-07:12
A_p55_x70_w10_e3_b7_r3,A_grid,2,3.0,-1.0,45,1.5,false,10,55,7,70,3,8,3,67.0,3,149,193.0,12.0,0,0,19.5906432748538,0.5263157894736842,13.0,42.0,0,0,22.663611111111113,0.1791044776119403,02:48-03:00; 04:25-05:07; 06:59-07:12
A_p55_x70_w10_e3_b7_r5,A_grid,2,3.0,-1.0,45,1.5,false,10,55,7,70,3,8,5,68.0,3,149,193.0,13.0,0,0,19.883040935672515,0.5263157894736842,13.0,42.0,0,0,22.663611111111113,0.19117647058823528,02:48-03:01; 04:25-05:07; 06:59-07:12
A_p55_x70_w10_e3_b10_r3,A_grid,2,3.0,-1.0,45,1.5,false,10,55,10,70,3,8,3,67.0,3,149,193.0,12.0,0,0,19.5906432748538,0.5263157894736842,13.0,42.0,0,0,22.663611111111113,0.1791044776119403,02:48-03:00; 04:25-05:07; 06:59-07:12
A_p55_x70_w10_e3_b10_r5,A_grid,2,3.0,-1.0,45,1.5,false,10,55,10,70,3,8,5,68.0,3,149,193.0,13.0,0,0,19.883040935672515,0.5263157894736842,13.0,42.0,0,0,22.663611111111113,0.19117647058823528,02:48-03:01; 04:25-05:07; 06:59-07:12
A_p55_x70_w12_e1_b5_r3,A_grid,2,3.0,-1.0,45,1.5,false,12,55,5,70,1,8,3,57.0,3,149,193.0,5.0,0,0,16.666666666666664,0.5263157894736842,10.0,42.0,1,0,24.12559941520468,0.08771929824561403,02:53-02:58; 04:25-05:07; 07:02-07:12
A_p55_x70_w12_e1_b5_r5,A_grid,2,3.0,-1.0,45,1.5,false,12,55,5,70,1,8,5,58.0,3,149,193.0,6.0,0,0,16.95906432748538,0.5263157894736842,10.0,42.0,0,0,24.12559941520468,0.10344827586206896,02:53-02:59; 04:25-05:07; 07:02-07:12
A_p55_x70_w12_e1_b7_r3,A_grid,2,3.0,-1.0,45,1.5,false,12,55,7,70,1,8,3,52.0,2,149,198.0,0.0,0,5,15.204678362573098,0.3508771929824561,26.0,42.0,0,0,51.02618421052632,0.0,04:25-05:07; 07:02-07:12
A_p55_x70_w12_e1_b7_r5,A_grid,2,3.0,-1.0,45,1.5,false,12,55,7,70,1,8,5,52.0,2,149,199.0,0.0,0,6,15.204678362573098,0.3508771929824561,26.0,42.0,0,0,51.02618421052632,0.0,04:25-05:07; 07:02-07:12
A_p55_x70_w12_e1_b10_r3,A_grid,2,3.0,-1.0,45,1.5,false,12,55,10,70,1,8,3,52.0,2,149,198.0,0.0,0,5,15.204678362573098,0.3508771929824561,26.0,42.0,0,0,51.02618421052632,0.0,04:25-05:07; 07:02-07:12
A_p55_x70_w12_e1_b10_r5,A_grid,2,3.0,-1.0,45,1.5,false,12,55,10,70,1,8,5,52.0,2,149,199.0,0.0,0,6,15.204678362573098,0.3508771929824561,26.0,42.0,0,0,51.02618421052632,0.0,04:25-05:07; 07:02-07:12
A_p55_x70_w12_e2_b5_r3,A_grid,2,3.0,-1.0,45,1.5,false,12,55,5,70,2,8,3,58.0,3,149,193.0,6.0,0,0,16.95906432748538,0.5263157894736842,10.0,42.0,0,0,24.12559941520468,0.10344827586206896,02:53-02:59; 04:25-05:07; 07:02-07:12
A_p55_x70_w12_e2_b5_r5,A_grid,2,3.0,-1.0,45,1.5,false,12,55,5,70,2,8,5,59.0,3,149,193.0,7.0,0,0,17.251461988304094,0.5263157894736842,10.0,42.0,0,0,24.12559941520468,0.11864406779661017,02:53-03:00; 04:25-05:07; 07:02-07:12
A_p55_x70_w12_e2_b7_r3,A_grid,2,3.0,-1.0,45,1.5,false,12,55,7,70,2,8,3,52.0,2,149,199.0,0.0,0,6,15.204678362573098,0.3508771929824561,26.0,42.0,0,0,51.02618421052632,0.0,04:25-05:07; 07:02-07:12
A_p55_x70_w12_e2_b7_r5,A_grid,2,3.0,-1.0,45,1.5,false,12,55,7,70,2,8,5,59.0,3,149,193.0,7.0,0,0,17.251461988304094,0.5263157894736842,10.0,42.0,0,0,24.12559941520468,0.11864406779661017,02:53-03:00; 04:25-05:07; 07:02-07:12
A_p55_x70_w12_e2_b10_r3,A_grid,2,3.0,-1.0,45,1.5,false,12,55,10,70,2,8,3,52.0,2,149,199.0,0.0,0,6,15.204678362573098,0.3508771929824561,26.0,42.0,0,0,51.02618421052632,0.0,04:25-05:07; 07:02-07:12
A_p55_x70_w12_e2_b10_r5,A_grid,2,3.0,-1.0,45,1.5,false,12,55,10,70,2,8,5,52.0,2,149,200.0,0.0,0,7,15.204678362573098,0.3508771929824561,26.0,42.0,0,0,51.02618421052632,0.0,04:25-05:07; 07:02-07:12
A_p55_x70_w12_e3_b5_r3,A_grid,2,3.0,-1.0,45,1.5,false,12,55,5,70,3,8,3,59.0,3,149,193.0,7.0,0,0,17.251461988304094,0.5263157894736842,10.0,42.0,0,0,24.12559941520468,0.11864406779661017,02:53-03:00; 04:25-05:07; 07:02-07:12
A_p55_x70_w12_e3_b5_r5,A_grid,2,3.0,-1.0,45,1.5,false,12,55,5,70,3,8,5,60.0,3,149,193.0,8.0,0,0,17.543859649122805,0.5263157894736842,10.0,42.0,0,0,24.12559941520468,0.13333333333333333,02:53-03:01; 04:25-05:07; 07:02-07:12
A_p55_x70_w12_e3_b7_r3,A_grid,2,3.0,-1.0,45,1.5,false,12,55,7,70,3,8,3,59.0,3,149,193.0,7.0,0,0,17.251461988304094,0.5263157894736842,10.0,42.0,0,0,24.12559941520468,0.11864406779661017,02:53-03:00; 04:25-05:07; 07:02-07:12
A_p55_x70_w12_e3_b7_r5,A_grid,2,3.0,-1.0,45,1.5,false,12,55,7,70,3,8,5,60.0,3,149,193.0,8.0,0,0,17.543859649122805,0.5263157894736842,10.0,42.0,0,0,24.12559941520468,0.13333333333333333,02:53-03:01; 04:25-05:07; 07:02-07:12
A_p55_x70_w12_e3_b10_r3,A_grid,2,3.0,-1.0,45,1.5,false,12,55,10,70,3,8,3,52.0,2,149,200.0,0.0,0,7,15.204678362573098,0.3508771929824561,26.0,42.0,0,0,51.02618421052632,0.0,04:25-05:07; 07:02-07:12
A_p55_x70_w12_e3_b10_r5,A_grid,2,3.0,-1.0,45,1.5,false,12,55,10,70,3,8,5,52.0,2,149,201.0,0.0,0,8,15.204678362573098,0.3508771929824561,26.0,42.0,0,0,51.02618421052632,0.0,04:25-05:07; 07:02-07:12
A_p55_x70_w15_e1_b5_r3,A_grid,2,3.0,-1.0,45,1.5,false,15,55,5,70,1,8,3,46.0,2,149,196.0,0.0,0,3,13.450292397660817,0.3508771929824561,23.0,39.0,0,0,51.90337719298246,0.0,04:28-05:07; 07:05-07:12
A_p55_x70_w15_e1_b5_r5,A_grid,2,3.0,-1.0,45,1.5,false,15,55,5,70,1,8,5,46.0,2,149,197.0,0.0,0,4,13.450292397660817,0.3508771929824561,23.0,39.0,0,0,51.90337719298246,0.0,04:28-05:07; 07:05-07:12
A_p55_x70_w15_e1_b7_r3,A_grid,2,3.0,-1.0,45,1.5,false,15,55,7,70,1,8,3,46.0,2,149,196.0,0.0,0,3,13.450292397660817,0.3508771929824561,23.0,39.0,0,0,51.90337719298246,0.0,04:28-05:07; 07:05-07:12
A_p55_x70_w15_e1_b7_r5,A_grid,2,3.0,-1.0,45,1.5,false,15,55,7,70,1,8,5,46.0,2,149,197.0,0.0,0,4,13.450292397660817,0.3508771929824561,23.0,39.0,0,0,51.90337719298246,0.0,04:28-05:07; 07:05-07:12
A_p55_x70_w15_e1_b10_r3,A_grid,2,3.0,-1.0,45,1.5,false,15,55,10,70,1,8,3,39.0,1,149,203.0,0.0,0,10,11.403508771929824,0.17543859649122806,39.0,39.0,0,0,51.90337719298246,0.0,04:28-05:07
A_p55_x70_w15_e1_b10_r5,A_grid,2,3.0,-1.0,45,1.5,false,15,55,10,70,1,8,5,39.0,1,149,204.0,0.0,0,11,11.403508771929824,0.17543859649122806,39.0,39.0,0,0,51.90337719298246,0.0,04:28-05:07
A_p55_x70_w15_e2_b5_r3,A_grid,2,3.0,-1.0,45,1.5,false,15,55,5,70,2,8,3,46.0,2,149,197.0,0.0,0,4,13.450292397660817,0.3508771929824561,23.0,39.0,0,0,51.90337719298246,0.0,04:28-05:07; 07:05-07:12
A_p55_x70_w15_e2_b5_r5,A_grid,2,3.0,-1.0,45,1.5,false,15,55,5,70,2,8,5,51.0,3,149,193.0,5.0,0,0,14.912280701754385,0.5263157894736842,7.0,39.0,1,0,24.710394736842105,0.09803921568627451,02:55-03:00; 04:28-05:07; 07:05-07:12
A_p55_x70_w15_e2_b7_r3,A_grid,2,3.0,-1.0,45,1.5,false,15,55,7,70,2,8,3,46.0,2,149,197.0,0.0,0,4,13.450292397660817,0.3508771929824561,23.0,39.0,0,0,51.90337719298246,0.0,04:28-05:07; 07:05-07:12
A_p55_x70_w15_e2_b7_r5,A_grid,2,3.0,-1.0,45,1.5,false,15,55,7,70,2,8,5,46.0,2,149,198.0,0.0,0,5,13.450292397660817,0.3508771929824561,23.0,39.0,0,0,51.90337719298246,0.0,04:28-05:07; 07:05-07:12
A_p55_x70_w15_e2_b10_r3,A_grid,2,3.0,-1.0,45,1.5,false,15,55,10,70,2,8,3,39.0,1,149,204.0,0.0,0,11,11.403508771929824,0.17543859649122806,39.0,39.0,0,0,51.90337719298246,0.0,04:28-05:07
A_p55_x70_w15_e2_b10_r5,A_grid,2,3.0,-1.0,45,1.5,false,15,55,10,70,2,8,5,39.0,1,149,205.0,0.0,0,12,11.403508771929824,0.17543859649122806,39.0,39.0,0,0,51.90337719298246,0.0,04:28-05:07
A_p55_x70_w15_e3_b5_r3,A_grid,2,3.0,-1.0,45,1.5,false,15,55,5,70,3,8,3,51.0,3,149,193.0,5.0,0,0,14.912280701754385,0.5263157894736842,7.0,39.0,1,0,24.710394736842105,0.09803921568627451,02:55-03:00; 04:28-05:07; 07:05-07:12
A_p55_x70_w15_e3_b5_r5,A_grid,2,3.0,-1.0,45,1.5,false,15,55,5,70,3,8,5,52.0,3,149,193.0,6.0,0,0,15.204678362573098,0.5263157894736842,7.0,39.0,0,0,24.710394736842105,0.11538461538461539,02:55-03:01; 04:28-05:07; 07:05-07:12
A_p55_x70_w15_e3_b7_r3,A_grid,2,3.0,-1.0,45,1.5,false,15,55,7,70,3,8,3,46.0,2,149,198.0,0.0,0,5,13.450292397660817,0.3508771929824561,23.0,39.0,0,0,51.90337719298246,0.0,04:28-05:07; 07:05-07:12
A_p55_x70_w15_e3_b7_r5,A_grid,2,3.0,-1.0,45,1.5,false,15,55,7,70,3,8,5,46.0,2,149,199.0,0.0,0,6,13.450292397660817,0.3508771929824561,23.0,39.0,0,0,51.90337719298246,0.0,04:28-05:07; 07:05-07:12
A_p55_x70_w15_e3_b10_r3,A_grid,2,3.0,-1.0,45,1.5,false,15,55,10,70,3,8,3,39.0,1,149,205.0,0.0,0,12,11.403508771929824,0.17543859649122806,39.0,39.0,0,0,51.90337719298246,0.0,04:28-05:07
A_p55_x75_w10_e1_b5_r3,A_grid,2,3.0,-1.0,45,1.5,false,10,55,5,75,1,8,3,82.0,3,149,193.0,27.0,0,0,23.976608187134502,0.5263157894736842,27.0,42.0,0,0,22.663611111111113,0.32926829268292684,02:48-03:15; 04:25-05:07; 06:59-07:12
A_p55_x75_w10_e1_b5_r5,A_grid,2,3.0,-1.0,45,1.5,false,10,55,5,75,1,8,5,82.0,3,149,193.0,27.0,0,0,23.976608187134502,0.5263157894736842,27.0,42.0,0,0,22.663611111111113,0.32926829268292684,02:48-03:15; 04:25-05:07; 06:59-07:12
A_p55_x75_w10_e1_b7_r3,A_grid,2,3.0,-1.0,45,1.5,false,10,55,7,75,1,8,3,82.0,3,149,193.0,27.0,0,0,23.976608187134502,0.5263157894736842,27.0,42.0,0,0,22.663611111111113,0.32926829268292684,02:48-03:15; 04:25-05:07; 06:59-07:12
A_p55_x75_w10_e1_b7_r5,A_grid,2,3.0,-1.0,45,1.5,false,10,55,7,75,1,8,5,82.0,3,149,193.0,27.0,0,0,23.976608187134502,0.5263157894736842,27.0,42.0,0,0,22.663611111111113,0.32926829268292684,02:48-03:15; 04:25-05:07; 06:59-07:12
A_p55_x75_w10_e1_b10_r3,A_grid,2,3.0,-1.0,45,1.5,false,10,55,10,75,1,8,3,82.0,3,149,193.0,27.0,0,0,23.976608187134502,0.5263157894736842,27.0,42.0,0,0,22.663611111111113,0.32926829268292684,02:48-03:15; 04:25-05:07; 06:59-07:12
A_p55_x75_w10_e1_b10_r5,A_grid,2,3.0,-1.0,45,1.5,false,10,55,10,75,1,8,5,82.0,3,149,193.0,27.0,0,0,23.976608187134502,0.5263157894736842,27.0,42.0,0,0,22.663611111111113,0.32926829268292684,02:48-03:15; 04:25-05:07; 06:59-07:12
A_p55_x75_w10_e2_b5_r3,A_grid,2,3.0,-1.0,45,1.5,false,10,55,5,75,2,8,3,82.0,3,149,193.0,27.0,0,0,23.976608187134502,0.5263157894736842,27.0,42.0,0,0,22.663611111111113,0.32926829268292684,02:48-03:15; 04:25-05:07; 06:59-07:12
A_p55_x75_w10_e2_b5_r5,A_grid,2,3.0,-1.0,45,1.5,false,10,55,5,75,2,8,5,82.0,3,149,193.0,27.0,0,0,23.976608187134502,0.5263157894736842,27.0,42.0,0,0,22.663611111111113,0.32926829268292684,02:48-03:15; 04:25-05:07; 06:59-07:12
A_p55_x75_w10_e2_b7_r3,A_grid,2,3.0,-1.0,45,1.5,false,10,55,7,75,2,8,3,82.0,3,149,193.0,27.0,0,0,23.976608187134502,0.5263157894736842,27.0,42.0,0,0,22.663611111111113,0.32926829268292684,02:48-03:15; 04:25-05:07; 06:59-07:12
A_p55_x75_w10_e2_b7_r5,A_grid,2,3.0,-1.0,45,1.5,false,10,55,7,75,2,8,5,82.0,3,149,193.0,27.0,0,0,23.976608187134502,0.5263157894736842,27.0,42.0,0,0,22.663611111111113,0.32926829268292684,02:48-03:15; 04:25-05:07; 06:59-07:12
A_p55_x75_w10_e2_b10_r3,A_grid,2,3.0,-1.0,45,1.5,false,10,55,10,75,2,8,3,82.0,3,149,193.0,27.0,0,0,23.976608187134502,0.5263157894736842,27.0,42.0,0,0,22.663611111111113,0.32926829268292684,02:48-03:15; 04:25-05:07; 06:59-07:12
A_p55_x75_w10_e2_b10_r5,A_grid,2,3.0,-1.0,45,1.5,false,10,55,10,75,2,8,5,82.0,3,149,193.0,27.0,0,0,23.976608187134502,0.5263157894736842,27.0,42.0,0,0,22.663611111111113,0.32926829268292684,02:48-03:15; 04:25-05:07; 06:59-07:12
A_p55_x75_w10_e3_b5_r3,A_grid,2,3.0,-1.0,45,1.5,false,10,55,5,75,3,8,3,82.0,3,149,193.0,27.0,0,0,23.976608187134502,0.5263157894736842,27.0,42.0,0,0,22.663611111111113,0.32926829268292684,02:48-03:15; 04:25-05:07; 06:59-07:12
A_p55_x75_w10_e3_b5_r5,A_grid,2,3.0,-1.0,45,1.5,false,10,55,5,75,3,8,5,82.0,3,149,193.0,27.0,0,0,23.976608187134502,0.5263157894736842,27.0,42.0,0,0,22.663611111111113,0.32926829268292684,02:48-03:15; 04:25-05:07; 06:59-07:12
A_p55_x75_w10_e3_b7_r3,A_grid,2,3.0,-1.0,45,1.5,false,10,55,7,75,3,8,3,82.0,3,149,193.0,27.0,0,0,23.976608187134502,0.5263157894736842,27.0,42.0,0,0,22.663611111111113,0.32926829268292684,02:48-03:15; 04:25-05:07; 06:59-07:12
A_p55_x75_w10_e3_b7_r5,A_grid,2,3.0,-1.0,45,1.5,false,10,55,7,75,3,8,5,82.0,3,149,193.0,27.0,0,0,23.976608187134502,0.5263157894736842,27.0,42.0,0,0,22.663611111111113,0.32926829268292684,02:48-03:15; 04:25-05:07; 06:59-07:12
A_p55_x75_w10_e3_b10_r3,A_grid,2,3.0,-1.0,45,1.5,false,10,55,10,75,3,8,3,82.0,3,149,193.0,27.0,0,0,23.976608187134502,0.5263157894736842,27.0,42.0,0,0,22.663611111111113,0.32926829268292684,02:48-03:15; 04:25-05:07; 06:59-07:12
A_p55_x75_w10_e3_b10_r5,A_grid,2,3.0,-1.0,45,1.5,false,10,55,10,75,3,8,5,82.0,3,149,193.0,27.0,0,0,23.976608187134502,0.5263157894736842,27.0,42.0,0,0,22.663611111111113,0.32926829268292684,02:48-03:15; 04:25-05:07; 06:59-07:12
A_p55_x75_w12_e1_b5_r3,A_grid,2,3.0,-1.0,45,1.5,false,12,55,5,75,1,8,3,74.0,3,149,193.0,22.0,0,0,21.637426900584796,0.5263157894736842,22.0,42.0,0,0,24.12559941520468,0.2972972972972973,02:53-03:15; 04:25-05:07; 07:02-07:12
A_p55_x75_w12_e1_b5_r5,A_grid,2,3.0,-1.0,45,1.5,false,12,55,5,75,1,8,5,74.0,3,149,193.0,22.0,0,0,21.637426900584796,0.5263157894736842,22.0,42.0,0,0,24.12559941520468,0.2972972972972973,02:53-03:15; 04:25-05:07; 07:02-07:12
A_p55_x75_w12_e1_b7_r3,A_grid,2,3.0,-1.0,45,1.5,false,12,55,7,75,1,8,3,74.0,3,149,193.0,22.0,0,0,21.637426900584796,0.5263157894736842,22.0,42.0,0,0,24.12559941520468,0.2972972972972973,02:53-03:15; 04:25-05:07; 07:02-07:12
A_p55_x75_w12_e1_b7_r5,A_grid,2,3.0,-1.0,45,1.5,false,12,55,7,75,1,8,5,74.0,3,149,193.0,22.0,0,0,21.637426900584796,0.5263157894736842,22.0,42.0,0,0,24.12559941520468,0.2972972972972973,02:53-03:15; 04:25-05:07; 07:02-07:12
A_p55_x75_w12_e1_b10_r3,A_grid,2,3.0,-1.0,45,1.5,false,12,55,10,75,1,8,3,74.0,3,149,193.0,22.0,0,0,21.637426900584796,0.5263157894736842,22.0,42.0,0,0,24.12559941520468,0.2972972972972973,02:53-03:15; 04:25-05:07; 07:02-07:12
A_p55_x75_w12_e1_b10_r5,A_grid,2,3.0,-1.0,45,1.5,false,12,55,10,75,1,8,5,74.0,3,149,193.0,22.0,0,0,21.637426900584796,0.5263157894736842,22.0,42.0,0,0,24.12559941520468,0.2972972972972973,02:53-03:15; 04:25-05:07; 07:02-07:12
A_p55_x75_w12_e2_b5_r3,A_grid,2,3.0,-1.0,45,1.5,false,12,55,5,75,2,8,3,74.0,3,149,193.0,22.0,0,0,21.637426900584796,0.5263157894736842,22.0,42.0,0,0,24.12559941520468,0.2972972972972973,02:53-03:15; 04:25-05:07; 07:02-07:12
A_p55_x75_w12_e2_b5_r5,A_grid,2,3.0,-1.0,45,1.5,false,12,55,5,75,2,8,5,74.0,3,149,193.0,22.0,0,0,21.637426900584796,0.5263157894736842,22.0,42.0,0,0,24.12559941520468,0.2972972972972973,02:53-03:15; 04:25-05:07; 07:02-07:12
A_p55_x75_w12_e2_b7_r3,A_grid,2,3.0,-1.0,45,1.5,false,12,55,7,75,2,8,3,74.0,3,149,193.0,22.0,0,0,21.637426900584796,0.5263157894736842,22.0,42.0,0,0,24.12559941520468,0.2972972972972973,02:53-03:15; 04:25-05:07; 07:02-07:12
A_p55_x75_w12_e2_b7_r5,A_grid,2,3.0,-1.0,45,1.5,false,12,55,7,75,2,8,5,74.0,3,149,193.0,22.0,0,0,21.637426900584796,0.5263157894736842,22.0,42.0,0,0,24.12559941520468,0.2972972972972973,02:53-03:15; 04:25-05:07; 07:02-07:12
A_p55_x75_w12_e2_b10_r3,A_grid,2,3.0,-1.0,45,1.5,false,12,55,10,75,2,8,3,74.0,3,149,193.0,22.0,0,0,21.637426900584796,0.5263157894736842,22.0,42.0,0,0,24.12559941520468,0.2972972972972973,02:53-03:15; 04:25-05:07; 07:02-07:12
A_p55_x75_w12_e2_b10_r5,A_grid,2,3.0,-1.0,45,1.5,false,12,55,10,75,2,8,5,74.0,3,149,193.0,22.0,0,0,21.637426900584796,0.5263157894736842,22.0,42.0,0,0,24.12559941520468,0.2972972972972973,02:53-03:15; 04:25-05:07; 07:02-07:12
A_p55_x75_w12_e3_b5_r3,A_grid,2,3.0,-1.0,45,1.5,false,12,55,5,75,3,8,3,74.0,3,149,193.0,22.0,0,0,21.637426900584796,0.5263157894736842,22.0,42.0,0,0,24.12559941520468,0.2972972972972973,02:53-03:15; 04:25-05:07; 07:02-07:12
A_p55_x75_w12_e3_b5_r5,A_grid,2,3.0,-1.0,45,1.5,false,12,55,5,75,3,8,5,74.0,3,149,193.0,22.0,0,0,21.637426900584796,0.5263157894736842,22.0,42.0,0,0,24.12559941520468,0.2972972972972973,02:53-03:15; 04:25-05:07; 07:02-07:12
A_p55_x75_w12_e3_b7_r3,A_grid,2,3.0,-1.0,45,1.5,false,12,55,7,75,3,8,3,74.0,3,149,193.0,22.0,0,0,21.637426900584796,0.5263157894736842,22.0,42.0,0,0,24.12559941520468,0.2972972972972973,02:53-03:15; 04:25-05:07; 07:02-07:12
A_p55_x75_w12_e3_b7_r5,A_grid,2,3.0,-1.0,45,1.5,false,12,55,7,75,3,8,5,74.0,3,149,193.0,22.0,0,0,21.637426900584796,0.5263157894736842,22.0,42.0,0,0,24.12559941520468,0.2972972972972973,02:53-03:15; 04:25-05:07; 07:02-07:12
A_p55_x75_w12_e3_b10_r3,A_grid,2,3.0,-1.0,45,1.5,false,12,55,10,75,3,8,3,74.0,3,149,193.0,22.0,0,0,21.637426900584796,0.5263157894736842,22.0,42.0,0,0,24.12559941520468,0.2972972972972973,02:53-03:15; 04:25-05:07; 07:02-07:12
A_p55_x75_w12_e3_b10_r5,A_grid,2,3.0,-1.0,45,1.5,false,12,55,10,75,3,8,5,74.0,3,149,193.0,22.0,0,0,21.637426900584796,0.5263157894736842,22.0,42.0,0,0,24.12559941520468,0.2972972972972973,02:53-03:15; 04:25-05:07; 07:02-07:12
A_p55_x75_w15_e1_b5_r3,A_grid,2,3.0,-1.0,45,1.5,false,15,55,5,75,1,8,3,66.0,3,149,193.0,20.0,0,0,19.298245614035086,0.5263157894736842,20.0,39.0,0,0,24.710394736842105,0.30303030303030304,02:55-03:15; 04:28-05:07; 07:05-07:12
A_p55_x75_w15_e1_b5_r5,A_grid,2,3.0,-1.0,45,1.5,false,15,55,5,75,1,8,5,66.0,3,149,193.0,20.0,0,0,19.298245614035086,0.5263157894736842,20.0,39.0,0,0,24.710394736842105,0.30303030303030304,02:55-03:15; 04:28-05:07; 07:05-07:12
A_p55_x75_w15_e1_b7_r3,A_grid,2,3.0,-1.0,45,1.5,false,15,55,7,75,1,8,3,66.0,3,149,193.0,20.0,0,0,19.298245614035086,0.5263157894736842,20.0,39.0,0,0,24.710394736842105,0.30303030303030304,02:55-03:15; 04:28-05:07; 07:05-07:12
A_p55_x75_w15_e1_b7_r5,A_grid,2,3.0,-1.0,45,1.5,false,15,55,7,75,1,8,5,66.0,3,149,193.0,20.0,0,0,19.298245614035086,0.5263157894736842,20.0,39.0,0,0,24.710394736842105,0.30303030303030304,02:55-03:15; 04:28-05:07; 07:05-07:12
A_p55_x75_w15_e1_b10_r3,A_grid,2,3.0,-1.0,45,1.5,false,15,55,10,75,1,8,3,59.0,2,149,200.0,20.0,0,7,17.251461988304094,0.3508771929824561,29.5,39.0,0,0,24.710394736842105,0.3389830508474576,02:55-03:15; 04:28-05:07
A_p55_x75_w15_e1_b10_r5,A_grid,2,3.0,-1.0,45,1.5,false,15,55,10,75,1,8,5,59.0,2,149,200.0,20.0,0,7,17.251461988304094,0.3508771929824561,29.5,39.0,0,0,24.710394736842105,0.3389830508474576,02:55-03:15; 04:28-05:07
A_p55_x75_w15_e2_b5_r3,A_grid,2,3.0,-1.0,45,1.5,false,15,55,5,75,2,8,3,66.0,3,149,193.0,20.0,0,0,19.298245614035086,0.5263157894736842,20.0,39.0,0,0,24.710394736842105,0.30303030303030304,02:55-03:15; 04:28-05:07; 07:05-07:12
A_p55_x75_w15_e2_b5_r5,A_grid,2,3.0,-1.0,45,1.5,false,15,55,5,75,2,8,5,66.0,3,149,193.0,20.0,0,0,19.298245614035086,0.5263157894736842,20.0,39.0,0,0,24.710394736842105,0.30303030303030304,02:55-03:15; 04:28-05:07; 07:05-07:12
A_p55_x75_w15_e2_b7_r3,A_grid,2,3.0,-1.0,45,1.5,false,15,55,7,75,2,8,3,66.0,3,149,193.0,20.0,0,0,19.298245614035086,0.5263157894736842,20.0,39.0,0,0,24.710394736842105,0.30303030303030304,02:55-03:15; 04:28-05:07; 07:05-07:12
A_p55_x75_w15_e2_b7_r5,A_grid,2,3.0,-1.0,45,1.5,false,15,55,7,75,2,8,5,66.0,3,149,193.0,20.0,0,0,19.298245614035086,0.5263157894736842,20.0,39.0,0,0,24.710394736842105,0.30303030303030304,02:55-03:15; 04:28-05:07; 07:05-07:12
A_p55_x75_w15_e2_b10_r3,A_grid,2,3.0,-1.0,45,1.5,false,15,55,10,75,2,8,3,59.0,2,149,200.0,20.0,0,7,17.251461988304094,0.3508771929824561,29.5,39.0,0,0,24.710394736842105,0.3389830508474576,02:55-03:15; 04:28-05:07
A_p55_x75_w15_e2_b10_r5,A_grid,2,3.0,-1.0,45,1.5,false,15,55,10,75,2,8,5,59.0,2,149,200.0,20.0,0,7,17.251461988304094,0.3508771929824561,29.5,39.0,0,0,24.710394736842105,0.3389830508474576,02:55-03:15; 04:28-05:07
A_p55_x75_w15_e3_b5_r3,A_grid,2,3.0,-1.0,45,1.5,false,15,55,5,75,3,8,3,66.0,3,149,193.0,20.0,0,0,19.298245614035086,0.5263157894736842,20.0,39.0,0,0,24.710394736842105,0.30303030303030304,02:55-03:15; 04:28-05:07; 07:05-07:12
A_p55_x75_w15_e3_b5_r5,A_grid,2,3.0,-1.0,45,1.5,false,15,55,5,75,3,8,5,66.0,3,149,193.0,20.0,0,0,19.298245614035086,0.5263157894736842,20.0,39.0,0,0,24.710394736842105,0.30303030303030304,02:55-03:15; 04:28-05:07; 07:05-07:12
A_p55_x75_w15_e3_b7_r3,A_grid,2,3.0,-1.0,45,1.5,false,15,55,7,75,3,8,3,66.0,3,149,193.0,20.0,0,0,19.298245614035086,0.5263157894736842,20.0,39.0,0,0,24.710394736842105,0.30303030303030304,02:55-03:15; 04:28-05:07; 07:05-07:12
A_p55_x75_w15_e3_b7_r5,A_grid,2,3.0,-1.0,45,1.5,false,15,55,7,75,3,8,5,66.0,3,149,193.0,20.0,0,0,19.298245614035086,0.5263157894736842,20.0,39.0,0,0,24.710394736842105,0.30303030303030304,02:55-03:15; 04:28-05:07; 07:05-07:12
A_p55_x75_w15_e3_b10_r3,A_grid,2,3.0,-1.0,45,1.5,false,15,55,10,75,3,8,3,59.0,2,149,200.0,20.0,0,7,17.251461988304094,0.3508771929824561,29.5,39.0,0,0,24.710394736842105,0.3389830508474576,02:55-03:15; 04:28-05:07
A_p55_x75_w15_e3_b10_r5,A_grid,2,3.0,-1.0,45,1.5,false,15,55,10,75,3,8,5,59.0,2,149,200.0,20.0,0,7,17.251461988304094,0.3508771929824561,29.5,39.0,0,0,24.710394736842105,0.3389830508474576,02:55-03:15; 04:28-05:07
A_p60_x65_w10_e1_b5_r3,A_grid,2,3.0,-1.0,45,1.5,false,10,60,5,65,1,8,3,66.0,3,149,194.0,10.0,0,1,19.298245614035086,0.5263157894736842,14.0,42.0,0,0,22.663611111111113,0.15151515151515152,02:48-02:58; 04:25-05:07; 06:58-07:12
A_p60_x65_w10_e1_b5_r5,A_grid,2,3.0,-1.0,45,1.5,false,10,60,5,65,1,8,5,67.0,3,149,194.0,11.0,0,1,19.5906432748538,0.5263157894736842,14.0,42.0,0,0,22.663611111111113,0.16417910447761194,02:48-02:59; 04:25-05:07; 06:58-07:12
A_p60_x65_w10_e1_b7_r3,A_grid,2,3.0,-1.0,45,1.5,false,10,60,7,65,1,8,3,66.0,3,149,194.0,10.0,0,1,19.298245614035086,0.5263157894736842,14.0,42.0,0,0,22.663611111111113,0.15151515151515152,02:48-02:58; 04:25-05:07; 06:58-07:12
A_p60_x65_w10_e1_b7_r5,A_grid,2,3.0,-1.0,45,1.5,false,10,60,7,65,1,8,5,67.0,3,149,194.0,11.0,0,1,19.5906432748538,0.5263157894736842,14.0,42.0,0,0,22.663611111111113,0.16417910447761194,02:48-02:59; 04:25-05:07; 06:58-07:12
A_p60_x65_w10_e1_b10_r3,A_grid,2,3.0,-1.0,45,1.5,false,10,60,10,65,1,8,3,66.0,3,149,194.0,10.0,0,1,19.298245614035086,0.5263157894736842,14.0,42.0,0,0,22.663611111111113,0.15151515151515152,02:48-02:58; 04:25-05:07; 06:58-07:12
A_p60_x65_w10_e1_b10_r5,A_grid,2,3.0,-1.0,45,1.5,false,10,60,10,65,1,8,5,67.0,3,149,194.0,11.0,0,1,19.5906432748538,0.5263157894736842,14.0,42.0,0,0,22.663611111111113,0.16417910447761194,02:48-02:59; 04:25-05:07; 06:58-07:12
A_p60_x65_w10_e2_b5_r3,A_grid,2,3.0,-1.0,45,1.5,false,10,60,5,65,2,8,3,67.0,3,149,194.0,11.0,0,1,19.5906432748538,0.5263157894736842,14.0,42.0,0,0,22.663611111111113,0.16417910447761194,02:48-02:59; 04:25-05:07; 06:58-07:12
A_p60_x65_w10_e2_b5_r5,A_grid,2,3.0,-1.0,45,1.5,false,10,60,5,65,2,8,5,68.0,3,149,194.0,12.0,0,1,19.883040935672515,0.5263157894736842,14.0,42.0,0,0,22.663611111111113,0.17647058823529413,02:48-03:00; 04:25-05:07; 06:58-07:12
A_p60_x65_w10_e2_b7_r3,A_grid,2,3.0,-1.0,45,1.5,false,10,60,7,65,2,8,3,67.0,3,149,194.0,11.0,0,1,19.5906432748538,0.5263157894736842,14.0,42.0,0,0,22.663611111111113,0.16417910447761194,02:48-02:59; 04:25-05:07; 06:58-07:12
A_p60_x65_w10_e2_b7_r5,A_grid,2,3.0,-1.0,45,1.5,false,10,60,7,65,2,8,5,68.0,3,149,194.0,12.0,0,1,19.883040935672515,0.5263157894736842,14.0,42.0,0,0,22.663611111111113,0.17647058823529413,02:48-03:00; 04:25-05:07; 06:58-07:12
A_p60_x65_w10_e2_b10_r3,A_grid,2,3.0,-1.0,45,1.5,false,10,60,10,65,2,8,3,67.0,3,149,194.0,11.0,0,1,19.5906432748538,0.5263157894736842,14.0,42.0,0,0,22.663611111111113,0.16417910447761194,02:48-02:59; 04:25-05:07; 06:58-07:12
A_p60_x65_w10_e2_b10_r5,A_grid,2,3.0,-1.0,45,1.5,false,10,60,10,65,2,8,5,68.0,3,149,194.0,12.0,0,1,19.883040935672515,0.5263157894736842,14.0,42.0,0,0,22.663611111111113,0.17647058823529413,02:48-03:00; 04:25-05:07; 06:58-07:12
A_p60_x65_w10_e3_b5_r3,A_grid,2,3.0,-1.0,45,1.5,false,10,60,5,65,3,8,3,68.0,3,149,194.0,12.0,0,1,19.883040935672515,0.5263157894736842,14.0,42.0,0,0,22.663611111111113,0.17647058823529413,02:48-03:00; 04:25-05:07; 06:58-07:12
A_p60_x65_w10_e3_b5_r5,A_grid,2,3.0,-1.0,45,1.5,false,10,60,5,65,3,8,5,69.0,3,149,194.0,13.0,0,1,20.175438596491226,0.5263157894736842,14.0,42.0,0,0,22.663611111111113,0.18840579710144928,02:48-03:01; 04:25-05:07; 06:58-07:12
A_p60_x65_w10_e3_b7_r3,A_grid,2,3.0,-1.0,45,1.5,false,10,60,7,65,3,8,3,68.0,3,149,194.0,12.0,0,1,19.883040935672515,0.5263157894736842,14.0,42.0,0,0,22.663611111111113,0.17647058823529413,02:48-03:00; 04:25-05:07; 06:58-07:12
A_p60_x65_w10_e3_b7_r5,A_grid,2,3.0,-1.0,45,1.5,false,10,60,7,65,3,8,5,69.0,3,149,194.0,13.0,0,1,20.175438596491226,0.5263157894736842,14.0,42.0,0,0,22.663611111111113,0.18840579710144928,02:48-03:01; 04:25-05:07; 06:58-07:12
A_p60_x65_w10_e3_b10_r3,A_grid,2,3.0,-1.0,45,1.5,false,10,60,10,65,3,8,3,68.0,3,149,194.0,12.0,0,1,19.883040935672515,0.5263157894736842,14.0,42.0,0,0,22.663611111111113,0.17647058823529413,02:48-03:00; 04:25-05:07; 06:58-07:12
A_p60_x65_w10_e3_b10_r5,A_grid,2,3.0,-1.0,45,1.5,false,10,60,10,65,3,8,5,69.0,3,149,194.0,13.0,0,1,20.175438596491226,0.5263157894736842,14.0,42.0,0,0,22.663611111111113,0.18840579710144928,02:48-03:01; 04:25-05:07; 06:58-07:12
A_p60_x65_w12_e1_b5_r3,A_grid,2,3.0,-1.0,45,1.5,false,12,60,5,65,1,8,3,64.0,3,149,197.0,9.0,0,4,18.71345029239766,0.5263157894736842,13.0,42.0,0,0,22.956008771929824,0.140625,02:49-02:58; 04:25-05:07; 06:59-07:12
A_p60_x65_w12_e1_b5_r5,A_grid,2,3.0,-1.0,45,1.5,false,12,60,5,65,1,8,5,72.0,3,149,193.0,10.0,0,0,21.052631578947366,0.5263157894736842,20.0,42.0,0,0,22.956008771929824,0.1388888888888889,02:49-02:59; 04:25-05:07; 06:52-07:12
A_p60_x65_w12_e1_b7_r3,A_grid,2,3.0,-1.0,45,1.5,false,12,60,7,65,1,8,3,64.0,3,149,197.0,9.0,0,4,18.71345029239766,0.5263157894736842,13.0,42.0,0,0,22.956008771929824,0.140625,02:49-02:58; 04:25-05:07; 06:59-07:12
A_p60_x65_w12_e1_b7_r5,A_grid,2,3.0,-1.0,45,1.5,false,12,60,7,65,1,8,5,72.0,3,149,193.0,10.0,0,0,21.052631578947366,0.5263157894736842,20.0,42.0,0,0,22.956008771929824,0.1388888888888889,02:49-02:59; 04:25-05:07; 06:52-07:12
A_p60_x65_w12_e1_b10_r3,A_grid,2,3.0,-1.0,45,1.5,false,12,60,10,65,1,8,3,55.0,2,149,206.0,0.0,0,13,16.08187134502924,0.3508771929824561,27.5,42.0,0,0,51.02618421052632,0.0,04:25-05:07; 06:59-07:12
A_p60_x65_w12_e1_b10_r5,A_grid,2,3.0,-1.0,45,1.5,false,12,60,10,65,1,8,5,72.0,3,149,193.0,10.0,0,0,21.052631578947366,0.5263157894736842,20.0,42.0,0,0,22.956008771929824,0.1388888888888889,02:49-02:59; 04:25-05:07; 06:52-07:12
A_p60_x65_w12_e2_b5_r3,A_grid,2,3.0,-1.0,45,1.5,false,12,60,5,65,2,8,3,70.0,4,149,193.0,10.0,0,0,20.46783625730994,0.7017543859649122,11.5,42.0,1,1,22.956008771929824,0.14285714285714285,02:49-02:59; 04:25-05:07; 06:52-06:57; 06:59-07:12
A_p60_x65_w12_e2_b5_r5,A_grid,2,3.0,-1.0,45,1.5,false,12,60,5,65,2,8,5,73.0,3,149,193.0,11.0,0,0,21.34502923976608,0.5263157894736842,20.0,42.0,0,0,22.956008771929824,0.1506849315068493,02:49-03:00; 04:25-05:07; 06:52-07:12
A_p60_x65_w12_e2_b7_r3,A_grid,2,3.0,-1.0,45,1.5,false,12,60,7,65,2,8,3,65.0,3,149,198.0,10.0,0,5,19.005847953216374,0.5263157894736842,13.0,42.0,0,0,22.956008771929824,0.15384615384615385,02:49-02:59; 04:25-05:07; 06:59-07:12
A_p60_x65_w12_e2_b7_r5,A_grid,2,3.0,-1.0,45,1.5,false,12,60,7,65,2,8,5,73.0,3,149,193.0,11.0,0,0,21.34502923976608,0.5263157894736842,20.0,42.0,0,0,22.956008771929824,0.1506849315068493,02:49-03:00; 04:25-05:07; 06:52-07:12
A_p60_x65_w12_e2_b10_r3,A_grid,2,3.0,-1.0,45,1.5,false,12,60,10,65,2,8,3,65.0,3,149,198.0,10.0,0,5,19.005847953216374,0.5263157894736842,13.0,42.0,0,0,22.956008771929824,0.15384615384615385,02:49-02:59; 04:25-05:07; 06:59-07:12
A_p60_x65_w12_e2_b10_r5,A_grid,2,3.0,-1.0,45,1.5,false,12,60,10,65,2,8,5,73.0,3,149,193.0,11.0,0,0,21.34502923976608,0.5263157894736842,20.0,42.0,0,0,22.956008771929824,0.1506849315068493,02:49-03:00; 04:25-05:07; 06:52-07:12
A_p60_x65_w12_e3_b5_r3,A_grid,2,3.0,-1.0,45,1.5,false,12,60,5,65,3,8,3,73.0,3,149,193.0,11.0,0,0,21.34502923976608,0.5263157894736842,20.0,42.0,0,0,22.956008771929824,0.1506849315068493,02:49-03:00; 04:25-05:07; 06:52-07:12
A_p60_x65_w12_e3_b5_r5,A_grid,2,3.0,-1.0,45,1.5,false,12,60,5,65,3,8,5,74.0,3,149,193.0,12.0,0,0,21.637426900584796,0.5263157894736842,20.0,42.0,0,0,22.956008771929824,0.16216216216216217,02:49-03:01; 04:25-05:07; 06:52-07:12
A_p60_x65_w12_e3_b7_r3,A_grid,2,3.0,-1.0,45,1.5,false,12,60,7,65,3,8,3,73.0,3,149,193.0,11.0,0,0,21.34502923976608,0.5263157894736842,20.0,42.0,0,0,22.956008771929824,0.1506849315068493,02:49-03:00; 04:25-05:07; 06:52-07:12
A_p60_x65_w12_e3_b7_r5,A_grid,2,3.0,-1.0,45,1.5,false,12,60,7,65,3,8,5,74.0,3,149,193.0,12.0,0,0,21.637426900584796,0.5263157894736842,20.0,42.0,0,0,22.956008771929824,0.16216216216216217,02:49-03:01; 04:25-05:07; 06:52-07:12
A_p60_x65_w12_e3_b10_r3,A_grid,2,3.0,-1.0,45,1.5,false,12,60,10,65,3,8,3,73.0,3,149,193.0,11.0,0,0,21.34502923976608,0.5263157894736842,20.0,42.0,0,0,22.956008771929824,0.1506849315068493,02:49-03:00; 04:25-05:07; 06:52-07:12
A_p60_x65_w12_e3_b10_r5,A_grid,2,3.0,-1.0,45,1.5,false,12,60,10,65,3,8,5,74.0,3,149,193.0,12.0,0,0,21.637426900584796,0.5263157894736842,20.0,42.0,0,0,22.956008771929824,0.16216216216216217,02:49-03:01; 04:25-05:07; 06:52-07:12
A_p60_x65_w15_e1_b5_r3,A_grid,2,3.0,-1.0,45,1.5,false,15,60,5,65,1,8,3,56.0,3,149,193.0,7.0,0,0,16.374269005847953,0.5263157894736842,10.0,39.0,0,0,23.540804093567253,0.125,02:51-02:58; 04:28-05:07; 07:02-07:12
A_p60_x65_w15_e1_b5_r5,A_grid,2,3.0,-1.0,45,1.5,false,15,60,5,65,1,8,5,57.0,3,149,193.0,8.0,0,0,16.666666666666664,0.5263157894736842,10.0,39.0,0,0,23.540804093567253,0.14035087719298245,02:51-02:59; 04:28-05:07; 07:02-07:12
A_p60_x65_w15_e1_b7_r3,A_grid,2,3.0,-1.0,45,1.5,false,15,60,7,65,1,8,3,56.0,3,149,193.0,7.0,0,0,16.374269005847953,0.5263157894736842,10.0,39.0,0,0,23.540804093567253,0.125,02:51-02:58; 04:28-05:07; 07:02-07:12
A_p60_x65_w15_e1_b7_r5,A_grid,2,3.0,-1.0,45,1.5,false,15,60,7,65,1,8,5,57.0,3,149,193.0,8.0,0,0,16.666666666666664,0.5263157894736842,10.0,39.0,0,0,23.540804093567253,0.14035087719298245,02:51-02:59; 04:28-05:07; 07:02-07:12
A_p60_x65_w15_e1_b10_r3,A_grid,2,3.0,-1.0,45,1.5,false,15,60,10,65,1,8,3,49.0,2,149,200.0,0.0,0,7,14.327485380116958,0.3508771929824561,24.5,39.0,0,0,51.90337719298246,0.0,04:28-05:07; 07:02-07:12
A_p60_x65_w15_e1_b10_r5,A_grid,2,3.0,-1.0,45,1.5,false,15,60,10,65,1,8,5,49.0,2,149,201.0,0.0,0,8,14.327485380116958,0.3508771929824561,24.5,39.0,0,0,51.90337719298246,0.0,04:28-05:07; 07:02-07:12
A_p60_x65_w15_e2_b5_r3,A_grid,2,3.0,-1.0,45,1.5,false,15,60,5,65,2,8,3,57.0,3,149,193.0,8.0,0,0,16.666666666666664,0.5263157894736842,10.0,39.0,0,0,23.540804093567253,0.14035087719298245,02:51-02:59; 04:28-05:07; 07:02-07:12
A_p60_x65_w15_e2_b5_r5,A_grid,2,3.0,-1.0,45,1.5,false,15,60,5,65,2,8,5,58.0,3,149,193.0,9.0,0,0,16.95906432748538,0.5263157894736842,10.0,39.0,0,0,23.540804093567253,0.15517241379310345,02:51-03:00; 04:28-05:07; 07:02-07:12
A_p60_x65_w15_e2_b7_r3,A_grid,2,3.0,-1.0,45,1.5,false,15,60,7,65,2,8,3,57.0,3,149,193.0,8.0,0,0,16.666666666666664,0.5263157894736842,10.0,39.0,0,0,23.540804093567253,0.14035087719298245,02:51-02:59; 04:28-05:07; 07:02-07:12
A_p60_x65_w15_e2_b7_r5,A_grid,2,3.0,-1.0,45,1.5,false,15,60,7,65,2,8,5,58.0,3,149,193.0,9.0,0,0,16.95906432748538,0.5263157894736842,10.0,39.0,0,0,23.540804093567253,0.15517241379310345,02:51-03:00; 04:28-05:07; 07:02-07:12
A_p60_x65_w15_e2_b10_r3,A_grid,2,3.0,-1.0,45,1.5,false,15,60,10,65,2,8,3,49.0,2,149,201.0,0.0,0,8,14.327485380116958,0.3508771929824561,24.5,39.0,0,0,51.90337719298246,0.0,04:28-05:07; 07:02-07:12
A_p60_x65_w15_e2_b10_r5,A_grid,2,3.0,-1.0,45,1.5,false,15,60,10,65,2,8,5,49.0,2,149,202.0,0.0,0,9,14.327485380116958,0.3508771929824561,24.5,39.0,0,0,51.90337719298246,0.0,04:28-05:07; 07:02-07:12
A_p60_x65_w15_e3_b5_r3,A_grid,2,3.0,-1.0,45,1.5,false,15,60,5,65,3,8,3,58.0,3,149,193.0,9.0,0,0,16.95906432748538,0.5263157894736842,10.0,39.0,0,0,23.540804093567253,0.15517241379310345,02:51-03:00; 04:28-05:07; 07:02-07:12
A_p60_x65_w15_e3_b5_r5,A_grid,2,3.0,-1.0,45,1.5,false,15,60,5,65,3,8,5,59.0,3,149,193.0,10.0,0,0,17.251461988304094,0.5263157894736842,10.0,39.0,0,0,23.540804093567253,0.1694915254237288,02:51-03:01; 04:28-05:07; 07:02-07:12
A_p60_x65_w15_e3_b7_r3,A_grid,2,3.0,-1.0,45,1.5,false,15,60,7,65,3,8,3,58.0,3,149,193.0,9.0,0,0,16.95906432748538,0.5263157894736842,10.0,39.0,0,0,23.540804093567253,0.15517241379310345,02:51-03:00; 04:28-05:07; 07:02-07:12
A_p60_x65_w15_e3_b7_r5,A_grid,2,3.0,-1.0,45,1.5,false,15,60,7,65,3,8,5,59.0,3,149,193.0,10.0,0,0,17.251461988304094,0.5263157894736842,10.0,39.0,0,0,23.540804093567253,0.1694915254237288,02:51-03:01; 04:28-05:07; 07:02-07:12
A_p60_x65_w15_e3_b10_r3,A_grid,2,3.0,-1.0,45,1.5,false,15,60,10,65,3,8,3,49.0,2,149,202.0,0.0,0,9,14.327485380116958,0.3508771929824561,24.5,39.0,0,0,51.90337719298246,0.0,04:28-05:07; 07:02-07:12
A_p60_x65_w15_e3_b10_r5,A_grid,2,3.0,-1.0,45,1.5,false,15,60,10,65,3,8,5,59.0,3,149,193.0,10.0,0,0,17.251461988304094,0.5263157894736842,10.0,39.0,0,0,23.540804093567253,0.1694915254237288,02:51-03:01; 04:28-05:07; 07:02-07:12
A_p60_x70_w10_e1_b5_r3,A_grid,2,3.0,-1.0,45,1.5,false,10,60,5,70,1,8,3,66.0,3,149,194.0,10.0,0,1,19.298245614035086,0.5263157894736842,14.0,42.0,0,0,22.663611111111113,0.15151515151515152,02:48-02:58; 04:25-05:07; 06:58-07:12
A_p60_x70_w10_e1_b5_r5,A_grid,2,3.0,-1.0,45,1.5,false,10,60,5,70,1,8,5,67.0,3,149,194.0,11.0,0,1,19.5906432748538,0.5263157894736842,14.0,42.0,0,0,22.663611111111113,0.16417910447761194,02:48-02:59; 04:25-05:07; 06:58-07:12
A_p60_x70_w10_e1_b7_r3,A_grid,2,3.0,-1.0,45,1.5,false,10,60,7,70,1,8,3,66.0,3,149,194.0,10.0,0,1,19.298245614035086,0.5263157894736842,14.0,42.0,0,0,22.663611111111113,0.15151515151515152,02:48-02:58; 04:25-05:07; 06:58-07:12
A_p60_x70_w10_e1_b7_r5,A_grid,2,3.0,-1.0,45,1.5,false,10,60,7,70,1,8,5,67.0,3,149,194.0,11.0,0,1,19.5906432748538,0.5263157894736842,14.0,42.0,0,0,22.663611111111113,0.16417910447761194,02:48-02:59; 04:25-05:07; 06:58-07:12
A_p60_x70_w10_e1_b10_r3,A_grid,2,3.0,-1.0,45,1.5,false,10,60,10,70,1,8,3,66.0,3,149,194.0,10.0,0,1,19.298245614035086,0.5263157894736842,14.0,42.0,0,0,22.663611111111113,0.15151515151515152,02:48-02:58; 04:25-05:07; 06:58-07:12
A_p60_x70_w10_e1_b10_r5,A_grid,2,3.0,-1.0,45,1.5,false,10,60,10,70,1,8,5,67.0,3,149,194.0,11.0,0,1,19.5906432748538,0.5263157894736842,14.0,42.0,0,0,22.663611111111113,0.16417910447761194,02:48-02:59; 04:25-05:07; 06:58-07:12
A_p60_x70_w10_e2_b5_r3,A_grid,2,3.0,-1.0,45,1.5,false,10,60,5,70,2,8,3,67.0,3,149,194.0,11.0,0,1,19.5906432748538,0.5263157894736842,14.0,42.0,0,0,22.663611111111113,0.16417910447761194,02:48-02:59; 04:25-05:07; 06:58-07:12
A_p60_x70_w10_e2_b5_r5,A_grid,2,3.0,-1.0,45,1.5,false,10,60,5,70,2,8,5,68.0,3,149,194.0,12.0,0,1,19.883040935672515,0.5263157894736842,14.0,42.0,0,0,22.663611111111113,0.17647058823529413,02:48-03:00; 04:25-05:07; 06:58-07:12
A_p60_x70_w10_e2_b7_r3,A_grid,2,3.0,-1.0,45,1.5,false,10,60,7,70,2,8,3,67.0,3,149,194.0,11.0,0,1,19.5906432748538,0.5263157894736842,14.0,42.0,0,0,22.663611111111113,0.16417910447761194,02:48-02:59; 04:25-05:07; 06:58-07:12
A_p60_x70_w10_e2_b7_r5,A_grid,2,3.0,-1.0,45,1.5,false,10,60,7,70,2,8,5,68.0,3,149,194.0,12.0,0,1,19.883040935672515,0.5263157894736842,14.0,42.0,0,0,22.663611111111113,0.17647058823529413,02:48-03:00; 04:25-05:07; 06:58-07:12
A_p60_x70_w10_e2_b10_r3,A_grid,2,3.0,-1.0,45,1.5,false,10,60,10,70,2,8,3,67.0,3,149,194.0,11.0,0,1,19.5906432748538,0.5263157894736842,14.0,42.0,0,0,22.663611111111113,0.16417910447761194,02:48-02:59; 04:25-05:07; 06:58-07:12
A_p60_x70_w10_e2_b10_r5,A_grid,2,3.0,-1.0,45,1.5,false,10,60,10,70,2,8,5,68.0,3,149,194.0,12.0,0,1,19.883040935672515,0.5263157894736842,14.0,42.0,0,0,22.663611111111113,0.17647058823529413,02:48-03:00; 04:25-05:07; 06:58-07:12
A_p60_x70_w10_e3_b5_r3,A_grid,2,3.0,-1.0,45,1.5,false,10,60,5,70,3,8,3,68.0,3,149,194.0,12.0,0,1,19.883040935672515,0.5263157894736842,14.0,42.0,0,0,22.663611111111113,0.17647058823529413,02:48-03:00; 04:25-05:07; 06:58-07:12
A_p60_x70_w10_e3_b5_r5,A_grid,2,3.0,-1.0,45,1.5,false,10,60,5,70,3,8,5,69.0,3,149,194.0,13.0,0,1,20.175438596491226,0.5263157894736842,14.0,42.0,0,0,22.663611111111113,0.18840579710144928,02:48-03:01; 04:25-05:07; 06:58-07:12
A_p60_x70_w10_e3_b7_r3,A_grid,2,3.0,-1.0,45,1.5,false,10,60,7,70,3,8,3,68.0,3,149,194.0,12.0,0,1,19.883040935672515,0.5263157894736842,14.0,42.0,0,0,22.663611111111113,0.17647058823529413,02:48-03:00; 04:25-05:07; 06:58-07:12
A_p60_x70_w10_e3_b7_r5,A_grid,2,3.0,-1.0,45,1.5,false,10,60,7,70,3,8,5,69.0,3,149,194.0,13.0,0,1,20.175438596491226,0.5263157894736842,14.0,42.0,0,0,22.663611111111113,0.18840579710144928,02:48-03:01; 04:25-05:07; 06:58-07:12
A_p60_x70_w10_e3_b10_r3,A_grid,2,3.0,-1.0,45,1.5,false,10,60,10,70,3,8,3,68.0,3,149,194.0,12.0,0,1,19.883040935672515,0.5263157894736842,14.0,42.0,0,0,22.663611111111113,0.17647058823529413,02:48-03:00; 04:25-05:07; 06:58-07:12
A_p60_x70_w10_e3_b10_r5,A_grid,2,3.0,-1.0,45,1.5,false,10,60,10,70,3,8,5,69.0,3,149,194.0,13.0,0,1,20.175438596491226,0.5263157894736842,14.0,42.0,0,0,22.663611111111113,0.18840579710144928,02:48-03:01; 04:25-05:07; 06:58-07:12
A_p60_x70_w12_e1_b5_r3,A_grid,2,3.0,-1.0,45,1.5,false,12,60,5,70,1,8,3,64.0,3,149,197.0,9.0,0,4,18.71345029239766,0.5263157894736842,13.0,42.0,0,0,22.956008771929824,0.140625,02:49-02:58; 04:25-05:07; 06:59-07:12
A_p60_x70_w12_e1_b5_r5,A_grid,2,3.0,-1.0,45,1.5,false,12,60,5,70,1,8,5,72.0,3,149,193.0,10.0,0,0,21.052631578947366,0.5263157894736842,20.0,42.0,0,0,22.956008771929824,0.1388888888888889,02:49-02:59; 04:25-05:07; 06:52-07:12
A_p60_x70_w12_e1_b7_r3,A_grid,2,3.0,-1.0,45,1.5,false,12,60,7,70,1,8,3,64.0,3,149,197.0,9.0,0,4,18.71345029239766,0.5263157894736842,13.0,42.0,0,0,22.956008771929824,0.140625,02:49-02:58; 04:25-05:07; 06:59-07:12
A_p60_x70_w12_e1_b7_r5,A_grid,2,3.0,-1.0,45,1.5,false,12,60,7,70,1,8,5,72.0,3,149,193.0,10.0,0,0,21.052631578947366,0.5263157894736842,20.0,42.0,0,0,22.956008771929824,0.1388888888888889,02:49-02:59; 04:25-05:07; 06:52-07:12
A_p60_x70_w12_e1_b10_r3,A_grid,2,3.0,-1.0,45,1.5,false,12,60,10,70,1,8,3,55.0,2,149,206.0,0.0,0,13,16.08187134502924,0.3508771929824561,27.5,42.0,0,0,51.02618421052632,0.0,04:25-05:07; 06:59-07:12
A_p60_x70_w12_e1_b10_r5,A_grid,2,3.0,-1.0,45,1.5,false,12,60,10,70,1,8,5,72.0,3,149,193.0,10.0,0,0,21.052631578947366,0.5263157894736842,20.0,42.0,0,0,22.956008771929824,0.1388888888888889,02:49-02:59; 04:25-05:07; 06:52-07:12
A_p60_x70_w12_e2_b5_r3,A_grid,2,3.0,-1.0,45,1.5,false,12,60,5,70,2,8,3,70.0,4,149,193.0,10.0,0,0,20.46783625730994,0.7017543859649122,11.5,42.0,1,1,22.956008771929824,0.14285714285714285,02:49-02:59; 04:25-05:07; 06:52-06:57; 06:59-07:12
A_p60_x70_w12_e2_b5_r5,A_grid,2,3.0,-1.0,45,1.5,false,12,60,5,70,2,8,5,73.0,3,149,193.0,11.0,0,0,21.34502923976608,0.5263157894736842,20.0,42.0,0,0,22.956008771929824,0.1506849315068493,02:49-03:00; 04:25-05:07; 06:52-07:12
A_p60_x70_w12_e2_b7_r3,A_grid,2,3.0,-1.0,45,1.5,false,12,60,7,70,2,8,3,65.0,3,149,198.0,10.0,0,5,19.005847953216374,0.5263157894736842,13.0,42.0,0,0,22.956008771929824,0.15384615384615385,02:49-02:59; 04:25-05:07; 06:59-07:12
A_p60_x70_w12_e2_b7_r5,A_grid,2,3.0,-1.0,45,1.5,false,12,60,7,70,2,8,5,73.0,3,149,193.0,11.0,0,0,21.34502923976608,0.5263157894736842,20.0,42.0,0,0,22.956008771929824,0.1506849315068493,02:49-03:00; 04:25-05:07; 06:52-07:12
A_p60_x70_w12_e2_b10_r3,A_grid,2,3.0,-1.0,45,1.5,false,12,60,10,70,2,8,3,65.0,3,149,198.0,10.0,0,5,19.005847953216374,0.5263157894736842,13.0,42.0,0,0,22.956008771929824,0.15384615384615385,02:49-02:59; 04:25-05:07; 06:59-07:12
A_p60_x70_w12_e2_b10_r5,A_grid,2,3.0,-1.0,45,1.5,false,12,60,10,70,2,8,5,73.0,3,149,193.0,11.0,0,0,21.34502923976608,0.5263157894736842,20.0,42.0,0,0,22.956008771929824,0.1506849315068493,02:49-03:00; 04:25-05:07; 06:52-07:12
A_p60_x70_w12_e3_b5_r3,A_grid,2,3.0,-1.0,45,1.5,false,12,60,5,70,3,8,3,73.0,3,149,193.0,11.0,0,0,21.34502923976608,0.5263157894736842,20.0,42.0,0,0,22.956008771929824,0.1506849315068493,02:49-03:00; 04:25-05:07; 06:52-07:12
A_p60_x70_w12_e3_b5_r5,A_grid,2,3.0,-1.0,45,1.5,false,12,60,5,70,3,8,5,74.0,3,149,193.0,12.0,0,0,21.637426900584796,0.5263157894736842,20.0,42.0,0,0,22.956008771929824,0.16216216216216217,02:49-03:01; 04:25-05:07; 06:52-07:12
A_p60_x70_w12_e3_b7_r3,A_grid,2,3.0,-1.0,45,1.5,false,12,60,7,70,3,8,3,73.0,3,149,193.0,11.0,0,0,21.34502923976608,0.5263157894736842,20.0,42.0,0,0,22.956008771929824,0.1506849315068493,02:49-03:00; 04:25-05:07; 06:52-07:12
A_p60_x70_w12_e3_b7_r5,A_grid,2,3.0,-1.0,45,1.5,false,12,60,7,70,3,8,5,74.0,3,149,193.0,12.0,0,0,21.637426900584796,0.5263157894736842,20.0,42.0,0,0,22.956008771929824,0.16216216216216217,02:49-03:01; 04:25-05:07; 06:52-07:12
A_p60_x70_w12_e3_b10_r3,A_grid,2,3.0,-1.0,45,1.5,false,12,60,10,70,3,8,3,73.0,3,149,193.0,11.0,0,0,21.34502923976608,0.5263157894736842,20.0,42.0,0,0,22.956008771929824,0.1506849315068493,02:49-03:00; 04:25-05:07; 06:52-07:12
A_p60_x70_w12_e3_b10_r5,A_grid,2,3.0,-1.0,45,1.5,false,12,60,10,70,3,8,5,74.0,3,149,193.0,12.0,0,0,21.637426900584796,0.5263157894736842,20.0,42.0,0,0,22.956008771929824,0.16216216216216217,02:49-03:01; 04:25-05:07; 06:52-07:12
A_p60_x70_w15_e1_b5_r3,A_grid,2,3.0,-1.0,45,1.5,false,15,60,5,70,1,8,3,56.0,3,149,193.0,7.0,0,0,16.374269005847953,0.5263157894736842,10.0,39.0,0,0,23.540804093567253,0.125,02:51-02:58; 04:28-05:07; 07:02-07:12
A_p60_x70_w15_e1_b5_r5,A_grid,2,3.0,-1.0,45,1.5,false,15,60,5,70,1,8,5,57.0,3,149,193.0,8.0,0,0,16.666666666666664,0.5263157894736842,10.0,39.0,0,0,23.540804093567253,0.14035087719298245,02:51-02:59; 04:28-05:07; 07:02-07:12
A_p60_x70_w15_e1_b7_r3,A_grid,2,3.0,-1.0,45,1.5,false,15,60,7,70,1,8,3,56.0,3,149,193.0,7.0,0,0,16.374269005847953,0.5263157894736842,10.0,39.0,0,0,23.540804093567253,0.125,02:51-02:58; 04:28-05:07; 07:02-07:12
A_p60_x70_w15_e1_b7_r5,A_grid,2,3.0,-1.0,45,1.5,false,15,60,7,70,1,8,5,57.0,3,149,193.0,8.0,0,0,16.666666666666664,0.5263157894736842,10.0,39.0,0,0,23.540804093567253,0.14035087719298245,02:51-02:59; 04:28-05:07; 07:02-07:12
A_p60_x70_w15_e1_b10_r3,A_grid,2,3.0,-1.0,45,1.5,false,15,60,10,70,1,8,3,49.0,2,149,200.0,0.0,0,7,14.327485380116958,0.3508771929824561,24.5,39.0,0,0,51.90337719298246,0.0,04:28-05:07; 07:02-07:12
A_p60_x70_w15_e1_b10_r5,A_grid,2,3.0,-1.0,45,1.5,false,15,60,10,70,1,8,5,49.0,2,149,201.0,0.0,0,8,14.327485380116958,0.3508771929824561,24.5,39.0,0,0,51.90337719298246,0.0,04:28-05:07; 07:02-07:12
A_p60_x70_w15_e2_b5_r3,A_grid,2,3.0,-1.0,45,1.5,false,15,60,5,70,2,8,3,57.0,3,149,193.0,8.0,0,0,16.666666666666664,0.5263157894736842,10.0,39.0,0,0,23.540804093567253,0.14035087719298245,02:51-02:59; 04:28-05:07; 07:02-07:12
A_p60_x70_w15_e2_b5_r5,A_grid,2,3.0,-1.0,45,1.5,false,15,60,5,70,2,8,5,58.0,3,149,193.0,9.0,0,0,16.95906432748538,0.5263157894736842,10.0,39.0,0,0,23.540804093567253,0.15517241379310345,02:51-03:00; 04:28-05:07; 07:02-07:12
A_p60_x70_w15_e2_b7_r3,A_grid,2,3.0,-1.0,45,1.5,false,15,60,7,70,2,8,3,57.0,3,149,193.0,8.0,0,0,16.666666666666664,0.5263157894736842,10.0,39.0,0,0,23.540804093567253,0.14035087719298245,02:51-02:59; 04:28-05:07; 07:02-07:12
A_p60_x70_w15_e2_b7_r5,A_grid,2,3.0,-1.0,45,1.5,false,15,60,7,70,2,8,5,58.0,3,149,193.0,9.0,0,0,16.95906432748538,0.5263157894736842,10.0,39.0,0,0,23.540804093567253,0.15517241379310345,02:51-03:00; 04:28-05:07; 07:02-07:12
A_p60_x70_w15_e2_b10_r3,A_grid,2,3.0,-1.0,45,1.5,false,15,60,10,70,2,8,3,49.0,2,149,201.0,0.0,0,8,14.327485380116958,0.3508771929824561,24.5,39.0,0,0,51.90337719298246,0.0,04:28-05:07; 07:02-07:12
A_p60_x70_w15_e2_b10_r5,A_grid,2,3.0,-1.0,45,1.5,false,15,60,10,70,2,8,5,49.0,2,149,202.0,0.0,0,9,14.327485380116958,0.3508771929824561,24.5,39.0,0,0,51.90337719298246,0.0,04:28-05:07; 07:02-07:12
A_p60_x70_w15_e3_b5_r3,A_grid,2,3.0,-1.0,45,1.5,false,15,60,5,70,3,8,3,58.0,3,149,193.0,9.0,0,0,16.95906432748538,0.5263157894736842,10.0,39.0,0,0,23.540804093567253,0.15517241379310345,02:51-03:00; 04:28-05:07; 07:02-07:12
A_p60_x70_w15_e3_b5_r5,A_grid,2,3.0,-1.0,45,1.5,false,15,60,5,70,3,8,5,59.0,3,149,193.0,10.0,0,0,17.251461988304094,0.5263157894736842,10.0,39.0,0,0,23.540804093567253,0.1694915254237288,02:51-03:01; 04:28-05:07; 07:02-07:12
A_p60_x70_w15_e3_b7_r3,A_grid,2,3.0,-1.0,45,1.5,false,15,60,7,70,3,8,3,58.0,3,149,193.0,9.0,0,0,16.95906432748538,0.5263157894736842,10.0,39.0,0,0,23.540804093567253,0.15517241379310345,02:51-03:00; 04:28-05:07; 07:02-07:12
A_p60_x70_w15_e3_b7_r5,A_grid,2,3.0,-1.0,45,1.5,false,15,60,7,70,3,8,5,59.0,3,149,193.0,10.0,0,0,17.251461988304094,0.5263157894736842,10.0,39.0,0,0,23.540804093567253,0.1694915254237288,02:51-03:01; 04:28-05:07; 07:02-07:12
A_p60_x70_w15_e3_b10_r3,A_grid,2,3.0,-1.0,45,1.5,false,15,60,10,70,3,8,3,49.0,2,149,202.0,0.0,0,9,14.327485380116958,0.3508771929824561,24.5,39.0,0,0,51.90337719298246,0.0,04:28-05:07; 07:02-07:12
A_p60_x75_w10_e1_b5_r3,A_grid,2,3.0,-1.0,45,1.5,false,10,60,5,75,1,8,3,83.0,3,149,193.0,27.0,0,0,24.269005847953213,0.5263157894736842,27.0,42.0,0,0,22.663611111111113,0.3253012048192771,02:48-03:15; 04:25-05:07; 06:58-07:12
A_p60_x75_w10_e1_b5_r5,A_grid,2,3.0,-1.0,45,1.5,false,10,60,5,75,1,8,5,83.0,3,149,193.0,27.0,0,0,24.269005847953213,0.5263157894736842,27.0,42.0,0,0,22.663611111111113,0.3253012048192771,02:48-03:15; 04:25-05:07; 06:58-07:12
A_p60_x75_w10_e1_b7_r3,A_grid,2,3.0,-1.0,45,1.5,false,10,60,7,75,1,8,3,83.0,3,149,193.0,27.0,0,0,24.269005847953213,0.5263157894736842,27.0,42.0,0,0,22.663611111111113,0.3253012048192771,02:48-03:15; 04:25-05:07; 06:58-07:12
A_p60_x75_w10_e1_b7_r5,A_grid,2,3.0,-1.0,45,1.5,false,10,60,7,75,1,8,5,83.0,3,149,193.0,27.0,0,0,24.269005847953213,0.5263157894736842,27.0,42.0,0,0,22.663611111111113,0.3253012048192771,02:48-03:15; 04:25-05:07; 06:58-07:12
A_p60_x75_w10_e1_b10_r3,A_grid,2,3.0,-1.0,45,1.5,false,10,60,10,75,1,8,3,83.0,3,149,193.0,27.0,0,0,24.269005847953213,0.5263157894736842,27.0,42.0,0,0,22.663611111111113,0.3253012048192771,02:48-03:15; 04:25-05:07; 06:58-07:12
A_p60_x75_w10_e1_b10_r5,A_grid,2,3.0,-1.0,45,1.5,false,10,60,10,75,1,8,5,83.0,3,149,193.0,27.0,0,0,24.269005847953213,0.5263157894736842,27.0,42.0,0,0,22.663611111111113,0.3253012048192771,02:48-03:15; 04:25-05:07; 06:58-07:12
A_p60_x75_w10_e2_b5_r3,A_grid,2,3.0,-1.0,45,1.5,false,10,60,5,75,2,8,3,83.0,3,149,193.0,27.0,0,0,24.269005847953213,0.5263157894736842,27.0,42.0,0,0,22.663611111111113,0.3253012048192771,02:48-03:15; 04:25-05:07; 06:58-07:12
A_p60_x75_w10_e2_b5_r5,A_grid,2,3.0,-1.0,45,1.5,false,10,60,5,75,2,8,5,83.0,3,149,193.0,27.0,0,0,24.269005847953213,0.5263157894736842,27.0,42.0,0,0,22.663611111111113,0.3253012048192771,02:48-03:15; 04:25-05:07; 06:58-07:12
A_p60_x75_w10_e2_b7_r3,A_grid,2,3.0,-1.0,45,1.5,false,10,60,7,75,2,8,3,83.0,3,149,193.0,27.0,0,0,24.269005847953213,0.5263157894736842,27.0,42.0,0,0,22.663611111111113,0.3253012048192771,02:48-03:15; 04:25-05:07; 06:58-07:12
A_p60_x75_w10_e2_b7_r5,A_grid,2,3.0,-1.0,45,1.5,false,10,60,7,75,2,8,5,83.0,3,149,193.0,27.0,0,0,24.269005847953213,0.5263157894736842,27.0,42.0,0,0,22.663611111111113,0.3253012048192771,02:48-03:15; 04:25-05:07; 06:58-07:12
A_p60_x75_w10_e2_b10_r3,A_grid,2,3.0,-1.0,45,1.5,false,10,60,10,75,2,8,3,83.0,3,149,193.0,27.0,0,0,24.269005847953213,0.5263157894736842,27.0,42.0,0,0,22.663611111111113,0.3253012048192771,02:48-03:15; 04:25-05:07; 06:58-07:12
A_p60_x75_w10_e2_b10_r5,A_grid,2,3.0,-1.0,45,1.5,false,10,60,10,75,2,8,5,83.0,3,149,193.0,27.0,0,0,24.269005847953213,0.5263157894736842,27.0,42.0,0,0,22.663611111111113,0.3253012048192771,02:48-03:15; 04:25-05:07; 06:58-07:12
A_p60_x75_w10_e3_b5_r3,A_grid,2,3.0,-1.0,45,1.5,false,10,60,5,75,3,8,3,83.0,3,149,193.0,27.0,0,0,24.269005847953213,0.5263157894736842,27.0,42.0,0,0,22.663611111111113,0.3253012048192771,02:48-03:15; 04:25-05:07; 06:58-07:12
A_p60_x75_w10_e3_b5_r5,A_grid,2,3.0,-1.0,45,1.5,false,10,60,5,75,3,8,5,83.0,3,149,193.0,27.0,0,0,24.269005847953213,0.5263157894736842,27.0,42.0,0,0,22.663611111111113,0.3253012048192771,02:48-03:15; 04:25-05:07; 06:58-07:12
A_p60_x75_w10_e3_b7_r3,A_grid,2,3.0,-1.0,45,1.5,false,10,60,7,75,3,8,3,83.0,3,149,193.0,27.0,0,0,24.269005847953213,0.5263157894736842,27.0,42.0,0,0,22.663611111111113,0.3253012048192771,02:48-03:15; 04:25-05:07; 06:58-07:12
A_p60_x75_w10_e3_b7_r5,A_grid,2,3.0,-1.0,45,1.5,false,10,60,7,75,3,8,5,83.0,3,149,193.0,27.0,0,0,24.269005847953213,0.5263157894736842,27.0,42.0,0,0,22.663611111111113,0.3253012048192771,02:48-03:15; 04:25-05:07; 06:58-07:12
A_p60_x75_w10_e3_b10_r3,A_grid,2,3.0,-1.0,45,1.5,false,10,60,10,75,3,8,3,83.0,3,149,193.0,27.0,0,0,24.269005847953213,0.5263157894736842,27.0,42.0,0,0,22.663611111111113,0.3253012048192771,02:48-03:15; 04:25-05:07; 06:58-07:12
A_p60_x75_w10_e3_b10_r5,A_grid,2,3.0,-1.0,45,1.5,false,10,60,10,75,3,8,5,83.0,3,149,193.0,27.0,0,0,24.269005847953213,0.5263157894736842,27.0,42.0,0,0,22.663611111111113,0.3253012048192771,02:48-03:15; 04:25-05:07; 06:58-07:12
A_p60_x75_w12_e1_b5_r3,A_grid,2,3.0,-1.0,45,1.5,false,12,60,5,75,1,8,3,81.0,3,149,197.0,26.0,0,4,23.684210526315788,0.5263157894736842,26.0,42.0,0,0,22.956008771929824,0.32098765432098764,02:49-03:15; 04:25-05:07; 06:59-07:12
A_p60_x75_w12_e1_b5_r5,A_grid,2,3.0,-1.0,45,1.5,false,12,60,5,75,1,8,5,88.0,3,149,193.0,26.0,0,0,25.730994152046783,0.5263157894736842,26.0,42.0,0,0,22.956008771929824,0.29545454545454547,02:49-03:15; 04:25-05:07; 06:52-07:12
A_p60_x75_w12_e1_b7_r3,A_grid,2,3.0,-1.0,45,1.5,false,12,60,7,75,1,8,3,81.0,3,149,197.0,26.0,0,4,23.684210526315788,0.5263157894736842,26.0,42.0,0,0,22.956008771929824,0.32098765432098764,02:49-03:15; 04:25-05:07; 06:59-07:12
A_p60_x75_w12_e1_b7_r5,A_grid,2,3.0,-1.0,45,1.5,false,12,60,7,75,1,8,5,88.0,3,149,193.0,26.0,0,0,25.730994152046783,0.5263157894736842,26.0,42.0,0,0,22.956008771929824,0.29545454545454547,02:49-03:15; 04:25-05:07; 06:52-07:12
A_p60_x75_w12_e1_b10_r3,A_grid,2,3.0,-1.0,45,1.5,false,12,60,10,75,1,8,3,81.0,3,149,197.0,26.0,0,4,23.684210526315788,0.5263157894736842,26.0,42.0,0,0,22.956008771929824,0.32098765432098764,02:49-03:15; 04:25-05:07; 06:59-07:12
A_p60_x75_w12_e1_b10_r5,A_grid,2,3.0,-1.0,45,1.5,false,12,60,10,75,1,8,5,88.0,3,149,193.0,26.0,0,0,25.730994152046783,0.5263157894736842,26.0,42.0,0,0,22.956008771929824,0.29545454545454547,02:49-03:15; 04:25-05:07; 06:52-07:12
A_p60_x75_w12_e2_b5_r3,A_grid,2,3.0,-1.0,45,1.5,false,12,60,5,75,2,8,3,86.0,4,149,193.0,26.0,0,0,25.146198830409354,0.7017543859649122,19.5,42.0,1,1,22.956008771929824,0.3023255813953488,02:49-03:15; 04:25-05:07; 06:52-06:57; 06:59-07:12
A_p60_x75_w12_e2_b5_r5,A_grid,2,3.0,-1.0,45,1.5,false,12,60,5,75,2,8,5,88.0,3,149,193.0,26.0,0,0,25.730994152046783,0.5263157894736842,26.0,42.0,0,0,22.956008771929824,0.29545454545454547,02:49-03:15; 04:25-05:07; 06:52-07:12
A_p60_x75_w12_e2_b7_r3,A_grid,2,3.0,-1.0,45,1.5,false,12,60,7,75,2,8,3,81.0,3,149,198.0,26.0,0,5,23.684210526315788,0.5263157894736842,26.0,42.0,0,0,22.956008771929824,0.32098765432098764,02:49-03:15; 04:25-05:07; 06:59-07:12
A_p60_x75_w12_e2_b7_r5,A_grid,2,3.0,-1.0,45,1.5,false,12,60,7,75,2,8,5,88.0,3,149,193.0,26.0,0,0,25.730994152046783,0.5263157894736842,26.0,42.0,0,0,22.956008771929824,0.29545454545454547,02:49-03:15; 04:25-05:07; 06:52-07:12
A_p60_x75_w12_e2_b10_r3,A_grid,2,3.0,-1.0,45,1.5,false,12,60,10,75,2,8,3,81.0,3,149,198.0,26.0,0,5,23.684210526315788,0.5263157894736842,26.0,42.0,0,0,22.956008771929824,0.32098765432098764,02:49-03:15; 04:25-05:07; 06:59-07:12
A_p60_x75_w12_e2_b10_r5,A_grid,2,3.0,-1.0,45,1.5,false,12,60,10,75,2,8,5,88.0,3,149,193.0,26.0,0,0,25.730994152046783,0.5263157894736842,26.0,42.0,0,0,22.956008771929824,0.29545454545454547,02:49-03:15; 04:25-05:07; 06:52-07:12
A_p60_x75_w12_e3_b5_r3,A_grid,2,3.0,-1.0,45,1.5,false,12,60,5,75,3,8,3,88.0,3,149,193.0,26.0,0,0,25.730994152046783,0.5263157894736842,26.0,42.0,0,0,22.956008771929824,0.29545454545454547,02:49-03:15; 04:25-05:07; 06:52-07:12
A_p60_x75_w12_e3_b5_r5,A_grid,2,3.0,-1.0,45,1.5,false,12,60,5,75,3,8,5,88.0,3,149,193.0,26.0,0,0,25.730994152046783,0.5263157894736842,26.0,42.0,0,0,22.956008771929824,0.29545454545454547,02:49-03:15; 04:25-05:07; 06:52-07:12
A_p60_x75_w12_e3_b7_r3,A_grid,2,3.0,-1.0,45,1.5,false,12,60,7,75,3,8,3,88.0,3,149,193.0,26.0,0,0,25.730994152046783,0.5263157894736842,26.0,42.0,0,0,22.956008771929824,0.29545454545454547,02:49-03:15; 04:25-05:07; 06:52-07:12
A_p60_x75_w12_e3_b7_r5,A_grid,2,3.0,-1.0,45,1.5,false,12,60,7,75,3,8,5,88.0,3,149,193.0,26.0,0,0,25.730994152046783,0.5263157894736842,26.0,42.0,0,0,22.956008771929824,0.29545454545454547,02:49-03:15; 04:25-05:07; 06:52-07:12
A_p60_x75_w12_e3_b10_r3,A_grid,2,3.0,-1.0,45,1.5,false,12,60,10,75,3,8,3,88.0,3,149,193.0,26.0,0,0,25.730994152046783,0.5263157894736842,26.0,42.0,0,0,22.956008771929824,0.29545454545454547,02:49-03:15; 04:25-05:07; 06:52-07:12
A_p60_x75_w12_e3_b10_r5,A_grid,2,3.0,-1.0,45,1.5,false,12,60,10,75,3,8,5,88.0,3,149,193.0,26.0,0,0,25.730994152046783,0.5263157894736842,26.0,42.0,0,0,22.956008771929824,0.29545454545454547,02:49-03:15; 04:25-05:07; 06:52-07:12
A_p60_x75_w15_e1_b5_r3,A_grid,2,3.0,-1.0,45,1.5,false,15,60,5,75,1,8,3,73.0,3,149,193.0,24.0,0,0,21.34502923976608,0.5263157894736842,24.0,39.0,0,0,23.540804093567253,0.3287671232876712,02:51-03:15; 04:28-05:07; 07:02-07:12
A_p60_x75_w15_e1_b5_r5,A_grid,2,3.0,-1.0,45,1.5,false,15,60,5,75,1,8,5,73.0,3,149,193.0,24.0,0,0,21.34502923976608,0.5263157894736842,24.0,39.0,0,0,23.540804093567253,0.3287671232876712,02:51-03:15; 04:28-05:07; 07:02-07:12
A_p60_x75_w15_e1_b7_r3,A_grid,2,3.0,-1.0,45,1.5,false,15,60,7,75,1,8,3,73.0,3,149,193.0,24.0,0,0,21.34502923976608,0.5263157894736842,24.0,39.0,0,0,23.540804093567253,0.3287671232876712,02:51-03:15; 04:28-05:07; 07:02-07:12
A_p60_x75_w15_e1_b7_r5,A_grid,2,3.0,-1.0,45,1.5,false,15,60,7,75,1,8,5,73.0,3,149,193.0,24.0,0,0,21.34502923976608,0.5263157894736842,24.0,39.0,0,0,23.540804093567253,0.3287671232876712,02:51-03:15; 04:28-05:07; 07:02-07:12
A_p60_x75_w15_e1_b10_r3,A_grid,2,3.0,-1.0,45,1.5,false,15,60,10,75,1,8,3,73.0,3,149,193.0,24.0,0,0,21.34502923976608,0.5263157894736842,24.0,39.0,0,0,23.540804093567253,0.3287671232876712,02:51-03:15; 04:28-05:07; 07:02-07:12
A_p60_x75_w15_e1_b10_r5,A_grid,2,3.0,-1.0,45,1.5,false,15,60,10,75,1,8,5,73.0,3,149,193.0,24.0,0,0,21.34502923976608,0.5263157894736842,24.0,39.0,0,0,23.540804093567253,0.3287671232876712,02:51-03:15; 04:28-05:07; 07:02-07:12
A_p60_x75_w15_e2_b5_r3,A_grid,2,3.0,-1.0,45,1.5,false,15,60,5,75,2,8,3,73.0,3,149,193.0,24.0,0,0,21.34502923976608,0.5263157894736842,24.0,39.0,0,0,23.540804093567253,0.3287671232876712,02:51-03:15; 04:28-05:07; 07:02-07:12
A_p60_x75_w15_e2_b5_r5,A_grid,2,3.0,-1.0,45,1.5,false,15,60,5,75,2,8,5,73.0,3,149,193.0,24.0,0,0,21.34502923976608,0.5263157894736842,24.0,39.0,0,0,23.540804093567253,0.3287671232876712,02:51-03:15; 04:28-05:07; 07:02-07:12
A_p60_x75_w15_e2_b7_r3,A_grid,2,3.0,-1.0,45,1.5,false,15,60,7,75,2,8,3,73.0,3,149,193.0,24.0,0,0,21.34502923976608,0.5263157894736842,24.0,39.0,0,0,23.540804093567253,0.3287671232876712,02:51-03:15; 04:28-05:07; 07:02-07:12
A_p60_x75_w15_e2_b7_r5,A_grid,2,3.0,-1.0,45,1.5,false,15,60,7,75,2,8,5,73.0,3,149,193.0,24.0,0,0,21.34502923976608,0.5263157894736842,24.0,39.0,0,0,23.540804093567253,0.3287671232876712,02:51-03:15; 04:28-05:07; 07:02-07:12
A_p60_x75_w15_e2_b10_r3,A_grid,2,3.0,-1.0,45,1.5,false,15,60,10,75,2,8,3,73.0,3,149,193.0,24.0,0,0,21.34502923976608,0.5263157894736842,24.0,39.0,0,0,23.540804093567253,0.3287671232876712,02:51-03:15; 04:28-05:07; 07:02-07:12
A_p60_x75_w15_e2_b10_r5,A_grid,2,3.0,-1.0,45,1.5,false,15,60,10,75,2,8,5,73.0,3,149,193.0,24.0,0,0,21.34502923976608,0.5263157894736842,24.0,39.0,0,0,23.540804093567253,0.3287671232876712,02:51-03:15; 04:28-05:07; 07:02-07:12
A_p60_x75_w15_e3_b5_r3,A_grid,2,3.0,-1.0,45,1.5,false,15,60,5,75,3,8,3,73.0,3,149,193.0,24.0,0,0,21.34502923976608,0.5263157894736842,24.0,39.0,0,0,23.540804093567253,0.3287671232876712,02:51-03:15; 04:28-05:07; 07:02-07:12
A_p60_x75_w15_e3_b5_r5,A_grid,2,3.0,-1.0,45,1.5,false,15,60,5,75,3,8,5,73.0,3,149,193.0,24.0,0,0,21.34502923976608,0.5263157894736842,24.0,39.0,0,0,23.540804093567253,0.3287671232876712,02:51-03:15; 04:28-05:07; 07:02-07:12
A_p60_x75_w15_e3_b7_r3,A_grid,2,3.0,-1.0,45,1.5,false,15,60,7,75,3,8,3,73.0,3,149,193.0,24.0,0,0,21.34502923976608,0.5263157894736842,24.0,39.0,0,0,23.540804093567253,0.3287671232876712,02:51-03:15; 04:28-05:07; 07:02-07:12
A_p60_x75_w15_e3_b7_r5,A_grid,2,3.0,-1.0,45,1.5,false,15,60,7,75,3,8,5,73.0,3,149,193.0,24.0,0,0,21.34502923976608,0.5263157894736842,24.0,39.0,0,0,23.540804093567253,0.3287671232876712,02:51-03:15; 04:28-05:07; 07:02-07:12
A_p60_x75_w15_e3_b10_r3,A_grid,2,3.0,-1.0,45,1.5,false,15,60,10,75,3,8,3,73.0,3,149,193.0,24.0,0,0,21.34502923976608,0.5263157894736842,24.0,39.0,0,0,23.540804093567253,0.3287671232876712,02:51-03:15; 04:28-05:07; 07:02-07:12
A_p60_x75_w15_e3_b10_r5,A_grid,2,3.0,-1.0,45,1.5,false,15,60,10,75,3,8,5,73.0,3,149,193.0,24.0,0,0,21.34502923976608,0.5263157894736842,24.0,39.0,0,0,23.540804093567253,0.3287671232876712,02:51-03:15; 04:28-05:07; 07:02-07:12
A_p65_x70_w10_e1_b5_r3,A_grid,2,3.0,-1.0,45,1.5,false,10,65,5,70,1,8,3,69.0,3,149,197.0,12.0,0,4,20.175438596491226,0.5263157894736842,15.0,42.0,0,0,22.078815789473687,0.17391304347826086,02:46-02:58; 04:25-05:07; 06:57-07:12
A_p65_x70_w10_e1_b5_r5,A_grid,2,3.0,-1.0,45,1.5,false,10,65,5,70,1,8,5,75.0,4,149,193.0,18.0,0,0,21.929824561403507,0.7017543859649122,14.0,42.0,1,0,22.078815789473687,0.24,02:46-02:59; 03:10-03:15; 04:25-05:07; 06:57-07:12
A_p65_x70_w10_e1_b7_r3,A_grid,2,3.0,-1.0,45,1.5,false,10,65,7,70,1,8,3,69.0,3,149,197.0,12.0,0,4,20.175438596491226,0.5263157894736842,15.0,42.0,0,0,22.078815789473687,0.17391304347826086,02:46-02:58; 04:25-05:07; 06:57-07:12
A_p65_x70_w10_e1_b7_r5,A_grid,2,3.0,-1.0,45,1.5,false,10,65,7,70,1,8,5,70.0,3,149,198.0,13.0,0,5,20.46783625730994,0.5263157894736842,15.0,42.0,0,0,22.078815789473687,0.18571428571428572,02:46-02:59; 04:25-05:07; 06:57-07:12
A_p65_x70_w10_e1_b10_r3,A_grid,2,3.0,-1.0,45,1.5,false,10,65,10,70,1,8,3,69.0,3,149,197.0,12.0,0,4,20.175438596491226,0.5263157894736842,15.0,42.0,0,0,22.078815789473687,0.17391304347826086,02:46-02:58; 04:25-05:07; 06:57-07:12
A_p65_x70_w10_e1_b10_r5,A_grid,2,3.0,-1.0,45,1.5,false,10,65,10,70,1,8,5,70.0,3,149,198.0,13.0,0,5,20.46783625730994,0.5263157894736842,15.0,42.0,0,0,22.078815789473687,0.18571428571428572,02:46-02:59; 04:25-05:07; 06:57-07:12
A_p65_x70_w10_e2_b5_r3,A_grid,2,3.0,-1.0,45,1.5,false,10,65,5,70,2,8,3,75.0,4,149,193.0,18.0,0,0,21.929824561403507,0.7017543859649122,14.0,42.0,1,0,22.078815789473687,0.24,02:46-02:59; 03:10-03:15; 04:25-05:07; 06:57-07:12
A_p65_x70_w10_e2_b5_r5,A_grid,2,3.0,-1.0,45,1.5,false,10,65,5,70,2,8,5,76.0,4,149,193.0,19.0,0,0,22.22222222222222,0.7017543859649122,14.5,42.0,1,0,22.078815789473687,0.25,02:46-03:00; 03:10-03:15; 04:25-05:07; 06:57-07:12
A_p65_x70_w10_e2_b7_r3,A_grid,2,3.0,-1.0,45,1.5,false,10,65,7,70,2,8,3,70.0,3,149,198.0,13.0,0,5,20.46783625730994,0.5263157894736842,15.0,42.0,0,0,22.078815789473687,0.18571428571428572,02:46-02:59; 04:25-05:07; 06:57-07:12
A_p65_x70_w10_e2_b7_r5,A_grid,2,3.0,-1.0,45,1.5,false,10,65,7,70,2,8,5,71.0,3,149,198.0,14.0,0,5,20.760233918128655,0.5263157894736842,15.0,42.0,0,0,22.078815789473687,0.19718309859154928,02:46-03:00; 04:25-05:07; 06:57-07:12
A_p65_x70_w10_e2_b10_r3,A_grid,2,3.0,-1.0,45,1.5,false,10,65,10,70,2,8,3,70.0,3,149,198.0,13.0,0,5,20.46783625730994,0.5263157894736842,15.0,42.0,0,0,22.078815789473687,0.18571428571428572,02:46-02:59; 04:25-05:07; 06:57-07:12
A_p65_x70_w10_e2_b10_r5,A_grid,2,3.0,-1.0,45,1.5,false,10,65,10,70,2,8,5,71.0,3,149,198.0,14.0,0,5,20.760233918128655,0.5263157894736842,15.0,42.0,0,0,22.078815789473687,0.19718309859154928,02:46-03:00; 04:25-05:07; 06:57-07:12
A_p65_x70_w10_e3_b5_r3,A_grid,2,3.0,-1.0,45,1.5,false,10,65,5,70,3,8,3,76.0,4,149,193.0,19.0,0,0,22.22222222222222,0.7017543859649122,14.5,42.0,1,0,22.078815789473687,0.25,02:46-03:00; 03:10-03:15; 04:25-05:07; 06:57-07:12
A_p65_x70_w10_e3_b5_r5,A_grid,2,3.0,-1.0,45,1.5,false,10,65,5,70,3,8,5,77.0,4,149,193.0,20.0,0,0,22.514619883040936,0.7017543859649122,15.0,42.0,1,0,22.078815789473687,0.2597402597402597,02:46-03:01; 03:10-03:15; 04:25-05:07; 06:57-07:12
A_p65_x70_w10_e3_b7_r3,A_grid,2,3.0,-1.0,45,1.5,false,10,65,7,70,3,8,3,71.0,3,149,198.0,14.0,0,5,20.760233918128655,0.5263157894736842,15.0,42.0,0,0,22.078815789473687,0.19718309859154928,02:46-03:00; 04:25-05:07; 06:57-07:12
A_p65_x70_w10_e3_b7_r5,A_grid,2,3.0,-1.0,45,1.5,false,10,65,7,70,3,8,5,72.0,3,149,198.0,15.0,0,5,21.052631578947366,0.5263157894736842,15.0,42.0,0,0,22.078815789473687,0.20833333333333334,02:46-03:01; 04:25-05:07; 06:57-07:12
A_p65_x70_w10_e3_b10_r3,A_grid,2,3.0,-1.0,45,1.5,false,10,65,10,70,3,8,3,71.0,3,149,198.0,14.0,0,5,20.760233918128655,0.5263157894736842,15.0,42.0,0,0,22.078815789473687,0.19718309859154928,02:46-03:00; 04:25-05:07; 06:57-07:12
A_p65_x70_w12_e1_b5_r3,A_grid,2,3.0,-1.0,45,1.5,false,12,65,5,70,1,8,3,67.0,3,149,200.0,11.0,0,7,19.5906432748538,0.5263157894736842,14.0,42.0,0,0,22.371213450292398,0.16417910447761194,02:47-02:58; 04:25-05:07; 06:58-07:12
A_p65_x70_w12_e1_b5_r5,A_grid,2,3.0,-1.0,45,1.5,false,12,65,5,70,1,8,5,74.0,3,149,196.0,12.0,0,3,21.637426900584796,0.5263157894736842,20.0,42.0,0,0,22.371213450292398,0.16216216216216217,02:47-02:59; 04:25-05:07; 06:52-07:12
A_p65_x70_w12_e1_b7_r3,A_grid,2,3.0,-1.0,45,1.5,false,12,65,7,70,1,8,3,67.0,3,149,200.0,11.0,0,7,19.5906432748538,0.5263157894736842,14.0,42.0,0,0,22.371213450292398,0.16417910447761194,02:47-02:58; 04:25-05:07; 06:58-07:12
A_p65_x70_w12_e1_b7_r5,A_grid,2,3.0,-1.0,45,1.5,false,12,65,7,70,1,8,5,74.0,3,149,196.0,12.0,0,3,21.637426900584796,0.5263157894736842,20.0,42.0,0,0,22.371213450292398,0.16216216216216217,02:47-02:59; 04:25-05:07; 06:52-07:12
A_p65_x70_w12_e1_b10_r3,A_grid,2,3.0,-1.0,45,1.5,false,12,65,10,70,1,8,3,67.0,3,149,200.0,11.0,0,7,19.5906432748538,0.5263157894736842,14.0,42.0,0,0,22.371213450292398,0.16417910447761194,02:47-02:58; 04:25-05:07; 06:58-07:12
A_p65_x70_w12_e1_b10_r5,A_grid,2,3.0,-1.0,45,1.5,false,12,65,10,70,1,8,5,74.0,3,149,196.0,12.0,0,3,21.637426900584796,0.5263157894736842,20.0,42.0,0,0,22.371213450292398,0.16216216216216217,02:47-02:59; 04:25-05:07; 06:52-07:12
A_p65_x70_w12_e2_b5_r3,A_grid,2,3.0,-1.0,45,1.5,false,12,65,5,70,2,8,3,73.0,4,149,196.0,12.0,0,3,21.34502923976608,0.7017543859649122,13.0,42.0,1,1,22.371213450292398,0.1643835616438356,02:47-02:59; 04:25-05:07; 06:52-06:57; 06:58-07:12
A_p65_x70_w12_e2_b5_r5,A_grid,2,3.0,-1.0,45,1.5,false,12,65,5,70,2,8,5,75.0,3,149,196.0,13.0,0,3,21.929824561403507,0.5263157894736842,20.0,42.0,0,0,22.371213450292398,0.17333333333333334,02:47-03:00; 04:25-05:07; 06:52-07:12
A_p65_x70_w12_e2_b7_r3,A_grid,2,3.0,-1.0,45,1.5,false,12,65,7,70,2,8,3,68.0,3,149,201.0,12.0,0,8,19.883040935672515,0.5263157894736842,14.0,42.0,0,0,22.371213450292398,0.17647058823529413,02:47-02:59; 04:25-05:07; 06:58-07:12
A_p65_x70_w12_e2_b7_r5,A_grid,2,3.0,-1.0,45,1.5,false,12,65,7,70,2,8,5,75.0,3,149,196.0,13.0,0,3,21.929824561403507,0.5263157894736842,20.0,42.0,0,0,22.371213450292398,0.17333333333333334,02:47-03:00; 04:25-05:07; 06:52-07:12
A_p65_x70_w12_e2_b10_r3,A_grid,2,3.0,-1.0,45,1.5,false,12,65,10,70,2,8,3,68.0,3,149,201.0,12.0,0,8,19.883040935672515,0.5263157894736842,14.0,42.0,0,0,22.371213450292398,0.17647058823529413,02:47-02:59; 04:25-05:07; 06:58-07:12
A_p65_x70_w12_e2_b10_r5,A_grid,2,3.0,-1.0,45,1.5,false,12,65,10,70,2,8,5,75.0,3,149,196.0,13.0,0,3,21.929824561403507,0.5263157894736842,20.0,42.0,0,0,22.371213450292398,0.17333333333333334,02:47-03:00; 04:25-05:07; 06:52-07:12
A_p65_x70_w12_e3_b5_r3,A_grid,2,3.0,-1.0,45,1.5,false,12,65,5,70,3,8,3,75.0,3,149,196.0,13.0,0,3,21.929824561403507,0.5263157894736842,20.0,42.0,0,0,22.371213450292398,0.17333333333333334,02:47-03:00; 04:25-05:07; 06:52-07:12
A_p65_x70_w12_e3_b5_r5,A_grid,2,3.0,-1.0,45,1.5,false,12,65,5,70,3,8,5,76.0,3,149,196.0,14.0,0,3,22.22222222222222,0.5263157894736842,20.0,42.0,0,0,22.371213450292398,0.18421052631578946,02:47-03:01; 04:25-05:07; 06:52-07:12
A_p65_x70_w12_e3_b7_r3,A_grid,2,3.0,-1.0,45,1.5,false,12,65,7,70,3,8,3,75.0,3,149,196.0,13.0,0,3,21.929824561403507,0.5263157894736842,20.0,42.0,0,0,22.371213450292398,0.17333333333333334,02:47-03:00; 04:25-05:07; 06:52-07:12
A_p65_x70_w12_e3_b7_r5,A_grid,2,3.0,-1.0,45,1.5,false,12,65,7,70,3,8,5,76.0,3,149,196.0,14.0,0,3,22.22222222222222,0.5263157894736842,20.0,42.0,0,0,22.371213450292398,0.18421052631578946,02:47-03:01; 04:25-05:07; 06:52-07:12
A_p65_x70_w12_e3_b10_r3,A_grid,2,3.0,-1.0,45,1.5,false,12,65,10,70,3,8,3,75.0,3,149,196.0,13.0,0,3,21.929824561403507,0.5263157894736842,20.0,42.0,0,0,22.371213450292398,0.17333333333333334,02:47-03:00; 04:25-05:07; 06:52-07:12
A_p65_x70_w15_e1_b5_r3,A_grid,2,3.0,-1.0,45,1.5,false,15,65,5,70,1,8,3,77.0,4,149,196.0,23.0,0,3,22.514619883040936,0.7017543859649122,15.0,39.0,0,0,21.201622807017547,0.2987012987012987,02:43-02:58; 03:03-03:11; 04:28-05:07; 06:57-07:12
A_p65_x70_w15_e1_b5_r5,A_grid,2,3.0,-1.0,45,1.5,false,15,65,5,70,1,8,5,86.0,4,149,193.0,28.0,0,0,25.146198830409354,0.7017543859649122,17.5,39.0,0,0,21.201622807017547,0.32558139534883723,02:43-02:59; 03:03-03:15; 04:28-05:07; 06:53-07:12
A_p65_x70_w15_e1_b7_r3,A_grid,2,3.0,-1.0,45,1.5,false,15,65,7,70,1,8,3,77.0,4,149,196.0,23.0,0,3,22.514619883040936,0.7017543859649122,15.0,39.0,0,0,21.201622807017547,0.2987012987012987,02:43-02:58; 03:03-03:11; 04:28-05:07; 06:57-07:12
A_p65_x70_w15_e1_b7_r5,A_grid,2,3.0,-1.0,45,1.5,false,15,65,7,70,1,8,5,86.0,4,149,193.0,28.0,0,0,25.146198830409354,0.7017543859649122,17.5,39.0,0,0,21.201622807017547,0.32558139534883723,02:43-02:59; 03:03-03:15; 04:28-05:07; 06:53-07:12
A_p65_x70_w15_e1_b10_r3,A_grid,2,3.0,-1.0,45,1.5,false,15,65,10,70,1,8,3,69.0,3,149,204.0,15.0,0,11,20.175438596491226,0.5263157894736842,15.0,39.0,0,0,21.201622807017547,0.21739130434782608,02:43-02:58; 04:28-05:07; 06:57-07:12
A_p65_x70_w15_e2_b5_r3,A_grid,2,3.0,-1.0,45,1.5,false,15,65,5,70,2,8,3,81.0,4,149,197.0,28.0,0,4,23.684210526315788,0.7017543859649122,15.0,39.0,0,0,21.201622807017547,0.345679012345679,02:43-02:59; 03:03-03:15; 04:28-05:07; 06:58-07:12
A_p65_x70_w15_e2_b5_r5,A_grid,2,3.0,-1.0,45,1.5,false,15,65,5,70,2,8,5,87.0,4,149,193.0,29.0,0,0,25.438596491228072,0.7017543859649122,18.0,39.0,0,0,21.201622807017547,0.3333333333333333,02:43-03:00; 03:03-03:15; 04:28-05:07; 06:53-07:12
A_p65_x70_w15_e2_b7_r3,A_grid,2,3.0,-1.0,45,1.5,false,15,65,7,70,2,8,3,81.0,4,149,197.0,28.0,0,4,23.684210526315788,0.7017543859649122,15.0,39.0,0,0,21.201622807017547,0.345679012345679,02:43-02:59; 03:03-03:15; 04:28-05:07; 06:58-07:12
A_p65_x70_w15_e2_b7_r5,A_grid,2,3.0,-1.0,45,1.5,false,15,65,7,70,2,8,5,87.0,4,149,193.0,29.0,0,0,25.438596491228072,0.7017543859649122,18.0,39.0,0,0,21.201622807017547,0.3333333333333333,02:43-03:00; 03:03-03:15; 04:28-05:07; 06:53-07:12
A_p65_x70_w15_e2_b10_r3,A_grid,2,3.0,-1.0,45,1.5,false,15,65,10,70,2,8,3,81.0,4,149,197.0,28.0,0,4,23.684210526315788,0.7017543859649122,15.0,39.0,0,0,21.201622807017547,0.345679012345679,02:43-02:59; 03:03-03:15; 04:28-05:07; 06:58-07:12
A_p65_x70_w15_e3_b5_r3,A_grid,2,3.0,-1.0,45,1.5,false,15,65,5,70,3,8,3,87.0,4,149,193.0,29.0,0,0,25.438596491228072,0.7017543859649122,18.0,39.0,0,0,21.201622807017547,0.3333333333333333,02:43-03:00; 03:03-03:15; 04:28-05:07; 06:53-07:12
A_p65_x70_w15_e3_b7_r3,A_grid,2,3.0,-1.0,45,1.5,false,15,65,7,70,3,8,3,87.0,4,149,193.0,29.0,0,0,25.438596491228072,0.7017543859649122,18.0,39.0,0,0,21.201622807017547,0.3333333333333333,02:43-03:00; 03:03-03:15; 04:28-05:07; 06:53-07:12
A_p65_x75_w10_e1_b5_r3,A_grid,2,3.0,-1.0,45,1.5,false,10,65,5,75,1,8,3,86.0,3,149,193.0,29.0,0,0,25.146198830409354,0.5263157894736842,29.0,42.0,0,0,22.078815789473687,0.3372093023255814,02:46-03:15; 04:25-05:07; 06:57-07:12
A_p65_x75_w10_e1_b5_r5,A_grid,2,3.0,-1.0,45,1.5,false,10,65,5,75,1,8,5,86.0,3,149,193.0,29.0,0,0,25.146198830409354,0.5263157894736842,29.0,42.0,0,0,22.078815789473687,0.3372093023255814,02:46-03:15; 04:25-05:07; 06:57-07:12
A_p65_x75_w10_e1_b7_r3,A_grid,2,3.0,-1.0,45,1.5,false,10,65,7,75,1,8,3,86.0,3,149,193.0,29.0,0,0,25.146198830409354,0.5263157894736842,29.0,42.0,0,0,22.078815789473687,0.3372093023255814,02:46-03:15; 04:25-05:07; 06:57-07:12
A_p65_x75_w10_e1_b7_r5,A_grid,2,3.0,-1.0,45,1.5,false,10,65,7,75,1,8,5,86.0,3,149,193.0,29.0,0,0,25.146198830409354,0.5263157894736842,29.0,42.0,0,0,22.078815789473687,0.3372093023255814,02:46-03:15; 04:25-05:07; 06:57-07:12
A_p65_x75_w10_e1_b10_r3,A_grid,2,3.0,-1.0,45,1.5,false,10,65,10,75,1,8,3,86.0,3,149,193.0,29.0,0,0,25.146198830409354,0.5263157894736842,29.0,42.0,0,0,22.078815789473687,0.3372093023255814,02:46-03:15; 04:25-05:07; 06:57-07:12
A_p65_x75_w10_e1_b10_r5,A_grid,2,3.0,-1.0,45,1.5,false,10,65,10,75,1,8,5,86.0,3,149,193.0,29.0,0,0,25.146198830409354,0.5263157894736842,29.0,42.0,0,0,22.078815789473687,0.3372093023255814,02:46-03:15; 04:25-05:07; 06:57-07:12
A_p65_x75_w10_e2_b5_r3,A_grid,2,3.0,-1.0,45,1.5,false,10,65,5,75,2,8,3,86.0,3,149,193.0,29.0,0,0,25.146198830409354,0.5263157894736842,29.0,42.0,0,0,22.078815789473687,0.3372093023255814,02:46-03:15; 04:25-05:07; 06:57-07:12
A_p65_x75_w10_e2_b5_r5,A_grid,2,3.0,-1.0,45,1.5,false,10,65,5,75,2,8,5,86.0,3,149,193.0,29.0,0,0,25.146198830409354,0.5263157894736842,29.0,42.0,0,0,22.078815789473687,0.3372093023255814,02:46-03:15; 04:25-05:07; 06:57-07:12
A_p65_x75_w10_e2_b7_r3,A_grid,2,3.0,-1.0,45,1.5,false,10,65,7,75,2,8,3,86.0,3,149,193.0,29.0,0,0,25.146198830409354,0.5263157894736842,29.0,42.0,0,0,22.078815789473687,0.3372093023255814,02:46-03:15; 04:25-05:07; 06:57-07:12
A_p65_x75_w10_e2_b7_r5,A_grid,2,3.0,-1.0,45,1.5,false,10,65,7,75,2,8,5,86.0,3,149,193.0,29.0,0,0,25.146198830409354,0.5263157894736842,29.0,42.0,0,0,22.078815789473687,0.3372093023255814,02:46-03:15; 04:25-05:07; 06:57-07:12
A_p65_x75_w10_e2_b10_r3,A_grid,2,3.0,-1.0,45,1.5,false,10,65,10,75,2,8,3,86.0,3,149,193.0,29.0,0,0,25.146198830409354,0.5263157894736842,29.0,42.0,0,0,22.078815789473687,0.3372093023255814,02:46-03:15; 04:25-05:07; 06:57-07:12
A_p65_x75_w10_e2_b10_r5,A_grid,2,3.0,-1.0,45,1.5,false,10,65,10,75,2,8,5,86.0,3,149,193.0,29.0,0,0,25.146198830409354,0.5263157894736842,29.0,42.0,0,0,22.078815789473687,0.3372093023255814,02:46-03:15; 04:25-05:07; 06:57-07:12
A_p65_x75_w10_e3_b5_r3,A_grid,2,3.0,-1.0,45,1.5,false,10,65,5,75,3,8,3,86.0,3,149,193.0,29.0,0,0,25.146198830409354,0.5263157894736842,29.0,42.0,0,0,22.078815789473687,0.3372093023255814,02:46-03:15; 04:25-05:07; 06:57-07:12
A_p65_x75_w10_e3_b5_r5,A_grid,2,3.0,-1.0,45,1.5,false,10,65,5,75,3,8,5,86.0,3,149,193.0,29.0,0,0,25.146198830409354,0.5263157894736842,29.0,42.0,0,0,22.078815789473687,0.3372093023255814,02:46-03:15; 04:25-05:07; 06:57-07:12
A_p65_x75_w10_e3_b7_r3,A_grid,2,3.0,-1.0,45,1.5,false,10,65,7,75,3,8,3,86.0,3,149,193.0,29.0,0,0,25.146198830409354,0.5263157894736842,29.0,42.0,0,0,22.078815789473687,0.3372093023255814,02:46-03:15; 04:25-05:07; 06:57-07:12
A_p65_x75_w10_e3_b7_r5,A_grid,2,3.0,-1.0,45,1.5,false,10,65,7,75,3,8,5,86.0,3,149,193.0,29.0,0,0,25.146198830409354,0.5263157894736842,29.0,42.0,0,0,22.078815789473687,0.3372093023255814,02:46-03:15; 04:25-05:07; 06:57-07:12
A_p65_x75_w10_e3_b10_r3,A_grid,2,3.0,-1.0,45,1.5,false,10,65,10,75,3,8,3,86.0,3,149,193.0,29.0,0,0,25.146198830409354,0.5263157894736842,29.0,42.0,0,0,22.078815789473687,0.3372093023255814,02:46-03:15; 04:25-05:07; 06:57-07:12
A_p65_x75_w10_e3_b10_r5,A_grid,2,3.0,-1.0,45,1.5,false,10,65,10,75,3,8,5,86.0,3,149,193.0,29.0,0,0,25.146198830409354,0.5263157894736842,29.0,42.0,0,0,22.078815789473687,0.3372093023255814,02:46-03:15; 04:25-05:07; 06:57-07:12
A_p65_x75_w12_e1_b5_r3,A_grid,2,3.0,-1.0,45,1.5,false,12,65,5,75,1,8,3,84.0,3,149,197.0,28.0,0,4,24.561403508771928,0.5263157894736842,28.0,42.0,0,0,22.371213450292398,0.3333333333333333,02:47-03:15; 04:25-05:07; 06:58-07:12
A_p65_x75_w12_e1_b5_r5,A_grid,2,3.0,-1.0,45,1.5,false,12,65,5,75,1,8,5,90.0,3,149,193.0,28.0,0,0,26.31578947368421,0.5263157894736842,28.0,42.0,0,0,22.371213450292398,0.3111111111111111,02:47-03:15; 04:25-05:07; 06:52-07:12
A_p65_x75_w12_e1_b7_r3,A_grid,2,3.0,-1.0,45,1.5,false,12,65,7,75,1,8,3,84.0,3,149,197.0,28.0,0,4,24.561403508771928,0.5263157894736842,28.0,42.0,0,0,22.371213450292398,0.3333333333333333,02:47-03:15; 04:25-05:07; 06:58-07:12
A_p65_x75_w12_e1_b7_r5,A_grid,2,3.0,-1.0,45,1.5,false,12,65,7,75,1,8,5,90.0,3,149,193.0,28.0,0,0,26.31578947368421,0.5263157894736842,28.0,42.0,0,0,22.371213450292398,0.3111111111111111,02:47-03:15; 04:25-05:07; 06:52-07:12
A_p65_x75_w12_e1_b10_r3,A_grid,2,3.0,-1.0,45,1.5,false,12,65,10,75,1,8,3,84.0,3,149,197.0,28.0,0,4,24.561403508771928,0.5263157894736842,28.0,42.0,0,0,22.371213450292398,0.3333333333333333,02:47-03:15; 04:25-05:07; 06:58-07:12
A_p65_x75_w12_e1_b10_r5,A_grid,2,3.0,-1.0,45,1.5,false,12,65,10,75,1,8,5,90.0,3,149,193.0,28.0,0,0,26.31578947368421,0.5263157894736842,28.0,42.0,0,0,22.371213450292398,0.3111111111111111,02:47-03:15; 04:25-05:07; 06:52-07:12
A_p65_x75_w12_e2_b5_r3,A_grid,2,3.0,-1.0,45,1.5,false,12,65,5,75,2,8,3,89.0,4,149,193.0,28.0,0,0,26.023391812865498,0.7017543859649122,21.0,42.0,1,1,22.371213450292398,0.3146067415730337,02:47-03:15; 04:25-05:07; 06:52-06:57; 06:58-07:12
A_p65_x75_w12_e2_b5_r5,A_grid,2,3.0,-1.0,45,1.5,false,12,65,5,75,2,8,5,90.0,3,149,193.0,28.0,0,0,26.31578947368421,0.5263157894736842,28.0,42.0,0,0,22.371213450292398,0.3111111111111111,02:47-03:15; 04:25-05:07; 06:52-07:12
A_p65_x75_w12_e2_b7_r3,A_grid,2,3.0,-1.0,45,1.5,false,12,65,7,75,2,8,3,84.0,3,149,198.0,28.0,0,5,24.561403508771928,0.5263157894736842,28.0,42.0,0,0,22.371213450292398,0.3333333333333333,02:47-03:15; 04:25-05:07; 06:58-07:12
A_p65_x75_w12_e2_b7_r5,A_grid,2,3.0,-1.0,45,1.5,false,12,65,7,75,2,8,5,90.0,3,149,193.0,28.0,0,0,26.31578947368421,0.5263157894736842,28.0,42.0,0,0,22.371213450292398,0.3111111111111111,02:47-03:15; 04:25-05:07; 06:52-07:12
A_p65_x75_w12_e2_b10_r3,A_grid,2,3.0,-1.0,45,1.5,false,12,65,10,75,2,8,3,84.0,3,149,198.0,28.0,0,5,24.561403508771928,0.5263157894736842,28.0,42.0,0,0,22.371213450292398,0.3333333333333333,02:47-03:15; 04:25-05:07; 06:58-07:12
A_p65_x75_w12_e2_b10_r5,A_grid,2,3.0,-1.0,45,1.5,false,12,65,10,75,2,8,5,90.0,3,149,193.0,28.0,0,0,26.31578947368421,0.5263157894736842,28.0,42.0,0,0,22.371213450292398,0.3111111111111111,02:47-03:15; 04:25-05:07; 06:52-07:12
A_p65_x75_w12_e3_b5_r3,A_grid,2,3.0,-1.0,45,1.5,false,12,65,5,75,3,8,3,90.0,3,149,193.0,28.0,0,0,26.31578947368421,0.5263157894736842,28.0,42.0,0,0,22.371213450292398,0.3111111111111111,02:47-03:15; 04:25-05:07; 06:52-07:12
A_p65_x75_w12_e3_b5_r5,A_grid,2,3.0,-1.0,45,1.5,false,12,65,5,75,3,8,5,90.0,3,149,193.0,28.0,0,0,26.31578947368421,0.5263157894736842,28.0,42.0,0,0,22.371213450292398,0.3111111111111111,02:47-03:15; 04:25-05:07; 06:52-07:12
A_p65_x75_w12_e3_b7_r3,A_grid,2,3.0,-1.0,45,1.5,false,12,65,7,75,3,8,3,90.0,3,149,193.0,28.0,0,0,26.31578947368421,0.5263157894736842,28.0,42.0,0,0,22.371213450292398,0.3111111111111111,02:47-03:15; 04:25-05:07; 06:52-07:12
A_p65_x75_w12_e3_b7_r5,A_grid,2,3.0,-1.0,45,1.5,false,12,65,7,75,3,8,5,90.0,3,149,193.0,28.0,0,0,26.31578947368421,0.5263157894736842,28.0,42.0,0,0,22.371213450292398,0.3111111111111111,02:47-03:15; 04:25-05:07; 06:52-07:12
A_p65_x75_w12_e3_b10_r3,A_grid,2,3.0,-1.0,45,1.5,false,12,65,10,75,3,8,3,90.0,3,149,193.0,28.0,0,0,26.31578947368421,0.5263157894736842,28.0,42.0,0,0,22.371213450292398,0.3111111111111111,02:47-03:15; 04:25-05:07; 06:52-07:12
A_p65_x75_w12_e3_b10_r5,A_grid,2,3.0,-1.0,45,1.5,false,12,65,10,75,3,8,5,90.0,3,149,193.0,28.0,0,0,26.31578947368421,0.5263157894736842,28.0,42.0,0,0,22.371213450292398,0.3111111111111111,02:47-03:15; 04:25-05:07; 06:52-07:12
A_p65_x75_w15_e1_b5_r3,A_grid,2,3.0,-1.0,45,1.5,false,15,65,5,75,1,8,3,86.0,3,149,196.0,32.0,0,3,25.146198830409354,0.5263157894736842,32.0,39.0,0,0,21.201622807017547,0.37209302325581395,02:43-03:15; 04:28-05:07; 06:57-07:12
A_p65_x75_w15_e1_b5_r5,A_grid,2,3.0,-1.0,45,1.5,false,15,65,5,75,1,8,5,90.0,3,149,193.0,32.0,0,0,26.31578947368421,0.5263157894736842,32.0,39.0,0,0,21.201622807017547,0.35555555555555557,02:43-03:15; 04:28-05:07; 06:53-07:12
A_p65_x75_w15_e1_b7_r3,A_grid,2,3.0,-1.0,45,1.5,false,15,65,7,75,1,8,3,86.0,3,149,196.0,32.0,0,3,25.146198830409354,0.5263157894736842,32.0,39.0,0,0,21.201622807017547,0.37209302325581395,02:43-03:15; 04:28-05:07; 06:57-07:12
A_p65_x75_w15_e1_b7_r5,A_grid,2,3.0,-1.0,45,1.5,false,15,65,7,75,1,8,5,90.0,3,149,193.0,32.0,0,0,26.31578947368421,0.5263157894736842,32.0,39.0,0,0,21.201622807017547,0.35555555555555557,02:43-03:15; 04:28-05:07; 06:53-07:12
A_p65_x75_w15_e1_b10_r3,A_grid,2,3.0,-1.0,45,1.5,false,15,65,10,75,1,8,3,86.0,3,149,196.0,32.0,0,3,25.146198830409354,0.5263157894736842,32.0,39.0,0,0,21.201622807017547,0.37209302325581395,02:43-03:15; 04:28-05:07; 06:57-07:12
A_p65_x75_w15_e1_b10_r5,A_grid,2,3.0,-1.0,45,1.5,false,15,65,10,75,1,8,5,90.0,3,149,193.0,32.0,0,0,26.31578947368421,0.5263157894736842,32.0,39.0,0,0,21.201622807017547,0.35555555555555557,02:43-03:15; 04:28-05:07; 06:53-07:12
A_p65_x75_w15_e2_b5_r3,A_grid,2,3.0,-1.0,45,1.5,false,15,65,5,75,2,8,3,85.0,3,149,197.0,32.0,0,4,24.853801169590643,0.5263157894736842,32.0,39.0,0,0,21.201622807017547,0.3764705882352941,02:43-03:15; 04:28-05:07; 06:58-07:12
A_p65_x75_w15_e2_b5_r5,A_grid,2,3.0,-1.0,45,1.5,false,15,65,5,75,2,8,5,90.0,3,149,193.0,32.0,0,0,26.31578947368421,0.5263157894736842,32.0,39.0,0,0,21.201622807017547,0.35555555555555557,02:43-03:15; 04:28-05:07; 06:53-07:12
A_p65_x75_w15_e2_b7_r3,A_grid,2,3.0,-1.0,45,1.5,false,15,65,7,75,2,8,3,85.0,3,149,197.0,32.0,0,4,24.853801169590643,0.5263157894736842,32.0,39.0,0,0,21.201622807017547,0.3764705882352941,02:43-03:15; 04:28-05:07; 06:58-07:12
A_p65_x75_w15_e2_b7_r5,A_grid,2,3.0,-1.0,45,1.5,false,15,65,7,75,2,8,5,90.0,3,149,193.0,32.0,0,0,26.31578947368421,0.5263157894736842,32.0,39.0,0,0,21.201622807017547,0.35555555555555557,02:43-03:15; 04:28-05:07; 06:53-07:12
A_p65_x75_w15_e2_b10_r3,A_grid,2,3.0,-1.0,45,1.5,false,15,65,10,75,2,8,3,85.0,3,149,197.0,32.0,0,4,24.853801169590643,0.5263157894736842,32.0,39.0,0,0,21.201622807017547,0.3764705882352941,02:43-03:15; 04:28-05:07; 06:58-07:12
A_p65_x75_w15_e2_b10_r5,A_grid,2,3.0,-1.0,45,1.5,false,15,65,10,75,2,8,5,90.0,3,149,193.0,32.0,0,0,26.31578947368421,0.5263157894736842,32.0,39.0,0,0,21.201622807017547,0.35555555555555557,02:43-03:15; 04:28-05:07; 06:53-07:12
A_p65_x75_w15_e3_b5_r3,A_grid,2,3.0,-1.0,45,1.5,false,15,65,5,75,3,8,3,90.0,3,149,193.0,32.0,0,0,26.31578947368421,0.5263157894736842,32.0,39.0,0,0,21.201622807017547,0.35555555555555557,02:43-03:15; 04:28-05:07; 06:53-07:12
A_p65_x75_w15_e3_b5_r5,A_grid,2,3.0,-1.0,45,1.5,false,15,65,5,75,3,8,5,90.0,3,149,193.0,32.0,0,0,26.31578947368421,0.5263157894736842,32.0,39.0,0,0,21.201622807017547,0.35555555555555557,02:43-03:15; 04:28-05:07; 06:53-07:12
A_p65_x75_w15_e3_b7_r3,A_grid,2,3.0,-1.0,45,1.5,false,15,65,7,75,3,8,3,90.0,3,149,193.0,32.0,0,0,26.31578947368421,0.5263157894736842,32.0,39.0,0,0,21.201622807017547,0.35555555555555557,02:43-03:15; 04:28-05:07; 06:53-07:12
A_p65_x75_w15_e3_b7_r5,A_grid,2,3.0,-1.0,45,1.5,false,15,65,7,75,3,8,5,90.0,3,149,193.0,32.0,0,0,26.31578947368421,0.5263157894736842,32.0,39.0,0,0,21.201622807017547,0.35555555555555557,02:43-03:15; 04:28-05:07; 06:53-07:12
A_p65_x75_w15_e3_b10_r3,A_grid,2,3.0,-1.0,45,1.5,false,15,65,10,75,3,8,3,90.0,3,149,193.0,32.0,0,0,26.31578947368421,0.5263157894736842,32.0,39.0,0,0,21.201622807017547,0.35555555555555557,02:43-03:15; 04:28-05:07; 06:53-07:12
A_p70_x75_w10_e1_b5_r3,A_grid,2,3.0,-1.0,45,1.5,false,10,70,5,75,1,8,3,90.0,3,149,197.0,33.0,0,4,26.31578947368421,0.5263157894736842,33.0,42.0,0,0,20.909225146198832,0.36666666666666664,02:42-03:15; 04:25-05:07; 06:57-07:12
A_p70_x75_w10_e1_b5_r5,A_grid,2,3.0,-1.0,45,1.5,false,10,70,5,75,1,8,5,95.0,3,149,193.0,33.0,0,0,27.77777777777778,0.5263157894736842,33.0,42.0,0,0,20.909225146198832,0.3473684210526316,02:42-03:15; 04:25-05:07; 06:52-07:12
A_p70_x75_w10_e1_b7_r3,A_grid,2,3.0,-1.0,45,1.5,false,10,70,7,75,1,8,3,90.0,3,149,197.0,33.0,0,4,26.31578947368421,0.5263157894736842,33.0,42.0,0,0,20.909225146198832,0.36666666666666664,02:42-03:15; 04:25-05:07; 06:57-07:12
A_p70_x75_w10_e1_b7_r5,A_grid,2,3.0,-1.0,45,1.5,false,10,70,7,75,1,8,5,95.0,3,149,193.0,33.0,0,0,27.77777777777778,0.5263157894736842,33.0,42.0,0,0,20.909225146198832,0.3473684210526316,02:42-03:15; 04:25-05:07; 06:52-07:12
A_p70_x75_w10_e1_b10_r3,A_grid,2,3.0,-1.0,45,1.5,false,10,70,10,75,1,8,3,90.0,3,149,197.0,33.0,0,4,26.31578947368421,0.5263157894736842,33.0,42.0,0,0,20.909225146198832,0.36666666666666664,02:42-03:15; 04:25-05:07; 06:57-07:12
A_p70_x75_w10_e1_b10_r5,A_grid,2,3.0,-1.0,45,1.5,false,10,70,10,75,1,8,5,95.0,3,149,193.0,33.0,0,0,27.77777777777778,0.5263157894736842,33.0,42.0,0,0,20.909225146198832,0.3473684210526316,02:42-03:15; 04:25-05:07; 06:52-07:12
A_p70_x75_w10_e2_b5_r3,A_grid,2,3.0,-1.0,45,1.5,false,10,70,5,75,2,8,3,94.0,4,149,193.0,33.0,0,0,27.485380116959064,0.7017543859649122,23.5,42.0,1,1,20.909225146198832,0.35106382978723405,02:42-03:15; 04:25-05:07; 06:52-06:57; 06:58-07:12
A_p70_x75_w10_e2_b5_r5,A_grid,2,3.0,-1.0,45,1.5,false,10,70,5,75,2,8,5,95.0,3,149,193.0,33.0,0,0,27.77777777777778,0.5263157894736842,33.0,42.0,0,0,20.909225146198832,0.3473684210526316,02:42-03:15; 04:25-05:07; 06:52-07:12
A_p70_x75_w10_e2_b7_r3,A_grid,2,3.0,-1.0,45,1.5,false,10,70,7,75,2,8,3,89.0,3,149,198.0,33.0,0,5,26.023391812865498,0.5263157894736842,33.0,42.0,0,0,20.909225146198832,0.3707865168539326,02:42-03:15; 04:25-05:07; 06:58-07:12
A_p70_x75_w10_e2_b7_r5,A_grid,2,3.0,-1.0,45,1.5,false,10,70,7,75,2,8,5,95.0,3,149,193.0,33.0,0,0,27.77777777777778,0.5263157894736842,33.0,42.0,0,0,20.909225146198832,0.3473684210526316,02:42-03:15; 04:25-05:07; 06:52-07:12
A_p70_x75_w10_e2_b10_r3,A_grid,2,3.0,-1.0,45,1.5,false,10,70,10,75,2,8,3,89.0,3,149,198.0,33.0,0,5,26.023391812865498,0.5263157894736842,33.0,42.0,0,0,20.909225146198832,0.3707865168539326,02:42-03:15; 04:25-05:07; 06:58-07:12
A_p70_x75_w10_e2_b10_r5,A_grid,2,3.0,-1.0,45,1.5,false,10,70,10,75,2,8,5,95.0,3,149,193.0,33.0,0,0,27.77777777777778,0.5263157894736842,33.0,42.0,0,0,20.909225146198832,0.3473684210526316,02:42-03:15; 04:25-05:07; 06:52-07:12
A_p70_x75_w10_e3_b5_r3,A_grid,2,3.0,-1.0,45,1.5,false,10,70,5,75,3,8,3,95.0,3,149,193.0,33.0,0,0,27.77777777777778,0.5263157894736842,33.0,42.0,0,0,20.909225146198832,0.3473684210526316,02:42-03:15; 04:25-05:07; 06:52-07:12
A_p70_x75_w10_e3_b5_r5,A_grid,2,3.0,-1.0,45,1.5,false,10,70,5,75,3,8,5,95.0,3,149,193.0,33.0,0,0,27.77777777777778,0.5263157894736842,33.0,42.0,0,0,20.909225146198832,0.3473684210526316,02:42-03:15; 04:25-05:07; 06:52-07:12
A_p70_x75_w10_e3_b7_r3,A_grid,2,3.0,-1.0,45,1.5,false,10,70,7,75,3,8,3,95.0,3,149,193.0,33.0,0,0,27.77777777777778,0.5263157894736842,33.0,42.0,0,0,20.909225146198832,0.3473684210526316,02:42-03:15; 04:25-05:07; 06:52-07:12
A_p70_x75_w10_e3_b7_r5,A_grid,2,3.0,-1.0,45,1.5,false,10,70,7,75,3,8,5,95.0,3,149,193.0,33.0,0,0,27.77777777777778,0.5263157894736842,33.0,42.0,0,0,20.909225146198832,0.3473684210526316,02:42-03:15; 04:25-05:07; 06:52-07:12
A_p70_x75_w10_e3_b10_r3,A_grid,2,3.0,-1.0,45,1.5,false,10,70,10,75,3,8,3,95.0,3,149,193.0,33.0,0,0,27.77777777777778,0.5263157894736842,33.0,42.0,0,0,20.909225146198832,0.3473684210526316,02:42-03:15; 04:25-05:07; 06:52-07:12
A_p70_x75_w10_e3_b10_r5,A_grid,2,3.0,-1.0,45,1.5,false,10,70,10,75,3,8,5,95.0,3,149,193.0,33.0,0,0,27.77777777777778,0.5263157894736842,33.0,42.0,0,0,20.909225146198832,0.3473684210526316,02:42-03:15; 04:25-05:07; 06:52-07:12
A_p70_x75_w12_e1_b5_r3,A_grid,2,3.0,-1.0,45,1.5,false,12,70,5,75,1,8,3,90.0,3,149,197.0,33.0,0,4,26.31578947368421,0.5263157894736842,33.0,42.0,0,0,20.909225146198832,0.36666666666666664,02:42-03:15; 04:25-05:07; 06:57-07:12
A_p70_x75_w12_e1_b5_r5,A_grid,2,3.0,-1.0,45,1.5,false,12,70,5,75,1,8,5,95.0,3,149,193.0,33.0,0,0,27.77777777777778,0.5263157894736842,33.0,42.0,0,0,20.909225146198832,0.3473684210526316,02:42-03:15; 04:25-05:07; 06:52-07:12
A_p70_x75_w12_e1_b7_r3,A_grid,2,3.0,-1.0,45,1.5,false,12,70,7,75,1,8,3,90.0,3,149,197.0,33.0,0,4,26.31578947368421,0.5263157894736842,33.0,42.0,0,0,20.909225146198832,0.36666666666666664,02:42-03:15; 04:25-05:07; 06:57-07:12
A_p70_x75_w12_e1_b7_r5,A_grid,2,3.0,-1.0,45,1.5,false,12,70,7,75,1,8,5,95.0,3,149,193.0,33.0,0,0,27.77777777777778,0.5263157894736842,33.0,42.0,0,0,20.909225146198832,0.3473684210526316,02:42-03:15; 04:25-05:07; 06:52-07:12
A_p70_x75_w12_e1_b10_r3,A_grid,2,3.0,-1.0,45,1.5,false,12,70,10,75,1,8,3,90.0,3,149,197.0,33.0,0,4,26.31578947368421,0.5263157894736842,33.0,42.0,0,0,20.909225146198832,0.36666666666666664,02:42-03:15; 04:25-05:07; 06:57-07:12
A_p70_x75_w12_e1_b10_r5,A_grid,2,3.0,-1.0,45,1.5,false,12,70,10,75,1,8,5,95.0,3,149,193.0,33.0,0,0,27.77777777777778,0.5263157894736842,33.0,42.0,0,0,20.909225146198832,0.3473684210526316,02:42-03:15; 04:25-05:07; 06:52-07:12
A_p70_x75_w12_e2_b5_r3,A_grid,2,3.0,-1.0,45,1.5,false,12,70,5,75,2,8,3,94.0,4,149,193.0,33.0,0,0,27.485380116959064,0.7017543859649122,23.5,42.0,1,1,20.909225146198832,0.35106382978723405,02:42-03:15; 04:25-05:07; 06:52-06:57; 06:58-07:12
A_p70_x75_w12_e2_b5_r5,A_grid,2,3.0,-1.0,45,1.5,false,12,70,5,75,2,8,5,95.0,3,149,193.0,33.0,0,0,27.77777777777778,0.5263157894736842,33.0,42.0,0,0,20.909225146198832,0.3473684210526316,02:42-03:15; 04:25-05:07; 06:52-07:12
A_p70_x75_w12_e2_b7_r3,A_grid,2,3.0,-1.0,45,1.5,false,12,70,7,75,2,8,3,89.0,3,149,198.0,33.0,0,5,26.023391812865498,0.5263157894736842,33.0,42.0,0,0,20.909225146198832,0.3707865168539326,02:42-03:15; 04:25-05:07; 06:58-07:12
A_p70_x75_w12_e2_b7_r5,A_grid,2,3.0,-1.0,45,1.5,false,12,70,7,75,2,8,5,95.0,3,149,193.0,33.0,0,0,27.77777777777778,0.5263157894736842,33.0,42.0,0,0,20.909225146198832,0.3473684210526316,02:42-03:15; 04:25-05:07; 06:52-07:12
A_p70_x75_w12_e2_b10_r3,A_grid,2,3.0,-1.0,45,1.5,false,12,70,10,75,2,8,3,89.0,3,149,198.0,33.0,0,5,26.023391812865498,0.5263157894736842,33.0,42.0,0,0,20.909225146198832,0.3707865168539326,02:42-03:15; 04:25-05:07; 06:58-07:12
A_p70_x75_w12_e2_b10_r5,A_grid,2,3.0,-1.0,45,1.5,false,12,70,10,75,2,8,5,95.0,3,149,193.0,33.0,0,0,27.77777777777778,0.5263157894736842,33.0,42.0,0,0,20.909225146198832,0.3473684210526316,02:42-03:15; 04:25-05:07; 06:52-07:12
A_p70_x75_w12_e3_b5_r3,A_grid,2,3.0,-1.0,45,1.5,false,12,70,5,75,3,8,3,95.0,3,149,193.0,33.0,0,0,27.77777777777778,0.5263157894736842,33.0,42.0,0,0,20.909225146198832,0.3473684210526316,02:42-03:15; 04:25-05:07; 06:52-07:12
A_p70_x75_w12_e3_b5_r5,A_grid,2,3.0,-1.0,45,1.5,false,12,70,5,75,3,8,5,95.0,3,149,193.0,33.0,0,0,27.77777777777778,0.5263157894736842,33.0,42.0,0,0,20.909225146198832,0.3473684210526316,02:42-03:15; 04:25-05:07; 06:52-07:12
A_p70_x75_w12_e3_b7_r3,A_grid,2,3.0,-1.0,45,1.5,false,12,70,7,75,3,8,3,95.0,3,149,193.0,33.0,0,0,27.77777777777778,0.5263157894736842,33.0,42.0,0,0,20.909225146198832,0.3473684210526316,02:42-03:15; 04:25-05:07; 06:52-07:12
A_p70_x75_w12_e3_b7_r5,A_grid,2,3.0,-1.0,45,1.5,false,12,70,7,75,3,8,5,95.0,3,149,193.0,33.0,0,0,27.77777777777778,0.5263157894736842,33.0,42.0,0,0,20.909225146198832,0.3473684210526316,02:42-03:15; 04:25-05:07; 06:52-07:12
A_p70_x75_w12_e3_b10_r3,A_grid,2,3.0,-1.0,45,1.5,false,12,70,10,75,3,8,3,95.0,3,149,193.0,33.0,0,0,27.77777777777778,0.5263157894736842,33.0,42.0,0,0,20.909225146198832,0.3473684210526316,02:42-03:15; 04:25-05:07; 06:52-07:12
A_p70_x75_w12_e3_b10_r5,A_grid,2,3.0,-1.0,45,1.5,false,12,70,10,75,3,8,5,95.0,3,149,193.0,33.0,0,0,27.77777777777778,0.5263157894736842,33.0,42.0,0,0,20.909225146198832,0.3473684210526316,02:42-03:15; 04:25-05:07; 06:52-07:12
A_p70_x75_w15_e1_b5_r3,A_grid,2,3.0,-1.0,45,1.5,false,15,70,5,75,1,8,3,86.0,3,149,196.0,32.0,0,3,25.146198830409354,0.5263157894736842,32.0,39.0,0,0,21.201622807017547,0.37209302325581395,02:43-03:15; 04:28-05:07; 06:57-07:12
A_p70_x75_w15_e1_b5_r5,A_grid,2,3.0,-1.0,45,1.5,false,15,70,5,75,1,8,5,90.0,3,149,193.0,32.0,0,0,26.31578947368421,0.5263157894736842,32.0,39.0,0,0,21.201622807017547,0.35555555555555557,02:43-03:15; 04:28-05:07; 06:53-07:12
A_p70_x75_w15_e1_b7_r3,A_grid,2,3.0,-1.0,45,1.5,false,15,70,7,75,1,8,3,86.0,3,149,196.0,32.0,0,3,25.146198830409354,0.5263157894736842,32.0,39.0,0,0,21.201622807017547,0.37209302325581395,02:43-03:15; 04:28-05:07; 06:57-07:12
A_p70_x75_w15_e1_b7_r5,A_grid,2,3.0,-1.0,45,1.5,false,15,70,7,75,1,8,5,90.0,3,149,193.0,32.0,0,0,26.31578947368421,0.5263157894736842,32.0,39.0,0,0,21.201622807017547,0.35555555555555557,02:43-03:15; 04:28-05:07; 06:53-07:12
A_p70_x75_w15_e1_b10_r3,A_grid,2,3.0,-1.0,45,1.5,false,15,70,10,75,1,8,3,86.0,3,149,196.0,32.0,0,3,25.146198830409354,0.5263157894736842,32.0,39.0,0,0,21.201622807017547,0.37209302325581395,02:43-03:15; 04:28-05:07; 06:57-07:12
A_p70_x75_w15_e1_b10_r5,A_grid,2,3.0,-1.0,45,1.5,false,15,70,10,75,1,8,5,90.0,3,149,193.0,32.0,0,0,26.31578947368421,0.5263157894736842,32.0,39.0,0,0,21.201622807017547,0.35555555555555557,02:43-03:15; 04:28-05:07; 06:53-07:12
A_p70_x75_w15_e2_b5_r3,A_grid,2,3.0,-1.0,45,1.5,false,15,70,5,75,2,8,3,85.0,3,149,197.0,32.0,0,4,24.853801169590643,0.5263157894736842,32.0,39.0,0,0,21.201622807017547,0.3764705882352941,02:43-03:15; 04:28-05:07; 06:58-07:12
A_p70_x75_w15_e2_b5_r5,A_grid,2,3.0,-1.0,45,1.5,false,15,70,5,75,2,8,5,90.0,3,149,193.0,32.0,0,0,26.31578947368421,0.5263157894736842,32.0,39.0,0,0,21.201622807017547,0.35555555555555557,02:43-03:15; 04:28-05:07; 06:53-07:12
A_p70_x75_w15_e2_b7_r3,A_grid,2,3.0,-1.0,45,1.5,false,15,70,7,75,2,8,3,85.0,3,149,197.0,32.0,0,4,24.853801169590643,0.5263157894736842,32.0,39.0,0,0,21.201622807017547,0.3764705882352941,02:43-03:15; 04:28-05:07; 06:58-07:12
A_p70_x75_w15_e2_b7_r5,A_grid,2,3.0,-1.0,45,1.5,false,15,70,7,75,2,8,5,90.0,3,149,193.0,32.0,0,0,26.31578947368421,0.5263157894736842,32.0,39.0,0,0,21.201622807017547,0.35555555555555557,02:43-03:15; 04:28-05:07; 06:53-07:12
A_p70_x75_w15_e2_b10_r3,A_grid,2,3.0,-1.0,45,1.5,false,15,70,10,75,2,8,3,85.0,3,149,197.0,32.0,0,4,24.853801169590643,0.5263157894736842,32.0,39.0,0,0,21.201622807017547,0.3764705882352941,02:43-03:15; 04:28-05:07; 06:58-07:12
A_p70_x75_w15_e2_b10_r5,A_grid,2,3.0,-1.0,45,1.5,false,15,70,10,75,2,8,5,90.0,3,149,193.0,32.0,0,0,26.31578947368421,0.5263157894736842,32.0,39.0,0,0,21.201622807017547,0.35555555555555557,02:43-03:15; 04:28-05:07; 06:53-07:12
A_p70_x75_w15_e3_b5_r3,A_grid,2,3.0,-1.0,45,1.5,false,15,70,5,75,3,8,3,90.0,3,149,193.0,32.0,0,0,26.31578947368421,0.5263157894736842,32.0,39.0,0,0,21.201622807017547,0.35555555555555557,02:43-03:15; 04:28-05:07; 06:53-07:12
A_p70_x75_w15_e3_b5_r5,A_grid,2,3.0,-1.0,45,1.5,false,15,70,5,75,3,8,5,90.0,3,149,193.0,32.0,0,0,26.31578947368421,0.5263157894736842,32.0,39.0,0,0,21.201622807017547,0.35555555555555557,02:43-03:15; 04:28-05:07; 06:53-07:12
A_p70_x75_w15_e3_b7_r3,A_grid,2,3.0,-1.0,45,1.5,false,15,70,7,75,3,8,3,90.0,3,149,193.0,32.0,0,0,26.31578947368421,0.5263157894736842,32.0,39.0,0,0,21.201622807017547,0.35555555555555557,02:43-03:15; 04:28-05:07; 06:53-07:12
A_p70_x75_w15_e3_b7_r5,A_grid,2,3.0,-1.0,45,1.5,false,15,70,7,75,3,8,5,90.0,3,149,193.0,32.0,0,0,26.31578947368421,0.5263157894736842,32.0,39.0,0,0,21.201622807017547,0.35555555555555557,02:43-03:15; 04:28-05:07; 06:53-07:12
A_p70_x75_w15_e3_b10_r3,A_grid,2,3.0,-1.0,45,1.5,false,15,70,10,75,3,8,3,90.0,3,149,193.0,32.0,0,0,26.31578947368421,0.5263157894736842,32.0,39.0,0,0,21.201622807017547,0.35555555555555557,02:43-03:15; 04:28-05:07; 06:53-07:12
A_p70_x75_w15_e3_b10_r5,A_grid,2,3.0,-1.0,45,1.5,false,15,70,10,75,3,8,5,90.0,3,149,193.0,32.0,0,0,26.31578947368421,0.5263157894736842,32.0,39.0,0,0,21.201622807017547,0.35555555555555557,02:43-03:15; 04:28-05:07; 06:53-07:12
B_peak2.0_x50_w10_e1_b5_r3,B_grid,2,3.0,-1.0,45,2.0,false,10,65,5,50,1,8,3,59.0,4,178,193.0,5.0,0,29,17.251461988304094,0.7017543859649122,6.0,42.0,1,0,24.12559941520468,0.0847457627118644,02:53-02:58; 04:25-05:07; 05:41-05:47; 07:06-07:12
B_peak2.0_x50_w10_e1_b7_r3,B_grid,2,3.0,-1.0,45,2.0,false,10,65,7,50,1,8,3,42.0,1,178,210.0,0.0,0,46,12.280701754385964,0.17543859649122806,42.0,42.0,0,0,51.02618421052632,0.0,04:25-05:07
B_peak2.0_x50_w10_e1_b7_r5,B_grid,2,3.0,-1.0,45,2.0,false,10,65,7,50,1,8,5,40.0,1,178,212.0,0.0,0,48,11.695906432748536,0.17543859649122806,40.0,40.0,0,0,51.610979532163746,0.0,04:27-05:07
B_peak2.0_x50_w10_e2_b5_r3,B_grid,2,3.0,-1.0,45,2.0,false,10,65,5,50,2,8,3,73.0,6,178,187.0,13.0,0,23,21.34502923976608,1.0526315789473684,6.5,42.0,1,1,21.786418128654972,0.1780821917808219,02:45-02:51; 02:52-02:59; 04:25-05:07; 05:41-05:48; 06:57-07:02; 07:06-07:12
B_peak2.0_x50_w10_e2_b5_r5,B_grid,2,3.0,-1.0,45,2.0,false,10,65,5,50,2,8,5,76.0,7,178,184.0,11.0,0,20,22.22222222222222,1.2280701754385965,6.0,42.0,3,2,22.663611111111113,0.14473684210526316,02:48-02:53; 02:54-03:00; 04:25-05:07; 05:36-05:41; 05:42-05:49; 06:57-07:03; 07:07-07:12
B_peak2.0_x50_w10_e2_b7_r3,B_grid,2,3.0,-1.0,45,2.0,false,10,65,7,50,2,8,3,56.0,3,178,204.0,7.0,0,40,16.374269005847953,0.5263157894736842,7.0,42.0,0,0,23.833201754385964,0.125,02:52-02:59; 04:25-05:07; 05:41-05:48
B_peak2.0_x50_w10_e2_b7_r5,B_grid,2,3.0,-1.0,45,2.0,false,10,65,7,50,2,8,5,49.0,2,178,211.0,0.0,0,47,14.327485380116958,0.3508771929824561,24.5,42.0,0,0,51.02618421052632,0.0,04:25-05:07; 05:42-05:49
B_peak2.0_x50_w12_e1_b5_r3,B_grid,2,3.0,-1.0,45,2.0,false,12,65,5,50,1,8,3,58.0,4,178,192.0,5.0,0,28,16.95906432748538,0.7017543859649122,5.5,42.0,2,0,24.12559941520468,0.08620689655172414,02:53-02:58; 04:25-05:07; 05:42-05:47; 07:06-07:12
B_peak2.0_x50_w12_e1_b5_r5,B_grid,2,3.0,-1.0,45,2.0,false,12,65,5,50,1,8,5,67.0,6,178,184.0,11.0,0,20,19.5906432748538,1.0526315789473684,5.5,40.0,3,1,22.371213450292398,0.16417910447761194,02:47-02:52; 02:53-02:59; 04:27-05:07; 05:42-05:48; 06:57-07:02; 07:07-07:12
B_peak2.0_x50_w12_e1_b7_r3,B_grid,2,3.0,-1.0,45,2.0,false,12,65,7,50,1,8,3,42.0,1,178,208.0,0.0,0,44,12.280701754385964,0.17543859649122806,42.0,42.0,0,0,51.02618421052632,0.0,04:25-05:07
B_peak2.0_x50_w12_e1_b7_r5,B_grid,2,3.0,-1.0,45,2.0,false,12,65,7,50,1,8,5,40.0,1,178,211.0,0.0,0,47,11.695906432748536,0.17543859649122806,40.0,40.0,0,0,51.610979532163746,0.0,04:27-05:07
B_peak2.0_x50_w12_e2_b5_r3,B_grid,2,3.0,-1.0,45,2.0,false,12,65,5,50,2,8,3,66.0,5,178,192.0,7.0,0,28,19.298245614035086,0.8771929824561403,6.0,42.0,1,0,23.833201754385964,0.10606060606060606,02:52-02:59; 04:25-05:07; 05:42-05:48; 06:57-07:02; 07:06-07:12
B_peak2.0_x50_w12_e2_b5_r5,B_grid,2,3.0,-1.0,45,2.0,false,12,65,5,50,2,8,5,72.0,6,178,188.0,12.0,0,24,21.052631578947366,1.0526315789473684,6.0,42.0,1,1,22.371213450292398,0.16666666666666666,02:47-02:53; 02:54-03:00; 04:25-05:07; 05:42-05:49; 06:57-07:03; 07:07-07:12
B_peak2.0_x50_w12_e2_b7_r3,B_grid,2,3.0,-1.0,45,2.0,false,12,65,7,50,2,8,3,49.0,2,178,209.0,7.0,0,45,14.327485380116958,0.3508771929824561,24.5,42.0,0,0,23.833201754385964,0.14285714285714285,02:52-02:59; 04:25-05:07
B_peak2.0_x50_w12_e2_b7_r5,B_grid,2,3.0,-1.0,45,2.0,false,12,65,7,50,2,8,5,49.0,2,178,211.0,0.0,0,47,14.327485380116958,0.3508771929824561,24.5,42.0,0,0,51.02618421052632,0.0,04:25-05:07; 05:42-05:49
B_peak2.0_x50_w15_e1_b5_r3,B_grid,2,3.0,-1.0,45,2.0,false,15,65,5,50,1,8,3,50.0,3,178,191.0,5.0,0,27,14.619883040935672,0.5263157894736842,6.0,39.0,1,0,24.12559941520468,0.1,02:53-02:58; 04:28-05:07; 07:06-07:12
B_peak2.0_x50_w15_e1_b5_r5,B_grid,2,3.0,-1.0,45,2.0,false,15,65,5,50,1,8,5,60.0,5,178,182.0,11.0,0,18,17.543859649122805,0.8771929824561403,5.0,39.0,3,1,22.371213450292398,0.18333333333333332,02:47-02:52; 02:53-02:59; 04:28-05:07; 06:57-07:02; 07:07-07:12
B_peak2.0_x50_w15_e1_b7_r3,B_grid,2,3.0,-1.0,45,2.0,false,15,65,7,50,1,8,3,39.0,1,178,202.0,0.0,0,38,11.403508771929824,0.17543859649122806,39.0,39.0,0,0,51.90337719298246,0.0,04:28-05:07
B_peak2.0_x50_w15_e1_b7_r5,B_grid,2,3.0,-1.0,45,2.0,false,15,65,7,50,1,8,5,39.0,1,178,203.0,0.0,0,39,11.403508771929824,0.17543859649122806,39.0,39.0,0,0,51.90337719298246,0.0,04:28-05:07
B_peak2.0_x50_w15_e2_b5_r3,B_grid,2,3.0,-1.0,45,2.0,false,15,65,5,50,2,8,3,63.0,5,178,185.0,12.0,0,21,18.421052631578945,0.8771929824561403,6.0,39.0,1,1,22.078815789473687,0.19047619047619047,02:46-02:51; 02:52-02:59; 04:28-05:07; 06:56-07:02; 07:06-07:12
B_peak2.0_x50_w15_e2_b5_r5,B_grid,2,3.0,-1.0,45,2.0,false,15,65,5,50,2,8,5,69.0,6,178,180.0,13.0,0,16,20.175438596491226,1.0526315789473684,6.5,39.0,2,1,22.078815789473687,0.18840579710144928,02:46-02:53; 02:54-03:00; 04:28-05:07; 05:44-05:49; 06:56-07:03; 07:07-07:12
B_peak2.0_x50_w15_e2_b7_r3,B_grid,2,3.0,-1.0,45,2.0,false,15,65,7,50,2,8,3,46.0,2,178,202.0,7.0,0,38,13.450292397660817,0.3508771929824561,23.0,39.0,0,0,23.833201754385964,0.15217391304347827,02:52-02:59; 04:28-05:07
B_peak2.0_x50_w15_e2_b7_r5,B_grid,2,3.0,-1.0,45,2.0,false,15,65,7,50,2,8,5,53.0,3,178,196.0,7.0,0,32,15.497076023391813,0.5263157894736842,7.0,39.0,0,0,22.078815789473687,0.1320754716981132,02:46-02:53; 04:28-05:07; 06:56-07:03
B_peak2.0_x55_w10_e1_b5_r3,B_grid,2,3.0,-1.0,45,2.0,false,10,65,5,55,1,8,3,72.0,6,178,185.0,11.0,0,21,21.052631578947366,1.0526315789473684,6.0,42.0,1,2,22.078815789473687,0.1527777777777778,02:46-02:52; 02:53-02:58; 04:25-05:07; 05:41-05:47; 06:58-07:04; 07:05-07:12
B_peak2.0_x55_w10_e1_b5_r5,B_grid,2,3.0,-1.0,45,2.0,false,10,65,5,55,1,8,5,73.0,5,178,185.0,14.0,0,21,21.34502923976608,0.8771929824561403,7.0,40.0,1,1,21.786418128654972,0.1917808219178082,02:45-02:59; 04:27-05:07; 05:43-05:48; 06:57-07:04; 07:05-07:12
B_peak2.0_x55_w10_e1_b7_r3,B_grid,2,3.0,-1.0,45,2.0,false,10,65,7,55,1,8,3,49.0,2,178,208.0,0.0,0,44,14.327485380116958,0.3508771929824561,24.5,42.0,0,0,51.02618421052632,0.0,04:25-05:07; 07:05-07:12
B_peak2.0_x55_w10_e1_b7_r5,B_grid,2,3.0,-1.0,45,2.0,false,10,65,7,55,1,8,5,68.0,4,178,190.0,14.0,0,26,19.883040935672515,0.7017543859649122,10.5,40.0,0,1,21.786418128654972,0.20588235294117646,02:45-02:59; 04:27-05:07; 06:57-07:04; 07:05-07:12
B_peak2.0_x55_w10_e2_b5_r3,B_grid,2,3.0,-1.0,45,2.0,false,10,65,5,55,2,8,3,90.0,8,178,174.0,22.0,0,10,26.31578947368421,1.4035087719298245,6.5,42.0,3,3,20.616827485380117,0.24444444444444444,02:41-02:46; 02:47-02:59; 03:06-03:11; 04:25-05:07; 05:41-05:48; 06:51-06:56; 06:57-07:05; 07:06-07:12
B_peak2.0_x55_w10_e2_b5_r5,B_grid,2,3.0,-1.0,45,2.0,false,10,65,5,55,2,8,5,87.0,6,178,179.0,19.0,0,15,25.438596491228072,1.0526315789473684,10.5,42.0,2,1,22.078815789473687,0.21839080459770116,02:46-03:00; 03:07-03:12; 04:25-05:07; 05:36-05:41; 05:42-05:49; 06:58-07:12
B_peak2.0_x55_w10_e2_b7_r3,B_grid,2,3.0,-1.0,45,2.0,false,10,65,7,55,2,8,3,69.0,4,178,195.0,12.0,0,31,20.175438596491226,0.7017543859649122,10.0,42.0,0,0,22.371213450292398,0.17391304347826086,02:47-02:59; 04:25-05:07; 05:41-05:48; 06:57-07:05
B_peak2.0_x55_w10_e2_b7_r5,B_grid,2,3.0,-1.0,45,2.0,false,10,65,7,55,2,8,5,77.0,4,178,189.0,14.0,0,25,22.514619883040936,0.7017543859649122,14.0,42.0,0,0,22.078815789473687,0.18181818181818182,02:46-03:00; 04:25-05:07; 05:42-05:49; 06:58-07:12
B_peak2.0_x55_w12_e1_b5_r3,B_grid,2,3.0,-1.0,45,2.0,false,12,65,5,55,1,8,3,72.0,6,178,183.0,11.0,0,19,21.052631578947366,1.0526315789473684,6.5,42.0,2,2,22.078815789473687,0.1527777777777778,02:46-02:52; 02:53-02:58; 04:25-05:07; 05:42-05:47; 06:57-07:04; 07:05-07:12
B_peak2.0_x55_w12_e1_b5_r5,B_grid,2,3.0,-1.0,45,2.0,false,12,65,5,55,1,8,5,74.0,5,178,183.0,14.0,0,19,21.637426900584796,0.8771929824561403,7.0,40.0,0,1,21.786418128654972,0.1891891891891892,02:45-02:59; 04:27-05:07; 05:42-05:48; 06:57-07:04; 07:05-07:12
B_peak2.0_x55_w12_e1_b7_r3,B_grid,2,3.0,-1.0,45,2.0,false,12,65,7,55,1,8,3,56.0,3,178,199.0,0.0,0,35,16.374269005847953,0.5263157894736842,7.0,42.0,0,1,51.02618421052632,0.0,04:25-05:07; 06:57-07:04; 07:05-07:12
B_peak2.0_x55_w12_e1_b7_r5,B_grid,2,3.0,-1.0,45,2.0,false,12,65,7,55,1,8,5,68.0,4,178,189.0,14.0,0,25,19.883040935672515,0.7017543859649122,10.5,40.0,0,1,21.786418128654972,0.20588235294117646,02:45-02:59; 04:27-05:07; 06:57-07:04; 07:05-07:12
B_peak2.0_x55_w12_e2_b5_r3,B_grid,2,3.0,-1.0,45,2.0,false,12,65,5,55,2,8,3,89.0,8,178,173.0,22.0,0,9,26.023391812865498,1.4035087719298245,6.0,42.0,3,3,20.616827485380117,0.24719101123595505,02:41-02:46; 02:47-02:59; 03:06-03:11; 04:25-05:07; 05:42-05:48; 06:51-06:56; 06:57-07:05; 07:06-07:12
B_peak2.0_x55_w12_e2_b5_r5,B_grid,2,3.0,-1.0,45,2.0,false,12,65,5,55,2,8,5,82.0,5,178,183.0,19.0,0,19,23.976608187134502,0.8771929824561403,14.0,42.0,1,0,22.078815789473687,0.23170731707317074,02:46-03:00; 03:07-03:12; 04:25-05:07; 05:42-05:49; 06:58-07:12
B_peak2.0_x55_w12_e2_b7_r3,B_grid,2,3.0,-1.0,45,2.0,false,12,65,7,55,2,8,3,62.0,3,178,200.0,12.0,0,36,18.128654970760234,0.5263157894736842,12.0,42.0,0,0,22.371213450292398,0.1935483870967742,02:47-02:59; 04:25-05:07; 06:57-07:05
B_peak2.0_x55_w12_e2_b7_r5,B_grid,2,3.0,-1.0,45,2.0,false,12,65,7,55,2,8,5,77.0,4,178,188.0,14.0,0,24,22.514619883040936,0.7017543859649122,14.0,42.0,0,0,22.078815789473687,0.18181818181818182,02:46-03:00; 04:25-05:07; 05:42-05:49; 06:58-07:12
B_peak2.0_x55_w15_e1_b5_r3,B_grid,2,3.0,-1.0,45,2.0,false,15,65,5,55,1,8,3,63.0,5,178,182.0,11.0,0,18,18.421052631578945,0.8771929824561403,6.0,39.0,1,2,22.078815789473687,0.1746031746031746,02:46-02:52; 02:53-02:58; 04:28-05:07; 06:58-07:04; 07:05-07:12
B_peak2.0_x55_w15_e1_b5_r5,B_grid,2,3.0,-1.0,45,2.0,false,15,65,5,55,1,8,5,67.0,4,178,181.0,14.0,0,17,19.5906432748538,0.7017543859649122,10.5,39.0,0,1,21.786418128654972,0.208955223880597,02:45-02:59; 04:28-05:07; 06:57-07:04; 07:05-07:12
B_peak2.0_x55_w15_e1_b7_r3,B_grid,2,3.0,-1.0,45,2.0,false,15,65,7,55,1,8,3,46.0,2,178,199.0,0.0,0,35,13.450292397660817,0.3508771929824561,23.0,39.0,0,0,51.90337719298246,0.0,04:28-05:07; 07:05-07:12
B_peak2.0_x55_w15_e1_b7_r5,B_grid,2,3.0,-1.0,45,2.0,false,15,65,7,55,1,8,5,67.0,4,178,181.0,14.0,0,17,19.5906432748538,0.7017543859649122,10.5,39.0,0,1,21.786418128654972,0.208955223880597,02:45-02:59; 04:28-05:07; 06:57-07:04; 07:05-07:12
B_peak2.0_x55_w15_e2_b5_r3,B_grid,2,3.0,-1.0,45,2.0,false,15,65,5,55,2,8,3,70.0,5,178,180.0,17.0,0,16,20.46783625730994,0.8771929824561403,8.0,39.0,1,1,22.371213450292398,0.24285714285714285,02:47-02:59; 03:06-03:11; 04:28-05:07; 06:57-07:05; 07:06-07:12
B_peak2.0_x55_w15_e2_b5_r5,B_grid,2,3.0,-1.0,45,2.0,false,15,65,5,55,2,8,5,77.0,5,178,176.0,19.0,0,12,22.514619883040936,0.8771929824561403,14.0,39.0,2,0,22.078815789473687,0.24675324675324675,02:46-03:00; 03:07-03:12; 04:28-05:07; 05:44-05:49; 06:58-07:12
B_peak2.0_x55_w15_e2_b7_r3,B_grid,2,3.0,-1.0,45,2.0,false,15,65,7,55,2,8,3,59.0,3,178,191.0,12.0,0,27,17.251461988304094,0.5263157894736842,12.0,39.0,0,0,22.371213450292398,0.2033898305084746,02:47-02:59; 04:28-05:07; 06:57-07:05
B_peak2.0_x55_w15_e2_b7_r5,B_grid,2,3.0,-1.0,45,2.0,false,15,65,7,55,2,8,5,67.0,3,178,186.0,14.0,0,22,19.5906432748538,0.5263157894736842,14.0,39.0,0,0,22.078815789473687,0.208955223880597,02:46-03:00; 04:28-05:07; 06:58-07:12
B_peak2.0_x60_w10_e1_b5_r3,B_grid,2,3.0,-1.0,45,2.0,false,10,65,5,60,1,8,3,80.0,5,178,181.0,12.0,0,17,23.391812865497073,0.8771929824561403,12.0,42.0,1,1,22.078815789473687,0.15,02:46-02:58; 04:25-05:07; 05:41-05:47; 06:51-06:56; 06:57-07:12
B_peak2.0_x60_w10_e1_b5_r5,B_grid,2,3.0,-1.0,45,2.0,false,10,65,5,60,1,8,5,87.0,5,178,176.0,19.0,0,12,25.438596491228072,0.8771929824561403,14.0,42.0,2,0,21.786418128654972,0.21839080459770116,02:45-02:59; 03:08-03:13; 04:25-05:07; 05:43-05:48; 06:51-07:12
B_peak2.0_x60_w10_e1_b7_r3,B_grid,2,3.0,-1.0,45,2.0,false,10,65,7,60,1,8,3,69.0,3,178,192.0,12.0,0,28,20.175438596491226,0.5263157894736842,15.0,42.0,0,0,22.078815789473687,0.17391304347826086,02:46-02:58; 04:25-05:07; 06:57-07:12
B_peak2.0_x60_w10_e1_b7_r5,B_grid,2,3.0,-1.0,45,2.0,false,10,65,7,60,1,8,5,77.0,3,178,186.0,14.0,0,22,22.514619883040936,0.5263157894736842,21.0,42.0,0,0,21.786418128654972,0.18181818181818182,02:45-02:59; 04:25-05:07; 06:51-07:12
B_peak2.0_x60_w10_e2_b5_r3,B_grid,2,3.0,-1.0,45,2.0,false,10,65,5,60,2,8,3,95.0,7,178,172.0,26.0,0,8,27.77777777777778,1.2280701754385965,9.0,42.0,1,2,20.616827485380117,0.2736842105263158,02:41-02:46; 02:47-02:59; 03:06-03:15; 04:25-05:07; 05:41-05:48; 06:51-06:57; 06:58-07:12
B_peak2.0_x60_w10_e2_b5_r5,B_grid,2,3.0,-1.0,45,2.0,false,10,65,5,60,2,8,5,97.0,6,178,172.0,22.0,0,8,28.362573099415204,1.0526315789473684,11.0,42.0,1,1,22.078815789473687,0.2268041237113402,02:46-03:00; 03:07-03:15; 04:25-05:07; 05:36-05:41; 05:42-05:49; 06:51-07:12
B_peak2.0_x60_w10_e2_b7_r3,B_grid,2,3.0,-1.0,45,2.0,false,10,65,7,60,2,8,3,84.0,5,178,183.0,21.0,0,19,24.561403508771928,0.8771929824561403,12.0,42.0,0,0,22.371213450292398,0.25,02:47-02:59; 03:06-03:15; 04:25-05:07; 05:41-05:48; 06:58-07:12
B_peak2.0_x60_w10_e2_b7_r5,B_grid,2,3.0,-1.0,45,2.0,false,10,65,7,60,2,8,5,92.0,5,178,177.0,22.0,0,13,26.900584795321635,0.8771929824561403,14.0,42.0,0,0,22.078815789473687,0.2391304347826087,02:46-03:00; 03:07-03:15; 04:25-05:07; 05:42-05:49; 06:51-07:12
B_peak2.0_x60_w12_e1_b5_r3,B_grid,2,3.0,-1.0,45,2.0,false,12,65,5,60,1,8,3,79.0,5,178,180.0,12.0,0,16,23.099415204678362,0.8771929824561403,12.0,42.0,2,1,22.078815789473687,0.1518987341772152,02:46-02:58; 04:25-05:07; 05:42-05:47; 06:51-06:56; 06:57-07:12
B_peak2.0_x60_w12_e1_b5_r5,B_grid,2,3.0,-1.0,45,2.0,false,12,65,5,60,1,8,5,88.0,5,178,174.0,19.0,0,10,25.730994152046783,0.8771929824561403,14.0,42.0,1,0,21.786418128654972,0.2159090909090909,02:45-02:59; 03:08-03:13; 04:25-05:07; 05:42-05:48; 06:51-07:12
B_peak2.0_x60_w12_e1_b7_r3,B_grid,2,3.0,-1.0,45,2.0,false,12,65,7,60,1,8,3,69.0,3,178,190.0,12.0,0,26,20.175438596491226,0.5263157894736842,15.0,42.0,0,0,22.078815789473687,0.17391304347826086,02:46-02:58; 04:25-05:07; 06:57-07:12
B_peak2.0_x60_w12_e1_b7_r5,B_grid,2,3.0,-1.0,45,2.0,false,12,65,7,60,1,8,5,77.0,3,178,185.0,14.0,0,21,22.514619883040936,0.5263157894736842,21.0,42.0,0,0,21.786418128654972,0.18181818181818182,02:45-02:59; 04:25-05:07; 06:51-07:12
B_peak2.0_x60_w12_e2_b5_r3,B_grid,2,3.0,-1.0,45,2.0,false,12,65,5,60,2,8,3,94.0,7,178,171.0,26.0,0,7,27.485380116959064,1.2280701754385965,9.0,42.0,1,2,20.616827485380117,0.2765957446808511,02:41-02:46; 02:47-02:59; 03:06-03:15; 04:25-05:07; 05:42-05:48; 06:51-06:57; 06:58-07:12
B_peak2.0_x60_w12_e2_b5_r5,B_grid,2,3.0,-1.0,45,2.0,false,12,65,5,60,2,8,5,92.0,5,178,176.0,22.0,0,12,26.900584795321635,0.8771929824561403,14.0,42.0,0,0,22.078815789473687,0.2391304347826087,02:46-03:00; 03:07-03:15; 04:25-05:07; 05:42-05:49; 06:51-07:12
B_peak2.0_x60_w12_e2_b7_r3,B_grid,2,3.0,-1.0,45,2.0,false,12,65,7,60,2,8,3,77.0,4,178,188.0,21.0,0,24,22.514619883040936,0.7017543859649122,13.0,42.0,0,0,22.371213450292398,0.2727272727272727,02:47-02:59; 03:06-03:15; 04:25-05:07; 06:58-07:12
B_peak2.0_x60_w12_e2_b7_r5,B_grid,2,3.0,-1.0,45,2.0,false,12,65,7,60,2,8,5,92.0,5,178,176.0,22.0,0,12,26.900584795321635,0.8771929824561403,14.0,42.0,0,0,22.078815789473687,0.2391304347826087,02:46-03:00; 03:07-03:15; 04:25-05:07; 05:42-05:49; 06:51-07:12
B_peak2.0_x60_w15_e1_b5_r3,B_grid,2,3.0,-1.0,45,2.0,false,15,65,5,60,1,8,3,66.0,3,178,183.0,12.0,0,19,19.298245614035086,0.5263157894736842,15.0,39.0,0,0,22.078815789473687,0.18181818181818182,02:46-02:58; 04:28-05:07; 06:57-07:12
B_peak2.0_x60_w15_e1_b5_r5,B_grid,2,3.0,-1.0,45,2.0,false,15,65,5,60,1,8,5,77.0,4,178,174.0,19.0,0,10,22.514619883040936,0.7017543859649122,16.5,39.0,1,0,21.786418128654972,0.24675324675324675,02:45-02:59; 03:08-03:13; 04:28-05:07; 06:53-07:12
B_peak2.0_x60_w15_e1_b7_r3,B_grid,2,3.0,-1.0,45,2.0,false,15,65,7,60,1,8,3,66.0,3,178,183.0,12.0,0,19,19.298245614035086,0.5263157894736842,15.0,39.0,0,0,22.078815789473687,0.18181818181818182,02:46-02:58; 04:28-05:07; 06:57-07:12
B_peak2.0_x60_w15_e1_b7_r5,B_grid,2,3.0,-1.0,45,2.0,false,15,65,7,60,1,8,5,72.0,3,178,179.0,14.0,0,15,21.052631578947366,0.5263157894736842,19.0,39.0,0,0,21.786418128654972,0.19444444444444445,02:45-02:59; 04:28-05:07; 06:53-07:12
B_peak2.0_x60_w15_e2_b5_r3,B_grid,2,3.0,-1.0,45,2.0,false,15,65,5,60,2,8,3,74.0,4,178,179.0,21.0,0,15,21.637426900584796,0.7017543859649122,13.0,39.0,0,0,22.371213450292398,0.28378378378378377,02:47-02:59; 03:06-03:15; 04:28-05:07; 06:58-07:12
B_peak2.0_x60_w15_e2_b5_r5,B_grid,2,3.0,-1.0,45,2.0,false,15,65,5,60,2,8,5,85.0,5,178,170.0,22.0,0,6,24.853801169590643,0.8771929824561403,14.0,39.0,1,0,22.078815789473687,0.25882352941176473,02:46-03:00; 03:07-03:15; 04:28-05:07; 05:44-05:49; 06:53-07:12
B_peak2.0_x60_w15_e2_b7_r3,B_grid,2,3.0,-1.0,45,2.0,false,15,65,7,60,2,8,3,74.0,4,178,179.0,21.0,0,15,21.637426900584796,0.7017543859649122,13.0,39.0,0,0,22.371213450292398,0.28378378378378377,02:47-02:59; 03:06-03:15; 04:28-05:07; 06:58-07:12
B_peak2.0_x60_w15_e2_b7_r5,B_grid,2,3.0,-1.0,45,2.0,false,15,65,7,60,2,8,5,80.0,4,178,175.0,22.0,0,11,23.391812865497073,0.7017543859649122,16.5,39.0,0,0,22.078815789473687,0.275,02:46-03:00; 03:07-03:15; 04:28-05:07; 06:53-07:12
B_peak2.0_x65_w10_e1_b5_r3,B_grid,2,3.0,-1.0,45,2.0,false,10,65,5,65,1,8,3,95.0,6,178,172.0,27.0,0,8,27.77777777777778,1.0526315789473684,12.5,42.0,1,1,20.616827485380117,0.28421052631578947,02:41-02:58; 03:01-03:11; 04:25-05:07; 05:41-05:47; 06:51-06:56; 06:57-07:12
B_peak2.0_x65_w10_e1_b5_r5,B_grid,2,3.0,-1.0,45,2.0,false,10,65,5,65,1,8,5,99.0,5,178,170.0,31.0,0,6,28.947368421052634,0.8771929824561403,18.0,42.0,1,0,20.616827485380117,0.31313131313131315,02:41-02:59; 03:02-03:15; 04:25-05:07; 05:43-05:48; 06:51-07:12
B_peak2.0_x65_w10_e1_b7_r3,B_grid,2,3.0,-1.0,45,2.0,false,10,65,7,65,1,8,3,84.0,4,178,183.0,27.0,0,19,24.561403508771928,0.7017543859649122,16.0,42.0,0,0,20.616827485380117,0.32142857142857145,02:41-02:58; 03:01-03:11; 04:25-05:07; 06:57-07:12
B_peak2.0_x65_w10_e1_b7_r5,B_grid,2,3.0,-1.0,45,2.0,false,10,65,7,65,1,8,5,94.0,4,178,175.0,31.0,0,11,27.485380116959064,0.7017543859649122,19.5,42.0,0,0,20.616827485380117,0.32978723404255317,02:41-02:59; 03:02-03:15; 04:25-05:07; 06:51-07:12
B_peak2.0_x65_w10_e2_b5_r3,B_grid,2,3.0,-1.0,45,2.0,false,10,65,5,65,2,8,3,102.0,6,178,168.0,33.0,0,4,29.82456140350877,1.0526315789473684,14.5,42.0,0,2,20.616827485380117,0.3235294117647059,02:41-02:59; 03:00-03:15; 04:25-05:07; 05:41-05:48; 06:51-06:57; 06:58-07:12
B_peak2.0_x65_w10_e2_b5_r5,B_grid,2,3.0,-1.0,45,2.0,false,10,65,5,65,2,8,5,108.0,6,178,164.0,33.0,0,0,31.57894736842105,1.0526315789473684,16.5,42.0,1,2,20.616827485380117,0.3055555555555556,02:41-03:00; 03:01-03:15; 04:25-05:07; 05:36-05:41; 05:42-05:49; 06:51-07:12
B_peak2.0_x65_w10_e2_b7_r3,B_grid,2,3.0,-1.0,45,2.0,false,10,65,7,65,2,8,3,96.0,5,178,174.0,33.0,0,10,28.07017543859649,0.8771929824561403,15.0,42.0,0,1,20.616827485380117,0.34375,02:41-02:59; 03:00-03:15; 04:25-05:07; 05:41-05:48; 06:58-07:12
B_peak2.0_x65_w10_e2_b7_r5,B_grid,2,3.0,-1.0,45,2.0,false,10,65,7,65,2,8,5,103.0,5,178,169.0,33.0,0,5,30.116959064327485,0.8771929824561403,19.0,42.0,0,1,20.616827485380117,0.32038834951456313,02:41-03:00; 03:01-03:15; 04:25-05:07; 05:42-05:49; 06:51-07:12
B_peak2.0_x65_w12_e1_b5_r3,B_grid,2,3.0,-1.0,45,2.0,false,12,65,5,65,1,8,3,94.0,6,178,171.0,27.0,0,7,27.485380116959064,1.0526315789473684,12.5,42.0,2,1,20.616827485380117,0.2872340425531915,02:41-02:58; 03:01-03:11; 04:25-05:07; 05:42-05:47; 06:51-06:56; 06:57-07:12
B_peak2.0_x65_w12_e1_b5_r5,B_grid,2,3.0,-1.0,45,2.0,false,12,65,5,65,1,8,5,100.0,5,178,168.0,31.0,0,4,29.239766081871345,0.8771929824561403,18.0,42.0,0,0,20.616827485380117,0.31,02:41-02:59; 03:02-03:15; 04:25-05:07; 05:42-05:48; 06:51-07:12
B_peak2.0_x65_w12_e1_b7_r3,B_grid,2,3.0,-1.0,45,2.0,false,12,65,7,65,1,8,3,84.0,4,178,181.0,27.0,0,17,24.561403508771928,0.7017543859649122,16.0,42.0,0,0,20.616827485380117,0.32142857142857145,02:41-02:58; 03:01-03:11; 04:25-05:07; 06:57-07:12
B_peak2.0_x65_w12_e1_b7_r5,B_grid,2,3.0,-1.0,45,2.0,false,12,65,7,65,1,8,5,94.0,4,178,174.0,31.0,0,10,27.485380116959064,0.7017543859649122,19.5,42.0,0,0,20.616827485380117,0.32978723404255317,02:41-02:59; 03:02-03:15; 04:25-05:07; 06:51-07:12
B_peak2.0_x65_w12_e2_b5_r3,B_grid,2,3.0,-1.0,45,2.0,false,12,65,5,65,2,8,3,101.0,6,178,167.0,33.0,0,3,29.53216374269006,1.0526315789473684,14.5,42.0,0,2,20.616827485380117,0.32673267326732675,02:41-02:59; 03:00-03:15; 04:25-05:07; 05:42-05:48; 06:51-06:57; 06:58-07:12
B_peak2.0_x65_w12_e2_b5_r5,B_grid,2,3.0,-1.0,45,2.0,false,12,65,5,65,2,8,5,103.0,5,178,168.0,33.0,0,4,30.116959064327485,0.8771929824561403,19.0,42.0,0,1,20.616827485380117,0.32038834951456313,02:41-03:00; 03:01-03:15; 04:25-05:07; 05:42-05:49; 06:51-07:12
B_peak2.0_x65_w12_e2_b7_r3,B_grid,2,3.0,-1.0,45,2.0,false,12,65,7,65,2,8,3,89.0,4,178,179.0,33.0,0,15,26.023391812865498,0.7017543859649122,16.5,42.0,0,1,20.616827485380117,0.3707865168539326,02:41-02:59; 03:00-03:15; 04:25-05:07; 06:58-07:12
B_peak2.0_x65_w12_e2_b7_r5,B_grid,2,3.0,-1.0,45,2.0,false,12,65,7,65,2,8,5,103.0,5,178,168.0,33.0,0,4,30.116959064327485,0.8771929824561403,19.0,42.0,0,1,20.616827485380117,0.32038834951456313,02:41-03:00; 03:01-03:15; 04:25-05:07; 05:42-05:49; 06:51-07:12
B_peak2.0_x65_w15_e1_b5_r3,B_grid,2,3.0,-1.0,45,2.0,false,15,65,5,65,1,8,3,79.0,4,178,175.0,25.0,0,11,23.099415204678362,0.7017543859649122,15.0,39.0,0,0,21.201622807017547,0.31645569620253167,02:43-02:58; 03:01-03:11; 04:28-05:07; 06:57-07:12
B_peak2.0_x65_w15_e1_b5_r5,B_grid,2,3.0,-1.0,45,2.0,false,15,65,5,65,1,8,5,87.0,4,178,169.0,29.0,0,5,25.438596491228072,0.7017543859649122,17.5,39.0,0,0,21.201622807017547,0.3333333333333333,02:43-02:59; 03:02-03:15; 04:28-05:07; 06:53-07:12
B_peak2.0_x65_w15_e1_b7_r3,B_grid,2,3.0,-1.0,45,2.0,false,15,65,7,65,1,8,3,79.0,4,178,175.0,25.0,0,11,23.099415204678362,0.7017543859649122,15.0,39.0,0,0,21.201622807017547,0.31645569620253167,02:43-02:58; 03:01-03:11; 04:28-05:07; 06:57-07:12
B_peak2.0_x65_w15_e1_b7_r5,B_grid,2,3.0,-1.0,45,2.0,false,15,65,7,65,1,8,5,87.0,4,178,169.0,29.0,0,5,25.438596491228072,0.7017543859649122,17.5,39.0,0,0,21.201622807017547,0.3333333333333333,02:43-02:59; 03:02-03:15; 04:28-05:07; 06:53-07:12
B_peak2.0_x65_w15_e2_b5_r3,B_grid,2,3.0,-1.0,45,2.0,false,15,65,5,65,2,8,3,84.0,4,178,172.0,31.0,0,8,24.561403508771928,0.7017543859649122,15.5,39.0,0,1,21.201622807017547,0.36904761904761907,02:43-02:59; 03:00-03:15; 04:28-05:07; 06:58-07:12
B_peak2.0_x65_w15_e2_b5_r5,B_grid,2,3.0,-1.0,45,2.0,false,15,65,5,65,2,8,5,94.0,5,178,164.0,31.0,0,0,27.485380116959064,0.8771929824561403,17.0,39.0,1,1,21.201622807017547,0.32978723404255317,02:43-03:00; 03:01-03:15; 04:28-05:07; 05:44-05:49; 06:53-07:12
B_peak2.0_x65_w15_e2_b7_r3,B_grid,2,3.0,-1.0,45,2.0,false,15,65,7,65,2,8,3,84.0,4,178,172.0,31.0,0,8,24.561403508771928,0.7017543859649122,15.5,39.0,0,1,21.201622807017547,0.36904761904761907,02:43-02:59; 03:00-03:15; 04:28-05:07; 06:58-07:12
B_peak2.0_x65_w15_e2_b7_r5,B_grid,2,3.0,-1.0,45,2.0,false,15,65,7,65,2,8,5,89.0,4,178,169.0,31.0,0,5,26.023391812865498,0.7017543859649122,18.0,39.0,0,1,21.201622807017547,0.34831460674157305,02:43-03:00; 03:01-03:15; 04:28-05:07; 06:53-07:12
B_peak2.5_x50_w10_e1_b5_r3,B_grid,2,3.0,-1.0,45,2.5,false,10,65,5,50,1,8,3,71.0,6,205,165.0,0.0,0,28,20.760233918128655,1.0526315789473684,6.0,42.0,1,1,51.02618421052632,0.0,04:25-05:07; 05:41-05:47; 06:15-06:21; 06:26-06:31; 06:32-06:38; 07:06-07:12
B_peak2.5_x50_w10_e1_b7_r3,B_grid,2,3.0,-1.0,45,2.5,false,10,65,7,50,1,8,3,42.0,1,205,194.0,0.0,0,57,12.280701754385964,0.17543859649122806,42.0,42.0,0,0,51.02618421052632,0.0,04:25-05:07
B_peak2.5_x50_w10_e1_b7_r5,B_grid,2,3.0,-1.0,45,2.5,false,10,65,7,50,1,8,5,60.0,3,205,179.0,0.0,0,42,17.543859649122805,0.5263157894736842,13.0,40.0,0,0,51.610979532163746,0.0,04:27-05:07; 06:15-06:22; 06:26-06:39
B_peak2.5_x50_w10_e2_b5_r3,B_grid,2,3.0,-1.0,45,2.5,false,10,65,5,50,2,8,3,84.0,8,205,162.0,5.0,0,25,24.561403508771928,1.4035087719298245,6.0,42.0,2,1,24.417997076023394,0.05952380952380952,02:54-02:59; 04:25-05:07; 05:41-05:48; 06:15-06:22; 06:26-06:32; 06:33-06:39; 06:57-07:02; 07:06-07:12
B_peak2.5_x50_w10_e2_b5_r5,B_grid,2,3.0,-1.0,45,2.5,false,10,65,5,50,2,8,5,93.0,8,205,159.0,6.0,0,22,27.192982456140353,1.4035087719298245,6.5,42.0,2,1,24.417997076023394,0.06451612903225806,02:54-03:00; 04:25-05:07; 05:36-05:41; 05:42-05:49; 06:15-06:23; 06:26-06:40; 06:57-07:03; 07:07-07:12
B_peak2.5_x50_w10_e2_b7_r3,B_grid,2,3.0,-1.0,45,2.5,false,10,65,7,50,2,8,3,56.0,3,205,190.0,0.0,0,53,16.374269005847953,0.5263157894736842,7.0,42.0,0,0,51.02618421052632,0.0,04:25-05:07; 05:41-05:48; 06:15-06:22
B_peak2.5_x50_w10_e2_b7_r5,B_grid,2,3.0,-1.0,45,2.5,false,10,65,7,50,2,8,5,71.0,4,205,181.0,0.0,0,44,20.760233918128655,0.7017543859649122,11.0,42.0,0,0,51.02618421052632,0.0,04:25-05:07; 05:42-05:49; 06:15-06:23; 06:26-06:40
B_peak2.5_x50_w12_e1_b5_r3,B_grid,2,3.0,-1.0,45,2.5,false,12,65,5,50,1,8,3,69.0,6,205,167.0,0.0,0,30,20.175438596491226,1.0526315789473684,5.5,42.0,3,1,51.02618421052632,0.0,04:25-05:07; 05:42-05:47; 06:16-06:21; 06:26-06:31; 06:32-06:38; 07:06-07:12
B_peak2.5_x50_w12_e1_b5_r5,B_grid,2,3.0,-1.0,45,2.5,false,12,65,5,50,1,8,5,70.0,5,205,170.0,0.0,0,33,20.46783625730994,0.8771929824561403,6.0,40.0,1,0,51.610979532163746,0.0,04:27-05:07; 05:42-05:48; 06:16-06:22; 06:26-06:39; 07:07-07:12
B_peak2.5_x50_w12_e1_b7_r3,B_grid,2,3.0,-1.0,45,2.5,false,12,65,7,50,1,8,3,42.0,1,205,194.0,0.0,0,57,12.280701754385964,0.17543859649122806,42.0,42.0,0,0,51.02618421052632,0.0,04:25-05:07
B_peak2.5_x50_w12_e1_b7_r5,B_grid,2,3.0,-1.0,45,2.5,false,12,65,7,50,1,8,5,53.0,2,205,187.0,0.0,0,50,15.497076023391813,0.3508771929824561,26.5,40.0,0,0,51.610979532163746,0.0,04:27-05:07; 06:26-06:39
B_peak2.5_x50_w12_e2_b5_r3,B_grid,2,3.0,-1.0,45,2.5,false,12,65,5,50,2,8,3,72.0,6,205,173.0,0.0,0,36,21.052631578947366,1.0526315789473684,6.0,42.0,0,1,51.02618421052632,0.0,04:25-05:07; 05:42-05:48; 06:16-06:22; 06:26-06:32; 06:33-06:39; 07:06-07:12
B_peak2.5_x50_w12_e2_b5_r5,B_grid,2,3.0,-1.0,45,2.5,false,12,65,5,50,2,8,5,85.0,7,205,167.0,5.0,0,30,24.853801169590643,1.2280701754385965,7.0,42.0,3,0,24.710394736842105,0.058823529411764705,02:55-03:00; 04:25-05:07; 05:42-05:49; 06:16-06:23; 06:26-06:40; 06:58-07:03; 07:07-07:12
B_peak2.5_x50_w12_e2_b7_r3,B_grid,2,3.0,-1.0,45,2.5,false,12,65,7,50,2,8,3,42.0,1,205,203.0,0.0,0,66,12.280701754385964,0.17543859649122806,42.0,42.0,0,0,51.02618421052632,0.0,04:25-05:07
B_peak2.5_x50_w12_e2_b7_r5,B_grid,2,3.0,-1.0,45,2.5,false,12,65,7,50,2,8,5,70.0,4,205,182.0,0.0,0,45,20.46783625730994,0.7017543859649122,10.5,42.0,0,0,51.02618421052632,0.0,04:25-05:07; 05:42-05:49; 06:16-06:23; 06:26-06:40
B_peak2.5_x50_w15_e1_b5_r3,B_grid,2,3.0,-1.0,45,2.5,false,15,65,5,50,1,8,3,56.0,4,205,172.0,0.0,0,35,16.374269005847953,0.7017543859649122,6.0,39.0,1,1,51.90337719298246,0.0,04:28-05:07; 06:26-06:31; 06:32-06:38; 07:06-07:12
B_peak2.5_x50_w15_e1_b5_r5,B_grid,2,3.0,-1.0,45,2.5,false,15,65,5,50,1,8,5,62.0,4,205,169.0,0.0,0,32,18.128654970760234,0.7017543859649122,9.0,39.0,2,0,51.90337719298246,0.0,04:28-05:07; 06:26-06:39; 06:57-07:02; 07:07-07:12
B_peak2.5_x50_w15_e1_b7_r3,B_grid,2,3.0,-1.0,45,2.5,false,15,65,7,50,1,8,3,39.0,1,205,189.0,0.0,0,52,11.403508771929824,0.17543859649122806,39.0,39.0,0,0,51.90337719298246,0.0,04:28-05:07
B_peak2.5_x50_w15_e1_b7_r5,B_grid,2,3.0,-1.0,45,2.5,false,15,65,7,50,1,8,5,52.0,2,205,179.0,0.0,0,42,15.204678362573098,0.3508771929824561,26.0,39.0,0,0,51.90337719298246,0.0,04:28-05:07; 06:26-06:39
B_peak2.5_x50_w15_e2_b5_r3,B_grid,2,3.0,-1.0,45,2.5,false,15,65,5,50,2,8,3,63.0,5,205,174.0,0.0,0,37,18.421052631578945,0.8771929824561403,6.0,39.0,0,1,51.90337719298246,0.0,04:28-05:07; 06:26-06:32; 06:33-06:39; 06:56-07:02; 07:06-07:12
B_peak2.5_x50_w15_e2_b5_r5,B_grid,2,3.0,-1.0,45,2.5,false,15,65,5,50,2,8,5,80.0,7,205,163.0,5.0,0,26,23.391812865497073,1.2280701754385965,5.0,39.0,4,0,24.710394736842105,0.0625,02:55-03:00; 04:28-05:07; 05:44-05:49; 06:18-06:23; 06:26-06:40; 06:56-07:03; 07:07-07:12
B_peak2.5_x50_w15_e2_b7_r3,B_grid,2,3.0,-1.0,45,2.5,false,15,65,7,50,2,8,3,39.0,1,205,198.0,0.0,0,61,11.403508771929824,0.17543859649122806,39.0,39.0,0,0,51.90337719298246,0.0,04:28-05:07
B_peak2.5_x50_w15_e2_b7_r5,B_grid,2,3.0,-1.0,45,2.5,false,15,65,7,50,2,8,5,60.0,3,205,183.0,0.0,0,46,17.543859649122805,0.5263157894736842,14.0,39.0,0,0,51.90337719298246,0.0,04:28-05:07; 06:26-06:40; 06:56-07:03
B_peak2.5_x55_w10_e1_b5_r3,B_grid,2,3.0,-1.0,45,2.5,false,10,65,5,55,1,8,3,84.0,8,205,157.0,5.0,0,20,24.561403508771928,1.4035087719298245,6.0,42.0,2,2,24.12559941520468,0.05952380952380952,02:53-02:58; 04:25-05:07; 05:41-05:47; 06:15-06:21; 06:26-06:31; 06:32-06:38; 06:57-07:04; 07:05-07:12
B_peak2.5_x55_w10_e1_b5_r5,B_grid,2,3.0,-1.0,45,2.5,false,10,65,5,55,1,8,5,90.0,8,205,156.0,11.0,0,19,26.31578947368421,1.4035087719298245,7.0,40.0,2,2,22.371213450292398,0.12222222222222222,02:47-02:52; 02:53-02:59; 04:27-05:07; 05:43-05:48; 06:15-06:22; 06:26-06:39; 06:57-07:04; 07:05-07:12
B_peak2.5_x55_w10_e1_b7_r3,B_grid,2,3.0,-1.0,45,2.5,false,10,65,7,55,1,8,3,56.0,3,205,185.0,0.0,0,48,16.374269005847953,0.5263157894736842,7.0,42.0,0,1,51.02618421052632,0.0,04:25-05:07; 06:57-07:04; 07:05-07:12
B_peak2.5_x55_w10_e1_b7_r5,B_grid,2,3.0,-1.0,45,2.5,false,10,65,7,55,1,8,5,74.0,5,205,172.0,0.0,0,35,21.637426900584796,0.8771929824561403,7.0,40.0,0,1,51.610979532163746,0.0,04:27-05:07; 06:15-06:22; 06:26-06:39; 06:57-07:04; 07:05-07:12
B_peak2.5_x55_w10_e2_b5_r3,B_grid,2,3.0,-1.0,45,2.5,false,10,65,5,55,2,8,3,100.0,10,205,150.0,18.0,0,13,29.239766081871345,1.7543859649122806,6.5,42.0,1,3,21.786418128654972,0.18,02:45-02:51; 02:52-02:59; 03:06-03:11; 04:25-05:07; 05:41-05:48; 06:15-06:22; 06:26-06:32; 06:33-06:39; 06:57-07:05; 07:06-07:12
B_peak2.5_x55_w10_e2_b5_r5,B_grid,2,3.0,-1.0,45,2.5,false,10,65,5,55,2,8,5,107.0,9,205,149.0,16.0,0,12,31.28654970760234,1.5789473684210527,7.0,42.0,3,2,22.663611111111113,0.14953271028037382,02:48-02:53; 02:54-03:00; 03:07-03:12; 04:25-05:07; 05:36-05:41; 05:42-05:49; 06:15-06:23; 06:26-06:40; 06:57-07:12
B_peak2.5_x55_w10_e2_b7_r3,B_grid,2,3.0,-1.0,45,2.5,false,10,65,7,55,2,8,3,71.0,5,205,179.0,7.0,0,42,20.760233918128655,0.8771929824561403,7.0,42.0,0,0,23.833201754385964,0.09859154929577464,02:52-02:59; 04:25-05:07; 05:41-05:48; 06:15-06:22; 06:57-07:05
B_peak2.5_x55_w10_e2_b7_r5,B_grid,2,3.0,-1.0,45,2.5,false,10,65,7,55,2,8,5,86.0,5,205,170.0,0.0,0,33,25.146198830409354,0.8771929824561403,14.0,42.0,0,0,51.02618421052632,0.0,04:25-05:07; 05:42-05:49; 06:15-06:23; 06:26-06:40; 06:57-07:12
B_peak2.5_x55_w12_e1_b5_r3,B_grid,2,3.0,-1.0,45,2.5,false,12,65,5,55,1,8,3,81.0,8,205,160.0,5.0,0,23,23.684210526315788,1.4035087719298245,5.5,42.0,4,2,24.12559941520468,0.06172839506172839,02:53-02:58; 04:25-05:07; 05:42-05:47; 06:16-06:21; 06:26-06:31; 06:32-06:38; 06:58-07:04; 07:05-07:12
B_peak2.5_x55_w12_e1_b5_r5,B_grid,2,3.0,-1.0,45,2.5,false,12,65,5,55,1,8,5,84.0,7,205,162.0,6.0,0,25,24.561403508771928,1.2280701754385965,6.0,40.0,0,1,24.12559941520468,0.07142857142857142,02:53-02:59; 04:27-05:07; 05:42-05:48; 06:16-06:22; 06:26-06:39; 06:58-07:04; 07:05-07:12
B_peak2.5_x55_w12_e1_b7_r3,B_grid,2,3.0,-1.0,45,2.5,false,12,65,7,55,1,8,3,49.0,2,205,192.0,0.0,0,55,14.327485380116958,0.3508771929824561,24.5,42.0,0,0,51.02618421052632,0.0,04:25-05:07; 07:05-07:12
B_peak2.5_x55_w12_e1_b7_r5,B_grid,2,3.0,-1.0,45,2.5,false,12,65,7,55,1,8,5,60.0,3,205,186.0,0.0,0,49,17.543859649122805,0.5263157894736842,13.0,40.0,0,0,51.610979532163746,0.0,04:27-05:07; 06:26-06:39; 07:05-07:12
B_peak2.5_x55_w12_e2_b5_r3,B_grid,2,3.0,-1.0,45,2.5,false,12,65,5,55,2,8,3,96.0,10,205,153.0,17.0,0,16,28.07017543859649,1.7543859649122806,6.0,42.0,2,3,22.078815789473687,0.17708333333333334,02:46-02:51; 02:52-02:59; 03:06-03:11; 04:25-05:07; 05:42-05:48; 06:16-06:22; 06:26-06:32; 06:33-06:39; 06:58-07:05; 07:06-07:12
B_peak2.5_x55_w12_e2_b5_r5,B_grid,2,3.0,-1.0,45,2.5,false,12,65,5,55,2,8,5,102.0,8,205,155.0,18.0,0,18,29.82456140350877,1.4035087719298245,7.0,42.0,1,1,22.078815789473687,0.17647058823529413,02:46-02:53; 02:54-03:00; 03:07-03:12; 04:25-05:07; 05:42-05:49; 06:16-06:23; 06:26-06:40; 06:58-07:12
B_peak2.5_x55_w12_e2_b7_r3,B_grid,2,3.0,-1.0,45,2.5,false,12,65,7,55,2,8,3,56.0,3,205,193.0,7.0,0,56,16.374269005847953,0.5263157894736842,7.0,42.0,0,0,23.833201754385964,0.125,02:52-02:59; 04:25-05:07; 06:58-07:05
B_peak2.5_x55_w12_e2_b7_r5,B_grid,2,3.0,-1.0,45,2.5,false,12,65,7,55,2,8,5,91.0,6,205,166.0,7.0,0,29,26.608187134502927,1.0526315789473684,10.5,42.0,0,0,22.078815789473687,0.07692307692307693,02:46-02:53; 04:25-05:07; 05:42-05:49; 06:16-06:23; 06:26-06:40; 06:58-07:12
B_peak2.5_x55_w15_e1_b5_r3,B_grid,2,3.0,-1.0,45,2.5,false,15,65,5,55,1,8,3,69.0,6,205,164.0,5.0,0,27,20.175438596491226,1.0526315789473684,6.5,39.0,2,2,24.12559941520468,0.07246376811594203,02:53-02:58; 04:28-05:07; 06:26-06:31; 06:32-06:38; 06:57-07:04; 07:05-07:12
B_peak2.5_x55_w15_e1_b5_r5,B_grid,2,3.0,-1.0,45,2.5,false,15,65,5,55,1,8,5,77.0,6,205,161.0,11.0,0,24,22.514619883040936,1.0526315789473684,7.0,39.0,1,2,22.371213450292398,0.14285714285714285,02:47-02:52; 02:53-02:59; 04:28-05:07; 06:26-06:39; 06:57-07:04; 07:05-07:12
B_peak2.5_x55_w15_e1_b7_r3,B_grid,2,3.0,-1.0,45,2.5,false,15,65,7,55,1,8,3,53.0,3,205,180.0,0.0,0,43,15.497076023391813,0.5263157894736842,7.0,39.0,0,1,51.90337719298246,0.0,04:28-05:07; 06:57-07:04; 07:05-07:12
B_peak2.5_x55_w15_e1_b7_r5,B_grid,2,3.0,-1.0,45,2.5,false,15,65,7,55,1,8,5,66.0,4,205,172.0,0.0,0,35,19.298245614035086,0.7017543859649122,10.0,39.0,0,1,51.90337719298246,0.0,04:28-05:07; 06:26-06:39; 06:57-07:04; 07:05-07:12
B_peak2.5_x55_w15_e2_b5_r3,B_grid,2,3.0,-1.0,45,2.5,false,15,65,5,55,2,8,3,83.0,8,205,158.0,17.0,0,21,24.269005847953213,1.4035087719298245,6.0,39.0,2,3,22.078815789473687,0.20481927710843373,02:46-02:51; 02:52-02:59; 03:06-03:11; 04:28-05:07; 06:26-06:32; 06:33-06:39; 06:56-07:05; 07:06-07:12
B_peak2.5_x55_w15_e2_b5_r5,B_grid,2,3.0,-1.0,45,2.5,false,15,65,5,55,2,8,5,97.0,8,205,151.0,18.0,0,14,28.362573099415204,1.4035087719298245,6.5,39.0,3,1,22.078815789473687,0.18556701030927836,02:46-02:53; 02:54-03:00; 03:07-03:12; 04:28-05:07; 05:44-05:49; 06:18-06:23; 06:26-06:40; 06:56-07:12
B_peak2.5_x55_w15_e2_b7_r3,B_grid,2,3.0,-1.0,45,2.5,false,15,65,7,55,2,8,3,55.0,3,205,186.0,7.0,0,49,16.08187134502924,0.5263157894736842,9.0,39.0,0,0,23.833201754385964,0.12727272727272726,02:52-02:59; 04:28-05:07; 06:56-07:05
B_peak2.5_x55_w15_e2_b7_r5,B_grid,2,3.0,-1.0,45,2.5,false,15,65,7,55,2,8,5,76.0,4,205,172.0,7.0,0,35,22.22222222222222,0.7017543859649122,15.0,39.0,0,0,22.078815789473687,0.09210526315789473,02:46-02:53; 04:28-05:07; 06:26-06:40; 06:56-07:12
B_peak2.5_x60_w10_e1_b5_r3,B_grid,2,3.0,-1.0,45,2.5,false,10,65,5,60,1,8,3,89.0,9,205,155.0,10.0,0,18,26.023391812865498,1.5789473684210527,6.0,42.0,3,3,22.371213450292398,0.11235955056179775,02:47-02:52; 02:53-02:58; 04:25-05:07; 05:41-05:47; 06:15-06:21; 06:26-06:31; 06:32-06:38; 06:57-07:04; 07:05-07:12
B_peak2.5_x60_w10_e1_b5_r5,B_grid,2,3.0,-1.0,45,2.5,false,10,65,5,60,1,8,5,100.0,8,205,151.0,19.0,0,14,29.239766081871345,1.4035087719298245,7.0,42.0,2,1,21.786418128654972,0.19,02:45-02:59; 03:08-03:13; 04:25-05:07; 05:43-05:48; 06:15-06:22; 06:26-06:39; 06:57-07:04; 07:05-07:12
B_peak2.5_x60_w10_e1_b7_r3,B_grid,2,3.0,-1.0,45,2.5,false,10,65,7,60,1,8,3,56.0,3,205,188.0,0.0,0,51,16.374269005847953,0.5263157894736842,7.0,42.0,0,1,51.02618421052632,0.0,04:25-05:07; 06:57-07:04; 07:05-07:12
B_peak2.5_x60_w10_e1_b7_r5,B_grid,2,3.0,-1.0,45,2.5,false,10,65,7,60,1,8,5,90.0,6,205,161.0,14.0,0,24,26.31578947368421,1.0526315789473684,10.0,42.0,0,1,21.786418128654972,0.15555555555555556,02:45-02:59; 04:25-05:07; 06:15-06:22; 06:26-06:39; 06:57-07:04; 07:05-07:12
B_peak2.5_x60_w10_e2_b5_r3,B_grid,2,3.0,-1.0,45,2.5,false,10,65,5,60,2,8,3,105.0,9,205,149.0,23.0,0,12,30.701754385964914,1.5789473684210527,7.0,42.0,0,2,21.786418128654972,0.21904761904761905,02:45-02:59; 03:06-03:15; 04:25-05:07; 05:41-05:48; 06:15-06:22; 06:26-06:32; 06:33-06:39; 06:57-07:05; 07:06-07:12
B_peak2.5_x60_w10_e2_b5_r5,B_grid,2,3.0,-1.0,45,2.5,false,10,65,5,60,2,8,5,119.0,9,205,141.0,23.0,0,4,34.7953216374269,1.5789473684210527,8.0,42.0,2,1,21.786418128654972,0.19327731092436976,02:45-03:00; 03:07-03:15; 04:25-05:07; 05:36-05:41; 05:42-05:49; 06:15-06:23; 06:26-06:40; 06:43-06:48; 06:57-07:12
B_peak2.5_x60_w10_e2_b7_r3,B_grid,2,3.0,-1.0,45,2.5,false,10,65,7,60,2,8,3,87.0,6,205,167.0,23.0,0,30,25.438596491228072,1.0526315789473684,8.5,42.0,0,0,21.786418128654972,0.26436781609195403,02:45-02:59; 03:06-03:15; 04:25-05:07; 05:41-05:48; 06:15-06:22; 06:57-07:05
B_peak2.5_x60_w10_e2_b7_r5,B_grid,2,3.0,-1.0,45,2.5,false,10,65,7,60,2,8,5,109.0,7,205,151.0,23.0,0,14,31.871345029239766,1.2280701754385965,14.0,42.0,0,0,21.786418128654972,0.21100917431192662,02:45-03:00; 03:07-03:15; 04:25-05:07; 05:42-05:49; 06:15-06:23; 06:26-06:40; 06:57-07:12
B_peak2.5_x60_w12_e1_b5_r3,B_grid,2,3.0,-1.0,45,2.5,false,12,65,5,60,1,8,3,87.0,9,205,160.0,11.0,0,23,25.438596491228072,1.5789473684210527,6.0,42.0,4,3,22.078815789473687,0.12643678160919541,02:46-02:52; 02:53-02:58; 04:25-05:07; 05:42-05:47; 06:16-06:21; 06:26-06:31; 06:32-06:38; 06:58-07:04; 07:05-07:12
B_peak2.5_x60_w12_e1_b5_r5,B_grid,2,3.0,-1.0,45,2.5,false,12,65,5,60,1,8,5,104.0,8,205,151.0,18.0,0,14,30.409356725146196,1.4035087719298245,9.5,42.0,1,1,22.078815789473687,0.17307692307692307,02:46-02:59; 03:08-03:13; 04:25-05:07; 05:42-05:48; 06:16-06:22; 06:26-06:39; 06:52-07:04; 07:05-07:12
B_peak2.5_x60_w12_e1_b7_r3,B_grid,2,3.0,-1.0,45,2.5,false,12,65,7,60,1,8,3,49.0,2,205,198.0,0.0,0,61,14.327485380116958,0.3508771929824561,24.5,42.0,0,0,51.02618421052632,0.0,04:25-05:07; 07:05-07:12
B_peak2.5_x60_w12_e1_b7_r5,B_grid,2,3.0,-1.0,45,2.5,false,12,65,7,60,1,8,5,87.0,5,205,168.0,13.0,0,31,25.438596491228072,0.8771929824561403,13.0,42.0,0,1,22.078815789473687,0.14942528735632185,02:46-02:59; 04:25-05:07; 06:26-06:39; 06:52-07:04; 07:05-07:12
B_peak2.5_x60_w12_e2_b5_r3,B_grid,2,3.0,-1.0,45,2.5,false,12,65,5,60,2,8,3,110.0,11,205,148.0,26.0,0,11,32.16374269005848,1.9298245614035088,6.0,42.0,2,4,20.616827485380117,0.23636363636363636,02:41-02:46; 02:47-02:59; 03:06-03:15; 04:25-05:07; 05:42-05:48; 06:16-06:22; 06:26-06:32; 06:33-06:39; 06:52-06:57; 06:58-07:05; 07:06-07:12
B_peak2.5_x60_w12_e2_b5_r5,B_grid,2,3.0,-1.0,45,2.5,false,12,65,5,60,2,8,5,117.0,8,205,149.0,22.0,0,12,34.21052631578947,1.4035087719298245,11.0,42.0,1,0,22.078815789473687,0.18803418803418803,02:46-03:00; 03:07-03:15; 04:25-05:07; 05:42-05:49; 06:16-06:23; 06:26-06:40; 06:43-06:48; 06:52-07:12
B_peak2.5_x60_w12_e2_b7_r3,B_grid,2,3.0,-1.0,45,2.5,false,12,65,7,60,2,8,3,70.0,4,205,188.0,21.0,0,51,20.46783625730994,0.7017543859649122,10.5,42.0,0,0,22.371213450292398,0.3,02:47-02:59; 03:06-03:15; 04:25-05:07; 06:58-07:05
B_peak2.5_x60_w12_e2_b7_r5,B_grid,2,3.0,-1.0,45,2.5,false,12,65,7,60,2,8,5,112.0,7,205,154.0,22.0,0,17,32.748538011695906,1.2280701754385965,14.0,42.0,0,0,22.078815789473687,0.19642857142857142,02:46-03:00; 03:07-03:15; 04:25-05:07; 05:42-05:49; 06:16-06:23; 06:26-06:40; 06:52-07:12
B_peak2.5_x60_w15_e1_b5_r3,B_grid,2,3.0,-1.0,45,2.5,false,15,65,5,60,1,8,3,75.0,7,205,162.0,11.0,0,25,21.929824561403507,1.2280701754385965,6.0,39.0,2,3,22.078815789473687,0.14666666666666667,02:46-02:52; 02:53-02:58; 04:28-05:07; 06:26-06:31; 06:32-06:38; 06:57-07:04; 07:05-07:12
B_peak2.5_x60_w15_e1_b5_r5,B_grid,2,3.0,-1.0,45,2.5,false,15,65,5,60,1,8,5,89.0,6,205,155.0,19.0,0,18,26.023391812865498,1.0526315789473684,12.0,39.0,1,1,21.786418128654972,0.21348314606741572,02:45-02:59; 03:08-03:13; 04:28-05:07; 06:26-06:39; 06:53-07:04; 07:05-07:12
B_peak2.5_x60_w15_e1_b7_r3,B_grid,2,3.0,-1.0,45,2.5,false,15,65,7,60,1,8,3,53.0,3,205,184.0,0.0,0,47,15.497076023391813,0.5263157894736842,7.0,39.0,0,1,51.90337719298246,0.0,04:28-05:07; 06:57-07:04; 07:05-07:12
B_peak2.5_x60_w15_e1_b7_r5,B_grid,2,3.0,-1.0,45,2.5,false,15,65,7,60,1,8,5,84.0,5,205,160.0,14.0,0,23,24.561403508771928,0.8771929824561403,13.0,39.0,0,1,21.786418128654972,0.16666666666666666,02:45-02:59; 04:28-05:07; 06:26-06:39; 06:53-07:04; 07:05-07:12
B_peak2.5_x60_w15_e2_b5_r3,B_grid,2,3.0,-1.0,45,2.5,false,15,65,5,60,2,8,3,85.0,7,205,160.0,21.0,0,23,24.853801169590643,1.2280701754385965,7.0,39.0,0,2,22.371213450292398,0.24705882352941178,02:47-02:59; 03:06-03:15; 04:28-05:07; 06:26-06:32; 06:33-06:39; 06:58-07:05; 07:06-07:12
B_peak2.5_x60_w15_e2_b5_r5,B_grid,2,3.0,-1.0,45,2.5,false,15,65,5,60,2,8,5,109.0,8,205,143.0,22.0,0,6,31.871345029239766,1.4035087719298245,11.0,39.0,3,0,22.078815789473687,0.2018348623853211,02:46-03:00; 03:07-03:15; 04:28-05:07; 05:44-05:49; 06:18-06:23; 06:26-06:40; 06:43-06:48; 06:53-07:12
B_peak2.5_x60_w15_e2_b7_r3,B_grid,2,3.0,-1.0,45,2.5,false,15,65,7,60,2,8,3,67.0,4,205,178.0,21.0,0,41,19.5906432748538,0.7017543859649122,10.5,39.0,0,0,22.371213450292398,0.31343283582089554,02:47-02:59; 03:06-03:15; 04:28-05:07; 06:58-07:05
B_peak2.5_x60_w15_e2_b7_r5,B_grid,2,3.0,-1.0,45,2.5,false,15,65,7,60,2,8,5,94.0,5,205,158.0,22.0,0,21,27.485380116959064,0.8771929824561403,14.0,39.0,0,0,22.078815789473687,0.23404255319148937,02:46-03:00; 03:07-03:15; 04:28-05:07; 06:26-06:40; 06:53-07:12
B_peak2.5_x65_w10_e1_b5_r3,B_grid,2,3.0,-1.0,45,2.5,false,10,65,5,65,1,8,3,100.0,8,205,150.0,20.0,0,13,29.239766081871345,1.4035087719298245,6.5,42.0,1,1,21.786418128654972,0.2,02:45-02:58; 03:04-03:11; 04:25-05:07; 05:41-05:47; 06:15-06:21; 06:26-06:31; 06:32-06:38; 06:57-07:12
B_peak2.5_x65_w10_e1_b5_r5,B_grid,2,3.0,-1.0,45,2.5,false,10,65,5,65,1,8,5,107.0,7,205,148.0,25.0,0,11,31.28654970760234,1.2280701754385965,13.0,42.0,1,0,21.786418128654972,0.2336448598130841,02:45-02:59; 03:04-03:15; 04:25-05:07; 05:43-05:48; 06:15-06:22; 06:26-06:39; 06:57-07:12
B_peak2.5_x65_w10_e1_b7_r3,B_grid,2,3.0,-1.0,45,2.5,false,10,65,7,65,1,8,3,77.0,4,205,173.0,20.0,0,36,22.514619883040936,0.7017543859649122,14.0,42.0,0,0,21.786418128654972,0.2597402597402597,02:45-02:58; 03:04-03:11; 04:25-05:07; 06:57-07:12
B_peak2.5_x65_w10_e1_b7_r5,B_grid,2,3.0,-1.0,45,2.5,false,10,65,7,65,1,8,5,102.0,6,205,153.0,25.0,0,16,29.82456140350877,1.0526315789473684,13.5,42.0,0,0,21.786418128654972,0.24509803921568626,02:45-02:59; 03:04-03:15; 04:25-05:07; 06:15-06:22; 06:26-06:39; 06:57-07:12
B_peak2.5_x65_w10_e2_b5_r3,B_grid,2,3.0,-1.0,45,2.5,false,10,65,5,65,2,8,3,112.0,8,205,145.0,29.0,0,8,32.748538011695906,1.4035087719298245,10.5,42.0,0,2,21.786418128654972,0.25892857142857145,02:45-02:59; 03:00-03:15; 04:25-05:07; 05:41-05:48; 06:15-06:22; 06:26-06:32; 06:33-06:39; 06:57-07:12
B_peak2.5_x65_w10_e2_b5_r5,B_grid,2,3.0,-1.0,45,2.5,false,10,65,5,65,2,8,5,122.0,9,205,139.0,26.0,0,2,35.67251461988304,1.5789473684210527,11.0,42.0,2,1,21.786418128654972,0.21311475409836064,02:45-03:00; 03:04-03:15; 04:25-05:07; 05:36-05:41; 05:42-05:49; 06:15-06:23; 06:26-06:40; 06:43-06:48; 06:57-07:12
B_peak2.5_x65_w10_e2_b7_r3,B_grid,2,3.0,-1.0,45,2.5,false,10,65,7,65,2,8,3,100.0,6,205,157.0,29.0,0,20,29.239766081871345,1.0526315789473684,14.5,42.0,0,1,21.786418128654972,0.29,02:45-02:59; 03:00-03:15; 04:25-05:07; 05:41-05:48; 06:15-06:22; 06:57-07:12
B_peak2.5_x65_w10_e2_b7_r5,B_grid,2,3.0,-1.0,45,2.5,false,10,65,7,65,2,8,5,112.0,7,205,149.0,26.0,0,12,32.748538011695906,1.2280701754385965,14.0,42.0,0,0,21.786418128654972,0.23214285714285715,02:45-03:00; 03:04-03:15; 04:25-05:07; 05:42-05:49; 06:15-06:23; 06:26-06:40; 06:57-07:12
B_peak2.5_x65_w12_e1_b5_r3,B_grid,2,3.0,-1.0,45,2.5,false,12,65,5,65,1,8,3,101.0,8,205,153.0,24.0,0,16,29.53216374269006,1.4035087719298245,6.5,42.0,3,1,20.616827485380117,0.2376237623762376,02:41-02:58; 03:04-03:11; 04:25-05:07; 05:42-05:47; 06:16-06:21; 06:26-06:31; 06:32-06:38; 06:58-07:12
B_peak2.5_x65_w12_e1_b5_r5,B_grid,2,3.0,-1.0,45,2.5,false,12,65,5,65,1,8,5,116.0,7,205,146.0,29.0,0,9,33.91812865497076,1.2280701754385965,13.0,42.0,0,0,20.616827485380117,0.25,02:41-02:59; 03:04-03:15; 04:25-05:07; 05:42-05:48; 06:16-06:22; 06:26-06:39; 06:52-07:12
B_peak2.5_x65_w12_e1_b7_r3,B_grid,2,3.0,-1.0,45,2.5,false,12,65,7,65,1,8,3,80.0,4,205,174.0,24.0,0,37,23.391812865497073,0.7017543859649122,15.5,42.0,0,0,20.616827485380117,0.3,02:41-02:58; 03:04-03:11; 04:25-05:07; 06:58-07:12
B_peak2.5_x65_w12_e1_b7_r5,B_grid,2,3.0,-1.0,45,2.5,false,12,65,7,65,1,8,5,104.0,5,205,158.0,29.0,0,21,30.409356725146196,0.8771929824561403,18.0,42.0,0,0,20.616827485380117,0.27884615384615385,02:41-02:59; 03:04-03:15; 04:25-05:07; 06:26-06:39; 06:52-07:12
B_peak2.5_x65_w12_e2_b5_r3,B_grid,2,3.0,-1.0,45,2.5,false,12,65,5,65,2,8,3,118.0,9,205,144.0,33.0,0,7,34.50292397660819,1.5789473684210527,6.0,42.0,1,3,20.616827485380117,0.2796610169491525,02:41-02:59; 03:00-03:15; 04:25-05:07; 05:42-05:48; 06:16-06:22; 06:26-06:32; 06:33-06:39; 06:52-06:57; 06:58-07:12
B_peak2.5_x65_w12_e2_b5_r5,B_grid,2,3.0,-1.0,45,2.5,false,12,65,5,65,2,8,5,125.0,8,205,143.0,30.0,0,6,36.54970760233918,1.4035087719298245,12.5,42.0,1,0,20.616827485380117,0.24,02:41-03:00; 03:04-03:15; 04:25-05:07; 05:42-05:49; 06:16-06:23; 06:26-06:40; 06:43-06:48; 06:52-07:12
B_peak2.5_x65_w12_e2_b7_r3,B_grid,2,3.0,-1.0,45,2.5,false,12,65,7,65,2,8,3,89.0,4,205,173.0,33.0,0,36,26.023391812865498,0.7017543859649122,16.5,42.0,0,1,20.616827485380117,0.3707865168539326,02:41-02:59; 03:00-03:15; 04:25-05:07; 06:58-07:12
B_peak2.5_x65_w12_e2_b7_r5,B_grid,2,3.0,-1.0,45,2.5,false,12,65,7,65,2,8,5,120.0,7,205,148.0,30.0,0,11,35.08771929824561,1.2280701754385965,14.0,42.0,0,0,20.616827485380117,0.25,02:41-03:00; 03:04-03:15; 04:25-05:07; 05:42-05:49; 06:16-06:23; 06:26-06:40; 06:52-07:12
B_peak2.5_x65_w15_e1_b5_r3,B_grid,2,3.0,-1.0,45,2.5,false,15,65,5,65,1,8,3,87.0,6,205,156.0,22.0,0,19,25.438596491228072,1.0526315789473684,11.0,39.0,1,1,21.201622807017547,0.25287356321839083,02:43-02:58; 03:04-03:11; 04:28-05:07; 06:26-06:31; 06:32-06:38; 06:57-07:12
B_peak2.5_x65_w15_e1_b5_r5,B_grid,2,3.0,-1.0,45,2.5,false,15,65,5,65,1,8,5,98.0,5,205,151.0,27.0,0,14,28.654970760233915,0.8771929824561403,16.0,39.0,0,0,21.201622807017547,0.2755102040816326,02:43-02:59; 03:04-03:15; 04:28-05:07; 06:26-06:39; 06:53-07:12
B_peak2.5_x65_w15_e1_b7_r3,B_grid,2,3.0,-1.0,45,2.5,false,15,65,7,65,1,8,3,76.0,4,205,167.0,22.0,0,30,22.22222222222222,0.7017543859649122,15.0,39.0,0,0,21.201622807017547,0.2894736842105263,02:43-02:58; 03:04-03:11; 04:28-05:07; 06:57-07:12
B_peak2.5_x65_w15_e1_b7_r5,B_grid,2,3.0,-1.0,45,2.5,false,15,65,7,65,1,8,5,98.0,5,205,151.0,27.0,0,14,28.654970760233915,0.8771929824561403,16.0,39.0,0,0,21.201622807017547,0.2755102040816326,02:43-02:59; 03:04-03:15; 04:28-05:07; 06:26-06:39; 06:53-07:12
B_peak2.5_x65_w15_e2_b5_r3,B_grid,2,3.0,-1.0,45,2.5,false,15,65,5,65,2,8,3,96.0,6,205,153.0,31.0,0,16,28.07017543859649,1.0526315789473684,14.5,39.0,0,2,21.201622807017547,0.3229166666666667,02:43-02:59; 03:00-03:15; 04:28-05:07; 06:26-06:32; 06:33-06:39; 06:58-07:12
B_peak2.5_x65_w15_e2_b5_r5,B_grid,2,3.0,-1.0,45,2.5,false,15,65,5,65,2,8,5,115.0,8,205,139.0,28.0,0,2,33.62573099415205,1.4035087719298245,12.5,39.0,3,0,21.201622807017547,0.24347826086956523,02:43-03:00; 03:04-03:15; 04:28-05:07; 05:44-05:49; 06:18-06:23; 06:26-06:40; 06:43-06:48; 06:53-07:12
B_peak2.5_x65_w15_e2_b7_r3,B_grid,2,3.0,-1.0,45,2.5,false,15,65,7,65,2,8,3,84.0,4,205,165.0,31.0,0,28,24.561403508771928,0.7017543859649122,15.5,39.0,0,1,21.201622807017547,0.36904761904761907,02:43-02:59; 03:00-03:15; 04:28-05:07; 06:58-07:12
B_peak2.5_x65_w15_e2_b7_r5,B_grid,2,3.0,-1.0,45,2.5,false,15,65,7,65,2,8,5,100.0,5,205,154.0,28.0,0,17,29.239766081871345,0.8771929824561403,17.0,39.0,0,0,21.201622807017547,0.28,02:43-03:00; 03:04-03:15; 04:28-05:07; 06:26-06:40; 06:53-07:12
B_peak3.0_x50_w10_e1_b7_r3,B_grid,2,3.0,-1.0,45,3.0,false,10,65,7,50,1,8,3,57.0,1,244,177.0,0.0,0,79,16.666666666666664,0.17543859649122806,57.0,57.0,0,0,51.02618421052632,0.0,04:25-05:22
B_peak3.0_x50_w10_e2_b5_r3,B_grid,2,3.0,-1.0,45,3.0,false,10,65,5,50,2,8,3,117.0,11,244,131.0,15.49045,0,33,34.21052631578947,1.9298245614035088,6.0,58.0,3,2,24.417997076023394,0.13239700854700853,02:54-02:59; 04:06-04:12; 04:17-04:22; 04:25-05:23; 05:25-05:31; 05:41-05:48; 06:15-06:22; 06:26-06:32; 06:33-06:39; 06:57-07:02; 07:06-07:12
B_peak3.0_x50_w10_e2_b7_r3,B_grid,2,3.0,-1.0,45,3.0,false,10,65,7,50,2,8,3,72.0,3,244,176.0,0.0,0,78,21.052631578947366,0.5263157894736842,7.0,58.0,0,0,51.02618421052632,0.0,04:25-05:23; 05:41-05:48; 06:15-06:22
B_peak3.0_x50_w10_e2_b7_r5,B_grid,2,3.0,-1.0,45,3.0,false,10,65,7,50,2,8,5,95.0,5,244,162.0,0.0,0,64,27.77777777777778,0.8771929824561403,8.0,59.0,0,1,51.02618421052632,0.0,04:25-05:24; 05:25-05:32; 05:42-05:49; 06:15-06:23; 06:26-06:40
B_peak3.0_x50_w12_e1_b5_r3,B_grid,2,3.0,-1.0,45,3.0,false,12,65,5,50,1,8,3,89.0,7,244,141.0,0.0,0,43,26.023391812865498,1.2280701754385965,5.0,57.0,4,1,51.02618421052632,0.0,04:25-05:22; 05:25-05:30; 05:42-05:47; 06:16-06:21; 06:26-06:31; 06:32-06:38; 07:06-07:12
B_peak3.0_x50_w12_e1_b7_r3,B_grid,2,3.0,-1.0,45,3.0,false,12,65,7,50,1,8,3,57.0,1,244,173.0,0.0,0,75,16.666666666666664,0.17543859649122806,57.0,57.0,0,0,51.02618421052632,0.0,04:25-05:22
B_peak3.0_x50_w12_e1_b7_r5,B_grid,2,3.0,-1.0,45,3.0,false,12,65,7,50,1,8,5,69.0,2,244,166.0,0.0,0,68,20.175438596491226,0.3508771929824561,34.5,56.0,0,0,51.610979532163746,0.0,04:27-05:23; 06:26-06:39
B_peak3.0_x50_w12_e2_b5_r3,B_grid,2,3.0,-1.0,45,3.0,false,12,65,5,50,2,8,3,104.0,9,244,139.0,4.49045,0,41,30.409356725146196,1.5789473684210527,6.0,58.0,2,2,48.68700292397661,0.043177403846153845,04:17-04:22; 04:25-05:23; 05:25-05:31; 05:42-05:48; 06:16-06:22; 06:26-06:32; 06:33-06:39; 06:57-07:02; 07:06-07:12
B_peak3.0_x50_w12_e2_b5_r5,B_grid,2,3.0,-1.0,45,3.0,false,12,65,5,50,2,8,5,121.0,10,244,132.0,9.49045,0,34,35.38011695906433,1.7543859649122806,6.5,59.0,3,3,24.710394736842105,0.07843347107438016,02:55-03:00; 04:17-04:23; 04:25-05:24; 05:25-05:32; 05:36-05:41; 05:42-05:49; 06:16-06:23; 06:26-06:40; 06:57-07:03; 07:07-07:12
B_peak3.0_x50_w12_e2_b7_r3,B_grid,2,3.0,-1.0,45,3.0,false,12,65,7,50,2,8,3,58.0,1,244,185.0,0.0,0,87,16.95906432748538,0.17543859649122806,58.0,58.0,0,0,51.02618421052632,0.0,04:25-05:23
B_peak3.0_x50_w12_e2_b7_r5,B_grid,2,3.0,-1.0,45,3.0,false,12,65,7,50,2,8,5,94.0,5,244,159.0,0.0,0,61,27.485380116959064,0.8771929824561403,7.0,59.0,0,1,51.02618421052632,0.0,04:25-05:24; 05:25-05:32; 05:42-05:49; 06:16-06:23; 06:26-06:40
B_peak3.0_x50_w15_e1_b5_r3,B_grid,2,3.0,-1.0,45,3.0,false,15,65,5,50,1,8,3,79.0,5,244,142.0,0.0,0,44,23.099415204678362,0.8771929824561403,6.0,57.0,2,1,51.02618421052632,0.0,04:25-05:22; 05:25-05:30; 06:26-06:31; 06:32-06:38; 07:06-07:12
B_peak3.0_x50_w15_e1_b7_r3,B_grid,2,3.0,-1.0,45,3.0,false,15,65,7,50,1,8,3,57.0,1,244,164.0,0.0,0,66,16.666666666666664,0.17543859649122806,57.0,57.0,0,0,51.02618421052632,0.0,04:25-05:22
B_peak3.0_x50_w15_e1_b7_r5,B_grid,2,3.0,-1.0,45,3.0,false,15,65,7,50,1,8,5,69.0,2,244,156.0,0.0,0,58,20.175438596491226,0.3508771929824561,34.5,56.0,0,0,51.610979532163746,0.0,04:27-05:23; 06:26-06:39
B_peak3.0_x50_w15_e2_b5_r3,B_grid,2,3.0,-1.0,45,3.0,false,15,65,5,50,2,8,3,93.0,7,244,141.0,4.49045,0,43,27.192982456140353,1.2280701754385965,6.0,58.0,1,2,48.68700292397661,0.04828440860215054,04:17-04:22; 04:25-05:23; 05:25-05:31; 06:26-06:32; 06:33-06:39; 06:56-07:02; 07:06-07:12
B_peak3.0_x50_w15_e2_b5_r5,B_grid,2,3.0,-1.0,45,3.0,false,15,65,5,50,2,8,5,118.0,10,244,126.0,9.49045,0,28,34.50292397660819,1.7543859649122806,5.5,59.0,5,2,24.710394736842105,0.08042754237288136,02:55-03:00; 04:17-04:23; 04:25-05:24; 05:25-05:32; 05:36-05:41; 05:44-05:49; 06:18-06:23; 06:26-06:40; 06:56-07:03; 07:07-07:12
B_peak3.0_x50_w15_e2_b7_r3,B_grid,2,3.0,-1.0,45,3.0,false,15,65,7,50,2,8,3,58.0,1,244,176.0,0.0,0,78,16.95906432748538,0.17543859649122806,58.0,58.0,0,0,51.02618421052632,0.0,04:25-05:23
B_peak3.0_x50_w15_e2_b7_r5,B_grid,2,3.0,-1.0,45,3.0,false,15,65,7,50,2,8,5,87.0,4,244,157.0,0.0,0,59,25.438596491228072,0.7017543859649122,10.5,59.0,0,1,51.02618421052632,0.0,04:25-05:24; 05:25-05:32; 06:26-06:40; 06:56-07:03
B_peak3.0_x55_w10_e1_b5_r3,B_grid,2,3.0,-1.0,45,3.0,false,10,65,5,55,1,8,3,109.0,10,244,130.0,10.0,0,32,31.871345029239766,1.7543859649122806,6.0,57.0,4,2,24.12559941520468,0.09174311926605505,02:53-02:58; 04:06-04:11; 04:25-05:22; 05:25-05:30; 05:41-05:47; 06:15-06:21; 06:26-06:31; 06:32-06:38; 06:57-07:04; 07:05-07:12
B_peak3.0_x55_w10_e1_b7_r3,B_grid,2,3.0,-1.0,45,3.0,false,10,65,7,55,1,8,3,71.0,3,244,168.0,0.0,0,70,20.760233918128655,0.5263157894736842,7.0,57.0,0,1,51.02618421052632,0.0,04:25-05:22; 06:57-07:04; 07:05-07:12
B_peak3.0_x55_w10_e1_b7_r5,B_grid,2,3.0,-1.0,45,3.0,false,10,65,7,55,1,8,5,90.0,5,244,155.0,0.0,0,57,26.31578947368421,0.8771929824561403,7.0,56.0,0,1,51.610979532163746,0.0,04:27-05:23; 06:15-06:22; 06:26-06:39; 06:57-07:04; 07:05-07:12
B_peak3.0_x55_w10_e2_b5_r3,B_grid,2,3.0,-1.0,45,3.0,false,10,65,5,55,2,8,3,133.0,13,244,119.0,28.49045,0,21,38.88888888888889,2.280701754385965,6.0,58.0,2,4,21.786418128654972,0.21421390977443608,02:45-02:51; 02:52-02:59; 03:06-03:11; 04:06-04:12; 04:17-04:22; 04:25-05:23; 05:25-05:31; 05:41-05:48; 06:15-06:22; 06:26-06:32; 06:33-06:39; 06:57-07:05; 07:06-07:12
B_peak3.0_x55_w10_e2_b5_r5,B_grid,2,3.0,-1.0,45,3.0,false,10,65,5,55,2,8,5,143.0,12,244,118.0,26.49045,0,20,41.812865497076025,2.1052631578947367,6.5,59.0,3,4,22.663611111111113,0.1852479020979021,02:48-02:53; 02:54-03:00; 03:07-03:12; 04:06-04:12; 04:17-04:23; 04:25-05:24; 05:25-05:32; 05:36-05:41; 05:42-05:49; 06:15-06:23; 06:26-06:40; 06:57-07:12
B_peak3.0_x55_w10_e2_b7_r3,B_grid,2,3.0,-1.0,45,3.0,false,10,65,7,55,2,8,3,87.0,5,244,165.0,7.0,0,67,25.438596491228072,0.8771929824561403,7.0,58.0,0,0,23.833201754385964,0.08045977011494253,02:52-02:59; 04:25-05:23; 05:41-05:48; 06:15-06:22; 06:57-07:05
B_peak3.0_x55_w10_e2_b7_r5,B_grid,2,3.0,-1.0,45,3.0,false,10,65,7,55,2,8,5,110.0,6,244,151.0,0.0,0,53,32.16374269005848,1.0526315789473684,11.0,59.0,0,1,51.02618421052632,0.0,04:25-05:24; 05:25-05:32; 05:42-05:49; 06:15-06:23; 06:26-06:40; 06:57-07:12
B_peak3.0_x55_w12_e1_b5_r3,B_grid,2,3.0,-1.0,45,3.0,false,12,65,5,55,1,8,3,102.0,9,244,133.0,5.0,0,35,29.82456140350877,1.5789473684210527,5.0,57.0,5,2,24.12559941520468,0.049019607843137254,02:53-02:58; 04:25-05:22; 05:25-05:30; 05:42-05:47; 06:16-06:21; 06:26-06:31; 06:32-06:38; 06:57-07:04; 07:05-07:12
B_peak3.0_x55_w12_e1_b5_r5,B_grid,2,3.0,-1.0,45,3.0,false,12,65,5,55,1,8,5,106.0,8,244,135.0,10.49045,0,37,30.994152046783626,1.4035087719298245,6.5,56.0,1,1,24.12559941520468,0.09896650943396226,02:53-02:59; 04:17-04:22; 04:27-05:23; 05:42-05:48; 06:16-06:22; 06:26-06:39; 06:57-07:04; 07:05-07:12
B_peak3.0_x55_w12_e1_b7_r3,B_grid,2,3.0,-1.0,45,3.0,false,12,65,7,55,1,8,3,71.0,3,244,164.0,0.0,0,66,20.760233918128655,0.5263157894736842,7.0,57.0,0,1,51.02618421052632,0.0,04:25-05:22; 06:57-07:04; 07:05-07:12
B_peak3.0_x55_w12_e1_b7_r5,B_grid,2,3.0,-1.0,45,3.0,false,12,65,7,55,1,8,5,83.0,4,244,158.0,0.0,0,60,24.269005847953213,0.7017543859649122,10.0,56.0,0,1,51.610979532163746,0.0,04:27-05:23; 06:26-06:39; 06:57-07:04; 07:05-07:12
B_peak3.0_x55_w12_e2_b5_r3,B_grid,2,3.0,-1.0,45,3.0,false,12,65,5,55,2,8,3,124.0,12,244,123.0,21.49045,0,25,36.25730994152047,2.1052631578947367,6.0,58.0,3,4,22.078815789473687,0.1733100806451613,02:46-02:51; 02:52-02:59; 03:06-03:11; 04:17-04:22; 04:25-05:23; 05:25-05:31; 05:42-05:48; 06:16-06:22; 06:26-06:32; 06:33-06:39; 06:57-07:05; 07:06-07:12
B_peak3.0_x55_w12_e2_b5_r5,B_grid,2,3.0,-1.0,45,3.0,false,12,65,5,55,2,8,5,138.0,11,244,120.0,22.49045,0,22,40.35087719298245,1.9298245614035088,7.0,59.0,2,4,22.078815789473687,0.16297427536231884,02:46-02:53; 02:54-03:00; 03:07-03:12; 04:17-04:23; 04:25-05:24; 05:25-05:32; 05:36-05:41; 05:42-05:49; 06:16-06:23; 06:26-06:40; 06:57-07:12
B_peak3.0_x55_w12_e2_b7_r3,B_grid,2,3.0,-1.0,45,3.0,false,12,65,7,55,2,8,3,73.0,3,244,174.0,7.0,0,76,21.34502923976608,0.5263157894736842,8.0,58.0,0,0,23.833201754385964,0.0958904109589041,02:52-02:59; 04:25-05:23; 06:57-07:05
B_peak3.0_x55_w12_e2_b7_r5,B_grid,2,3.0,-1.0,45,3.0,false,12,65,7,55,2,8,5,116.0,7,244,142.0,7.0,0,44,33.91812865497076,1.2280701754385965,7.0,59.0,0,1,22.078815789473687,0.0603448275862069,02:46-02:53; 04:25-05:24; 05:25-05:32; 05:42-05:49; 06:16-06:23; 06:26-06:40; 06:57-07:12
B_peak3.0_x55_w15_e1_b5_r3,B_grid,2,3.0,-1.0,45,3.0,false,15,65,5,55,1,8,3,92.0,7,244,134.0,5.0,0,36,26.900584795321635,1.2280701754385965,6.0,57.0,3,2,24.12559941520468,0.05434782608695652,02:53-02:58; 04:25-05:22; 05:25-05:30; 06:26-06:31; 06:32-06:38; 06:57-07:04; 07:05-07:12
B_peak3.0_x55_w15_e1_b5_r5,B_grid,2,3.0,-1.0,45,3.0,false,15,65,5,55,1,8,5,99.0,7,244,133.0,15.49045,0,35,28.947368421052634,1.2280701754385965,7.0,56.0,2,2,22.371213450292398,0.15646919191919192,02:47-02:52; 02:53-02:59; 04:17-04:22; 04:27-05:23; 06:26-06:39; 06:57-07:04; 07:05-07:12
B_peak3.0_x55_w15_e1_b7_r3,B_grid,2,3.0,-1.0,45,3.0,false,15,65,7,55,1,8,3,71.0,3,244,155.0,0.0,0,57,20.760233918128655,0.5263157894736842,7.0,57.0,0,1,51.02618421052632,0.0,04:25-05:22; 06:57-07:04; 07:05-07:12
B_peak3.0_x55_w15_e1_b7_r5,B_grid,2,3.0,-1.0,45,3.0,false,15,65,7,55,1,8,5,83.0,4,244,149.0,0.0,0,51,24.269005847953213,0.7017543859649122,10.0,56.0,0,1,51.610979532163746,0.0,04:27-05:23; 06:26-06:39; 06:57-07:04; 07:05-07:12
B_peak3.0_x55_w15_e2_b5_r3,B_grid,2,3.0,-1.0,45,3.0,false,15,65,5,55,2,8,3,113.0,10,244,125.0,21.49045,0,27,33.04093567251462,1.7543859649122806,6.0,58.0,3,4,22.078815789473687,0.19018097345132742,02:46-02:51; 02:52-02:59; 03:06-03:11; 04:17-04:22; 04:25-05:23; 05:25-05:31; 06:26-06:32; 06:33-06:39; 06:56-07:05; 07:06-07:12
B_peak3.0_x55_w15_e2_b5_r5,B_grid,2,3.0,-1.0,45,3.0,false,15,65,5,55,2,8,5,135.0,11,244,114.0,22.49045,0,16,39.473684210526315,1.9298245614035088,6.0,59.0,4,3,22.078815789473687,0.16659592592592593,02:46-02:53; 02:54-03:00; 03:07-03:12; 04:17-04:23; 04:25-05:24; 05:25-05:32; 05:36-05:41; 05:44-05:49; 06:18-06:23; 06:26-06:40; 06:56-07:12
B_peak3.0_x55_w15_e2_b7_r3,B_grid,2,3.0,-1.0,45,3.0,false,15,65,7,55,2,8,3,74.0,3,244,164.0,7.0,0,66,21.637426900584796,0.5263157894736842,9.0,58.0,0,0,23.833201754385964,0.0945945945945946,02:52-02:59; 04:25-05:23; 06:56-07:05
B_peak3.0_x55_w15_e2_b7_r5,B_grid,2,3.0,-1.0,45,3.0,false,15,65,7,55,2,8,5,103.0,5,244,146.0,7.0,0,48,30.116959064327485,0.8771929824561403,14.0,59.0,0,1,22.078815789473687,0.06796116504854369,02:46-02:53; 04:25-05:24; 05:25-05:32; 06:26-06:40; 06:56-07:12
B_peak3.0_x60_w10_e1_b5_r3,B_grid,2,3.0,-1.0,45,3.0,false,10,65,5,60,1,8,3,121.0,11,244,125.0,16.0,0,27,35.38011695906433,1.9298245614035088,6.0,57.0,5,3,22.078815789473687,0.1322314049586777,02:46-02:52; 02:53-02:58; 04:06-04:11; 04:25-05:22; 05:25-05:30; 05:41-05:47; 06:15-06:21; 06:26-06:31; 06:32-06:38; 06:51-06:56; 06:57-07:12
B_peak3.0_x60_w10_e1_b7_r3,B_grid,2,3.0,-1.0,45,3.0,false,10,65,7,60,1,8,3,72.0,2,244,174.0,0.0,0,76,21.052631578947366,0.3508771929824561,36.0,57.0,0,0,51.02618421052632,0.0,04:25-05:22; 06:57-07:12
B_peak3.0_x60_w10_e1_b7_r5,B_grid,2,3.0,-1.0,45,3.0,false,10,65,7,60,1,8,5,113.0,5,244,141.0,14.0,0,43,33.04093567251462,0.8771929824561403,14.0,58.0,0,0,21.786418128654972,0.12389380530973451,02:45-02:59; 04:25-05:23; 06:15-06:22; 06:26-06:39; 06:51-07:12
B_peak3.0_x60_w10_e2_b5_r3,B_grid,2,3.0,-1.0,45,3.0,false,10,65,5,60,2,8,3,142.0,12,244,116.0,31.49045,0,18,41.52046783625731,2.1052631578947367,6.5,58.0,1,3,22.371213450292398,0.2217637323943662,02:47-02:59; 03:06-03:15; 04:06-04:12; 04:17-04:22; 04:25-05:23; 05:25-05:31; 05:41-05:48; 06:15-06:22; 06:26-06:32; 06:33-06:39; 06:51-06:57; 06:58-07:12
B_peak3.0_x60_w10_e2_b5_r5,B_grid,2,3.0,-1.0,45,3.0,false,10,65,5,60,2,8,5,160.0,12,244,107.0,32.49045,0,9,46.783625730994146,2.1052631578947367,7.5,59.0,2,3,22.078815789473687,0.2030653125,02:46-03:00; 03:07-03:15; 04:06-04:12; 04:17-04:23; 04:25-05:24; 05:25-05:32; 05:36-05:41; 05:42-05:49; 06:15-06:23; 06:26-06:40; 06:43-06:48; 06:51-07:12
B_peak3.0_x60_w10_e2_b7_r3,B_grid,2,3.0,-1.0,45,3.0,false,10,65,7,60,2,8,3,107.0,6,244,151.0,21.0,0,53,31.28654970760234,1.0526315789473684,10.5,58.0,0,0,22.371213450292398,0.19626168224299065,02:47-02:59; 03:06-03:15; 04:25-05:23; 05:41-05:48; 06:15-06:22; 06:58-07:12
B_peak3.0_x60_w10_e2_b7_r5,B_grid,2,3.0,-1.0,45,3.0,false,10,65,7,60,2,8,5,138.0,8,244,129.0,22.0,0,31,40.35087719298245,1.4035087719298245,11.0,59.0,0,1,22.078815789473687,0.15942028985507245,02:46-03:00; 03:07-03:15; 04:25-05:24; 05:25-05:32; 05:42-05:49; 06:15-06:23; 06:26-06:40; 06:51-07:12
B_peak3.0_x60_w12_e1_b5_r3,B_grid,2,3.0,-1.0,45,3.0,false,12,65,5,60,1,8,3,114.0,10,244,128.0,11.0,0,30,33.33333333333333,1.7543859649122806,5.0,57.0,6,3,22.078815789473687,0.09649122807017543,02:46-02:52; 02:53-02:58; 04:25-05:22; 05:25-05:30; 05:42-05:47; 06:16-06:21; 06:26-06:31; 06:32-06:38; 06:51-06:56; 06:57-07:12
B_peak3.0_x60_w12_e1_b5_r5,B_grid,2,3.0,-1.0,45,3.0,false,12,65,5,60,1,8,5,128.0,8,244,123.0,23.49045,0,25,37.42690058479532,1.4035087719298245,9.5,58.0,2,0,21.786418128654972,0.183519140625,02:45-02:59; 03:08-03:13; 04:17-04:22; 04:25-05:23; 05:42-05:48; 06:16-06:22; 06:26-06:39; 06:51-07:12
B_peak3.0_x60_w12_e1_b7_r3,B_grid,2,3.0,-1.0,45,3.0,false,12,65,7,60,1,8,3,72.0,2,244,170.0,0.0,0,72,21.052631578947366,0.3508771929824561,36.0,57.0,0,0,51.02618421052632,0.0,04:25-05:22; 06:57-07:12
B_peak3.0_x60_w12_e1_b7_r5,B_grid,2,3.0,-1.0,45,3.0,false,12,65,7,60,1,8,5,106.0,4,244,145.0,14.0,0,47,30.994152046783626,0.7017543859649122,17.5,58.0,0,0,21.786418128654972,0.1320754716981132,02:45-02:59; 04:25-05:23; 06:26-06:39; 06:51-07:12
B_peak3.0_x60_w12_e2_b5_r3,B_grid,2,3.0,-1.0,45,3.0,false,12,65,5,60,2,8,3,134.0,11,244,119.0,25.49045,0,21,39.1812865497076,1.9298245614035088,6.0,58.0,1,3,22.371213450292398,0.19022723880597014,02:47-02:59; 03:06-03:15; 04:17-04:22; 04:25-05:23; 05:25-05:31; 05:42-05:48; 06:16-06:22; 06:26-06:32; 06:33-06:39; 06:51-06:57; 06:58-07:12
B_peak3.0_x60_w12_e2_b5_r5,B_grid,2,3.0,-1.0,45,3.0,false,12,65,5,60,2,8,5,153.0,11,244,110.0,26.49045,0,12,44.73684210526316,1.9298245614035088,7.0,59.0,2,3,22.078815789473687,0.17314019607843137,02:46-03:00; 03:07-03:15; 04:17-04:23; 04:25-05:24; 05:25-05:32; 05:36-05:41; 05:42-05:49; 06:16-06:23; 06:26-06:40; 06:43-06:48; 06:51-07:12
B_peak3.0_x60_w12_e2_b7_r3,B_grid,2,3.0,-1.0,45,3.0,false,12,65,7,60,2,8,3,93.0,4,244,160.0,21.0,0,62,27.192982456140353,0.7017543859649122,13.0,58.0,0,0,22.371213450292398,0.22580645161290322,02:47-02:59; 03:06-03:15; 04:25-05:23; 06:58-07:12
B_peak3.0_x60_w12_e2_b7_r5,B_grid,2,3.0,-1.0,45,3.0,false,12,65,7,60,2,8,5,137.0,8,244,126.0,22.0,0,28,40.058479532163744,1.4035087719298245,11.0,59.0,0,1,22.078815789473687,0.16058394160583941,02:46-03:00; 03:07-03:15; 04:25-05:24; 05:25-05:32; 05:42-05:49; 06:16-06:23; 06:26-06:40; 06:51-07:12
B_peak3.0_x60_w15_e1_b5_r3,B_grid,2,3.0,-1.0,45,3.0,false,15,65,5,60,1,8,3,99.0,7,244,132.0,11.0,0,34,28.947368421052634,1.2280701754385965,6.0,57.0,3,2,22.078815789473687,0.1111111111111111,02:46-02:52; 02:53-02:58; 04:25-05:22; 05:25-05:30; 06:26-06:31; 06:32-06:38; 06:57-07:12
B_peak3.0_x60_w15_e1_b5_r5,B_grid,2,3.0,-1.0,45,3.0,false,15,65,5,60,1,8,5,114.0,6,244,126.0,23.49045,0,28,33.33333333333333,1.0526315789473684,13.5,58.0,2,0,21.786418128654972,0.20605657894736842,02:45-02:59; 03:08-03:13; 04:17-04:22; 04:25-05:23; 06:26-06:39; 06:53-07:12
B_peak3.0_x60_w15_e1_b7_r3,B_grid,2,3.0,-1.0,45,3.0,false,15,65,7,60,1,8,3,72.0,2,244,159.0,0.0,0,61,21.052631578947366,0.3508771929824561,36.0,57.0,0,0,51.02618421052632,0.0,04:25-05:22; 06:57-07:12
B_peak3.0_x60_w15_e1_b7_r5,B_grid,2,3.0,-1.0,45,3.0,false,15,65,7,60,1,8,5,104.0,4,244,136.0,14.0,0,38,30.409356725146196,0.7017543859649122,16.5,58.0,0,0,21.786418128654972,0.1346153846153846,02:45-02:59; 04:25-05:23; 06:26-06:39; 06:53-07:12
B_peak3.0_x60_w15_e2_b5_r3,B_grid,2,3.0,-1.0,45,3.0,false,15,65,5,60,2,8,3,116.0,8,244,127.0,25.49045,0,29,33.91812865497076,1.4035087719298245,7.5,58.0,1,2,22.371213450292398,0.21974525862068964,02:47-02:59; 03:06-03:15; 04:17-04:22; 04:25-05:23; 05:25-05:31; 06:26-06:32; 06:33-06:39; 06:58-07:12
B_peak3.0_x60_w15_e2_b5_r5,B_grid,2,3.0,-1.0,45,3.0,false,15,65,5,60,2,8,5,147.0,11,244,106.0,26.49045,0,8,42.98245614035088,1.9298245614035088,7.0,59.0,4,2,22.078815789473687,0.18020714285714284,02:46-03:00; 03:07-03:15; 04:17-04:23; 04:25-05:24; 05:25-05:32; 05:36-05:41; 05:44-05:49; 06:18-06:23; 06:26-06:40; 06:43-06:48; 06:53-07:12
B_peak3.0_x60_w15_e2_b7_r3,B_grid,2,3.0,-1.0,45,3.0,false,15,65,7,60,2,8,3,93.0,4,244,150.0,21.0,0,52,27.192982456140353,0.7017543859649122,13.0,58.0,0,0,22.371213450292398,0.22580645161290322,02:47-02:59; 03:06-03:15; 04:25-05:23; 06:58-07:12
B_peak3.0_x60_w15_e2_b7_r5,B_grid,2,3.0,-1.0,45,3.0,false,15,65,7,60,2,8,5,121.0,6,244,132.0,22.0,0,34,35.38011695906433,1.0526315789473684,14.0,59.0,0,1,22.078815789473687,0.18181818181818182,02:46-03:00; 03:07-03:15; 04:25-05:24; 05:25-05:32; 06:26-06:40; 06:53-07:12
B_peak3.0_x65_w10_e1_b5_r3,B_grid,2,3.0,-1.0,45,3.0,false,10,65,5,65,1,8,3,143.0,10,244,113.0,35.0,0,15,41.812865497076025,1.7543859649122806,6.0,65.0,2,2,20.03203216374269,0.24475524475524477,02:39-02:58; 03:01-03:11; 04:06-04:12; 04:25-05:30; 05:41-05:47; 06:15-06:21; 06:26-06:31; 06:32-06:38; 06:51-06:56; 06:57-07:12
B_peak3.0_x65_w10_e1_b7_r3,B_grid,2,3.0,-1.0,45,3.0,false,10,65,7,65,1,8,3,109.0,4,244,147.0,29.0,0,49,31.871345029239766,0.7017543859649122,17.0,65.0,0,0,20.03203216374269,0.26605504587155965,02:39-02:58; 03:01-03:11; 04:25-05:30; 06:57-07:12
B_peak3.0_x65_w10_e1_b7_r5,B_grid,2,3.0,-1.0,45,3.0,false,10,65,7,65,1,8,5,145.0,7,244,119.0,38.0,0,21,42.39766081871345,1.2280701754385965,13.0,66.0,0,0,20.616827485380117,0.2620689655172414,02:41-02:59; 03:02-03:15; 04:06-04:13; 04:25-05:31; 06:15-06:22; 06:26-06:39; 06:51-07:12
B_peak3.0_x65_w10_e2_b5_r3,B_grid,2,3.0,-1.0,45,3.0,false,10,65,5,65,2,8,3,159.0,11,244,106.0,46.49045,0,8,46.49122807017544,1.9298245614035088,7.0,66.0,1,3,20.03203216374269,0.2923927672955975,02:39-02:59; 03:00-03:15; 04:06-04:13; 04:17-04:22; 04:25-05:31; 05:41-05:48; 06:15-06:22; 06:26-06:32; 06:33-06:39; 06:51-06:57; 06:58-07:12
B_peak3.0_x65_w10_e2_b5_r5,B_grid,2,3.0,-1.0,45,3.0,false,10,65,5,65,2,8,5,173.0,11,244,100.0,44.49045,0,2,50.58479532163743,1.9298245614035088,8.0,67.0,2,3,20.909225146198832,0.25717023121387284,02:42-03:00; 03:01-03:15; 04:06-04:14; 04:17-04:23; 04:25-05:32; 05:36-05:41; 05:42-05:49; 06:15-06:23; 06:26-06:40; 06:43-06:48; 06:51-07:12
B_peak3.0_x65_w10_e2_b7_r3,B_grid,2,3.0,-1.0,45,3.0,false,10,65,7,65,2,8,3,136.0,7,244,129.0,42.0,0,31,39.76608187134503,1.2280701754385965,14.0,66.0,0,1,20.03203216374269,0.3088235294117647,02:39-02:59; 03:00-03:15; 04:06-04:13; 04:25-05:31; 05:41-05:48; 06:15-06:22; 06:58-07:12
B_peak3.0_x65_w10_e2_b7_r5,B_grid,2,3.0,-1.0,45,3.0,false,10,65,7,65,2,8,5,157.0,8,244,116.0,40.0,0,18,45.90643274853801,1.4035087719298245,14.0,67.0,0,1,20.909225146198832,0.25477707006369427,02:42-03:00; 03:01-03:15; 04:06-04:14; 04:25-05:32; 05:42-05:49; 06:15-06:23; 06:26-06:40; 06:51-07:12
B_peak3.0_x65_w12_e1_b5_r3,B_grid,2,3.0,-1.0,45,3.0,false,12,65,5,65,1,8,3,134.0,9,244,117.0,28.0,0,19,39.1812865497076,1.5789473684210527,6.0,65.0,4,2,20.324429824561406,0.208955223880597,02:40-02:58; 03:01-03:11; 04:25-05:30; 05:42-05:47; 06:16-06:21; 06:26-06:31; 06:32-06:38; 06:51-06:56; 06:57-07:12
B_peak3.0_x65_w12_e1_b5_r5,B_grid,2,3.0,-1.0,45,3.0,false,12,65,5,65,1,8,5,152.0,9,244,108.0,39.49045,0,10,44.44444444444444,1.5789473684210527,13.0,66.0,2,0,20.909225146198832,0.25980559210526316,02:42-02:59; 03:02-03:15; 04:08-04:13; 04:17-04:22; 04:25-05:31; 05:42-05:48; 06:16-06:22; 06:26-06:39; 06:51-07:12
B_peak3.0_x65_w12_e1_b7_r3,B_grid,2,3.0,-1.0,45,3.0,false,12,65,7,65,1,8,3,108.0,4,244,143.0,28.0,0,45,31.57894736842105,0.7017543859649122,16.5,65.0,0,0,20.324429824561406,0.25925925925925924,02:40-02:58; 03:01-03:11; 04:25-05:30; 06:57-07:12
B_peak3.0_x65_w12_e1_b7_r5,B_grid,2,3.0,-1.0,45,3.0,false,12,65,7,65,1,8,5,130.0,5,244,130.0,30.0,0,32,38.01169590643275,0.8771929824561403,17.0,66.0,0,0,20.909225146198832,0.23076923076923078,02:42-02:59; 03:02-03:15; 04:25-05:31; 06:26-06:39; 06:51-07:12
B_peak3.0_x65_w12_e2_b5_r3,B_grid,2,3.0,-1.0,45,3.0,false,12,65,5,65,2,8,3,154.0,11,244,106.0,43.49045,0,8,45.02923976608187,1.9298245614035088,6.0,66.0,2,3,20.324429824561406,0.2824055194805195,02:40-02:59; 03:00-03:15; 04:08-04:13; 04:17-04:22; 04:25-05:31; 05:42-05:48; 06:16-06:22; 06:26-06:32; 06:33-06:39; 06:51-06:57; 06:58-07:12
B_peak3.0_x65_w12_e2_b5_r5,B_grid,2,3.0,-1.0,45,3.0,false,12,65,5,65,2,8,5,172.0,11,244,98.0,44.49045,0,0,50.29239766081871,1.9298245614035088,7.0,67.0,2,3,20.324429824561406,0.2586654069767442,02:40-03:00; 03:01-03:15; 04:08-04:14; 04:17-04:23; 04:25-05:32; 05:36-05:41; 05:42-05:49; 06:16-06:23; 06:26-06:40; 06:43-06:48; 06:51-07:12
B_peak3.0_x65_w12_e2_b7_r3,B_grid,2,3.0,-1.0,45,3.0,false,12,65,7,65,2,8,3,114.0,4,244,146.0,34.0,0,48,33.33333333333333,0.7017543859649122,17.0,66.0,0,1,20.324429824561406,0.2982456140350877,02:40-02:59; 03:00-03:15; 04:25-05:31; 06:58-07:12
B_peak3.0_x65_w12_e2_b7_r5,B_grid,2,3.0,-1.0,45,3.0,false,12,65,7,65,2,8,5,150.0,7,244,120.0,34.0,0,22,43.859649122807014,1.2280701754385965,14.0,67.0,0,1,20.324429824561406,0.22666666666666666,02:40-03:00; 03:01-03:15; 04:25-05:32; 05:42-05:49; 06:16-06:23; 06:26-06:40; 06:51-07:12
B_peak3.0_x65_w15_e1_b5_r3,B_grid,2,3.0,-1.0,45,3.0,false,15,65,5,65,1,8,3,116.0,6,244,123.0,25.0,0,25,33.91812865497076,1.0526315789473684,12.5,65.0,1,1,21.201622807017547,0.21551724137931033,02:43-02:58; 03:01-03:11; 04:25-05:30; 06:26-06:31; 06:32-06:38; 06:57-07:12
B_peak3.0_x65_w15_e1_b5_r5,B_grid,2,3.0,-1.0,45,3.0,false,15,65,5,65,1,8,5,132.0,6,244,117.0,33.49045,0,19,38.59649122807017,1.0526315789473684,14.5,66.0,1,0,21.201622807017547,0.25371553030303035,02:43-02:59; 03:02-03:15; 04:17-04:22; 04:25-05:31; 06:26-06:39; 06:53-07:12
B_peak3.0_x65_w15_e1_b7_r3,B_grid,2,3.0,-1.0,45,3.0,false,15,65,7,65,1,8,3,105.0,4,244,134.0,25.0,0,36,30.701754385964914,0.7017543859649122,15.0,65.0,0,0,21.201622807017547,0.23809523809523808,02:43-02:58; 03:01-03:11; 04:25-05:30; 06:57-07:12
B_peak3.0_x65_w15_e1_b7_r5,B_grid,2,3.0,-1.0,45,3.0,false,15,65,7,65,1,8,5,127.0,5,244,122.0,29.0,0,24,37.13450292397661,0.8771929824561403,16.0,66.0,0,0,21.201622807017547,0.2283464566929134,02:43-02:59; 03:02-03:15; 04:25-05:31; 06:26-06:39; 06:53-07:12
B_peak3.0_x65_w15_e2_b5_r3,B_grid,2,3.0,-1.0,45,3.0,false,15,65,5,65,2,8,3,128.0,7,244,120.0,35.49045,0,22,37.42690058479532,1.2280701754385965,14.0,66.0,1,2,21.201622807017547,0.277269140625,02:43-02:59; 03:00-03:15; 04:17-04:22; 04:25-05:31; 06:26-06:32; 06:33-06:39; 06:58-07:12
B_peak3.0_x65_w15_e2_b5_r5,B_grid,2,3.0,-1.0,45,3.0,false,15,65,5,65,2,8,5,157.0,10,244,101.0,35.49045,0,3,45.90643274853801,1.7543859649122806,10.0,67.0,4,2,21.201622807017547,0.22605382165605098,02:43-03:00; 03:01-03:15; 04:17-04:23; 04:25-05:32; 05:36-05:41; 05:44-05:49; 06:18-06:23; 06:26-06:40; 06:43-06:48; 06:53-07:12
B_peak3.0_x65_w15_e2_b7_r3,B_grid,2,3.0,-1.0,45,3.0,false,15,65,7,65,2,8,3,111.0,4,244,137.0,31.0,0,39,32.45614035087719,0.7017543859649122,15.5,66.0,0,1,21.201622807017547,0.27927927927927926,02:43-02:59; 03:00-03:15; 04:25-05:31; 06:58-07:12
B_peak3.0_x65_w15_e2_b7_r5,B_grid,2,3.0,-1.0,45,3.0,false,15,65,7,65,2,8,5,131.0,5,244,127.0,31.0,0,29,38.30409356725146,0.8771929824561403,17.0,67.0,0,1,21.201622807017547,0.2366412213740458,02:43-03:00; 03:01-03:15; 04:25-05:32; 06:26-06:40; 06:53-07:12
bridge_n2.5_peak1.5_x60_r3,bridge,2,2.5,-1.0,45,1.5,false,15,65,7,60,2,8,3,104.0,4,205,139.0,42.0,0,2,30.409356725146196,0.7017543859649122,21.0,55.0,0,0,23.540804093567253,0.40384615384615385,02:51-02:59; 03:20-03:54; 04:28-05:23; 07:05-07:12
bridge_n2.5_peak1.5_x60_r5,bridge,2,2.5,-1.0,45,1.5,false,15,65,7,60,2,8,5,97.0,3,205,147.0,34.0,0,10,28.362573099415204,0.5263157894736842,34.0,56.0,0,0,32.02033625730994,0.35051546391752575,03:20-03:54; 04:28-05:24; 07:05-07:12
bridge_n2.5_peak1.5_x65_r3,bridge,2,2.5,-1.0,45,1.5,false,15,65,7,65,2,8,3,97.0,3,205,146.0,42.0,0,9,28.362573099415204,0.5263157894736842,34.0,55.0,0,0,23.540804093567253,0.4329896907216495,02:51-02:59; 03:20-03:54; 04:28-05:23
bridge_n2.5_peak1.5_x65_r5,bridge,2,2.5,-1.0,45,1.5,false,15,65,7,65,2,8,5,109.0,4,205,137.0,43.0,0,0,31.871345029239766,0.7017543859649122,22.0,56.0,0,0,23.540804093567253,0.3944954128440367,02:51-03:00; 03:20-03:54; 04:28-05:24; 07:02-07:12
bridge_n2.5_peak1.5_x70_r3,bridge,2,2.5,-1.0,45,1.5,false,15,65,7,70,2,8,3,107.0,4,205,137.0,42.0,0,0,31.28654970760234,0.7017543859649122,22.0,55.0,0,0,23.540804093567253,0.3925233644859813,02:51-02:59; 03:20-03:54; 04:28-05:23; 07:02-07:12
bridge_n2.5_peak1.5_x70_r5,bridge,2,2.5,-1.0,45,1.5,false,15,65,7,70,2,8,5,109.0,4,205,137.0,43.0,0,0,31.871345029239766,0.7017543859649122,22.0,56.0,0,0,23.540804093567253,0.3944954128440367,02:51-03:00; 03:20-03:54; 04:28-05:24; 07:02-07:12
bridge_n2.5_peak2.0_x60_r3,bridge,2,2.5,-1.0,45,2.0,false,15,65,7,60,2,8,3,98.0,3,236,138.0,43.0,0,32,28.654970760233915,0.5263157894736842,35.0,55.0,0,0,23.540804093567253,0.4387755102040816,02:51-02:59; 03:19-03:54; 04:28-05:23
bridge_n2.5_peak2.0_x60_r5,bridge,2,2.5,-1.0,45,2.0,false,15,65,7,60,2,8,5,114.0,5,236,127.0,36.0,0,21,33.33333333333333,0.8771929824561403,8.0,56.0,0,2,31.435540935672513,0.3157894736842105,03:18-03:54; 04:28-05:24; 05:25-05:32; 06:56-07:04; 07:05-07:12
bridge_n2.5_peak2.0_x65_r3,bridge,2,2.5,-1.0,45,2.0,false,15,65,7,65,2,8,3,105.0,4,236,132.0,43.0,0,26,30.701754385964914,0.7017543859649122,21.5,55.0,0,0,23.540804093567253,0.4095238095238095,02:51-02:59; 03:19-03:54; 04:28-05:23; 06:58-07:05
bridge_n2.5_peak2.0_x65_r5,bridge,2,2.5,-1.0,45,2.0,false,15,65,7,65,2,8,5,130.0,5,236,115.0,48.0,0,9,38.01169590643275,0.8771929824561403,19.0,56.0,0,1,23.540804093567253,0.36923076923076925,02:51-03:00; 03:15-03:54; 04:28-05:24; 05:25-05:32; 06:53-07:12
bridge_n2.5_peak2.0_x70_r3,bridge,2,2.5,-1.0,45,2.0,false,15,65,7,70,2,8,3,124.0,4,236,117.0,47.0,0,11,36.25730994152047,0.7017543859649122,26.5,63.0,0,0,23.540804093567253,0.3790322580645161,02:51-02:59; 03:15-03:54; 04:28-05:31; 06:58-07:12
bridge_n2.5_peak2.0_x70_r5,bridge,2,2.5,-1.0,45,2.0,false,15,65,7,70,2,8,5,131.0,4,236,115.0,48.0,0,9,38.30409356725146,0.7017543859649122,29.0,64.0,0,0,23.540804093567253,0.366412213740458,02:51-03:00; 03:15-03:54; 04:28-05:32; 06:53-07:12
bridge_n2.5_peak2.5_x60_r3,bridge,2,2.5,-1.0,45,2.5,false,15,65,7,60,2,8,3,106.0,4,263,117.0,43.0,0,38,30.994152046783626,0.7017543859649122,21.5,55.0,0,0,23.540804093567253,0.4056603773584906,02:51-02:59; 03:19-03:54; 04:28-05:23; 07:04-07:12
bridge_n2.5_peak2.5_x60_r5,bridge,2,2.5,-1.0,45,2.5,false,15,65,7,60,2,8,5,112.0,4,263,118.0,36.0,0,39,32.748538011695906,0.7017543859649122,24.5,56.0,0,1,31.435540935672513,0.32142857142857145,03:18-03:54; 04:28-05:24; 05:25-05:32; 06:27-06:40
bridge_n2.5_peak2.5_x65_r3,bridge,2,2.5,-1.0,45,2.5,false,15,65,7,65,2,8,3,98.0,3,263,127.0,43.0,0,48,28.654970760233915,0.5263157894736842,35.0,55.0,0,0,23.540804093567253,0.4387755102040816,02:51-02:59; 03:19-03:54; 04:28-05:23
bridge_n2.5_peak2.5_x65_r5,bridge,2,2.5,-1.0,45,2.5,false,15,65,7,65,2,8,5,142.0,6,263,98.0,48.0,0,19,41.52046783625731,1.0526315789473684,15.5,56.0,0,1,23.540804093567253,0.3380281690140845,02:51-03:00; 03:15-03:54; 04:28-05:24; 05:25-05:32; 06:27-06:40; 06:54-07:12
bridge_n2.5_peak2.5_x70_r3,bridge,2,2.5,-1.0,45,2.5,false,15,65,7,70,2,8,3,121.0,4,263,108.0,47.0,0,29,35.38011695906433,0.7017543859649122,25.0,63.0,0,0,23.540804093567253,0.3884297520661157,02:51-02:59; 03:15-03:54; 04:28-05:31; 07:01-07:12
bridge_n2.5_peak2.5_x70_r5,bridge,2,2.5,-1.0,45,2.5,false,15,65,7,70,2,8,5,143.0,5,263,98.0,48.0,0,19,41.812865497076025,0.8771929824561403,18.0,64.0,0,0,23.540804093567253,0.3356643356643357,02:51-03:00; 03:15-03:54; 04:28-05:32; 06:27-06:40; 06:54-07:12
bridge_n2.5_peak3.0_x60_r3,bridge,2,2.5,-1.0,45,3.0,false,15,65,7,60,2,8,3,112.0,4,283,109.0,45.0,0,50,32.748538011695906,0.7017543859649122,23.0,58.0,0,0,23.540804093567253,0.4017857142857143,02:51-02:59; 03:19-03:56; 04:25-05:23; 06:56-07:05
bridge_n2.5_peak3.0_x60_r5,bridge,2,2.5,-1.0,45,3.0,false,15,65,7,60,2,8,5,134.0,5,283,98.0,39.0,0,39,39.1812865497076,0.8771929824561403,16.0,59.0,0,1,31.435540935672513,0.291044776119403,03:18-03:57; 04:25-05:24; 05:25-05:32; 06:27-06:40; 06:56-07:12
bridge_n2.5_peak3.0_x65_r3,bridge,2,2.5,-1.0,45,3.0,false,15,65,7,65,2,8,3,129.0,4,283,97.0,49.0,0,38,37.719298245614034,0.7017543859649122,27.5,66.0,0,0,23.540804093567253,0.3798449612403101,02:51-02:59; 03:15-03:56; 04:25-05:31; 06:58-07:12
bridge_n2.5_peak3.0_x65_r5,bridge,2,2.5,-1.0,45,3.0,false,15,65,7,65,2,8,5,150.0,5,283,87.0,51.0,0,28,43.859649122807014,0.8771929824561403,19.0,67.0,0,0,23.540804093567253,0.34,02:51-03:00; 03:15-03:57; 04:25-05:32; 06:27-06:40; 06:53-07:12
bridge_n2.5_peak3.0_x70_r3,bridge,2,2.5,-1.0,45,3.0,false,15,65,7,70,2,8,3,141.0,4,283,95.0,61.0,0,36,41.228070175438596,0.7017543859649122,33.5,66.0,0,0,23.540804093567253,0.4326241134751773,02:51-02:59; 03:03-03:56; 04:25-05:31; 06:58-07:12
bridge_n2.5_peak3.0_x70_r5,bridge,2,2.5,-1.0,45,3.0,false,15,65,7,70,2,8,5,162.0,5,283,85.0,63.0,0,26,47.368421052631575,0.8771929824561403,19.0,67.0,0,0,23.540804093567253,0.3888888888888889,02:51-03:00; 03:03-03:57; 04:25-05:32; 06:27-06:40; 06:53-07:12
bridge_n2.75_peak1.5_x60_r3,bridge,2,2.75,-1.0,45,1.5,false,15,65,7,60,2,8,3,104.0,4,205,139.0,42.0,0,2,30.409356725146196,0.7017543859649122,21.0,55.0,0,0,23.540804093567253,0.40384615384615385,02:51-02:59; 03:20-03:54; 04:28-05:23; 07:05-07:12
bridge_n2.75_peak1.5_x60_r5,bridge,2,2.75,-1.0,45,1.5,false,15,65,7,60,2,8,5,97.0,3,205,147.0,34.0,0,10,28.362573099415204,0.5263157894736842,34.0,56.0,0,0,32.02033625730994,0.35051546391752575,03:20-03:54; 04:28-05:24; 07:05-07:12
bridge_n2.75_peak1.5_x65_r3,bridge,2,2.75,-1.0,45,1.5,false,15,65,7,65,2,8,3,97.0,3,205,146.0,42.0,0,9,28.362573099415204,0.5263157894736842,34.0,55.0,0,0,23.540804093567253,0.4329896907216495,02:51-02:59; 03:20-03:54; 04:28-05:23
bridge_n2.75_peak1.5_x65_r5,bridge,2,2.75,-1.0,45,1.5,false,15,65,7,65,2,8,5,109.0,4,205,137.0,43.0,0,0,31.871345029239766,0.7017543859649122,22.0,56.0,0,0,23.540804093567253,0.3944954128440367,02:51-03:00; 03:20-03:54; 04:28-05:24; 07:02-07:12
bridge_n2.75_peak1.5_x70_r3,bridge,2,2.75,-1.0,45,1.5,false,15,65,7,70,2,8,3,107.0,4,205,137.0,42.0,0,0,31.28654970760234,0.7017543859649122,22.0,55.0,0,0,23.540804093567253,0.3925233644859813,02:51-02:59; 03:20-03:54; 04:28-05:23; 07:02-07:12
bridge_n2.75_peak1.5_x70_r5,bridge,2,2.75,-1.0,45,1.5,false,15,65,7,70,2,8,5,109.0,4,205,137.0,43.0,0,0,31.871345029239766,0.7017543859649122,22.0,56.0,0,0,23.540804093567253,0.3944954128440367,02:51-03:00; 03:20-03:54; 04:28-05:24; 07:02-07:12
bridge_n2.75_peak2.0_x60_r3,bridge,2,2.75,-1.0,45,2.0,false,15,65,7,60,2,8,3,98.0,3,236,138.0,43.0,0,32,28.654970760233915,0.5263157894736842,35.0,55.0,0,0,23.540804093567253,0.4387755102040816,02:51-02:59; 03:19-03:54; 04:28-05:23
bridge_n2.75_peak2.0_x60_r5,bridge,2,2.75,-1.0,45,2.0,false,15,65,7,60,2,8,5,114.0,5,236,127.0,36.0,0,21,33.33333333333333,0.8771929824561403,8.0,56.0,0,2,31.435540935672513,0.3157894736842105,03:18-03:54; 04:28-05:24; 05:25-05:32; 06:56-07:04; 07:05-07:12
bridge_n2.75_peak2.0_x65_r3,bridge,2,2.75,-1.0,45,2.0,false,15,65,7,65,2,8,3,105.0,4,236,132.0,43.0,0,26,30.701754385964914,0.7017543859649122,21.5,55.0,0,0,23.540804093567253,0.4095238095238095,02:51-02:59; 03:19-03:54; 04:28-05:23; 06:58-07:05
bridge_n2.75_peak2.0_x65_r5,bridge,2,2.75,-1.0,45,2.0,false,15,65,7,65,2,8,5,130.0,5,236,115.0,48.0,0,9,38.01169590643275,0.8771929824561403,19.0,56.0,0,1,23.540804093567253,0.36923076923076925,02:51-03:00; 03:15-03:54; 04:28-05:24; 05:25-05:32; 06:53-07:12
bridge_n2.75_peak2.0_x70_r3,bridge,2,2.75,-1.0,45,2.0,false,15,65,7,70,2,8,3,124.0,4,236,117.0,47.0,0,11,36.25730994152047,0.7017543859649122,26.5,63.0,0,0,23.540804093567253,0.3790322580645161,02:51-02:59; 03:15-03:54; 04:28-05:31; 06:58-07:12
bridge_n2.75_peak2.0_x70_r5,bridge,2,2.75,-1.0,45,2.0,false,15,65,7,70,2,8,5,131.0,4,236,115.0,48.0,0,9,38.30409356725146,0.7017543859649122,29.0,64.0,0,0,23.540804093567253,0.366412213740458,02:51-03:00; 03:15-03:54; 04:28-05:32; 06:53-07:12
bridge_n2.75_peak2.5_x60_r3,bridge,2,2.75,-1.0,45,2.5,false,15,65,7,60,2,8,3,106.0,4,263,117.0,43.0,0,38,30.994152046783626,0.7017543859649122,21.5,55.0,0,0,23.540804093567253,0.4056603773584906,02:51-02:59; 03:19-03:54; 04:28-05:23; 07:04-07:12
bridge_n2.75_peak2.5_x60_r5,bridge,2,2.75,-1.0,45,2.5,false,15,65,7,60,2,8,5,112.0,4,263,118.0,36.0,0,39,32.748538011695906,0.7017543859649122,24.5,56.0,0,1,31.435540935672513,0.32142857142857145,03:18-03:54; 04:28-05:24; 05:25-05:32; 06:27-06:40
bridge_n2.75_peak2.5_x65_r3,bridge,2,2.75,-1.0,45,2.5,false,15,65,7,65,2,8,3,98.0,3,263,127.0,43.0,0,48,28.654970760233915,0.5263157894736842,35.0,55.0,0,0,23.540804093567253,0.4387755102040816,02:51-02:59; 03:19-03:54; 04:28-05:23
bridge_n2.75_peak2.5_x65_r5,bridge,2,2.75,-1.0,45,2.5,false,15,65,7,65,2,8,5,142.0,6,263,98.0,48.0,0,19,41.52046783625731,1.0526315789473684,15.5,56.0,0,1,23.540804093567253,0.3380281690140845,02:51-03:00; 03:15-03:54; 04:28-05:24; 05:25-05:32; 06:27-06:40; 06:54-07:12
bridge_n2.75_peak2.5_x70_r3,bridge,2,2.75,-1.0,45,2.5,false,15,65,7,70,2,8,3,121.0,4,263,108.0,47.0,0,29,35.38011695906433,0.7017543859649122,25.0,63.0,0,0,23.540804093567253,0.3884297520661157,02:51-02:59; 03:15-03:54; 04:28-05:31; 07:01-07:12
bridge_n2.75_peak2.5_x70_r5,bridge,2,2.75,-1.0,45,2.5,false,15,65,7,70,2,8,5,143.0,5,263,98.0,48.0,0,19,41.812865497076025,0.8771929824561403,18.0,64.0,0,0,23.540804093567253,0.3356643356643357,02:51-03:00; 03:15-03:54; 04:28-05:32; 06:27-06:40; 06:54-07:12
bridge_n2.75_peak3.0_x60_r3,bridge,2,2.75,-1.0,45,3.0,false,15,65,7,60,2,8,3,112.0,4,283,109.0,45.0,0,50,32.748538011695906,0.7017543859649122,23.0,58.0,0,0,23.540804093567253,0.4017857142857143,02:51-02:59; 03:19-03:56; 04:25-05:23; 06:56-07:05
bridge_n2.75_peak3.0_x60_r5,bridge,2,2.75,-1.0,45,3.0,false,15,65,7,60,2,8,5,134.0,5,283,98.0,39.0,0,39,39.1812865497076,0.8771929824561403,16.0,59.0,0,1,31.435540935672513,0.291044776119403,03:18-03:57; 04:25-05:24; 05:25-05:32; 06:27-06:40; 06:56-07:12
bridge_n2.75_peak3.0_x65_r3,bridge,2,2.75,-1.0,45,3.0,false,15,65,7,65,2,8,3,129.0,4,283,97.0,49.0,0,38,37.719298245614034,0.7017543859649122,27.5,66.0,0,0,23.540804093567253,0.3798449612403101,02:51-02:59; 03:15-03:56; 04:25-05:31; 06:58-07:12
bridge_n2.75_peak3.0_x65_r5,bridge,2,2.75,-1.0,45,3.0,false,15,65,7,65,2,8,5,150.0,5,283,87.0,51.0,0,28,43.859649122807014,0.8771929824561403,19.0,67.0,0,0,23.540804093567253,0.34,02:51-03:00; 03:15-03:57; 04:25-05:32; 06:27-06:40; 06:53-07:12
bridge_n2.75_peak3.0_x70_r3,bridge,2,2.75,-1.0,45,3.0,false,15,65,7,70,2,8,3,141.0,4,283,95.0,61.0,0,36,41.228070175438596,0.7017543859649122,33.5,66.0,0,0,23.540804093567253,0.4326241134751773,02:51-02:59; 03:03-03:56; 04:25-05:31; 06:58-07:12
bridge_n2.75_peak3.0_x70_r5,bridge,2,2.75,-1.0,45,3.0,false,15,65,7,70,2,8,5,162.0,5,283,85.0,63.0,0,26,47.368421052631575,0.8771929824561403,19.0,67.0,0,0,23.540804093567253,0.3888888888888889,02:51-03:00; 03:03-03:57; 04:25-05:32; 06:27-06:40; 06:53-07:12
bridge_n3.0_peak1.5_x60_r3,bridge,2,3.0,-1.0,45,1.5,false,15,65,7,60,2,8,3,59.0,3,149,207.0,12.0,0,14,17.251461988304094,0.5263157894736842,12.0,39.0,0,0,22.371213450292398,0.2033898305084746,02:47-02:59; 04:28-05:07; 06:57-07:05
bridge_n3.0_peak1.5_x60_r5,bridge,2,3.0,-1.0,45,1.5,false,15,65,7,60,2,8,5,67.0,3,149,201.0,14.0,0,8,19.5906432748538,0.5263157894736842,14.0,39.0,0,0,22.078815789473687,0.208955223880597,02:46-03:00; 04:28-05:07; 06:58-07:12
bridge_n3.0_peak1.5_x65_r3,bridge,2,3.0,-1.0,45,1.5,false,15,65,7,65,2,8,3,69.0,3,149,199.0,16.0,0,6,20.175438596491226,0.5263157894736842,16.0,39.0,0,0,21.201622807017547,0.2318840579710145,02:43-02:59; 04:28-05:07; 06:58-07:12
bridge_n3.0_peak1.5_x65_r5,bridge,2,3.0,-1.0,45,1.5,false,15,65,7,65,2,8,5,75.0,3,149,195.0,17.0,0,2,21.929824561403507,0.5263157894736842,19.0,39.0,0,0,21.201622807017547,0.22666666666666666,02:43-03:00; 04:28-05:07; 06:53-07:12
bridge_n3.0_peak2.0_x70_r3,bridge,2,3.0,-1.0,45,2.0,false,15,65,7,70,2,8,3,85.0,3,178,173.0,32.0,0,9,24.853801169590643,0.5263157894736842,32.0,39.0,0,0,21.201622807017547,0.3764705882352941,02:43-03:15; 04:28-05:07; 06:58-07:12
bridge_n3.0_peak2.0_x70_r5,bridge,2,3.0,-1.0,45,2.0,false,15,65,7,70,2,8,5,90.0,3,178,170.0,32.0,0,6,26.31578947368421,0.5263157894736842,32.0,39.0,0,0,21.201622807017547,0.35555555555555557,02:43-03:15; 04:28-05:07; 06:53-07:12
bridge_n3.0_peak2.5_x70_r3,bridge,2,3.0,-1.0,45,2.5,false,15,65,7,70,2,8,3,85.0,3,205,166.0,32.0,0,29,24.853801169590643,0.5263157894736842,32.0,39.0,0,0,21.201622807017547,0.3764705882352941,02:43-03:15; 04:28-05:07; 06:58-07:12
bridge_n3.0_peak2.5_x70_r5,bridge,2,3.0,-1.0,45,2.5,false,15,65,7,70,2,8,5,104.0,4,205,153.0,32.0,0,16,30.409356725146196,0.7017543859649122,25.5,39.0,0,0,21.201622807017547,0.3076923076923077,02:43-03:15; 04:28-05:07; 06:26-06:40; 06:53-07:12
bridge_n3.0_peak3.0_x70_r3,bridge,2,3.0,-1.0,45,3.0,false,15,65,7,70,2,8,3,125.0,4,244,129.0,32.0,0,31,36.54970760233918,0.7017543859649122,23.0,66.0,0,0,21.201622807017547,0.256,02:43-03:15; 04:25-05:31; 05:36-05:49; 06:58-07:12
bridge_n3.0_peak3.0_x70_r5,bridge,2,3.0,-1.0,45,3.0,false,15,65,7,70,2,8,5,146.0,5,244,117.0,32.0,0,19,42.69005847953216,0.8771929824561403,19.0,67.0,0,0,21.201622807017547,0.2191780821917808,02:43-03:15; 04:25-05:32; 05:36-05:50; 06:26-06:40; 06:53-07:12
C_peak2.25_x60_w12_e1_b5,C_neighbors,2,3.0,-1.0,45,2.25,false,12,65,5,60,1,8,5,104.0,8,205,151.0,18.0,0,14,30.409356725146196,1.4035087719298245,9.5,42.0,1,1,22.078815789473687,0.17307692307692307,02:46-02:59; 03:08-03:13; 04:25-05:07; 05:42-05:48; 06:16-06:22; 06:26-06:39; 06:52-07:04; 07:05-07:12
C_peak2.25_x60_w12_e1_b6,C_neighbors,2,3.0,-1.0,45,2.25,false,12,65,6,60,1,8,5,99.0,7,205,156.0,13.0,0,19,28.947368421052634,1.2280701754385965,12.0,42.0,0,1,22.078815789473687,0.13131313131313133,02:46-02:59; 04:25-05:07; 05:42-05:48; 06:16-06:22; 06:26-06:39; 06:52-07:04; 07:05-07:12
C_peak2.25_x60_w12_e1_b7,C_neighbors,2,3.0,-1.0,45,2.25,false,12,65,7,60,1,8,5,87.0,5,205,168.0,13.0,0,31,25.438596491228072,0.8771929824561403,13.0,42.0,0,1,22.078815789473687,0.14942528735632185,02:46-02:59; 04:25-05:07; 06:26-06:39; 06:52-07:04; 07:05-07:12
C_peak2.25_x60_w12_e2_b5,C_neighbors,2,3.0,-1.0,45,2.25,false,12,65,5,60,2,8,5,117.0,8,205,149.0,22.0,0,12,34.21052631578947,1.4035087719298245,11.0,42.0,1,0,22.078815789473687,0.18803418803418803,02:46-03:00; 03:07-03:15; 04:25-05:07; 05:42-05:49; 06:16-06:23; 06:26-06:40; 06:43-06:48; 06:52-07:12
C_peak2.25_x60_w12_e2_b6,C_neighbors,2,3.0,-1.0,45,2.25,false,12,65,6,60,2,8,5,112.0,7,205,154.0,22.0,0,17,32.748538011695906,1.2280701754385965,14.0,42.0,0,0,22.078815789473687,0.19642857142857142,02:46-03:00; 03:07-03:15; 04:25-05:07; 05:42-05:49; 06:16-06:23; 06:26-06:40; 06:52-07:12
C_peak2.25_x60_w12_e2_b7,C_neighbors,2,3.0,-1.0,45,2.25,false,12,65,7,60,2,8,5,112.0,7,205,154.0,22.0,0,17,32.748538011695906,1.2280701754385965,14.0,42.0,0,0,22.078815789473687,0.19642857142857142,02:46-03:00; 03:07-03:15; 04:25-05:07; 05:42-05:49; 06:16-06:23; 06:26-06:40; 06:52-07:12
C_peak2.25_x60_w13_e1_b5,C_neighbors,2,3.0,-1.0,45,2.25,false,13,65,5,60,1,8,5,102.0,8,205,150.0,19.0,0,13,29.82456140350877,1.4035087719298245,9.5,41.0,3,1,21.786418128654972,0.18627450980392157,02:45-02:59; 03:08-03:13; 04:26-05:07; 05:43-05:48; 06:17-06:22; 06:26-06:39; 06:52-07:04; 07:05-07:12
C_peak2.25_x60_w13_e1_b6,C_neighbors,2,3.0,-1.0,45,2.25,false,13,65,6,60,1,8,5,87.0,5,205,165.0,14.0,0,28,25.438596491228072,0.8771929824561403,13.0,41.0,0,1,21.786418128654972,0.16091954022988506,02:45-02:59; 04:26-05:07; 06:26-06:39; 06:52-07:04; 07:05-07:12
C_peak2.25_x60_w13_e1_b7,C_neighbors,2,3.0,-1.0,45,2.25,false,13,65,7,60,1,8,5,87.0,5,205,165.0,14.0,0,28,25.438596491228072,0.8771929824561403,13.0,41.0,0,1,21.786418128654972,0.16091954022988506,02:45-02:59; 04:26-05:07; 06:26-06:39; 06:52-07:04; 07:05-07:12
C_peak2.25_x60_w13_e2_b5,C_neighbors,2,3.0,-1.0,45,2.25,false,13,65,5,60,2,8,5,114.0,8,205,148.0,22.0,0,11,33.33333333333333,1.4035087719298245,11.0,41.0,1,0,22.078815789473687,0.19298245614035087,02:46-03:00; 03:07-03:15; 04:26-05:07; 05:43-05:49; 06:17-06:23; 06:26-06:40; 06:43-06:48; 06:52-07:12
C_peak2.25_x60_w13_e2_b6,C_neighbors,2,3.0,-1.0,45,2.25,false,13,65,6,60,2,8,5,109.0,7,205,153.0,22.0,0,16,31.871345029239766,1.2280701754385965,14.0,41.0,0,0,22.078815789473687,0.2018348623853211,02:46-03:00; 03:07-03:15; 04:26-05:07; 05:43-05:49; 06:17-06:23; 06:26-06:40; 06:52-07:12
C_peak2.25_x60_w13_e2_b7,C_neighbors,2,3.0,-1.0,45,2.25,false,13,65,7,60,2,8,5,97.0,5,205,165.0,22.0,0,28,28.362573099415204,0.8771929824561403,14.0,41.0,0,0,22.078815789473687,0.2268041237113402,02:46-03:00; 03:07-03:15; 04:26-05:07; 06:26-06:40; 06:52-07:12
C_peak2.25_x60_w14_e1_b5,C_neighbors,2,3.0,-1.0,45,2.25,false,14,65,5,60,1,8,5,100.0,8,205,149.0,19.0,0,12,29.239766081871345,1.4035087719298245,9.0,40.0,3,1,21.786418128654972,0.19,02:45-02:59; 03:08-03:13; 04:27-05:07; 05:43-05:48; 06:17-06:22; 06:26-06:39; 06:53-07:04; 07:05-07:12
C_peak2.25_x60_w14_e1_b6,C_neighbors,2,3.0,-1.0,45,2.25,false,14,65,6,60,1,8,5,85.0,5,205,164.0,14.0,0,27,24.853801169590643,0.8771929824561403,13.0,40.0,0,1,21.786418128654972,0.16470588235294117,02:45-02:59; 04:27-05:07; 06:26-06:39; 06:53-07:04; 07:05-07:12
C_peak2.25_x60_w14_e1_b7,C_neighbors,2,3.0,-1.0,45,2.25,false,14,65,7,60,1,8,5,85.0,5,205,164.0,14.0,0,27,24.853801169590643,0.8771929824561403,13.0,40.0,0,1,21.786418128654972,0.16470588235294117,02:45-02:59; 04:27-05:07; 06:26-06:39; 06:53-07:04; 07:05-07:12
C_peak2.25_x60_w14_e2_b5,C_neighbors,2,3.0,-1.0,45,2.25,false,14,65,5,60,2,8,5,112.0,8,205,146.0,22.0,0,9,32.748538011695906,1.4035087719298245,11.0,40.0,1,0,22.078815789473687,0.19642857142857142,02:46-03:00; 03:07-03:15; 04:27-05:07; 05:43-05:49; 06:17-06:23; 06:26-06:40; 06:43-06:48; 06:53-07:12
C_peak2.25_x60_w14_e2_b6,C_neighbors,2,3.0,-1.0,45,2.25,false,14,65,6,60,2,8,5,107.0,7,205,151.0,22.0,0,14,31.28654970760234,1.2280701754385965,14.0,40.0,0,0,22.078815789473687,0.205607476635514,02:46-03:00; 03:07-03:15; 04:27-05:07; 05:43-05:49; 06:17-06:23; 06:26-06:40; 06:53-07:12
C_peak2.25_x60_w14_e2_b7,C_neighbors,2,3.0,-1.0,45,2.25,false,14,65,7,60,2,8,5,95.0,5,205,163.0,22.0,0,26,27.77777777777778,0.8771929824561403,14.0,40.0,0,0,22.078815789473687,0.23157894736842105,02:46-03:00; 03:07-03:15; 04:27-05:07; 06:26-06:40; 06:53-07:12
C_peak2.25_x60_w15_e1_b5,C_neighbors,2,3.0,-1.0,45,2.25,false,15,65,5,60,1,8,5,89.0,6,205,155.0,19.0,0,18,26.023391812865498,1.0526315789473684,12.0,39.0,1,1,21.786418128654972,0.21348314606741572,02:45-02:59; 03:08-03:13; 04:28-05:07; 06:26-06:39; 06:53-07:04; 07:05-07:12
C_peak2.25_x60_w15_e1_b6,C_neighbors,2,3.0,-1.0,45,2.25,false,15,65,6,60,1,8,5,84.0,5,205,160.0,14.0,0,23,24.561403508771928,0.8771929824561403,13.0,39.0,0,1,21.786418128654972,0.16666666666666666,02:45-02:59; 04:28-05:07; 06:26-06:39; 06:53-07:04; 07:05-07:12
C_peak2.25_x60_w15_e1_b7,C_neighbors,2,3.0,-1.0,45,2.25,false,15,65,7,60,1,8,5,84.0,5,205,160.0,14.0,0,23,24.561403508771928,0.8771929824561403,13.0,39.0,0,1,21.786418128654972,0.16666666666666666,02:45-02:59; 04:28-05:07; 06:26-06:39; 06:53-07:04; 07:05-07:12
C_peak2.25_x60_w15_e2_b5,C_neighbors,2,3.0,-1.0,45,2.25,false,15,65,5,60,2,8,5,109.0,8,205,143.0,22.0,0,6,31.871345029239766,1.4035087719298245,11.0,39.0,3,0,22.078815789473687,0.2018348623853211,02:46-03:00; 03:07-03:15; 04:28-05:07; 05:44-05:49; 06:18-06:23; 06:26-06:40; 06:43-06:48; 06:53-07:12
C_peak2.25_x60_w15_e2_b6,C_neighbors,2,3.0,-1.0,45,2.25,false,15,65,6,60,2,8,5,94.0,5,205,158.0,22.0,0,21,27.485380116959064,0.8771929824561403,14.0,39.0,0,0,22.078815789473687,0.23404255319148937,02:46-03:00; 03:07-03:15; 04:28-05:07; 06:26-06:40; 06:53-07:12
C_peak2.25_x60_w15_e2_b7,C_neighbors,2,3.0,-1.0,45,2.25,false,15,65,7,60,2,8,5,94.0,5,205,158.0,22.0,0,21,27.485380116959064,0.8771929824561403,14.0,39.0,0,0,22.078815789473687,0.23404255319148937,02:46-03:00; 03:07-03:15; 04:28-05:07; 06:26-06:40; 06:53-07:12
C_peak2.25_x62_w12_e1_b5,C_neighbors,2,3.0,-1.0,45,2.25,false,12,65,5,62,1,8,5,110.0,7,205,149.0,23.0,0,12,32.16374269005848,1.2280701754385965,13.0,42.0,1,0,20.616827485380117,0.20909090909090908,02:41-02:59; 03:08-03:13; 04:25-05:07; 05:42-05:48; 06:16-06:22; 06:26-06:39; 06:52-07:12
C_peak2.25_x62_w12_e1_b6,C_neighbors,2,3.0,-1.0,45,2.25,false,12,65,6,62,1,8,5,105.0,6,205,154.0,18.0,0,17,30.701754385964914,1.0526315789473684,15.5,42.0,0,0,20.616827485380117,0.17142857142857143,02:41-02:59; 04:25-05:07; 05:42-05:48; 06:16-06:22; 06:26-06:39; 06:52-07:12
C_peak2.25_x62_w12_e1_b7,C_neighbors,2,3.0,-1.0,45,2.25,false,12,65,7,62,1,8,5,93.0,4,205,166.0,18.0,0,29,27.192982456140353,0.7017543859649122,19.0,42.0,0,0,20.616827485380117,0.1935483870967742,02:41-02:59; 04:25-05:07; 06:26-06:39; 06:52-07:12
C_peak2.25_x62_w12_e2_b5,C_neighbors,2,3.0,-1.0,45,2.25,false,12,65,5,62,2,8,5,122.0,8,205,145.0,27.0,0,8,35.67251461988304,1.4035087719298245,11.0,42.0,1,0,20.616827485380117,0.22131147540983606,02:41-03:00; 03:07-03:15; 04:25-05:07; 05:42-05:49; 06:16-06:23; 06:26-06:40; 06:43-06:48; 06:52-07:12
C_peak2.25_x62_w12_e2_b6,C_neighbors,2,3.0,-1.0,45,2.25,false,12,65,6,62,2,8,5,117.0,7,205,150.0,27.0,0,13,34.21052631578947,1.2280701754385965,14.0,42.0,0,0,20.616827485380117,0.23076923076923078,02:41-03:00; 03:07-03:15; 04:25-05:07; 05:42-05:49; 06:16-06:23; 06:26-06:40; 06:52-07:12
C_peak2.25_x62_w12_e2_b7,C_neighbors,2,3.0,-1.0,45,2.25,false,12,65,7,62,2,8,5,117.0,7,205,150.0,27.0,0,13,34.21052631578947,1.2280701754385965,14.0,42.0,0,0,20.616827485380117,0.23076923076923078,02:41-03:00; 03:07-03:15; 04:25-05:07; 05:42-05:49; 06:16-06:23; 06:26-06:40; 06:52-07:12
C_peak2.25_x62_w13_e1_b5,C_neighbors,2,3.0,-1.0,45,2.25,false,13,65,5,62,1,8,5,107.0,7,205,148.0,23.0,0,11,31.28654970760234,1.2280701754385965,13.0,41.0,3,0,20.616827485380117,0.21495327102803738,02:41-02:59; 03:08-03:13; 04:26-05:07; 05:43-05:48; 06:17-06:22; 06:26-06:39; 06:52-07:12
C_peak2.25_x62_w13_e1_b6,C_neighbors,2,3.0,-1.0,45,2.25,false,13,65,6,62,1,8,5,92.0,4,205,163.0,18.0,0,26,26.900584795321635,0.7017543859649122,19.0,41.0,0,0,20.616827485380117,0.1956521739130435,02:41-02:59; 04:26-05:07; 06:26-06:39; 06:52-07:12
C_peak2.25_x62_w13_e1_b7,C_neighbors,2,3.0,-1.0,45,2.25,false,13,65,7,62,1,8,5,92.0,4,205,163.0,18.0,0,26,26.900584795321635,0.7017543859649122,19.0,41.0,0,0,20.616827485380117,0.1956521739130435,02:41-02:59; 04:26-05:07; 06:26-06:39; 06:52-07:12
C_peak2.25_x62_w13_e2_b5,C_neighbors,2,3.0,-1.0,45,2.25,false,13,65,5,62,2,8,5,119.0,8,205,144.0,27.0,0,7,34.7953216374269,1.4035087719298245,11.0,41.0,1,0,20.616827485380117,0.226890756302521,02:41-03:00; 03:07-03:15; 04:26-05:07; 05:43-05:49; 06:17-06:23; 06:26-06:40; 06:43-06:48; 06:52-07:12
C_peak2.25_x62_w13_e2_b6,C_neighbors,2,3.0,-1.0,45,2.25,false,13,65,6,62,2,8,5,114.0,7,205,149.0,27.0,0,12,33.33333333333333,1.2280701754385965,14.0,41.0,0,0,20.616827485380117,0.23684210526315788,02:41-03:00; 03:07-03:15; 04:26-05:07; 05:43-05:49; 06:17-06:23; 06:26-06:40; 06:52-07:12
C_peak2.25_x62_w13_e2_b7,C_neighbors,2,3.0,-1.0,45,2.25,false,13,65,7,62,2,8,5,102.0,5,205,161.0,27.0,0,24,29.82456140350877,0.8771929824561403,19.0,41.0,0,0,20.616827485380117,0.2647058823529412,02:41-03:00; 03:07-03:15; 04:26-05:07; 06:26-06:40; 06:52-07:12
C_peak2.25_x62_w14_e1_b5,C_neighbors,2,3.0,-1.0,45,2.25,false,14,65,5,62,1,8,5,104.0,7,205,147.0,22.0,0,10,30.409356725146196,1.2280701754385965,13.0,40.0,3,0,20.909225146198832,0.21153846153846154,02:42-02:59; 03:08-03:13; 04:27-05:07; 05:43-05:48; 06:17-06:22; 06:26-06:39; 06:53-07:12
C_peak2.25_x62_w14_e1_b6,C_neighbors,2,3.0,-1.0,45,2.25,false,14,65,6,62,1,8,5,89.0,4,205,162.0,17.0,0,25,26.023391812865498,0.7017543859649122,18.0,40.0,0,0,20.909225146198832,0.19101123595505617,02:42-02:59; 04:27-05:07; 06:26-06:39; 06:53-07:12
C_peak2.25_x62_w14_e1_b7,C_neighbors,2,3.0,-1.0,45,2.25,false,14,65,7,62,1,8,5,89.0,4,205,162.0,17.0,0,25,26.023391812865498,0.7017543859649122,18.0,40.0,0,0,20.909225146198832,0.19101123595505617,02:42-02:59; 04:27-05:07; 06:26-06:39; 06:53-07:12
C_peak2.25_x62_w14_e2_b5,C_neighbors,2,3.0,-1.0,45,2.25,false,14,65,5,62,2,8,5,116.0,8,205,143.0,26.0,0,6,33.91812865497076,1.4035087719298245,11.0,40.0,1,0,20.909225146198832,0.22413793103448276,02:42-03:00; 03:07-03:15; 04:27-05:07; 05:43-05:49; 06:17-06:23; 06:26-06:40; 06:43-06:48; 06:53-07:12
C_peak2.25_x62_w14_e2_b6,C_neighbors,2,3.0,-1.0,45,2.25,false,14,65,6,62,2,8,5,111.0,7,205,148.0,26.0,0,11,32.45614035087719,1.2280701754385965,14.0,40.0,0,0,20.909225146198832,0.23423423423423423,02:42-03:00; 03:07-03:15; 04:27-05:07; 05:43-05:49; 06:17-06:23; 06:26-06:40; 06:53-07:12
C_peak2.25_x62_w14_e2_b7,C_neighbors,2,3.0,-1.0,45,2.25,false,14,65,7,62,2,8,5,99.0,5,205,160.0,26.0,0,23,28.947368421052634,0.8771929824561403,18.0,40.0,0,0,20.909225146198832,0.26262626262626265,02:42-03:00; 03:07-03:15; 04:27-05:07; 06:26-06:40; 06:53-07:12
C_peak2.25_x62_w15_e1_b5,C_neighbors,2,3.0,-1.0,45,2.25,false,15,65,5,62,1,8,5,92.0,5,205,154.0,21.0,0,17,26.900584795321635,0.8771929824561403,16.0,39.0,1,0,21.201622807017547,0.22826086956521738,02:43-02:59; 03:08-03:13; 04:28-05:07; 06:26-06:39; 06:53-07:12
C_peak2.25_x62_w15_e1_b6,C_neighbors,2,3.0,-1.0,45,2.25,false,15,65,6,62,1,8,5,87.0,4,205,159.0,16.0,0,22,25.438596491228072,0.7017543859649122,17.5,39.0,0,0,21.201622807017547,0.1839080459770115,02:43-02:59; 04:28-05:07; 06:26-06:39; 06:53-07:12
C_peak2.25_x62_w15_e1_b7,C_neighbors,2,3.0,-1.0,45,2.25,false,15,65,7,62,1,8,5,87.0,4,205,159.0,16.0,0,22,25.438596491228072,0.7017543859649122,17.5,39.0,0,0,21.201622807017547,0.1839080459770115,02:43-02:59; 04:28-05:07; 06:26-06:39; 06:53-07:12
C_peak2.25_x62_w15_e2_b5,C_neighbors,2,3.0,-1.0,45,2.25,false,15,65,5,62,2,8,5,112.0,8,205,141.0,25.0,0,4,32.748538011695906,1.4035087719298245,11.0,39.0,3,0,21.201622807017547,0.22321428571428573,02:43-03:00; 03:07-03:15; 04:28-05:07; 05:44-05:49; 06:18-06:23; 06:26-06:40; 06:43-06:48; 06:53-07:12
C_peak2.25_x62_w15_e2_b6,C_neighbors,2,3.0,-1.0,45,2.25,false,15,65,6,62,2,8,5,97.0,5,205,156.0,25.0,0,19,28.362573099415204,0.8771929824561403,17.0,39.0,0,0,21.201622807017547,0.25773195876288657,02:43-03:00; 03:07-03:15; 04:28-05:07; 06:26-06:40; 06:53-07:12
C_peak2.25_x62_w15_e2_b7,C_neighbors,2,3.0,-1.0,45,2.25,false,15,65,7,62,2,8,5,97.0,5,205,156.0,25.0,0,19,28.362573099415204,0.8771929824561403,17.0,39.0,0,0,21.201622807017547,0.25773195876288657,02:43-03:00; 03:07-03:15; 04:28-05:07; 06:26-06:40; 06:53-07:12
C_peak2.25_x65_w12_e1_b5,C_neighbors,2,3.0,-1.0,45,2.25,false,12,65,5,65,1,8,5,116.0,7,205,146.0,29.0,0,9,33.91812865497076,1.2280701754385965,13.0,42.0,0,0,20.616827485380117,0.25,02:41-02:59; 03:04-03:15; 04:25-05:07; 05:42-05:48; 06:16-06:22; 06:26-06:39; 06:52-07:12
C_peak2.25_x65_w12_e1_b6,C_neighbors,2,3.0,-1.0,45,2.25,false,12,65,6,65,1,8,5,116.0,7,205,146.0,29.0,0,9,33.91812865497076,1.2280701754385965,13.0,42.0,0,0,20.616827485380117,0.25,02:41-02:59; 03:04-03:15; 04:25-05:07; 05:42-05:48; 06:16-06:22; 06:26-06:39; 06:52-07:12
C_peak2.25_x65_w12_e1_b7,C_neighbors,2,3.0,-1.0,45,2.25,false,12,65,7,65,1,8,5,104.0,5,205,158.0,29.0,0,21,30.409356725146196,0.8771929824561403,18.0,42.0,0,0,20.616827485380117,0.27884615384615385,02:41-02:59; 03:04-03:15; 04:25-05:07; 06:26-06:39; 06:52-07:12
C_peak2.25_x65_w12_e2_b5,C_neighbors,2,3.0,-1.0,45,2.25,false,12,65,5,65,2,8,5,125.0,8,205,143.0,30.0,0,6,36.54970760233918,1.4035087719298245,12.5,42.0,1,0,20.616827485380117,0.24,02:41-03:00; 03:04-03:15; 04:25-05:07; 05:42-05:49; 06:16-06:23; 06:26-06:40; 06:43-06:48; 06:52-07:12
C_peak2.25_x65_w12_e2_b6,C_neighbors,2,3.0,-1.0,45,2.25,false,12,65,6,65,2,8,5,120.0,7,205,148.0,30.0,0,11,35.08771929824561,1.2280701754385965,14.0,42.0,0,0,20.616827485380117,0.25,02:41-03:00; 03:04-03:15; 04:25-05:07; 05:42-05:49; 06:16-06:23; 06:26-06:40; 06:52-07:12
C_peak2.25_x65_w12_e2_b7,C_neighbors,2,3.0,-1.0,45,2.25,false,12,65,7,65,2,8,5,120.0,7,205,148.0,30.0,0,11,35.08771929824561,1.2280701754385965,14.0,42.0,0,0,20.616827485380117,0.25,02:41-03:00; 03:04-03:15; 04:25-05:07; 05:42-05:49; 06:16-06:23; 06:26-06:40; 06:52-07:12
C_peak2.25_x65_w13_e1_b5,C_neighbors,2,3.0,-1.0,45,2.25,false,13,65,5,65,1,8,5,113.0,7,205,145.0,29.0,0,8,33.04093567251462,1.2280701754385965,13.0,41.0,2,0,20.616827485380117,0.25663716814159293,02:41-02:59; 03:04-03:15; 04:26-05:07; 05:43-05:48; 06:17-06:22; 06:26-06:39; 06:52-07:12
C_peak2.25_x65_w13_e1_b6,C_neighbors,2,3.0,-1.0,45,2.25,false,13,65,6,65,1,8,5,103.0,5,205,155.0,29.0,0,18,30.116959064327485,0.8771929824561403,18.0,41.0,0,0,20.616827485380117,0.2815533980582524,02:41-02:59; 03:04-03:15; 04:26-05:07; 06:26-06:39; 06:52-07:12
C_peak2.25_x65_w13_e1_b7,C_neighbors,2,3.0,-1.0,45,2.25,false,13,65,7,65,1,8,5,103.0,5,205,155.0,29.0,0,18,30.116959064327485,0.8771929824561403,18.0,41.0,0,0,20.616827485380117,0.2815533980582524,02:41-02:59; 03:04-03:15; 04:26-05:07; 06:26-06:39; 06:52-07:12
C_peak2.25_x65_w13_e2_b5,C_neighbors,2,3.0,-1.0,45,2.25,false,13,65,5,65,2,8,5,122.0,8,205,142.0,30.0,0,5,35.67251461988304,1.4035087719298245,12.5,41.0,1,0,20.616827485380117,0.2459016393442623,02:41-03:00; 03:04-03:15; 04:26-05:07; 05:43-05:49; 06:17-06:23; 06:26-06:40; 06:43-06:48; 06:52-07:12
C_peak2.25_x65_w13_e2_b6,C_neighbors,2,3.0,-1.0,45,2.25,false,13,65,6,65,2,8,5,117.0,7,205,147.0,30.0,0,10,34.21052631578947,1.2280701754385965,14.0,41.0,0,0,20.616827485380117,0.2564102564102564,02:41-03:00; 03:04-03:15; 04:26-05:07; 05:43-05:49; 06:17-06:23; 06:26-06:40; 06:52-07:12
C_peak2.25_x65_w13_e2_b7,C_neighbors,2,3.0,-1.0,45,2.25,false,13,65,7,65,2,8,5,105.0,5,205,159.0,30.0,0,22,30.701754385964914,0.8771929824561403,19.0,41.0,0,0,20.616827485380117,0.2857142857142857,02:41-03:00; 03:04-03:15; 04:26-05:07; 06:26-06:40; 06:52-07:12
C_peak2.25_x65_w14_e1_b5,C_neighbors,2,3.0,-1.0,45,2.25,false,14,65,5,65,1,8,5,110.0,7,205,144.0,28.0,0,7,32.16374269005848,1.2280701754385965,13.0,40.0,2,0,20.909225146198832,0.2545454545454545,02:42-02:59; 03:04-03:15; 04:27-05:07; 05:43-05:48; 06:17-06:22; 06:26-06:39; 06:53-07:12
C_peak2.25_x65_w14_e1_b6,C_neighbors,2,3.0,-1.0,45,2.25,false,14,65,6,65,1,8,5,100.0,5,205,154.0,28.0,0,17,29.239766081871345,0.8771929824561403,17.0,40.0,0,0,20.909225146198832,0.28,02:42-02:59; 03:04-03:15; 04:27-05:07; 06:26-06:39; 06:53-07:12
C_peak2.25_x65_w14_e1_b7,C_neighbors,2,3.0,-1.0,45,2.25,false,14,65,7,65,1,8,5,100.0,5,205,154.0,28.0,0,17,29.239766081871345,0.8771929824561403,17.0,40.0,0,0,20.909225146198832,0.28,02:42-02:59; 03:04-03:15; 04:27-05:07; 06:26-06:39; 06:53-07:12
C_peak2.25_x65_w14_e2_b5,C_neighbors,2,3.0,-1.0,45,2.25,false,14,65,5,65,2,8,5,119.0,8,205,141.0,29.0,0,4,34.7953216374269,1.4035087719298245,12.5,40.0,1,0,20.909225146198832,0.24369747899159663,02:42-03:00; 03:04-03:15; 04:27-05:07; 05:43-05:49; 06:17-06:23; 06:26-06:40; 06:43-06:48; 06:53-07:12
C_peak2.25_x65_w14_e2_b6,C_neighbors,2,3.0,-1.0,45,2.25,false,14,65,6,65,2,8,5,114.0,7,205,146.0,29.0,0,9,33.33333333333333,1.2280701754385965,14.0,40.0,0,0,20.909225146198832,0.2543859649122807,02:42-03:00; 03:04-03:15; 04:27-05:07; 05:43-05:49; 06:17-06:23; 06:26-06:40; 06:53-07:12
C_peak2.25_x65_w14_e2_b7,C_neighbors,2,3.0,-1.0,45,2.25,false,14,65,7,65,2,8,5,102.0,5,205,158.0,29.0,0,21,29.82456140350877,0.8771929824561403,18.0,40.0,0,0,20.909225146198832,0.28431372549019607,02:42-03:00; 03:04-03:15; 04:27-05:07; 06:26-06:40; 06:53-07:12
C_peak2.25_x65_w15_e1_b5,C_neighbors,2,3.0,-1.0,45,2.25,false,15,65,5,65,1,8,5,98.0,5,205,151.0,27.0,0,14,28.654970760233915,0.8771929824561403,16.0,39.0,0,0,21.201622807017547,0.2755102040816326,02:43-02:59; 03:04-03:15; 04:28-05:07; 06:26-06:39; 06:53-07:12
C_peak2.25_x65_w15_e1_b6,C_neighbors,2,3.0,-1.0,45,2.25,false,15,65,6,65,1,8,5,98.0,5,205,151.0,27.0,0,14,28.654970760233915,0.8771929824561403,16.0,39.0,0,0,21.201622807017547,0.2755102040816326,02:43-02:59; 03:04-03:15; 04:28-05:07; 06:26-06:39; 06:53-07:12
C_peak2.25_x65_w15_e1_b7,C_neighbors,2,3.0,-1.0,45,2.25,false,15,65,7,65,1,8,5,98.0,5,205,151.0,27.0,0,14,28.654970760233915,0.8771929824561403,16.0,39.0,0,0,21.201622807017547,0.2755102040816326,02:43-02:59; 03:04-03:15; 04:28-05:07; 06:26-06:39; 06:53-07:12
C_peak2.25_x65_w15_e2_b5,C_neighbors,2,3.0,-1.0,45,2.25,false,15,65,5,65,2,8,5,115.0,8,205,139.0,28.0,0,2,33.62573099415205,1.4035087719298245,12.5,39.0,3,0,21.201622807017547,0.24347826086956523,02:43-03:00; 03:04-03:15; 04:28-05:07; 05:44-05:49; 06:18-06:23; 06:26-06:40; 06:43-06:48; 06:53-07:12
C_peak2.25_x65_w15_e2_b6,C_neighbors,2,3.0,-1.0,45,2.25,false,15,65,6,65,2,8,5,100.0,5,205,154.0,28.0,0,17,29.239766081871345,0.8771929824561403,17.0,39.0,0,0,21.201622807017547,0.28,02:43-03:00; 03:04-03:15; 04:28-05:07; 06:26-06:40; 06:53-07:12
C_peak2.25_x65_w15_e2_b7,C_neighbors,2,3.0,-1.0,45,2.25,false,15,65,7,65,2,8,5,100.0,5,205,154.0,28.0,0,17,29.239766081871345,0.8771929824561403,17.0,39.0,0,0,21.201622807017547,0.28,02:43-03:00; 03:04-03:15; 04:28-05:07; 06:26-06:40; 06:53-07:12
C_peak2.25_x67_w12_e1_b5,C_neighbors,2,3.0,-1.0,45,2.25,false,12,65,5,67,1,8,5,118.0,7,205,145.0,31.0,0,8,34.50292397660819,1.2280701754385965,13.0,42.0,0,0,20.616827485380117,0.2627118644067797,02:41-02:59; 03:02-03:15; 04:25-05:07; 05:42-05:48; 06:16-06:22; 06:26-06:39; 06:52-07:12
C_peak2.25_x67_w12_e1_b6,C_neighbors,2,3.0,-1.0,45,2.25,false,12,65,6,67,1,8,5,118.0,7,205,145.0,31.0,0,8,34.50292397660819,1.2280701754385965,13.0,42.0,0,0,20.616827485380117,0.2627118644067797,02:41-02:59; 03:02-03:15; 04:25-05:07; 05:42-05:48; 06:16-06:22; 06:26-06:39; 06:52-07:12
C_peak2.25_x67_w12_e1_b7,C_neighbors,2,3.0,-1.0,45,2.25,false,12,65,7,67,1,8,5,106.0,5,205,157.0,31.0,0,20,30.994152046783626,0.8771929824561403,18.0,42.0,0,0,20.616827485380117,0.29245283018867924,02:41-02:59; 03:02-03:15; 04:25-05:07; 06:26-06:39; 06:52-07:12
C_peak2.25_x67_w12_e2_b5,C_neighbors,2,3.0,-1.0,45,2.25,false,12,65,5,67,2,8,5,128.0,8,205,141.0,33.0,0,4,37.42690058479532,1.4035087719298245,14.0,42.0,1,1,20.616827485380117,0.2578125,02:41-03:00; 03:01-03:15; 04:25-05:07; 05:42-05:49; 06:16-06:23; 06:26-06:40; 06:43-06:48; 06:52-07:12
C_peak2.25_x67_w12_e2_b6,C_neighbors,2,3.0,-1.0,45,2.25,false,12,65,6,67,2,8,5,123.0,7,205,146.0,33.0,0,9,35.96491228070175,1.2280701754385965,14.0,42.0,0,1,20.616827485380117,0.2682926829268293,02:41-03:00; 03:01-03:15; 04:25-05:07; 05:42-05:49; 06:16-06:23; 06:26-06:40; 06:52-07:12
C_peak2.25_x67_w12_e2_b7,C_neighbors,2,3.0,-1.0,45,2.25,false,12,65,7,67,2,8,5,123.0,7,205,146.0,33.0,0,9,35.96491228070175,1.2280701754385965,14.0,42.0,0,1,20.616827485380117,0.2682926829268293,02:41-03:00; 03:01-03:15; 04:25-05:07; 05:42-05:49; 06:16-06:23; 06:26-06:40; 06:52-07:12
C_peak2.25_x67_w13_e1_b5,C_neighbors,2,3.0,-1.0,45,2.25,false,13,65,5,67,1,8,5,115.0,7,205,144.0,31.0,0,7,33.62573099415205,1.2280701754385965,13.0,41.0,2,0,20.616827485380117,0.26956521739130435,02:41-02:59; 03:02-03:15; 04:26-05:07; 05:43-05:48; 06:17-06:22; 06:26-06:39; 06:52-07:12
C_peak2.25_x67_w13_e1_b6,C_neighbors,2,3.0,-1.0,45,2.25,false,13,65,6,67,1,8,5,105.0,5,205,154.0,31.0,0,17,30.701754385964914,0.8771929824561403,18.0,41.0,0,0,20.616827485380117,0.29523809523809524,02:41-02:59; 03:02-03:15; 04:26-05:07; 06:26-06:39; 06:52-07:12
C_peak2.25_x67_w13_e1_b7,C_neighbors,2,3.0,-1.0,45,2.25,false,13,65,7,67,1,8,5,105.0,5,205,154.0,31.0,0,17,30.701754385964914,0.8771929824561403,18.0,41.0,0,0,20.616827485380117,0.29523809523809524,02:41-02:59; 03:02-03:15; 04:26-05:07; 06:26-06:39; 06:52-07:12
C_peak2.25_x67_w13_e2_b5,C_neighbors,2,3.0,-1.0,45,2.25,false,13,65,5,67,2,8,5,125.0,8,205,140.0,33.0,0,3,36.54970760233918,1.4035087719298245,14.0,41.0,1,1,20.616827485380117,0.264,02:41-03:00; 03:01-03:15; 04:26-05:07; 05:43-05:49; 06:17-06:23; 06:26-06:40; 06:43-06:48; 06:52-07:12
C_peak2.25_x67_w13_e2_b6,C_neighbors,2,3.0,-1.0,45,2.25,false,13,65,6,67,2,8,5,120.0,7,205,145.0,33.0,0,8,35.08771929824561,1.2280701754385965,14.0,41.0,0,1,20.616827485380117,0.275,02:41-03:00; 03:01-03:15; 04:26-05:07; 05:43-05:49; 06:17-06:23; 06:26-06:40; 06:52-07:12
C_peak2.25_x67_w13_e2_b7,C_neighbors,2,3.0,-1.0,45,2.25,false,13,65,7,67,2,8,5,108.0,5,205,157.0,33.0,0,20,31.57894736842105,0.8771929824561403,19.0,41.0,0,1,20.616827485380117,0.3055555555555556,02:41-03:00; 03:01-03:15; 04:26-05:07; 06:26-06:40; 06:52-07:12
C_peak2.25_x67_w14_e1_b5,C_neighbors,2,3.0,-1.0,45,2.25,false,14,65,5,67,1,8,5,112.0,7,205,143.0,30.0,0,6,32.748538011695906,1.2280701754385965,13.0,40.0,2,0,20.909225146198832,0.26785714285714285,02:42-02:59; 03:02-03:15; 04:27-05:07; 05:43-05:48; 06:17-06:22; 06:26-06:39; 06:53-07:12
C_peak2.25_x67_w14_e1_b6,C_neighbors,2,3.0,-1.0,45,2.25,false,14,65,6,67,1,8,5,102.0,5,205,153.0,30.0,0,16,29.82456140350877,0.8771929824561403,17.0,40.0,0,0,20.909225146198832,0.29411764705882354,02:42-02:59; 03:02-03:15; 04:27-05:07; 06:26-06:39; 06:53-07:12
C_peak2.25_x67_w14_e1_b7,C_neighbors,2,3.0,-1.0,45,2.25,false,14,65,7,67,1,8,5,102.0,5,205,153.0,30.0,0,16,29.82456140350877,0.8771929824561403,17.0,40.0,0,0,20.909225146198832,0.29411764705882354,02:42-02:59; 03:02-03:15; 04:27-05:07; 06:26-06:39; 06:53-07:12
C_peak2.25_x67_w14_e2_b5,C_neighbors,2,3.0,-1.0,45,2.25,false,14,65,5,67,2,8,5,122.0,8,205,139.0,32.0,0,2,35.67251461988304,1.4035087719298245,14.0,40.0,1,1,20.909225146198832,0.26229508196721313,02:42-03:00; 03:01-03:15; 04:27-05:07; 05:43-05:49; 06:17-06:23; 06:26-06:40; 06:43-06:48; 06:53-07:12
C_peak2.25_x67_w14_e2_b6,C_neighbors,2,3.0,-1.0,45,2.25,false,14,65,6,67,2,8,5,117.0,7,205,144.0,32.0,0,7,34.21052631578947,1.2280701754385965,14.0,40.0,0,1,20.909225146198832,0.27350427350427353,02:42-03:00; 03:01-03:15; 04:27-05:07; 05:43-05:49; 06:17-06:23; 06:26-06:40; 06:53-07:12
C_peak2.25_x67_w14_e2_b7,C_neighbors,2,3.0,-1.0,45,2.25,false,14,65,7,67,2,8,5,105.0,5,205,156.0,32.0,0,19,30.701754385964914,0.8771929824561403,18.0,40.0,0,1,20.909225146198832,0.3047619047619048,02:42-03:00; 03:01-03:15; 04:27-05:07; 06:26-06:40; 06:53-07:12
C_peak2.25_x67_w15_e1_b5,C_neighbors,2,3.0,-1.0,45,2.25,false,15,65,5,67,1,8,5,100.0,5,205,150.0,29.0,0,13,29.239766081871345,0.8771929824561403,16.0,39.0,0,0,21.201622807017547,0.29,02:43-02:59; 03:02-03:15; 04:28-05:07; 06:26-06:39; 06:53-07:12
C_peak2.25_x67_w15_e1_b6,C_neighbors,2,3.0,-1.0,45,2.25,false,15,65,6,67,1,8,5,100.0,5,205,150.0,29.0,0,13,29.239766081871345,0.8771929824561403,16.0,39.0,0,0,21.201622807017547,0.29,02:43-02:59; 03:02-03:15; 04:28-05:07; 06:26-06:39; 06:53-07:12
C_peak2.25_x67_w15_e1_b7,C_neighbors,2,3.0,-1.0,45,2.25,false,15,65,7,67,1,8,5,100.0,5,205,150.0,29.0,0,13,29.239766081871345,0.8771929824561403,16.0,39.0,0,0,21.201622807017547,0.29,02:43-02:59; 03:02-03:15; 04:28-05:07; 06:26-06:39; 06:53-07:12
C_peak2.25_x67_w15_e2_b5,C_neighbors,2,3.0,-1.0,45,2.25,false,15,65,5,67,2,8,5,118.0,8,205,137.0,31.0,0,0,34.50292397660819,1.4035087719298245,14.0,39.0,3,1,21.201622807017547,0.2627118644067797,02:43-03:00; 03:01-03:15; 04:28-05:07; 05:44-05:49; 06:18-06:23; 06:26-06:40; 06:43-06:48; 06:53-07:12
C_peak2.25_x67_w15_e2_b6,C_neighbors,2,3.0,-1.0,45,2.25,false,15,65,6,67,2,8,5,103.0,5,205,152.0,31.0,0,15,30.116959064327485,0.8771929824561403,17.0,39.0,0,1,21.201622807017547,0.30097087378640774,02:43-03:00; 03:01-03:15; 04:28-05:07; 06:26-06:40; 06:53-07:12
C_peak2.25_x67_w15_e2_b7,C_neighbors,2,3.0,-1.0,45,2.25,false,15,65,7,67,2,8,5,103.0,5,205,152.0,31.0,0,15,30.116959064327485,0.8771929824561403,17.0,39.0,0,1,21.201622807017547,0.30097087378640774,02:43-03:00; 03:01-03:15; 04:28-05:07; 06:26-06:40; 06:53-07:12
C_peak2.25_x70_w12_e1_b5,C_neighbors,2,3.0,-1.0,45,2.25,false,12,65,5,70,1,8,5,127.0,6,205,141.0,34.0,0,4,37.13450292397661,1.0526315789473684,16.5,42.0,0,0,20.616827485380117,0.2677165354330709,02:41-03:15; 04:25-05:07; 05:37-05:49; 06:16-06:22; 06:26-06:39; 06:52-07:12
C_peak2.25_x70_w12_e1_b6,C_neighbors,2,3.0,-1.0,45,2.25,false,12,65,6,70,1,8,5,127.0,6,205,141.0,34.0,0,4,37.13450292397661,1.0526315789473684,16.5,42.0,0,0,20.616827485380117,0.2677165354330709,02:41-03:15; 04:25-05:07; 05:37-05:49; 06:16-06:22; 06:26-06:39; 06:52-07:12
C_peak2.25_x70_w12_e1_b7,C_neighbors,2,3.0,-1.0,45,2.25,false,12,65,7,70,1,8,5,121.0,5,205,147.0,34.0,0,10,35.38011695906433,0.8771929824561403,20.0,42.0,0,0,20.616827485380117,0.2809917355371901,02:41-03:15; 04:25-05:07; 05:37-05:49; 06:26-06:39; 06:52-07:12
C_peak2.25_x70_w12_e2_b5,C_neighbors,2,3.0,-1.0,45,2.25,false,12,65,5,70,2,8,5,135.0,7,205,137.0,34.0,0,0,39.473684210526315,1.2280701754385965,14.0,42.0,1,0,20.616827485380117,0.2518518518518518,02:41-03:15; 04:25-05:07; 05:37-05:50; 06:16-06:23; 06:26-06:40; 06:43-06:48; 06:52-07:12
C_peak2.25_x70_w12_e2_b6,C_neighbors,2,3.0,-1.0,45,2.25,false,12,65,6,70,2,8,5,130.0,6,205,142.0,34.0,0,5,38.01169590643275,1.0526315789473684,17.0,42.0,0,0,20.616827485380117,0.26153846153846155,02:41-03:15; 04:25-05:07; 05:37-05:50; 06:16-06:23; 06:26-06:40; 06:52-07:12
C_peak2.25_x70_w12_e2_b7,C_neighbors,2,3.0,-1.0,45,2.25,false,12,65,7,70,2,8,5,130.0,6,205,142.0,34.0,0,5,38.01169590643275,1.0526315789473684,17.0,42.0,0,0,20.616827485380117,0.26153846153846155,02:41-03:15; 04:25-05:07; 05:37-05:50; 06:16-06:23; 06:26-06:40; 06:52-07:12
C_peak2.25_x70_w13_e1_b5,C_neighbors,2,3.0,-1.0,45,2.25,false,13,65,5,70,1,8,5,124.0,6,205,141.0,34.0,0,4,36.25730994152047,1.0526315789473684,16.5,41.0,1,0,20.616827485380117,0.27419354838709675,02:41-03:15; 04:26-05:07; 05:38-05:49; 06:17-06:22; 06:26-06:39; 06:52-07:12
C_peak2.25_x70_w13_e1_b6,C_neighbors,2,3.0,-1.0,45,2.25,false,13,65,6,70,1,8,5,119.0,5,205,146.0,34.0,0,9,34.7953216374269,0.8771929824561403,20.0,41.0,0,0,20.616827485380117,0.2857142857142857,02:41-03:15; 04:26-05:07; 05:38-05:49; 06:26-06:39; 06:52-07:12
C_peak2.25_x70_w13_e1_b7,C_neighbors,2,3.0,-1.0,45,2.25,false,13,65,7,70,1,8,5,119.0,5,205,146.0,34.0,0,9,34.7953216374269,0.8771929824561403,20.0,41.0,0,0,20.616827485380117,0.2857142857142857,02:41-03:15; 04:26-05:07; 05:38-05:49; 06:26-06:39; 06:52-07:12
C_peak2.25_x70_w13_e2_b5,C_neighbors,2,3.0,-1.0,45,2.25,false,13,65,5,70,2,8,5,132.0,7,205,137.0,34.0,0,0,38.59649122807017,1.2280701754385965,14.0,41.0,1,0,20.616827485380117,0.25757575757575757,02:41-03:15; 04:26-05:07; 05:38-05:50; 06:17-06:23; 06:26-06:40; 06:43-06:48; 06:52-07:12
C_peak2.25_x70_w13_e2_b6,C_neighbors,2,3.0,-1.0,45,2.25,false,13,65,6,70,2,8,5,127.0,6,205,142.0,34.0,0,5,37.13450292397661,1.0526315789473684,17.0,41.0,0,0,20.616827485380117,0.2677165354330709,02:41-03:15; 04:26-05:07; 05:38-05:50; 06:17-06:23; 06:26-06:40; 06:52-07:12
C_peak2.25_x70_w13_e2_b7,C_neighbors,2,3.0,-1.0,45,2.25,false,13,65,7,70,2,8,5,121.0,5,205,148.0,34.0,0,11,35.38011695906433,0.8771929824561403,20.0,41.0,0,0,20.616827485380117,0.2809917355371901,02:41-03:15; 04:26-05:07; 05:38-05:50; 06:26-06:40; 06:52-07:12
C_peak2.25_x70_w14_e1_b5,C_neighbors,2,3.0,-1.0,45,2.25,false,14,65,5,70,1,8,5,120.0,6,205,141.0,33.0,0,4,35.08771929824561,1.0526315789473684,16.0,40.0,1,0,20.909225146198832,0.275,02:42-03:15; 04:27-05:07; 05:39-05:49; 06:17-06:22; 06:26-06:39; 06:53-07:12
C_peak2.25_x70_w14_e1_b6,C_neighbors,2,3.0,-1.0,45,2.25,false,14,65,6,70,1,8,5,115.0,5,205,146.0,33.0,0,9,33.62573099415205,0.8771929824561403,19.0,40.0,0,0,20.909225146198832,0.28695652173913044,02:42-03:15; 04:27-05:07; 05:39-05:49; 06:26-06:39; 06:53-07:12
C_peak2.25_x70_w14_e1_b7,C_neighbors,2,3.0,-1.0,45,2.25,false,14,65,7,70,1,8,5,115.0,5,205,146.0,33.0,0,9,33.62573099415205,0.8771929824561403,19.0,40.0,0,0,20.909225146198832,0.28695652173913044,02:42-03:15; 04:27-05:07; 05:39-05:49; 06:26-06:39; 06:53-07:12
C_peak2.25_x70_w14_e2_b5,C_neighbors,2,3.0,-1.0,45,2.25,false,14,65,5,70,2,8,5,128.0,7,205,137.0,33.0,0,0,37.42690058479532,1.2280701754385965,14.0,40.0,1,0,20.909225146198832,0.2578125,02:42-03:15; 04:27-05:07; 05:39-05:50; 06:17-06:23; 06:26-06:40; 06:43-06:48; 06:53-07:12
C_peak2.25_x70_w14_e2_b6,C_neighbors,2,3.0,-1.0,45,2.25,false,14,65,6,70,2,8,5,123.0,6,205,142.0,33.0,0,5,35.96491228070175,1.0526315789473684,16.5,40.0,0,0,20.909225146198832,0.2682926829268293,02:42-03:15; 04:27-05:07; 05:39-05:50; 06:17-06:23; 06:26-06:40; 06:53-07:12
C_peak2.25_x70_w14_e2_b7,C_neighbors,2,3.0,-1.0,45,2.25,false,14,65,7,70,2,8,5,117.0,5,205,148.0,33.0,0,11,34.21052631578947,0.8771929824561403,19.0,40.0,0,0,20.909225146198832,0.28205128205128205,02:42-03:15; 04:27-05:07; 05:39-05:50; 06:26-06:40; 06:53-07:12
C_peak2.25_x70_w15_e1_b5,C_neighbors,2,3.0,-1.0,45,2.25,false,15,65,5,70,1,8,5,108.0,5,205,145.0,32.0,0,8,31.57894736842105,0.8771929824561403,19.0,39.0,1,0,21.201622807017547,0.2962962962962963,02:43-03:15; 04:28-05:07; 05:44-05:49; 06:26-06:39; 06:53-07:12
C_peak2.25_x70_w15_e1_b6,C_neighbors,2,3.0,-1.0,45,2.25,false,15,65,6,70,1,8,5,103.0,4,205,150.0,32.0,0,13,30.116959064327485,0.7017543859649122,25.5,39.0,0,0,21.201622807017547,0.3106796116504854,02:43-03:15; 04:28-05:07; 06:26-06:39; 06:53-07:12
C_peak2.25_x70_w15_e1_b7,C_neighbors,2,3.0,-1.0,45,2.25,false,15,65,7,70,1,8,5,103.0,4,205,150.0,32.0,0,13,30.116959064327485,0.7017543859649122,25.5,39.0,0,0,21.201622807017547,0.3106796116504854,02:43-03:15; 04:28-05:07; 06:26-06:39; 06:53-07:12
C_peak2.25_x70_w15_e2_b5,C_neighbors,2,3.0,-1.0,45,2.25,false,15,65,5,70,2,8,5,120.0,7,205,137.0,32.0,0,0,35.08771929824561,1.2280701754385965,14.0,39.0,2,0,21.201622807017547,0.26666666666666666,02:43-03:15; 04:28-05:07; 05:44-05:50; 06:18-06:23; 06:26-06:40; 06:43-06:48; 06:53-07:12
C_peak2.25_x70_w15_e2_b6,C_neighbors,2,3.0,-1.0,45,2.25,false,15,65,6,70,2,8,5,110.0,5,205,147.0,32.0,0,10,32.16374269005848,0.8771929824561403,19.0,39.0,0,0,21.201622807017547,0.2909090909090909,02:43-03:15; 04:28-05:07; 05:44-05:50; 06:26-06:40; 06:53-07:12
C_peak2.25_x70_w15_e2_b7,C_neighbors,2,3.0,-1.0,45,2.25,false,15,65,7,70,2,8,5,104.0,4,205,153.0,32.0,0,16,30.409356725146196,0.7017543859649122,25.5,39.0,0,0,21.201622807017547,0.3076923076923077,02:43-03:15; 04:28-05:07; 06:26-06:40; 06:53-07:12
C_peak2.5_x60_w12_e1_b6,C_neighbors,2,3.0,-1.0,45,2.5,false,12,65,6,60,1,8,5,99.0,7,205,156.0,13.0,0,19,28.947368421052634,1.2280701754385965,12.0,42.0,0,1,22.078815789473687,0.13131313131313133,02:46-02:59; 04:25-05:07; 05:42-05:48; 06:16-06:22; 06:26-06:39; 06:52-07:04; 07:05-07:12
C_peak2.5_x60_w12_e2_b6,C_neighbors,2,3.0,-1.0,45,2.5,false,12,65,6,60,2,8,5,112.0,7,205,154.0,22.0,0,17,32.748538011695906,1.2280701754385965,14.0,42.0,0,0,22.078815789473687,0.19642857142857142,02:46-03:00; 03:07-03:15; 04:25-05:07; 05:42-05:49; 06:16-06:23; 06:26-06:40; 06:52-07:12
C_peak2.5_x60_w13_e1_b5,C_neighbors,2,3.0,-1.0,45,2.5,false,13,65,5,60,1,8,5,102.0,8,205,150.0,19.0,0,13,29.82456140350877,1.4035087719298245,9.5,41.0,3,1,21.786418128654972,0.18627450980392157,02:45-02:59; 03:08-03:13; 04:26-05:07; 05:43-05:48; 06:17-06:22; 06:26-06:39; 06:52-07:04; 07:05-07:12
C_peak2.5_x60_w13_e1_b6,C_neighbors,2,3.0,-1.0,45,2.5,false,13,65,6,60,1,8,5,87.0,5,205,165.0,14.0,0,28,25.438596491228072,0.8771929824561403,13.0,41.0,0,1,21.786418128654972,0.16091954022988506,02:45-02:59; 04:26-05:07; 06:26-06:39; 06:52-07:04; 07:05-07:12
C_peak2.5_x60_w13_e1_b7,C_neighbors,2,3.0,-1.0,45,2.5,false,13,65,7,60,1,8,5,87.0,5,205,165.0,14.0,0,28,25.438596491228072,0.8771929824561403,13.0,41.0,0,1,21.786418128654972,0.16091954022988506,02:45-02:59; 04:26-05:07; 06:26-06:39; 06:52-07:04; 07:05-07:12
C_peak2.5_x60_w13_e2_b5,C_neighbors,2,3.0,-1.0,45,2.5,false,13,65,5,60,2,8,5,114.0,8,205,148.0,22.0,0,11,33.33333333333333,1.4035087719298245,11.0,41.0,1,0,22.078815789473687,0.19298245614035087,02:46-03:00; 03:07-03:15; 04:26-05:07; 05:43-05:49; 06:17-06:23; 06:26-06:40; 06:43-06:48; 06:52-07:12
C_peak2.5_x60_w13_e2_b6,C_neighbors,2,3.0,-1.0,45,2.5,false,13,65,6,60,2,8,5,109.0,7,205,153.0,22.0,0,16,31.871345029239766,1.2280701754385965,14.0,41.0,0,0,22.078815789473687,0.2018348623853211,02:46-03:00; 03:07-03:15; 04:26-05:07; 05:43-05:49; 06:17-06:23; 06:26-06:40; 06:52-07:12
C_peak2.5_x60_w13_e2_b7,C_neighbors,2,3.0,-1.0,45,2.5,false,13,65,7,60,2,8,5,97.0,5,205,165.0,22.0,0,28,28.362573099415204,0.8771929824561403,14.0,41.0,0,0,22.078815789473687,0.2268041237113402,02:46-03:00; 03:07-03:15; 04:26-05:07; 06:26-06:40; 06:52-07:12
C_peak2.5_x60_w14_e1_b5,C_neighbors,2,3.0,-1.0,45,2.5,false,14,65,5,60,1,8,5,100.0,8,205,149.0,19.0,0,12,29.239766081871345,1.4035087719298245,9.0,40.0,3,1,21.786418128654972,0.19,02:45-02:59; 03:08-03:13; 04:27-05:07; 05:43-05:48; 06:17-06:22; 06:26-06:39; 06:53-07:04; 07:05-07:12
C_peak2.5_x60_w14_e1_b6,C_neighbors,2,3.0,-1.0,45,2.5,false,14,65,6,60,1,8,5,85.0,5,205,164.0,14.0,0,27,24.853801169590643,0.8771929824561403,13.0,40.0,0,1,21.786418128654972,0.16470588235294117,02:45-02:59; 04:27-05:07; 06:26-06:39; 06:53-07:04; 07:05-07:12
C_peak2.5_x60_w14_e1_b7,C_neighbors,2,3.0,-1.0,45,2.5,false,14,65,7,60,1,8,5,85.0,5,205,164.0,14.0,0,27,24.853801169590643,0.8771929824561403,13.0,40.0,0,1,21.786418128654972,0.16470588235294117,02:45-02:59; 04:27-05:07; 06:26-06:39; 06:53-07:04; 07:05-07:12
C_peak2.5_x60_w14_e2_b5,C_neighbors,2,3.0,-1.0,45,2.5,false,14,65,5,60,2,8,5,112.0,8,205,146.0,22.0,0,9,32.748538011695906,1.4035087719298245,11.0,40.0,1,0,22.078815789473687,0.19642857142857142,02:46-03:00; 03:07-03:15; 04:27-05:07; 05:43-05:49; 06:17-06:23; 06:26-06:40; 06:43-06:48; 06:53-07:12
C_peak2.5_x60_w14_e2_b6,C_neighbors,2,3.0,-1.0,45,2.5,false,14,65,6,60,2,8,5,107.0,7,205,151.0,22.0,0,14,31.28654970760234,1.2280701754385965,14.0,40.0,0,0,22.078815789473687,0.205607476635514,02:46-03:00; 03:07-03:15; 04:27-05:07; 05:43-05:49; 06:17-06:23; 06:26-06:40; 06:53-07:12
C_peak2.5_x60_w14_e2_b7,C_neighbors,2,3.0,-1.0,45,2.5,false,14,65,7,60,2,8,5,95.0,5,205,163.0,22.0,0,26,27.77777777777778,0.8771929824561403,14.0,40.0,0,0,22.078815789473687,0.23157894736842105,02:46-03:00; 03:07-03:15; 04:27-05:07; 06:26-06:40; 06:53-07:12
C_peak2.5_x60_w15_e1_b6,C_neighbors,2,3.0,-1.0,45,2.5,false,15,65,6,60,1,8,5,84.0,5,205,160.0,14.0,0,23,24.561403508771928,0.8771929824561403,13.0,39.0,0,1,21.786418128654972,0.16666666666666666,02:45-02:59; 04:28-05:07; 06:26-06:39; 06:53-07:04; 07:05-07:12
C_peak2.5_x60_w15_e2_b6,C_neighbors,2,3.0,-1.0,45,2.5,false,15,65,6,60,2,8,5,94.0,5,205,158.0,22.0,0,21,27.485380116959064,0.8771929824561403,14.0,39.0,0,0,22.078815789473687,0.23404255319148937,02:46-03:00; 03:07-03:15; 04:28-05:07; 06:26-06:40; 06:53-07:12
C_peak2.5_x62_w12_e1_b5,C_neighbors,2,3.0,-1.0,45,2.5,false,12,65,5,62,1,8,5,110.0,7,205,149.0,23.0,0,12,32.16374269005848,1.2280701754385965,13.0,42.0,1,0,20.616827485380117,0.20909090909090908,02:41-02:59; 03:08-03:13; 04:25-05:07; 05:42-05:48; 06:16-06:22; 06:26-06:39; 06:52-07:12
C_peak2.5_x62_w12_e1_b6,C_neighbors,2,3.0,-1.0,45,2.5,false,12,65,6,62,1,8,5,105.0,6,205,154.0,18.0,0,17,30.701754385964914,1.0526315789473684,15.5,42.0,0,0,20.616827485380117,0.17142857142857143,02:41-02:59; 04:25-05:07; 05:42-05:48; 06:16-06:22; 06:26-06:39; 06:52-07:12
C_peak2.5_x62_w12_e1_b7,C_neighbors,2,3.0,-1.0,45,2.5,false,12,65,7,62,1,8,5,93.0,4,205,166.0,18.0,0,29,27.192982456140353,0.7017543859649122,19.0,42.0,0,0,20.616827485380117,0.1935483870967742,02:41-02:59; 04:25-05:07; 06:26-06:39; 06:52-07:12
C_peak2.5_x62_w12_e2_b5,C_neighbors,2,3.0,-1.0,45,2.5,false,12,65,5,62,2,8,5,122.0,8,205,145.0,27.0,0,8,35.67251461988304,1.4035087719298245,11.0,42.0,1,0,20.616827485380117,0.22131147540983606,02:41-03:00; 03:07-03:15; 04:25-05:07; 05:42-05:49; 06:16-06:23; 06:26-06:40; 06:43-06:48; 06:52-07:12
C_peak2.5_x62_w12_e2_b6,C_neighbors,2,3.0,-1.0,45,2.5,false,12,65,6,62,2,8,5,117.0,7,205,150.0,27.0,0,13,34.21052631578947,1.2280701754385965,14.0,42.0,0,0,20.616827485380117,0.23076923076923078,02:41-03:00; 03:07-03:15; 04:25-05:07; 05:42-05:49; 06:16-06:23; 06:26-06:40; 06:52-07:12
C_peak2.5_x62_w12_e2_b7,C_neighbors,2,3.0,-1.0,45,2.5,false,12,65,7,62,2,8,5,117.0,7,205,150.0,27.0,0,13,34.21052631578947,1.2280701754385965,14.0,42.0,0,0,20.616827485380117,0.23076923076923078,02:41-03:00; 03:07-03:15; 04:25-05:07; 05:42-05:49; 06:16-06:23; 06:26-06:40; 06:52-07:12
C_peak2.5_x62_w13_e1_b5,C_neighbors,2,3.0,-1.0,45,2.5,false,13,65,5,62,1,8,5,107.0,7,205,148.0,23.0,0,11,31.28654970760234,1.2280701754385965,13.0,41.0,3,0,20.616827485380117,0.21495327102803738,02:41-02:59; 03:08-03:13; 04:26-05:07; 05:43-05:48; 06:17-06:22; 06:26-06:39; 06:52-07:12
C_peak2.5_x62_w13_e1_b6,C_neighbors,2,3.0,-1.0,45,2.5,false,13,65,6,62,1,8,5,92.0,4,205,163.0,18.0,0,26,26.900584795321635,0.7017543859649122,19.0,41.0,0,0,20.616827485380117,0.1956521739130435,02:41-02:59; 04:26-05:07; 06:26-06:39; 06:52-07:12
C_peak2.5_x62_w13_e1_b7,C_neighbors,2,3.0,-1.0,45,2.5,false,13,65,7,62,1,8,5,92.0,4,205,163.0,18.0,0,26,26.900584795321635,0.7017543859649122,19.0,41.0,0,0,20.616827485380117,0.1956521739130435,02:41-02:59; 04:26-05:07; 06:26-06:39; 06:52-07:12
C_peak2.5_x62_w13_e2_b5,C_neighbors,2,3.0,-1.0,45,2.5,false,13,65,5,62,2,8,5,119.0,8,205,144.0,27.0,0,7,34.7953216374269,1.4035087719298245,11.0,41.0,1,0,20.616827485380117,0.226890756302521,02:41-03:00; 03:07-03:15; 04:26-05:07; 05:43-05:49; 06:17-06:23; 06:26-06:40; 06:43-06:48; 06:52-07:12
C_peak2.5_x62_w13_e2_b6,C_neighbors,2,3.0,-1.0,45,2.5,false,13,65,6,62,2,8,5,114.0,7,205,149.0,27.0,0,12,33.33333333333333,1.2280701754385965,14.0,41.0,0,0,20.616827485380117,0.23684210526315788,02:41-03:00; 03:07-03:15; 04:26-05:07; 05:43-05:49; 06:17-06:23; 06:26-06:40; 06:52-07:12
C_peak2.5_x62_w13_e2_b7,C_neighbors,2,3.0,-1.0,45,2.5,false,13,65,7,62,2,8,5,102.0,5,205,161.0,27.0,0,24,29.82456140350877,0.8771929824561403,19.0,41.0,0,0,20.616827485380117,0.2647058823529412,02:41-03:00; 03:07-03:15; 04:26-05:07; 06:26-06:40; 06:52-07:12
C_peak2.5_x62_w14_e1_b5,C_neighbors,2,3.0,-1.0,45,2.5,false,14,65,5,62,1,8,5,104.0,7,205,147.0,22.0,0,10,30.409356725146196,1.2280701754385965,13.0,40.0,3,0,20.909225146198832,0.21153846153846154,02:42-02:59; 03:08-03:13; 04:27-05:07; 05:43-05:48; 06:17-06:22; 06:26-06:39; 06:53-07:12
C_peak2.5_x62_w14_e1_b6,C_neighbors,2,3.0,-1.0,45,2.5,false,14,65,6,62,1,8,5,89.0,4,205,162.0,17.0,0,25,26.023391812865498,0.7017543859649122,18.0,40.0,0,0,20.909225146198832,0.19101123595505617,02:42-02:59; 04:27-05:07; 06:26-06:39; 06:53-07:12
C_peak2.5_x62_w14_e1_b7,C_neighbors,2,3.0,-1.0,45,2.5,false,14,65,7,62,1,8,5,89.0,4,205,162.0,17.0,0,25,26.023391812865498,0.7017543859649122,18.0,40.0,0,0,20.909225146198832,0.19101123595505617,02:42-02:59; 04:27-05:07; 06:26-06:39; 06:53-07:12
C_peak2.5_x62_w14_e2_b5,C_neighbors,2,3.0,-1.0,45,2.5,false,14,65,5,62,2,8,5,116.0,8,205,143.0,26.0,0,6,33.91812865497076,1.4035087719298245,11.0,40.0,1,0,20.909225146198832,0.22413793103448276,02:42-03:00; 03:07-03:15; 04:27-05:07; 05:43-05:49; 06:17-06:23; 06:26-06:40; 06:43-06:48; 06:53-07:12
C_peak2.5_x62_w14_e2_b6,C_neighbors,2,3.0,-1.0,45,2.5,false,14,65,6,62,2,8,5,111.0,7,205,148.0,26.0,0,11,32.45614035087719,1.2280701754385965,14.0,40.0,0,0,20.909225146198832,0.23423423423423423,02:42-03:00; 03:07-03:15; 04:27-05:07; 05:43-05:49; 06:17-06:23; 06:26-06:40; 06:53-07:12
C_peak2.5_x62_w14_e2_b7,C_neighbors,2,3.0,-1.0,45,2.5,false,14,65,7,62,2,8,5,99.0,5,205,160.0,26.0,0,23,28.947368421052634,0.8771929824561403,18.0,40.0,0,0,20.909225146198832,0.26262626262626265,02:42-03:00; 03:07-03:15; 04:27-05:07; 06:26-06:40; 06:53-07:12
C_peak2.5_x62_w15_e1_b5,C_neighbors,2,3.0,-1.0,45,2.5,false,15,65,5,62,1,8,5,92.0,5,205,154.0,21.0,0,17,26.900584795321635,0.8771929824561403,16.0,39.0,1,0,21.201622807017547,0.22826086956521738,02:43-02:59; 03:08-03:13; 04:28-05:07; 06:26-06:39; 06:53-07:12
C_peak2.5_x62_w15_e1_b6,C_neighbors,2,3.0,-1.0,45,2.5,false,15,65,6,62,1,8,5,87.0,4,205,159.0,16.0,0,22,25.438596491228072,0.7017543859649122,17.5,39.0,0,0,21.201622807017547,0.1839080459770115,02:43-02:59; 04:28-05:07; 06:26-06:39; 06:53-07:12
C_peak2.5_x62_w15_e1_b7,C_neighbors,2,3.0,-1.0,45,2.5,false,15,65,7,62,1,8,5,87.0,4,205,159.0,16.0,0,22,25.438596491228072,0.7017543859649122,17.5,39.0,0,0,21.201622807017547,0.1839080459770115,02:43-02:59; 04:28-05:07; 06:26-06:39; 06:53-07:12
C_peak2.5_x62_w15_e2_b5,C_neighbors,2,3.0,-1.0,45,2.5,false,15,65,5,62,2,8,5,112.0,8,205,141.0,25.0,0,4,32.748538011695906,1.4035087719298245,11.0,39.0,3,0,21.201622807017547,0.22321428571428573,02:43-03:00; 03:07-03:15; 04:28-05:07; 05:44-05:49; 06:18-06:23; 06:26-06:40; 06:43-06:48; 06:53-07:12
C_peak2.5_x62_w15_e2_b6,C_neighbors,2,3.0,-1.0,45,2.5,false,15,65,6,62,2,8,5,97.0,5,205,156.0,25.0,0,19,28.362573099415204,0.8771929824561403,17.0,39.0,0,0,21.201622807017547,0.25773195876288657,02:43-03:00; 03:07-03:15; 04:28-05:07; 06:26-06:40; 06:53-07:12
C_peak2.5_x62_w15_e2_b7,C_neighbors,2,3.0,-1.0,45,2.5,false,15,65,7,62,2,8,5,97.0,5,205,156.0,25.0,0,19,28.362573099415204,0.8771929824561403,17.0,39.0,0,0,21.201622807017547,0.25773195876288657,02:43-03:00; 03:07-03:15; 04:28-05:07; 06:26-06:40; 06:53-07:12
C_peak2.5_x65_w12_e1_b6,C_neighbors,2,3.0,-1.0,45,2.5,false,12,65,6,65,1,8,5,116.0,7,205,146.0,29.0,0,9,33.91812865497076,1.2280701754385965,13.0,42.0,0,0,20.616827485380117,0.25,02:41-02:59; 03:04-03:15; 04:25-05:07; 05:42-05:48; 06:16-06:22; 06:26-06:39; 06:52-07:12
C_peak2.5_x65_w12_e2_b6,C_neighbors,2,3.0,-1.0,45,2.5,false,12,65,6,65,2,8,5,120.0,7,205,148.0,30.0,0,11,35.08771929824561,1.2280701754385965,14.0,42.0,0,0,20.616827485380117,0.25,02:41-03:00; 03:04-03:15; 04:25-05:07; 05:42-05:49; 06:16-06:23; 06:26-06:40; 06:52-07:12
C_peak2.5_x65_w13_e1_b5,C_neighbors,2,3.0,-1.0,45,2.5,false,13,65,5,65,1,8,5,113.0,7,205,145.0,29.0,0,8,33.04093567251462,1.2280701754385965,13.0,41.0,2,0,20.616827485380117,0.25663716814159293,02:41-02:59; 03:04-03:15; 04:26-05:07; 05:43-05:48; 06:17-06:22; 06:26-06:39; 06:52-07:12
C_peak2.5_x65_w13_e1_b6,C_neighbors,2,3.0,-1.0,45,2.5,false,13,65,6,65,1,8,5,103.0,5,205,155.0,29.0,0,18,30.116959064327485,0.8771929824561403,18.0,41.0,0,0,20.616827485380117,0.2815533980582524,02:41-02:59; 03:04-03:15; 04:26-05:07; 06:26-06:39; 06:52-07:12
C_peak2.5_x65_w13_e1_b7,C_neighbors,2,3.0,-1.0,45,2.5,false,13,65,7,65,1,8,5,103.0,5,205,155.0,29.0,0,18,30.116959064327485,0.8771929824561403,18.0,41.0,0,0,20.616827485380117,0.2815533980582524,02:41-02:59; 03:04-03:15; 04:26-05:07; 06:26-06:39; 06:52-07:12
C_peak2.5_x65_w13_e2_b5,C_neighbors,2,3.0,-1.0,45,2.5,false,13,65,5,65,2,8,5,122.0,8,205,142.0,30.0,0,5,35.67251461988304,1.4035087719298245,12.5,41.0,1,0,20.616827485380117,0.2459016393442623,02:41-03:00; 03:04-03:15; 04:26-05:07; 05:43-05:49; 06:17-06:23; 06:26-06:40; 06:43-06:48; 06:52-07:12
C_peak2.5_x65_w13_e2_b6,C_neighbors,2,3.0,-1.0,45,2.5,false,13,65,6,65,2,8,5,117.0,7,205,147.0,30.0,0,10,34.21052631578947,1.2280701754385965,14.0,41.0,0,0,20.616827485380117,0.2564102564102564,02:41-03:00; 03:04-03:15; 04:26-05:07; 05:43-05:49; 06:17-06:23; 06:26-06:40; 06:52-07:12
C_peak2.5_x65_w13_e2_b7,C_neighbors,2,3.0,-1.0,45,2.5,false,13,65,7,65,2,8,5,105.0,5,205,159.0,30.0,0,22,30.701754385964914,0.8771929824561403,19.0,41.0,0,0,20.616827485380117,0.2857142857142857,02:41-03:00; 03:04-03:15; 04:26-05:07; 06:26-06:40; 06:52-07:12
C_peak2.5_x65_w14_e1_b5,C_neighbors,2,3.0,-1.0,45,2.5,false,14,65,5,65,1,8,5,110.0,7,205,144.0,28.0,0,7,32.16374269005848,1.2280701754385965,13.0,40.0,2,0,20.909225146198832,0.2545454545454545,02:42-02:59; 03:04-03:15; 04:27-05:07; 05:43-05:48; 06:17-06:22; 06:26-06:39; 06:53-07:12
C_peak2.5_x65_w14_e1_b6,C_neighbors,2,3.0,-1.0,45,2.5,false,14,65,6,65,1,8,5,100.0,5,205,154.0,28.0,0,17,29.239766081871345,0.8771929824561403,17.0,40.0,0,0,20.909225146198832,0.28,02:42-02:59; 03:04-03:15; 04:27-05:07; 06:26-06:39; 06:53-07:12
C_peak2.5_x65_w14_e1_b7,C_neighbors,2,3.0,-1.0,45,2.5,false,14,65,7,65,1,8,5,100.0,5,205,154.0,28.0,0,17,29.239766081871345,0.8771929824561403,17.0,40.0,0,0,20.909225146198832,0.28,02:42-02:59; 03:04-03:15; 04:27-05:07; 06:26-06:39; 06:53-07:12
C_peak2.5_x65_w14_e2_b5,C_neighbors,2,3.0,-1.0,45,2.5,false,14,65,5,65,2,8,5,119.0,8,205,141.0,29.0,0,4,34.7953216374269,1.4035087719298245,12.5,40.0,1,0,20.909225146198832,0.24369747899159663,02:42-03:00; 03:04-03:15; 04:27-05:07; 05:43-05:49; 06:17-06:23; 06:26-06:40; 06:43-06:48; 06:53-07:12
C_peak2.5_x65_w14_e2_b6,C_neighbors,2,3.0,-1.0,45,2.5,false,14,65,6,65,2,8,5,114.0,7,205,146.0,29.0,0,9,33.33333333333333,1.2280701754385965,14.0,40.0,0,0,20.909225146198832,0.2543859649122807,02:42-03:00; 03:04-03:15; 04:27-05:07; 05:43-05:49; 06:17-06:23; 06:26-06:40; 06:53-07:12
C_peak2.5_x65_w14_e2_b7,C_neighbors,2,3.0,-1.0,45,2.5,false,14,65,7,65,2,8,5,102.0,5,205,158.0,29.0,0,21,29.82456140350877,0.8771929824561403,18.0,40.0,0,0,20.909225146198832,0.28431372549019607,02:42-03:00; 03:04-03:15; 04:27-05:07; 06:26-06:40; 06:53-07:12
C_peak2.5_x65_w15_e1_b6,C_neighbors,2,3.0,-1.0,45,2.5,false,15,65,6,65,1,8,5,98.0,5,205,151.0,27.0,0,14,28.654970760233915,0.8771929824561403,16.0,39.0,0,0,21.201622807017547,0.2755102040816326,02:43-02:59; 03:04-03:15; 04:28-05:07; 06:26-06:39; 06:53-07:12
C_peak2.5_x65_w15_e2_b6,C_neighbors,2,3.0,-1.0,45,2.5,false,15,65,6,65,2,8,5,100.0,5,205,154.0,28.0,0,17,29.239766081871345,0.8771929824561403,17.0,39.0,0,0,21.201622807017547,0.28,02:43-03:00; 03:04-03:15; 04:28-05:07; 06:26-06:40; 06:53-07:12
C_peak2.5_x67_w12_e1_b5,C_neighbors,2,3.0,-1.0,45,2.5,false,12,65,5,67,1,8,5,118.0,7,205,145.0,31.0,0,8,34.50292397660819,1.2280701754385965,13.0,42.0,0,0,20.616827485380117,0.2627118644067797,02:41-02:59; 03:02-03:15; 04:25-05:07; 05:42-05:48; 06:16-06:22; 06:26-06:39; 06:52-07:12
C_peak2.5_x67_w12_e1_b6,C_neighbors,2,3.0,-1.0,45,2.5,false,12,65,6,67,1,8,5,118.0,7,205,145.0,31.0,0,8,34.50292397660819,1.2280701754385965,13.0,42.0,0,0,20.616827485380117,0.2627118644067797,02:41-02:59; 03:02-03:15; 04:25-05:07; 05:42-05:48; 06:16-06:22; 06:26-06:39; 06:52-07:12
C_peak2.5_x67_w12_e1_b7,C_neighbors,2,3.0,-1.0,45,2.5,false,12,65,7,67,1,8,5,106.0,5,205,157.0,31.0,0,20,30.994152046783626,0.8771929824561403,18.0,42.0,0,0,20.616827485380117,0.29245283018867924,02:41-02:59; 03:02-03:15; 04:25-05:07; 06:26-06:39; 06:52-07:12
C_peak2.5_x67_w12_e2_b5,C_neighbors,2,3.0,-1.0,45,2.5,false,12,65,5,67,2,8,5,128.0,8,205,141.0,33.0,0,4,37.42690058479532,1.4035087719298245,14.0,42.0,1,1,20.616827485380117,0.2578125,02:41-03:00; 03:01-03:15; 04:25-05:07; 05:42-05:49; 06:16-06:23; 06:26-06:40; 06:43-06:48; 06:52-07:12
C_peak2.5_x67_w12_e2_b6,C_neighbors,2,3.0,-1.0,45,2.5,false,12,65,6,67,2,8,5,123.0,7,205,146.0,33.0,0,9,35.96491228070175,1.2280701754385965,14.0,42.0,0,1,20.616827485380117,0.2682926829268293,02:41-03:00; 03:01-03:15; 04:25-05:07; 05:42-05:49; 06:16-06:23; 06:26-06:40; 06:52-07:12
C_peak2.5_x67_w12_e2_b7,C_neighbors,2,3.0,-1.0,45,2.5,false,12,65,7,67,2,8,5,123.0,7,205,146.0,33.0,0,9,35.96491228070175,1.2280701754385965,14.0,42.0,0,1,20.616827485380117,0.2682926829268293,02:41-03:00; 03:01-03:15; 04:25-05:07; 05:42-05:49; 06:16-06:23; 06:26-06:40; 06:52-07:12
C_peak2.5_x67_w13_e1_b5,C_neighbors,2,3.0,-1.0,45,2.5,false,13,65,5,67,1,8,5,115.0,7,205,144.0,31.0,0,7,33.62573099415205,1.2280701754385965,13.0,41.0,2,0,20.616827485380117,0.26956521739130435,02:41-02:59; 03:02-03:15; 04:26-05:07; 05:43-05:48; 06:17-06:22; 06:26-06:39; 06:52-07:12
C_peak2.5_x67_w13_e1_b6,C_neighbors,2,3.0,-1.0,45,2.5,false,13,65,6,67,1,8,5,105.0,5,205,154.0,31.0,0,17,30.701754385964914,0.8771929824561403,18.0,41.0,0,0,20.616827485380117,0.29523809523809524,02:41-02:59; 03:02-03:15; 04:26-05:07; 06:26-06:39; 06:52-07:12
C_peak2.5_x67_w13_e1_b7,C_neighbors,2,3.0,-1.0,45,2.5,false,13,65,7,67,1,8,5,105.0,5,205,154.0,31.0,0,17,30.701754385964914,0.8771929824561403,18.0,41.0,0,0,20.616827485380117,0.29523809523809524,02:41-02:59; 03:02-03:15; 04:26-05:07; 06:26-06:39; 06:52-07:12
C_peak2.5_x67_w13_e2_b5,C_neighbors,2,3.0,-1.0,45,2.5,false,13,65,5,67,2,8,5,125.0,8,205,140.0,33.0,0,3,36.54970760233918,1.4035087719298245,14.0,41.0,1,1,20.616827485380117,0.264,02:41-03:00; 03:01-03:15; 04:26-05:07; 05:43-05:49; 06:17-06:23; 06:26-06:40; 06:43-06:48; 06:52-07:12
C_peak2.5_x67_w13_e2_b6,C_neighbors,2,3.0,-1.0,45,2.5,false,13,65,6,67,2,8,5,120.0,7,205,145.0,33.0,0,8,35.08771929824561,1.2280701754385965,14.0,41.0,0,1,20.616827485380117,0.275,02:41-03:00; 03:01-03:15; 04:26-05:07; 05:43-05:49; 06:17-06:23; 06:26-06:40; 06:52-07:12
C_peak2.5_x67_w13_e2_b7,C_neighbors,2,3.0,-1.0,45,2.5,false,13,65,7,67,2,8,5,108.0,5,205,157.0,33.0,0,20,31.57894736842105,0.8771929824561403,19.0,41.0,0,1,20.616827485380117,0.3055555555555556,02:41-03:00; 03:01-03:15; 04:26-05:07; 06:26-06:40; 06:52-07:12
C_peak2.5_x67_w14_e1_b5,C_neighbors,2,3.0,-1.0,45,2.5,false,14,65,5,67,1,8,5,112.0,7,205,143.0,30.0,0,6,32.748538011695906,1.2280701754385965,13.0,40.0,2,0,20.909225146198832,0.26785714285714285,02:42-02:59; 03:02-03:15; 04:27-05:07; 05:43-05:48; 06:17-06:22; 06:26-06:39; 06:53-07:12
C_peak2.5_x67_w14_e1_b6,C_neighbors,2,3.0,-1.0,45,2.5,false,14,65,6,67,1,8,5,102.0,5,205,153.0,30.0,0,16,29.82456140350877,0.8771929824561403,17.0,40.0,0,0,20.909225146198832,0.29411764705882354,02:42-02:59; 03:02-03:15; 04:27-05:07; 06:26-06:39; 06:53-07:12
C_peak2.5_x67_w14_e1_b7,C_neighbors,2,3.0,-1.0,45,2.5,false,14,65,7,67,1,8,5,102.0,5,205,153.0,30.0,0,16,29.82456140350877,0.8771929824561403,17.0,40.0,0,0,20.909225146198832,0.29411764705882354,02:42-02:59; 03:02-03:15; 04:27-05:07; 06:26-06:39; 06:53-07:12
C_peak2.5_x67_w14_e2_b5,C_neighbors,2,3.0,-1.0,45,2.5,false,14,65,5,67,2,8,5,122.0,8,205,139.0,32.0,0,2,35.67251461988304,1.4035087719298245,14.0,40.0,1,1,20.909225146198832,0.26229508196721313,02:42-03:00; 03:01-03:15; 04:27-05:07; 05:43-05:49; 06:17-06:23; 06:26-06:40; 06:43-06:48; 06:53-07:12
C_peak2.5_x67_w14_e2_b6,C_neighbors,2,3.0,-1.0,45,2.5,false,14,65,6,67,2,8,5,117.0,7,205,144.0,32.0,0,7,34.21052631578947,1.2280701754385965,14.0,40.0,0,1,20.909225146198832,0.27350427350427353,02:42-03:00; 03:01-03:15; 04:27-05:07; 05:43-05:49; 06:17-06:23; 06:26-06:40; 06:53-07:12
C_peak2.5_x67_w14_e2_b7,C_neighbors,2,3.0,-1.0,45,2.5,false,14,65,7,67,2,8,5,105.0,5,205,156.0,32.0,0,19,30.701754385964914,0.8771929824561403,18.0,40.0,0,1,20.909225146198832,0.3047619047619048,02:42-03:00; 03:01-03:15; 04:27-05:07; 06:26-06:40; 06:53-07:12
C_peak2.5_x67_w15_e1_b5,C_neighbors,2,3.0,-1.0,45,2.5,false,15,65,5,67,1,8,5,100.0,5,205,150.0,29.0,0,13,29.239766081871345,0.8771929824561403,16.0,39.0,0,0,21.201622807017547,0.29,02:43-02:59; 03:02-03:15; 04:28-05:07; 06:26-06:39; 06:53-07:12
C_peak2.5_x67_w15_e1_b6,C_neighbors,2,3.0,-1.0,45,2.5,false,15,65,6,67,1,8,5,100.0,5,205,150.0,29.0,0,13,29.239766081871345,0.8771929824561403,16.0,39.0,0,0,21.201622807017547,0.29,02:43-02:59; 03:02-03:15; 04:28-05:07; 06:26-06:39; 06:53-07:12
C_peak2.5_x67_w15_e1_b7,C_neighbors,2,3.0,-1.0,45,2.5,false,15,65,7,67,1,8,5,100.0,5,205,150.0,29.0,0,13,29.239766081871345,0.8771929824561403,16.0,39.0,0,0,21.201622807017547,0.29,02:43-02:59; 03:02-03:15; 04:28-05:07; 06:26-06:39; 06:53-07:12
C_peak2.5_x67_w15_e2_b5,C_neighbors,2,3.0,-1.0,45,2.5,false,15,65,5,67,2,8,5,118.0,8,205,137.0,31.0,0,0,34.50292397660819,1.4035087719298245,14.0,39.0,3,1,21.201622807017547,0.2627118644067797,02:43-03:00; 03:01-03:15; 04:28-05:07; 05:44-05:49; 06:18-06:23; 06:26-06:40; 06:43-06:48; 06:53-07:12
C_peak2.5_x67_w15_e2_b6,C_neighbors,2,3.0,-1.0,45,2.5,false,15,65,6,67,2,8,5,103.0,5,205,152.0,31.0,0,15,30.116959064327485,0.8771929824561403,17.0,39.0,0,1,21.201622807017547,0.30097087378640774,02:43-03:00; 03:01-03:15; 04:28-05:07; 06:26-06:40; 06:53-07:12
C_peak2.5_x67_w15_e2_b7,C_neighbors,2,3.0,-1.0,45,2.5,false,15,65,7,67,2,8,5,103.0,5,205,152.0,31.0,0,15,30.116959064327485,0.8771929824561403,17.0,39.0,0,1,21.201622807017547,0.30097087378640774,02:43-03:00; 03:01-03:15; 04:28-05:07; 06:26-06:40; 06:53-07:12
C_peak2.5_x70_w12_e1_b5,C_neighbors,2,3.0,-1.0,45,2.5,false,12,65,5,70,1,8,5,127.0,6,205,141.0,34.0,0,4,37.13450292397661,1.0526315789473684,16.5,42.0,0,0,20.616827485380117,0.2677165354330709,02:41-03:15; 04:25-05:07; 05:37-05:49; 06:16-06:22; 06:26-06:39; 06:52-07:12
C_peak2.5_x70_w12_e1_b6,C_neighbors,2,3.0,-1.0,45,2.5,false,12,65,6,70,1,8,5,127.0,6,205,141.0,34.0,0,4,37.13450292397661,1.0526315789473684,16.5,42.0,0,0,20.616827485380117,0.2677165354330709,02:41-03:15; 04:25-05:07; 05:37-05:49; 06:16-06:22; 06:26-06:39; 06:52-07:12
C_peak2.5_x70_w12_e1_b7,C_neighbors,2,3.0,-1.0,45,2.5,false,12,65,7,70,1,8,5,121.0,5,205,147.0,34.0,0,10,35.38011695906433,0.8771929824561403,20.0,42.0,0,0,20.616827485380117,0.2809917355371901,02:41-03:15; 04:25-05:07; 05:37-05:49; 06:26-06:39; 06:52-07:12
C_peak2.5_x70_w12_e2_b5,C_neighbors,2,3.0,-1.0,45,2.5,false,12,65,5,70,2,8,5,135.0,7,205,137.0,34.0,0,0,39.473684210526315,1.2280701754385965,14.0,42.0,1,0,20.616827485380117,0.2518518518518518,02:41-03:15; 04:25-05:07; 05:37-05:50; 06:16-06:23; 06:26-06:40; 06:43-06:48; 06:52-07:12
C_peak2.5_x70_w12_e2_b6,C_neighbors,2,3.0,-1.0,45,2.5,false,12,65,6,70,2,8,5,130.0,6,205,142.0,34.0,0,5,38.01169590643275,1.0526315789473684,17.0,42.0,0,0,20.616827485380117,0.26153846153846155,02:41-03:15; 04:25-05:07; 05:37-05:50; 06:16-06:23; 06:26-06:40; 06:52-07:12
C_peak2.5_x70_w12_e2_b7,C_neighbors,2,3.0,-1.0,45,2.5,false,12,65,7,70,2,8,5,130.0,6,205,142.0,34.0,0,5,38.01169590643275,1.0526315789473684,17.0,42.0,0,0,20.616827485380117,0.26153846153846155,02:41-03:15; 04:25-05:07; 05:37-05:50; 06:16-06:23; 06:26-06:40; 06:52-07:12
C_peak2.5_x70_w13_e1_b5,C_neighbors,2,3.0,-1.0,45,2.5,false,13,65,5,70,1,8,5,124.0,6,205,141.0,34.0,0,4,36.25730994152047,1.0526315789473684,16.5,41.0,1,0,20.616827485380117,0.27419354838709675,02:41-03:15; 04:26-05:07; 05:38-05:49; 06:17-06:22; 06:26-06:39; 06:52-07:12
C_peak2.5_x70_w13_e1_b6,C_neighbors,2,3.0,-1.0,45,2.5,false,13,65,6,70,1,8,5,119.0,5,205,146.0,34.0,0,9,34.7953216374269,0.8771929824561403,20.0,41.0,0,0,20.616827485380117,0.2857142857142857,02:41-03:15; 04:26-05:07; 05:38-05:49; 06:26-06:39; 06:52-07:12
C_peak2.5_x70_w13_e1_b7,C_neighbors,2,3.0,-1.0,45,2.5,false,13,65,7,70,1,8,5,119.0,5,205,146.0,34.0,0,9,34.7953216374269,0.8771929824561403,20.0,41.0,0,0,20.616827485380117,0.2857142857142857,02:41-03:15; 04:26-05:07; 05:38-05:49; 06:26-06:39; 06:52-07:12
C_peak2.5_x70_w13_e2_b5,C_neighbors,2,3.0,-1.0,45,2.5,false,13,65,5,70,2,8,5,132.0,7,205,137.0,34.0,0,0,38.59649122807017,1.2280701754385965,14.0,41.0,1,0,20.616827485380117,0.25757575757575757,02:41-03:15; 04:26-05:07; 05:38-05:50; 06:17-06:23; 06:26-06:40; 06:43-06:48; 06:52-07:12
C_peak2.5_x70_w13_e2_b6,C_neighbors,2,3.0,-1.0,45,2.5,false,13,65,6,70,2,8,5,127.0,6,205,142.0,34.0,0,5,37.13450292397661,1.0526315789473684,17.0,41.0,0,0,20.616827485380117,0.2677165354330709,02:41-03:15; 04:26-05:07; 05:38-05:50; 06:17-06:23; 06:26-06:40; 06:52-07:12
C_peak2.5_x70_w13_e2_b7,C_neighbors,2,3.0,-1.0,45,2.5,false,13,65,7,70,2,8,5,121.0,5,205,148.0,34.0,0,11,35.38011695906433,0.8771929824561403,20.0,41.0,0,0,20.616827485380117,0.2809917355371901,02:41-03:15; 04:26-05:07; 05:38-05:50; 06:26-06:40; 06:52-07:12
C_peak2.5_x70_w14_e1_b5,C_neighbors,2,3.0,-1.0,45,2.5,false,14,65,5,70,1,8,5,120.0,6,205,141.0,33.0,0,4,35.08771929824561,1.0526315789473684,16.0,40.0,1,0,20.909225146198832,0.275,02:42-03:15; 04:27-05:07; 05:39-05:49; 06:17-06:22; 06:26-06:39; 06:53-07:12
C_peak2.5_x70_w14_e1_b6,C_neighbors,2,3.0,-1.0,45,2.5,false,14,65,6,70,1,8,5,115.0,5,205,146.0,33.0,0,9,33.62573099415205,0.8771929824561403,19.0,40.0,0,0,20.909225146198832,0.28695652173913044,02:42-03:15; 04:27-05:07; 05:39-05:49; 06:26-06:39; 06:53-07:12
C_peak2.5_x70_w14_e1_b7,C_neighbors,2,3.0,-1.0,45,2.5,false,14,65,7,70,1,8,5,115.0,5,205,146.0,33.0,0,9,33.62573099415205,0.8771929824561403,19.0,40.0,0,0,20.909225146198832,0.28695652173913044,02:42-03:15; 04:27-05:07; 05:39-05:49; 06:26-06:39; 06:53-07:12
C_peak2.5_x70_w14_e2_b5,C_neighbors,2,3.0,-1.0,45,2.5,false,14,65,5,70,2,8,5,128.0,7,205,137.0,33.0,0,0,37.42690058479532,1.2280701754385965,14.0,40.0,1,0,20.909225146198832,0.2578125,02:42-03:15; 04:27-05:07; 05:39-05:50; 06:17-06:23; 06:26-06:40; 06:43-06:48; 06:53-07:12
C_peak2.5_x70_w14_e2_b6,C_neighbors,2,3.0,-1.0,45,2.5,false,14,65,6,70,2,8,5,123.0,6,205,142.0,33.0,0,5,35.96491228070175,1.0526315789473684,16.5,40.0,0,0,20.909225146198832,0.2682926829268293,02:42-03:15; 04:27-05:07; 05:39-05:50; 06:17-06:23; 06:26-06:40; 06:53-07:12
C_peak2.5_x70_w14_e2_b7,C_neighbors,2,3.0,-1.0,45,2.5,false,14,65,7,70,2,8,5,117.0,5,205,148.0,33.0,0,11,34.21052631578947,0.8771929824561403,19.0,40.0,0,0,20.909225146198832,0.28205128205128205,02:42-03:15; 04:27-05:07; 05:39-05:50; 06:26-06:40; 06:53-07:12
C_peak2.5_x70_w15_e1_b5,C_neighbors,2,3.0,-1.0,45,2.5,false,15,65,5,70,1,8,5,108.0,5,205,145.0,32.0,0,8,31.57894736842105,0.8771929824561403,19.0,39.0,1,0,21.201622807017547,0.2962962962962963,02:43-03:15; 04:28-05:07; 05:44-05:49; 06:26-06:39; 06:53-07:12
C_peak2.5_x70_w15_e1_b6,C_neighbors,2,3.0,-1.0,45,2.5,false,15,65,6,70,1,8,5,103.0,4,205,150.0,32.0,0,13,30.116959064327485,0.7017543859649122,25.5,39.0,0,0,21.201622807017547,0.3106796116504854,02:43-03:15; 04:28-05:07; 06:26-06:39; 06:53-07:12
C_peak2.5_x70_w15_e1_b7,C_neighbors,2,3.0,-1.0,45,2.5,false,15,65,7,70,1,8,5,103.0,4,205,150.0,32.0,0,13,30.116959064327485,0.7017543859649122,25.5,39.0,0,0,21.201622807017547,0.3106796116504854,02:43-03:15; 04:28-05:07; 06:26-06:39; 06:53-07:12
C_peak2.5_x70_w15_e2_b5,C_neighbors,2,3.0,-1.0,45,2.5,false,15,65,5,70,2,8,5,120.0,7,205,137.0,32.0,0,0,35.08771929824561,1.2280701754385965,14.0,39.0,2,0,21.201622807017547,0.26666666666666666,02:43-03:15; 04:28-05:07; 05:44-05:50; 06:18-06:23; 06:26-06:40; 06:43-06:48; 06:53-07:12
C_peak2.5_x70_w15_e2_b6,C_neighbors,2,3.0,-1.0,45,2.5,false,15,65,6,70,2,8,5,110.0,5,205,147.0,32.0,0,10,32.16374269005848,0.8771929824561403,19.0,39.0,0,0,21.201622807017547,0.2909090909090909,02:43-03:15; 04:28-05:07; 05:44-05:50; 06:26-06:40; 06:53-07:12
C_peak2.75_x60_w12_e1_b5,C_neighbors,2,3.0,-1.0,45,2.75,false,12,65,5,60,1,8,5,128.0,8,244,123.0,23.49045,0,25,37.42690058479532,1.4035087719298245,9.5,58.0,2,0,21.786418128654972,0.183519140625,02:45-02:59; 03:08-03:13; 04:17-04:22; 04:25-05:23; 05:42-05:48; 06:16-06:22; 06:26-06:39; 06:51-07:12
C_peak2.75_x60_w12_e1_b6,C_neighbors,2,3.0,-1.0,45,2.75,false,12,65,6,60,1,8,5,118.0,6,244,133.0,14.0,0,35,34.50292397660819,1.0526315789473684,13.5,58.0,0,0,21.786418128654972,0.11864406779661017,02:45-02:59; 04:25-05:23; 05:42-05:48; 06:16-06:22; 06:26-06:39; 06:51-07:12
C_peak2.75_x60_w12_e1_b7,C_neighbors,2,3.0,-1.0,45,2.75,false,12,65,7,60,1,8,5,106.0,4,244,145.0,14.0,0,47,30.994152046783626,0.7017543859649122,17.5,58.0,0,0,21.786418128654972,0.1320754716981132,02:45-02:59; 04:25-05:23; 06:26-06:39; 06:51-07:12
C_peak2.75_x60_w12_e2_b5,C_neighbors,2,3.0,-1.0,45,2.75,false,12,65,5,60,2,8,5,153.0,11,244,110.0,26.49045,0,12,44.73684210526316,1.9298245614035088,7.0,59.0,2,3,22.078815789473687,0.17314019607843137,02:46-03:00; 03:07-03:15; 04:17-04:23; 04:25-05:24; 05:25-05:32; 05:36-05:41; 05:42-05:49; 06:16-06:23; 06:26-06:40; 06:43-06:48; 06:51-07:12
C_peak2.75_x60_w12_e2_b6,C_neighbors,2,3.0,-1.0,45,2.75,false,12,65,6,60,2,8,5,143.0,9,244,120.0,26.49045,0,22,41.812865497076025,1.5789473684210527,8.0,59.0,0,2,22.078815789473687,0.1852479020979021,02:46-03:00; 03:07-03:15; 04:17-04:23; 04:25-05:24; 05:25-05:32; 05:42-05:49; 06:16-06:23; 06:26-06:40; 06:51-07:12
C_peak2.75_x60_w12_e2_b7,C_neighbors,2,3.0,-1.0,45,2.75,false,12,65,7,60,2,8,5,137.0,8,244,126.0,22.0,0,28,40.058479532163744,1.4035087719298245,11.0,59.0,0,1,22.078815789473687,0.16058394160583941,02:46-03:00; 03:07-03:15; 04:25-05:24; 05:25-05:32; 05:42-05:49; 06:16-06:23; 06:26-06:40; 06:51-07:12
C_peak2.75_x60_w13_e1_b5,C_neighbors,2,3.0,-1.0,45,2.75,false,13,65,5,60,1,8,5,125.0,8,244,121.0,23.49045,0,23,36.54970760233918,1.4035087719298245,9.0,58.0,4,0,21.786418128654972,0.1879236,02:45-02:59; 03:08-03:13; 04:17-04:22; 04:25-05:23; 05:43-05:48; 06:17-06:22; 06:26-06:39; 06:52-07:12
C_peak2.75_x60_w13_e1_b6,C_neighbors,2,3.0,-1.0,45,2.75,false,13,65,6,60,1,8,5,105.0,4,244,141.0,14.0,0,43,30.701754385964914,0.7017543859649122,17.0,58.0,0,0,21.786418128654972,0.13333333333333333,02:45-02:59; 04:25-05:23; 06:26-06:39; 06:52-07:12
C_peak2.75_x60_w13_e1_b7,C_neighbors,2,3.0,-1.0,45,2.75,false,13,65,7,60,1,8,5,105.0,4,244,141.0,14.0,0,43,30.701754385964914,0.7017543859649122,17.0,58.0,0,0,21.786418128654972,0.13333333333333333,02:45-02:59; 04:25-05:23; 06:26-06:39; 06:52-07:12
C_peak2.75_x60_w13_e2_b5,C_neighbors,2,3.0,-1.0,45,2.75,false,13,65,5,60,2,8,5,150.0,11,244,109.0,26.49045,0,11,43.859649122807014,1.9298245614035088,7.0,59.0,2,3,22.078815789473687,0.17660299999999998,02:46-03:00; 03:07-03:15; 04:17-04:23; 04:25-05:24; 05:25-05:32; 05:36-05:41; 05:43-05:49; 06:17-06:23; 06:26-06:40; 06:43-06:48; 06:52-07:12
C_peak2.75_x60_w13_e2_b6,C_neighbors,2,3.0,-1.0,45,2.75,false,13,65,6,60,2,8,5,140.0,9,244,119.0,26.49045,0,21,40.93567251461988,1.5789473684210527,8.0,59.0,0,2,22.078815789473687,0.18921749999999998,02:46-03:00; 03:07-03:15; 04:17-04:23; 04:25-05:24; 05:25-05:32; 05:43-05:49; 06:17-06:23; 06:26-06:40; 06:52-07:12
C_peak2.75_x60_w13_e2_b7,C_neighbors,2,3.0,-1.0,45,2.75,false,13,65,7,60,2,8,5,122.0,6,244,137.0,22.0,0,39,35.67251461988304,1.0526315789473684,14.0,59.0,0,1,22.078815789473687,0.18032786885245902,02:46-03:00; 03:07-03:15; 04:25-05:24; 05:25-05:32; 06:26-06:40; 06:52-07:12
C_peak2.75_x60_w14_e1_b5,C_neighbors,2,3.0,-1.0,45,2.75,false,14,65,5,60,1,8,5,125.0,8,244,120.0,23.49045,0,22,36.54970760233918,1.4035087719298245,9.0,58.0,4,0,21.786418128654972,0.1879236,02:45-02:59; 03:08-03:13; 04:17-04:22; 04:25-05:23; 05:43-05:48; 06:17-06:22; 06:26-06:39; 06:52-07:12
C_peak2.75_x60_w14_e1_b6,C_neighbors,2,3.0,-1.0,45,2.75,false,14,65,6,60,1,8,5,105.0,4,244,140.0,14.0,0,42,30.701754385964914,0.7017543859649122,17.0,58.0,0,0,21.786418128654972,0.13333333333333333,02:45-02:59; 04:25-05:23; 06:26-06:39; 06:52-07:12
C_peak2.75_x60_w14_e1_b7,C_neighbors,2,3.0,-1.0,45,2.75,false,14,65,7,60,1,8,5,105.0,4,244,140.0,14.0,0,42,30.701754385964914,0.7017543859649122,17.0,58.0,0,0,21.786418128654972,0.13333333333333333,02:45-02:59; 04:25-05:23; 06:26-06:39; 06:52-07:12
C_peak2.75_x60_w14_e2_b5,C_neighbors,2,3.0,-1.0,45,2.75,false,14,65,5,60,2,8,5,150.0,11,244,108.0,26.49045,0,10,43.859649122807014,1.9298245614035088,7.0,59.0,2,3,22.078815789473687,0.17660299999999998,02:46-03:00; 03:07-03:15; 04:17-04:23; 04:25-05:24; 05:25-05:32; 05:36-05:41; 05:43-05:49; 06:17-06:23; 06:26-06:40; 06:43-06:48; 06:52-07:12
C_peak2.75_x60_w14_e2_b6,C_neighbors,2,3.0,-1.0,45,2.75,false,14,65,6,60,2,8,5,140.0,9,244,118.0,26.49045,0,20,40.93567251461988,1.5789473684210527,8.0,59.0,0,2,22.078815789473687,0.18921749999999998,02:46-03:00; 03:07-03:15; 04:17-04:23; 04:25-05:24; 05:25-05:32; 05:43-05:49; 06:17-06:23; 06:26-06:40; 06:52-07:12
C_peak2.75_x60_w14_e2_b7,C_neighbors,2,3.0,-1.0,45,2.75,false,14,65,7,60,2,8,5,122.0,6,244,136.0,22.0,0,38,35.67251461988304,1.0526315789473684,14.0,59.0,0,1,22.078815789473687,0.18032786885245902,02:46-03:00; 03:07-03:15; 04:25-05:24; 05:25-05:32; 06:26-06:40; 06:52-07:12
C_peak2.75_x60_w15_e1_b5,C_neighbors,2,3.0,-1.0,45,2.75,false,15,65,5,60,1,8,5,114.0,6,244,126.0,23.49045,0,28,33.33333333333333,1.0526315789473684,13.5,58.0,2,0,21.786418128654972,0.20605657894736842,02:45-02:59; 03:08-03:13; 04:17-04:22; 04:25-05:23; 06:26-06:39; 06:53-07:12
C_peak2.75_x60_w15_e1_b6,C_neighbors,2,3.0,-1.0,45,2.75,false,15,65,6,60,1,8,5,104.0,4,244,136.0,14.0,0,38,30.409356725146196,0.7017543859649122,16.5,58.0,0,0,21.786418128654972,0.1346153846153846,02:45-02:59; 04:25-05:23; 06:26-06:39; 06:53-07:12
C_peak2.75_x60_w15_e1_b7,C_neighbors,2,3.0,-1.0,45,2.75,false,15,65,7,60,1,8,5,104.0,4,244,136.0,14.0,0,38,30.409356725146196,0.7017543859649122,16.5,58.0,0,0,21.786418128654972,0.1346153846153846,02:45-02:59; 04:25-05:23; 06:26-06:39; 06:53-07:12
C_peak2.75_x60_w15_e2_b5,C_neighbors,2,3.0,-1.0,45,2.75,false,15,65,5,60,2,8,5,147.0,11,244,106.0,26.49045,0,8,42.98245614035088,1.9298245614035088,7.0,59.0,4,2,22.078815789473687,0.18020714285714284,02:46-03:00; 03:07-03:15; 04:17-04:23; 04:25-05:24; 05:25-05:32; 05:36-05:41; 05:44-05:49; 06:18-06:23; 06:26-06:40; 06:43-06:48; 06:53-07:12
C_peak2.75_x60_w15_e2_b6,C_neighbors,2,3.0,-1.0,45,2.75,false,15,65,6,60,2,8,5,127.0,7,244,126.0,26.49045,0,28,37.13450292397661,1.2280701754385965,14.0,59.0,0,2,22.078815789473687,0.20858622047244094,02:46-03:00; 03:07-03:15; 04:17-04:23; 04:25-05:24; 05:25-05:32; 06:26-06:40; 06:53-07:12
C_peak2.75_x60_w15_e2_b7,C_neighbors,2,3.0,-1.0,45,2.75,false,15,65,7,60,2,8,5,121.0,6,244,132.0,22.0,0,34,35.38011695906433,1.0526315789473684,14.0,59.0,0,1,22.078815789473687,0.18181818181818182,02:46-03:00; 03:07-03:15; 04:25-05:24; 05:25-05:32; 06:26-06:40; 06:53-07:12
C_peak2.75_x62_w12_e1_b5,C_neighbors,2,3.0,-1.0,45,2.75,false,12,65,5,62,1,8,5,139.0,8,244,116.0,26.49045,0,18,40.643274853801174,1.4035087719298245,9.5,66.0,2,0,20.909225146198832,0.19057877697841727,02:42-02:59; 03:08-03:13; 04:17-04:22; 04:25-05:31; 05:42-05:48; 06:16-06:22; 06:26-06:39; 06:51-07:12
C_peak2.75_x62_w12_e1_b6,C_neighbors,2,3.0,-1.0,45,2.75,false,12,65,6,62,1,8,5,129.0,6,244,126.0,17.0,0,28,37.719298245614034,1.0526315789473684,15.0,66.0,0,0,20.909225146198832,0.13178294573643412,02:42-02:59; 04:25-05:31; 05:42-05:48; 06:16-06:22; 06:26-06:39; 06:51-07:12
C_peak2.75_x62_w12_e1_b7,C_neighbors,2,3.0,-1.0,45,2.75,false,12,65,7,62,1,8,5,117.0,4,244,138.0,17.0,0,40,34.21052631578947,0.7017543859649122,19.0,66.0,0,0,20.909225146198832,0.1452991452991453,02:42-02:59; 04:25-05:31; 06:26-06:39; 06:51-07:12
C_peak2.75_x62_w12_e2_b5,C_neighbors,2,3.0,-1.0,45,2.75,false,12,65,5,62,2,8,5,160.0,10,244,106.0,32.49045,0,8,46.783625730994146,1.7543859649122806,7.5,67.0,2,2,20.324429824561406,0.2030653125,02:40-03:00; 03:07-03:15; 04:17-04:23; 04:25-05:32; 05:36-05:41; 05:42-05:49; 06:16-06:23; 06:26-06:40; 06:43-06:48; 06:51-07:12
C_peak2.75_x62_w12_e2_b6,C_neighbors,2,3.0,-1.0,45,2.75,false,12,65,6,62,2,8,5,150.0,8,244,116.0,32.49045,0,18,43.859649122807014,1.4035087719298245,11.0,67.0,0,1,20.324429824561406,0.21660300000000002,02:40-03:00; 03:07-03:15; 04:17-04:23; 04:25-05:32; 05:42-05:49; 06:16-06:23; 06:26-06:40; 06:51-07:12
C_peak2.75_x62_w12_e2_b7,C_neighbors,2,3.0,-1.0,45,2.75,false,12,65,7,62,2,8,5,144.0,7,244,122.0,28.0,0,24,42.10526315789473,1.2280701754385965,14.0,67.0,0,0,20.324429824561406,0.19444444444444445,02:40-03:00; 03:07-03:15; 04:25-05:32; 05:42-05:49; 06:16-06:23; 06:26-06:40; 06:51-07:12
C_peak2.75_x62_w13_e1_b5,C_neighbors,2,3.0,-1.0,45,2.75,false,13,65,5,62,1,8,5,137.0,8,244,114.0,27.49045,0,16,40.058479532163744,1.4035087719298245,9.0,66.0,4,0,20.616827485380117,0.20066021897810218,02:41-02:59; 03:08-03:13; 04:17-04:22; 04:25-05:31; 05:43-05:48; 06:17-06:22; 06:26-06:39; 06:52-07:12
C_peak2.75_x62_w13_e1_b6,C_neighbors,2,3.0,-1.0,45,2.75,false,13,65,6,62,1,8,5,117.0,4,244,134.0,18.0,0,36,34.21052631578947,0.7017543859649122,19.0,66.0,0,0,20.616827485380117,0.15384615384615385,02:41-02:59; 04:25-05:31; 06:26-06:39; 06:52-07:12
C_peak2.75_x62_w13_e1_b7,C_neighbors,2,3.0,-1.0,45,2.75,false,13,65,7,62,1,8,5,117.0,4,244,134.0,18.0,0,36,34.21052631578947,0.7017543859649122,19.0,66.0,0,0,20.616827485380117,0.15384615384615385,02:41-02:59; 04:25-05:31; 06:26-06:39; 06:52-07:12
C_peak2.75_x62_w13_e2_b5,C_neighbors,2,3.0,-1.0,45,2.75,false,13,65,5,62,2,8,5,156.0,10,244,105.0,31.49045,0,7,45.614035087719294,1.7543859649122806,7.0,67.0,2,2,20.616827485380117,0.20186185897435896,02:41-03:00; 03:07-03:15; 04:17-04:23; 04:25-05:32; 05:36-05:41; 05:43-05:49; 06:17-06:23; 06:26-06:40; 06:43-06:48; 06:52-07:12
C_peak2.75_x62_w13_e2_b6,C_neighbors,2,3.0,-1.0,45,2.75,false,13,65,6,62,2,8,5,146.0,8,244,115.0,31.49045,0,17,42.69005847953216,1.4035087719298245,11.0,67.0,0,1,20.616827485380117,0.21568801369863014,02:41-03:00; 03:07-03:15; 04:17-04:23; 04:25-05:32; 05:43-05:49; 06:17-06:23; 06:26-06:40; 06:52-07:12
C_peak2.75_x62_w13_e2_b7,C_neighbors,2,3.0,-1.0,45,2.75,false,13,65,7,62,2,8,5,128.0,5,244,133.0,27.0,0,35,37.42690058479532,0.8771929824561403,19.0,67.0,0,0,20.616827485380117,0.2109375,02:41-03:00; 03:07-03:15; 04:25-05:32; 06:26-06:40; 06:52-07:12
C_peak2.75_x62_w14_e1_b5,C_neighbors,2,3.0,-1.0,45,2.75,false,14,65,5,62,1,8,5,136.0,8,244,113.0,26.49045,0,15,39.76608187134503,1.4035087719298245,9.0,66.0,4,0,20.909225146198832,0.1947827205882353,02:42-02:59; 03:08-03:13; 04:17-04:22; 04:25-05:31; 05:43-05:48; 06:17-06:22; 06:26-06:39; 06:52-07:12
C_peak2.75_x62_w14_e1_b6,C_neighbors,2,3.0,-1.0,45,2.75,false,14,65,6,62,1,8,5,116.0,4,244,133.0,17.0,0,35,33.91812865497076,0.7017543859649122,18.5,66.0,0,0,20.909225146198832,0.14655172413793102,02:42-02:59; 04:25-05:31; 06:26-06:39; 06:52-07:12
C_peak2.75_x62_w14_e1_b7,C_neighbors,2,3.0,-1.0,45,2.75,false,14,65,7,62,1,8,5,116.0,4,244,133.0,17.0,0,35,33.91812865497076,0.7017543859649122,18.5,66.0,0,0,20.909225146198832,0.14655172413793102,02:42-02:59; 04:25-05:31; 06:26-06:39; 06:52-07:12
C_peak2.75_x62_w14_e2_b5,C_neighbors,2,3.0,-1.0,45,2.75,false,14,65,5,62,2,8,5,155.0,10,244,105.0,30.49045,0,7,45.32163742690059,1.7543859649122806,7.0,67.0,2,2,20.909225146198832,0.19671258064516128,02:42-03:00; 03:07-03:15; 04:17-04:23; 04:25-05:32; 05:36-05:41; 05:43-05:49; 06:17-06:23; 06:26-06:40; 06:43-06:48; 06:52-07:12
C_peak2.75_x62_w14_e2_b6,C_neighbors,2,3.0,-1.0,45,2.75,false,14,65,6,62,2,8,5,145.0,8,244,115.0,30.49045,0,17,42.39766081871345,1.4035087719298245,11.0,67.0,0,1,20.909225146198832,0.21027896551724137,02:42-03:00; 03:07-03:15; 04:17-04:23; 04:25-05:32; 05:43-05:49; 06:17-06:23; 06:26-06:40; 06:52-07:12
C_peak2.75_x62_w14_e2_b7,C_neighbors,2,3.0,-1.0,45,2.75,false,14,65,7,62,2,8,5,127.0,5,244,133.0,26.0,0,35,37.13450292397661,0.8771929824561403,18.0,67.0,0,0,20.909225146198832,0.2047244094488189,02:42-03:00; 03:07-03:15; 04:25-05:32; 06:26-06:40; 06:52-07:12
C_peak2.75_x62_w15_e1_b5,C_neighbors,2,3.0,-1.0,45,2.75,false,15,65,5,62,1,8,5,124.0,6,244,120.0,25.49045,0,22,36.25730994152047,1.0526315789473684,14.5,66.0,2,0,21.201622807017547,0.20556814516129032,02:43-02:59; 03:08-03:13; 04:17-04:22; 04:25-05:31; 06:26-06:39; 06:53-07:12
C_peak2.75_x62_w15_e1_b6,C_neighbors,2,3.0,-1.0,45,2.75,false,15,65,6,62,1,8,5,114.0,4,244,130.0,16.0,0,32,33.33333333333333,0.7017543859649122,17.5,66.0,0,0,21.201622807017547,0.14035087719298245,02:43-02:59; 04:25-05:31; 06:26-06:39; 06:53-07:12
C_peak2.75_x62_w15_e1_b7,C_neighbors,2,3.0,-1.0,45,2.75,false,15,65,7,62,1,8,5,114.0,4,244,130.0,16.0,0,32,33.33333333333333,0.7017543859649122,17.5,66.0,0,0,21.201622807017547,0.14035087719298245,02:43-02:59; 04:25-05:31; 06:26-06:39; 06:53-07:12
C_peak2.75_x62_w15_e2_b5,C_neighbors,2,3.0,-1.0,45,2.75,false,15,65,5,62,2,8,5,151.0,10,244,104.0,29.49045,0,6,44.15204678362573,1.7543859649122806,7.0,67.0,4,1,21.201622807017547,0.19530099337748344,02:43-03:00; 03:07-03:15; 04:17-04:23; 04:25-05:32; 05:36-05:41; 05:44-05:49; 06:18-06:23; 06:26-06:40; 06:43-06:48; 06:53-07:12
C_peak2.75_x62_w15_e2_b6,C_neighbors,2,3.0,-1.0,45,2.75,false,15,65,6,62,2,8,5,131.0,6,244,124.0,29.49045,0,26,38.30409356725146,1.0526315789473684,15.5,67.0,0,1,21.201622807017547,0.2251179389312977,02:43-03:00; 03:07-03:15; 04:17-04:23; 04:25-05:32; 06:26-06:40; 06:53-07:12
C_peak2.75_x62_w15_e2_b7,C_neighbors,2,3.0,-1.0,45,2.75,false,15,65,7,62,2,8,5,125.0,5,244,130.0,25.0,0,32,36.54970760233918,0.8771929824561403,17.0,67.0,0,0,21.201622807017547,0.2,02:43-03:00; 03:07-03:15; 04:25-05:32; 06:26-06:40; 06:53-07:12
C_peak2.75_x65_w12_e1_b5,C_neighbors,2,3.0,-1.0,45,2.75,false,12,65,5,65,1,8,5,152.0,9,244,108.0,39.49045,0,10,44.44444444444444,1.5789473684210527,13.0,66.0,2,0,20.909225146198832,0.25980559210526316,02:42-02:59; 03:02-03:15; 04:08-04:13; 04:17-04:22; 04:25-05:31; 05:42-05:48; 06:16-06:22; 06:26-06:39; 06:51-07:12
C_peak2.75_x65_w12_e1_b6,C_neighbors,2,3.0,-1.0,45,2.75,false,12,65,6,65,1,8,5,142.0,7,244,118.0,30.0,0,20,41.52046783625731,1.2280701754385965,13.0,66.0,0,0,20.909225146198832,0.2112676056338028,02:42-02:59; 03:02-03:15; 04:25-05:31; 05:42-05:48; 06:16-06:22; 06:26-06:39; 06:51-07:12
C_peak2.75_x65_w12_e1_b7,C_neighbors,2,3.0,-1.0,45,2.75,false,12,65,7,65,1,8,5,130.0,5,244,130.0,30.0,0,32,38.01169590643275,0.8771929824561403,17.0,66.0,0,0,20.909225146198832,0.23076923076923078,02:42-02:59; 03:02-03:15; 04:25-05:31; 06:26-06:39; 06:51-07:12
C_peak2.75_x65_w12_e2_b5,C_neighbors,2,3.0,-1.0,45,2.75,false,12,65,5,65,2,8,5,172.0,11,244,98.0,44.49045,0,0,50.29239766081871,1.9298245614035088,7.0,67.0,2,3,20.324429824561406,0.2586654069767442,02:40-03:00; 03:01-03:15; 04:08-04:14; 04:17-04:23; 04:25-05:32; 05:36-05:41; 05:42-05:49; 06:16-06:23; 06:26-06:40; 06:43-06:48; 06:51-07:12
C_peak2.75_x65_w12_e2_b6,C_neighbors,2,3.0,-1.0,45,2.75,false,12,65,6,65,2,8,5,162.0,9,244,108.0,44.49045,0,10,47.368421052631575,1.5789473684210527,14.0,67.0,0,2,20.324429824561406,0.2746324074074074,02:40-03:00; 03:01-03:15; 04:08-04:14; 04:17-04:23; 04:25-05:32; 05:42-05:49; 06:16-06:23; 06:26-06:40; 06:51-07:12
C_peak2.75_x65_w12_e2_b7,C_neighbors,2,3.0,-1.0,45,2.75,false,12,65,7,65,2,8,5,150.0,7,244,120.0,34.0,0,22,43.859649122807014,1.2280701754385965,14.0,67.0,0,1,20.324429824561406,0.22666666666666666,02:40-03:00; 03:01-03:15; 04:25-05:32; 05:42-05:49; 06:16-06:23; 06:26-06:40; 06:51-07:12
C_peak2.75_x65_w13_e1_b5,C_neighbors,2,3.0,-1.0,45,2.75,false,13,65,5,65,1,8,5,145.0,8,244,111.0,35.49045,0,13,42.39766081871345,1.4035087719298245,13.0,66.0,3,0,20.616827485380117,0.24476172413793104,02:41-02:59; 03:02-03:15; 04:17-04:22; 04:25-05:31; 05:43-05:48; 06:17-06:22; 06:26-06:39; 06:52-07:12
C_peak2.75_x65_w13_e1_b6,C_neighbors,2,3.0,-1.0,45,2.75,false,13,65,6,65,1,8,5,130.0,5,244,126.0,31.0,0,28,38.01169590643275,0.8771929824561403,18.0,66.0,0,0,20.616827485380117,0.23846153846153847,02:41-02:59; 03:02-03:15; 04:25-05:31; 06:26-06:39; 06:52-07:12
C_peak2.75_x65_w13_e1_b7,C_neighbors,2,3.0,-1.0,45,2.75,false,13,65,7,65,1,8,5,130.0,5,244,126.0,31.0,0,28,38.01169590643275,0.8771929824561403,18.0,66.0,0,0,20.616827485380117,0.23846153846153847,02:41-02:59; 03:02-03:15; 04:25-05:31; 06:26-06:39; 06:52-07:12
C_peak2.75_x65_w13_e2_b5,C_neighbors,2,3.0,-1.0,45,2.75,false,13,65,5,65,2,8,5,167.0,11,244,98.0,42.49045,0,0,48.83040935672515,1.9298245614035088,6.0,67.0,3,3,20.616827485380117,0.25443383233532935,02:41-03:00; 03:01-03:15; 04:09-04:14; 04:17-04:23; 04:25-05:32; 05:36-05:41; 05:43-05:49; 06:17-06:23; 06:26-06:40; 06:43-06:48; 06:52-07:12
C_peak2.75_x65_w13_e2_b6,C_neighbors,2,3.0,-1.0,45,2.75,false,13,65,6,65,2,8,5,152.0,8,244,113.0,37.49045,0,15,44.44444444444444,1.4035087719298245,14.0,67.0,0,2,20.616827485380117,0.24664769736842107,02:41-03:00; 03:01-03:15; 04:17-04:23; 04:25-05:32; 05:43-05:49; 06:17-06:23; 06:26-06:40; 06:52-07:12
C_peak2.75_x65_w13_e2_b7,C_neighbors,2,3.0,-1.0,45,2.75,false,13,65,7,65,2,8,5,134.0,5,244,131.0,33.0,0,33,39.1812865497076,0.8771929824561403,19.0,67.0,0,1,20.616827485380117,0.2462686567164179,02:41-03:00; 03:01-03:15; 04:25-05:32; 06:26-06:40; 06:52-07:12
C_peak2.75_x65_w14_e1_b5,C_neighbors,2,3.0,-1.0,45,2.75,false,14,65,5,65,1,8,5,144.0,8,244,111.0,34.49045,0,13,42.10526315789473,1.4035087719298245,13.0,66.0,3,0,20.909225146198832,0.2395170138888889,02:42-02:59; 03:02-03:15; 04:17-04:22; 04:25-05:31; 05:43-05:48; 06:17-06:22; 06:26-06:39; 06:52-07:12
C_peak2.75_x65_w14_e1_b6,C_neighbors,2,3.0,-1.0,45,2.75,false,14,65,6,65,1,8,5,129.0,5,244,126.0,30.0,0,28,37.719298245614034,0.8771929824561403,17.0,66.0,0,0,20.909225146198832,0.23255813953488372,02:42-02:59; 03:02-03:15; 04:25-05:31; 06:26-06:39; 06:52-07:12
C_peak2.75_x65_w14_e1_b7,C_neighbors,2,3.0,-1.0,45,2.75,false,14,65,7,65,1,8,5,129.0,5,244,126.0,30.0,0,28,37.719298245614034,0.8771929824561403,17.0,66.0,0,0,20.909225146198832,0.23255813953488372,02:42-02:59; 03:02-03:15; 04:25-05:31; 06:26-06:39; 06:52-07:12
C_peak2.75_x65_w14_e2_b5,C_neighbors,2,3.0,-1.0,45,2.75,false,14,65,5,65,2,8,5,166.0,11,244,98.0,41.49045,0,0,48.53801169590643,1.9298245614035088,6.0,67.0,3,3,20.909225146198832,0.2499424698795181,02:42-03:00; 03:01-03:15; 04:09-04:14; 04:17-04:23; 04:25-05:32; 05:36-05:41; 05:43-05:49; 06:17-06:23; 06:26-06:40; 06:43-06:48; 06:52-07:12
C_peak2.75_x65_w14_e2_b6,C_neighbors,2,3.0,-1.0,45,2.75,false,14,65,6,65,2,8,5,151.0,8,244,113.0,36.49045,0,15,44.15204678362573,1.4035087719298245,14.0,67.0,0,2,20.909225146198832,0.2416586092715232,02:42-03:00; 03:01-03:15; 04:17-04:23; 04:25-05:32; 05:43-05:49; 06:17-06:23; 06:26-06:40; 06:52-07:12
C_peak2.75_x65_w14_e2_b7,C_neighbors,2,3.0,-1.0,45,2.75,false,14,65,7,65,2,8,5,133.0,5,244,131.0,32.0,0,33,38.88888888888889,0.8771929824561403,18.0,67.0,0,1,20.909225146198832,0.24060150375939848,02:42-03:00; 03:01-03:15; 04:25-05:32; 06:26-06:40; 06:52-07:12
C_peak2.75_x65_w15_e1_b5,C_neighbors,2,3.0,-1.0,45,2.75,false,15,65,5,65,1,8,5,132.0,6,244,117.0,33.49045,0,19,38.59649122807017,1.0526315789473684,14.5,66.0,1,0,21.201622807017547,0.25371553030303035,02:43-02:59; 03:02-03:15; 04:17-04:22; 04:25-05:31; 06:26-06:39; 06:53-07:12
C_peak2.75_x65_w15_e1_b6,C_neighbors,2,3.0,-1.0,45,2.75,false,15,65,6,65,1,8,5,127.0,5,244,122.0,29.0,0,24,37.13450292397661,0.8771929824561403,16.0,66.0,0,0,21.201622807017547,0.2283464566929134,02:43-02:59; 03:02-03:15; 04:25-05:31; 06:26-06:39; 06:53-07:12
C_peak2.75_x65_w15_e1_b7,C_neighbors,2,3.0,-1.0,45,2.75,false,15,65,7,65,1,8,5,127.0,5,244,122.0,29.0,0,24,37.13450292397661,0.8771929824561403,16.0,66.0,0,0,21.201622807017547,0.2283464566929134,02:43-02:59; 03:02-03:15; 04:25-05:31; 06:26-06:39; 06:53-07:12
C_peak2.75_x65_w15_e2_b5,C_neighbors,2,3.0,-1.0,45,2.75,false,15,65,5,65,2,8,5,157.0,10,244,101.0,35.49045,0,3,45.90643274853801,1.7543859649122806,10.0,67.0,4,2,21.201622807017547,0.22605382165605098,02:43-03:00; 03:01-03:15; 04:17-04:23; 04:25-05:32; 05:36-05:41; 05:44-05:49; 06:18-06:23; 06:26-06:40; 06:43-06:48; 06:53-07:12
C_peak2.75_x65_w15_e2_b6,C_neighbors,2,3.0,-1.0,45,2.75,false,15,65,6,65,2,8,5,137.0,6,244,121.0,35.49045,0,23,40.058479532163744,1.0526315789473684,15.5,67.0,0,2,21.201622807017547,0.2590543795620438,02:43-03:00; 03:01-03:15; 04:17-04:23; 04:25-05:32; 06:26-06:40; 06:53-07:12
C_peak2.75_x65_w15_e2_b7,C_neighbors,2,3.0,-1.0,45,2.75,false,15,65,7,65,2,8,5,131.0,5,244,127.0,31.0,0,29,38.30409356725146,0.8771929824561403,17.0,67.0,0,1,21.201622807017547,0.2366412213740458,02:43-03:00; 03:01-03:15; 04:25-05:32; 06:26-06:40; 06:53-07:12
C_peak2.75_x67_w12_e1_b5,C_neighbors,2,3.0,-1.0,45,2.75,false,12,65,5,67,1,8,5,154.0,9,244,107.0,41.49045,0,9,45.02923976608187,1.5789473684210527,13.0,66.0,2,0,20.324429824561406,0.2694185064935065,02:40-02:59; 03:02-03:15; 04:08-04:13; 04:17-04:22; 04:25-05:31; 05:42-05:48; 06:16-06:22; 06:26-06:39; 06:51-07:12
C_peak2.75_x67_w12_e1_b6,C_neighbors,2,3.0,-1.0,45,2.75,false,12,65,6,67,1,8,5,144.0,7,244,117.0,32.0,0,19,42.10526315789473,1.2280701754385965,13.0,66.0,0,0,20.324429824561406,0.2222222222222222,02:40-02:59; 03:02-03:15; 04:25-05:31; 05:42-05:48; 06:16-06:22; 06:26-06:39; 06:51-07:12
C_peak2.75_x67_w12_e1_b7,C_neighbors,2,3.0,-1.0,45,2.75,false,12,65,7,67,1,8,5,132.0,5,244,129.0,32.0,0,31,38.59649122807017,0.8771929824561403,19.0,66.0,0,0,20.324429824561406,0.24242424242424243,02:40-02:59; 03:02-03:15; 04:25-05:31; 06:26-06:39; 06:51-07:12
C_peak2.75_x67_w12_e2_b5,C_neighbors,2,3.0,-1.0,45,2.75,false,12,65,5,67,2,8,5,172.0,11,244,98.0,44.49045,0,0,50.29239766081871,1.9298245614035088,7.0,67.0,2,3,20.324429824561406,0.2586654069767442,02:40-03:00; 03:01-03:15; 04:08-04:14; 04:17-04:23; 04:25-05:32; 05:36-05:41; 05:42-05:49; 06:16-06:23; 06:26-06:40; 06:43-06:48; 06:51-07:12
C_peak2.75_x67_w12_e2_b6,C_neighbors,2,3.0,-1.0,45,2.75,false,12,65,6,67,2,8,5,162.0,9,244,108.0,44.49045,0,10,47.368421052631575,1.5789473684210527,14.0,67.0,0,2,20.324429824561406,0.2746324074074074,02:40-03:00; 03:01-03:15; 04:08-04:14; 04:17-04:23; 04:25-05:32; 05:42-05:49; 06:16-06:23; 06:26-06:40; 06:51-07:12
C_peak2.75_x67_w12_e2_b7,C_neighbors,2,3.0,-1.0,45,2.75,false,12,65,7,67,2,8,5,150.0,7,244,120.0,34.0,0,22,43.859649122807014,1.2280701754385965,14.0,67.0,0,1,20.324429824561406,0.22666666666666666,02:40-03:00; 03:01-03:15; 04:25-05:32; 05:42-05:49; 06:16-06:23; 06:26-06:40; 06:51-07:12
C_peak2.75_x67_w13_e1_b5,C_neighbors,2,3.0,-1.0,45,2.75,false,13,65,5,67,1,8,5,145.0,8,244,111.0,35.49045,0,13,42.39766081871345,1.4035087719298245,13.0,66.0,3,0,20.616827485380117,0.24476172413793104,02:41-02:59; 03:02-03:15; 04:17-04:22; 04:25-05:31; 05:43-05:48; 06:17-06:22; 06:26-06:39; 06:52-07:12
C_peak2.75_x67_w13_e1_b6,C_neighbors,2,3.0,-1.0,45,2.75,false,13,65,6,67,1,8,5,130.0,5,244,126.0,31.0,0,28,38.01169590643275,0.8771929824561403,18.0,66.0,0,0,20.616827485380117,0.23846153846153847,02:41-02:59; 03:02-03:15; 04:25-05:31; 06:26-06:39; 06:52-07:12
C_peak2.75_x67_w13_e1_b7,C_neighbors,2,3.0,-1.0,45,2.75,false,13,65,7,67,1,8,5,130.0,5,244,126.0,31.0,0,28,38.01169590643275,0.8771929824561403,18.0,66.0,0,0,20.616827485380117,0.23846153846153847,02:41-02:59; 03:02-03:15; 04:25-05:31; 06:26-06:39; 06:52-07:12
C_peak2.75_x67_w13_e2_b5,C_neighbors,2,3.0,-1.0,45,2.75,false,13,65,5,67,2,8,5,167.0,11,244,98.0,42.49045,0,0,48.83040935672515,1.9298245614035088,6.0,67.0,3,3,20.616827485380117,0.25443383233532935,02:41-03:00; 03:01-03:15; 04:09-04:14; 04:17-04:23; 04:25-05:32; 05:36-05:41; 05:43-05:49; 06:17-06:23; 06:26-06:40; 06:43-06:48; 06:52-07:12
C_peak2.75_x67_w13_e2_b6,C_neighbors,2,3.0,-1.0,45,2.75,false,13,65,6,67,2,8,5,152.0,8,244,113.0,37.49045,0,15,44.44444444444444,1.4035087719298245,14.0,67.0,0,2,20.616827485380117,0.24664769736842107,02:41-03:00; 03:01-03:15; 04:17-04:23; 04:25-05:32; 05:43-05:49; 06:17-06:23; 06:26-06:40; 06:52-07:12
C_peak2.75_x67_w13_e2_b7,C_neighbors,2,3.0,-1.0,45,2.75,false,13,65,7,67,2,8,5,134.0,5,244,131.0,33.0,0,33,39.1812865497076,0.8771929824561403,19.0,67.0,0,1,20.616827485380117,0.2462686567164179,02:41-03:00; 03:01-03:15; 04:25-05:32; 06:26-06:40; 06:52-07:12
C_peak2.75_x67_w14_e1_b5,C_neighbors,2,3.0,-1.0,45,2.75,false,14,65,5,67,1,8,5,144.0,8,244,111.0,34.49045,0,13,42.10526315789473,1.4035087719298245,13.0,66.0,3,0,20.909225146198832,0.2395170138888889,02:42-02:59; 03:02-03:15; 04:17-04:22; 04:25-05:31; 05:43-05:48; 06:17-06:22; 06:26-06:39; 06:52-07:12
C_peak2.75_x67_w14_e1_b6,C_neighbors,2,3.0,-1.0,45,2.75,false,14,65,6,67,1,8,5,129.0,5,244,126.0,30.0,0,28,37.719298245614034,0.8771929824561403,17.0,66.0,0,0,20.909225146198832,0.23255813953488372,02:42-02:59; 03:02-03:15; 04:25-05:31; 06:26-06:39; 06:52-07:12
C_peak2.75_x67_w14_e1_b7,C_neighbors,2,3.0,-1.0,45,2.75,false,14,65,7,67,1,8,5,129.0,5,244,126.0,30.0,0,28,37.719298245614034,0.8771929824561403,17.0,66.0,0,0,20.909225146198832,0.23255813953488372,02:42-02:59; 03:02-03:15; 04:25-05:31; 06:26-06:39; 06:52-07:12
C_peak2.75_x67_w14_e2_b5,C_neighbors,2,3.0,-1.0,45,2.75,false,14,65,5,67,2,8,5,166.0,11,244,98.0,41.49045,0,0,48.53801169590643,1.9298245614035088,6.0,67.0,3,3,20.909225146198832,0.2499424698795181,02:42-03:00; 03:01-03:15; 04:09-04:14; 04:17-04:23; 04:25-05:32; 05:36-05:41; 05:43-05:49; 06:17-06:23; 06:26-06:40; 06:43-06:48; 06:52-07:12
C_peak2.75_x67_w14_e2_b6,C_neighbors,2,3.0,-1.0,45,2.75,false,14,65,6,67,2,8,5,151.0,8,244,113.0,36.49045,0,15,44.15204678362573,1.4035087719298245,14.0,67.0,0,2,20.909225146198832,0.2416586092715232,02:42-03:00; 03:01-03:15; 04:17-04:23; 04:25-05:32; 05:43-05:49; 06:17-06:23; 06:26-06:40; 06:52-07:12
C_peak2.75_x67_w14_e2_b7,C_neighbors,2,3.0,-1.0,45,2.75,false,14,65,7,67,2,8,5,133.0,5,244,131.0,32.0,0,33,38.88888888888889,0.8771929824561403,18.0,67.0,0,1,20.909225146198832,0.24060150375939848,02:42-03:00; 03:01-03:15; 04:25-05:32; 06:26-06:40; 06:52-07:12
C_peak2.75_x67_w15_e1_b5,C_neighbors,2,3.0,-1.0,45,2.75,false,15,65,5,67,1,8,5,132.0,6,244,117.0,33.49045,0,19,38.59649122807017,1.0526315789473684,14.5,66.0,1,0,21.201622807017547,0.25371553030303035,02:43-02:59; 03:02-03:15; 04:17-04:22; 04:25-05:31; 06:26-06:39; 06:53-07:12
C_peak2.75_x67_w15_e1_b6,C_neighbors,2,3.0,-1.0,45,2.75,false,15,65,6,67,1,8,5,127.0,5,244,122.0,29.0,0,24,37.13450292397661,0.8771929824561403,16.0,66.0,0,0,21.201622807017547,0.2283464566929134,02:43-02:59; 03:02-03:15; 04:25-05:31; 06:26-06:39; 06:53-07:12
C_peak2.75_x67_w15_e1_b7,C_neighbors,2,3.0,-1.0,45,2.75,false,15,65,7,67,1,8,5,127.0,5,244,122.0,29.0,0,24,37.13450292397661,0.8771929824561403,16.0,66.0,0,0,21.201622807017547,0.2283464566929134,02:43-02:59; 03:02-03:15; 04:25-05:31; 06:26-06:39; 06:53-07:12
C_peak2.75_x67_w15_e2_b5,C_neighbors,2,3.0,-1.0,45,2.75,false,15,65,5,67,2,8,5,157.0,10,244,101.0,35.49045,0,3,45.90643274853801,1.7543859649122806,10.0,67.0,4,2,21.201622807017547,0.22605382165605098,02:43-03:00; 03:01-03:15; 04:17-04:23; 04:25-05:32; 05:36-05:41; 05:44-05:49; 06:18-06:23; 06:26-06:40; 06:43-06:48; 06:53-07:12
C_peak2.75_x67_w15_e2_b6,C_neighbors,2,3.0,-1.0,45,2.75,false,15,65,6,67,2,8,5,137.0,6,244,121.0,35.49045,0,23,40.058479532163744,1.0526315789473684,15.5,67.0,0,2,21.201622807017547,0.2590543795620438,02:43-03:00; 03:01-03:15; 04:17-04:23; 04:25-05:32; 06:26-06:40; 06:53-07:12
C_peak2.75_x67_w15_e2_b7,C_neighbors,2,3.0,-1.0,45,2.75,false,15,65,7,67,2,8,5,131.0,5,244,127.0,31.0,0,29,38.30409356725146,0.8771929824561403,17.0,67.0,0,1,21.201622807017547,0.2366412213740458,02:43-03:00; 03:01-03:15; 04:25-05:32; 06:26-06:40; 06:53-07:12
C_peak2.75_x70_w12_e1_b5,C_neighbors,2,3.0,-1.0,45,2.75,false,12,65,5,70,1,8,5,164.0,8,244,102.0,44.49045,0,4,47.953216374269005,1.4035087719298245,13.0,66.0,2,0,20.324429824561406,0.2712832317073171,02:40-03:15; 04:08-04:13; 04:17-04:22; 04:25-05:31; 05:36-05:49; 06:16-06:22; 06:26-06:39; 06:51-07:12
C_peak2.75_x70_w12_e1_b6,C_neighbors,2,3.0,-1.0,45,2.75,false,12,65,6,70,1,8,5,154.0,6,244,112.0,35.0,0,14,45.02923976608187,1.0526315789473684,17.0,66.0,0,0,20.324429824561406,0.22727272727272727,02:40-03:15; 04:25-05:31; 05:36-05:49; 06:16-06:22; 06:26-06:39; 06:51-07:12
C_peak2.75_x70_w12_e1_b7,C_neighbors,2,3.0,-1.0,45,2.75,false,12,65,7,70,1,8,5,148.0,5,244,118.0,35.0,0,20,43.27485380116959,0.8771929824561403,21.0,66.0,0,0,20.324429824561406,0.23648648648648649,02:40-03:15; 04:25-05:31; 05:36-05:49; 06:26-06:39; 06:51-07:12
C_peak2.75_x70_w12_e2_b5,C_neighbors,2,3.0,-1.0,45,2.75,false,12,65,5,70,2,8,5,175.0,9,244,98.0,45.49045,0,0,51.16959064327485,1.5789473684210527,14.0,67.0,1,1,20.324429824561406,0.2599454285714286,02:40-03:15; 04:08-04:14; 04:17-04:23; 04:25-05:32; 05:36-05:50; 06:16-06:23; 06:26-06:40; 06:43-06:48; 06:51-07:12
C_peak2.75_x70_w12_e2_b6,C_neighbors,2,3.0,-1.0,45,2.75,false,12,65,6,70,2,8,5,170.0,8,244,103.0,45.49045,0,5,49.707602339181285,1.4035087719298245,14.0,67.0,0,1,20.324429824561406,0.2675908823529412,02:40-03:15; 04:08-04:14; 04:17-04:23; 04:25-05:32; 05:36-05:50; 06:16-06:23; 06:26-06:40; 06:51-07:12
C_peak2.75_x70_w12_e2_b7,C_neighbors,2,3.0,-1.0,45,2.75,false,12,65,7,70,2,8,5,158.0,6,244,115.0,35.0,0,17,46.198830409356724,1.0526315789473684,17.5,67.0,0,0,20.324429824561406,0.22151898734177214,02:40-03:15; 04:25-05:32; 05:36-05:50; 06:16-06:23; 06:26-06:40; 06:51-07:12
C_peak2.75_x70_w13_e1_b5,C_neighbors,2,3.0,-1.0,45,2.75,false,13,65,5,70,1,8,5,156.0,7,244,106.0,38.49045,0,8,45.614035087719294,1.2280701754385965,13.0,66.0,2,0,20.616827485380117,0.24673365384615387,02:41-03:15; 04:17-04:22; 04:25-05:31; 05:36-05:49; 06:17-06:22; 06:26-06:39; 06:52-07:12
C_peak2.75_x70_w13_e1_b6,C_neighbors,2,3.0,-1.0,45,2.75,false,13,65,6,70,1,8,5,146.0,5,244,116.0,34.0,0,18,42.69005847953216,0.8771929824561403,20.0,66.0,0,0,20.616827485380117,0.2328767123287671,02:41-03:15; 04:25-05:31; 05:36-05:49; 06:26-06:39; 06:52-07:12
C_peak2.75_x70_w13_e1_b7,C_neighbors,2,3.0,-1.0,45,2.75,false,13,65,7,70,1,8,5,146.0,5,244,116.0,34.0,0,18,42.69005847953216,0.8771929824561403,20.0,66.0,0,0,20.616827485380117,0.2328767123287671,02:41-03:15; 04:25-05:31; 05:36-05:49; 06:26-06:39; 06:52-07:12
C_peak2.75_x70_w13_e2_b5,C_neighbors,2,3.0,-1.0,45,2.75,false,13,65,5,70,2,8,5,171.0,9,244,98.0,43.49045,0,0,50.0,1.5789473684210527,14.0,67.0,2,1,20.616827485380117,0.2543301169590643,02:41-03:15; 04:09-04:14; 04:17-04:23; 04:25-05:32; 05:36-05:50; 06:17-06:23; 06:26-06:40; 06:43-06:48; 06:52-07:12
C_peak2.75_x70_w13_e2_b6,C_neighbors,2,3.0,-1.0,45,2.75,false,13,65,6,70,2,8,5,161.0,7,244,108.0,38.49045,0,10,47.07602339181287,1.2280701754385965,14.0,67.0,0,1,20.616827485380117,0.23907111801242237,02:41-03:15; 04:17-04:23; 04:25-05:32; 05:36-05:50; 06:17-06:23; 06:26-06:40; 06:52-07:12
C_peak2.75_x70_w13_e2_b7,C_neighbors,2,3.0,-1.0,45,2.75,false,13,65,7,70,2,8,5,149.0,5,244,120.0,34.0,0,22,43.567251461988306,0.8771929824561403,20.0,67.0,0,0,20.616827485380117,0.22818791946308725,02:41-03:15; 04:25-05:32; 05:36-05:50; 06:26-06:40; 06:52-07:12
C_peak2.75_x70_w14_e1_b5,C_neighbors,2,3.0,-1.0,45,2.75,false,14,65,5,70,1,8,5,155.0,7,244,106.0,37.49045,0,8,45.32163742690059,1.2280701754385965,13.0,66.0,2,0,20.909225146198832,0.24187387096774196,02:42-03:15; 04:17-04:22; 04:25-05:31; 05:36-05:49; 06:17-06:22; 06:26-06:39; 06:52-07:12
C_peak2.75_x70_w14_e1_b6,C_neighbors,2,3.0,-1.0,45,2.75,false,14,65,6,70,1,8,5,145.0,5,244,116.0,33.0,0,18,42.39766081871345,0.8771929824561403,20.0,66.0,0,0,20.909225146198832,0.22758620689655173,02:42-03:15; 04:25-05:31; 05:36-05:49; 06:26-06:39; 06:52-07:12
C_peak2.75_x70_w14_e1_b7,C_neighbors,2,3.0,-1.0,45,2.75,false,14,65,7,70,1,8,5,145.0,5,244,116.0,33.0,0,18,42.39766081871345,0.8771929824561403,20.0,66.0,0,0,20.909225146198832,0.22758620689655173,02:42-03:15; 04:25-05:31; 05:36-05:49; 06:26-06:39; 06:52-07:12
C_peak2.75_x70_w14_e2_b5,C_neighbors,2,3.0,-1.0,45,2.75,false,14,65,5,70,2,8,5,170.0,9,244,98.0,42.49045,0,0,49.707602339181285,1.5789473684210527,14.0,67.0,2,1,20.909225146198832,0.24994382352941177,02:42-03:15; 04:09-04:14; 04:17-04:23; 04:25-05:32; 05:36-05:50; 06:17-06:23; 06:26-06:40; 06:43-06:48; 06:52-07:12
C_peak2.75_x70_w14_e2_b6,C_neighbors,2,3.0,-1.0,45,2.75,false,14,65,6,70,2,8,5,160.0,7,244,108.0,37.49045,0,10,46.783625730994146,1.2280701754385965,14.0,67.0,0,1,20.909225146198832,0.2343153125,02:42-03:15; 04:17-04:23; 04:25-05:32; 05:36-05:50; 06:17-06:23; 06:26-06:40; 06:52-07:12
C_peak2.75_x70_w14_e2_b7,C_neighbors,2,3.0,-1.0,45,2.75,false,14,65,7,70,2,8,5,148.0,5,244,120.0,33.0,0,22,43.27485380116959,0.8771929824561403,20.0,67.0,0,0,20.909225146198832,0.22297297297297297,02:42-03:15; 04:25-05:32; 05:36-05:50; 06:26-06:40; 06:52-07:12
C_peak2.75_x70_w15_e1_b5,C_neighbors,2,3.0,-1.0,45,2.75,false,15,65,5,70,1,8,5,148.0,6,244,108.0,36.49045,0,10,43.27485380116959,1.0526315789473684,16.0,66.0,1,0,21.201622807017547,0.2465570945945946,02:43-03:15; 04:17-04:22; 04:25-05:31; 05:36-05:49; 06:26-06:39; 06:53-07:12
C_peak2.75_x70_w15_e1_b6,C_neighbors,2,3.0,-1.0,45,2.75,false,15,65,6,70,1,8,5,143.0,5,244,113.0,32.0,0,15,41.812865497076025,0.8771929824561403,19.0,66.0,0,0,21.201622807017547,0.22377622377622378,02:43-03:15; 04:25-05:31; 05:36-05:49; 06:26-06:39; 06:53-07:12
C_peak2.75_x70_w15_e1_b7,C_neighbors,2,3.0,-1.0,45,2.75,false,15,65,7,70,1,8,5,143.0,5,244,113.0,32.0,0,15,41.812865497076025,0.8771929824561403,19.0,66.0,0,0,21.201622807017547,0.22377622377622378,02:43-03:15; 04:25-05:31; 05:36-05:49; 06:26-06:39; 06:53-07:12
C_peak2.75_x70_w15_e2_b5,C_neighbors,2,3.0,-1.0,45,2.75,false,15,65,5,70,2,8,5,162.0,8,244,101.0,36.49045,0,3,47.368421052631575,1.4035087719298245,14.0,67.0,2,1,21.201622807017547,0.2252496913580247,02:43-03:15; 04:17-04:23; 04:25-05:32; 05:36-05:50; 06:18-06:23; 06:26-06:40; 06:43-06:48; 06:53-07:12
C_peak2.75_x70_w15_e2_b6,C_neighbors,2,3.0,-1.0,45,2.75,false,15,65,6,70,2,8,5,152.0,6,244,111.0,36.49045,0,13,44.44444444444444,1.0526315789473684,16.5,67.0,0,1,21.201622807017547,0.24006875000000003,02:43-03:15; 04:17-04:23; 04:25-05:32; 05:36-05:50; 06:26-06:40; 06:53-07:12
C_peak2.75_x70_w15_e2_b7,C_neighbors,2,3.0,-1.0,45,2.75,false,15,65,7,70,2,8,5,146.0,5,244,117.0,32.0,0,19,42.69005847953216,0.8771929824561403,19.0,67.0,0,0,21.201622807017547,0.2191780821917808,02:43-03:15; 04:25-05:32; 05:36-05:50; 06:26-06:40; 06:53-07:12
