profile,start_ms,end_ms,stage
baseline,1790875829427,1790886960000,LIGHT
baseline,1790886960000,1790888820000,DEEP
baseline,1790888820000,1790896349427,LIGHT
anchor_A,1790875829427,1790880180000,LIGHT
anchor_A,1790880180000,1790881260000,DEEP
anchor_A,1790881260000,1790881380000,LIGHT
anchor_A,1790881380000,1790882100000,DEEP
anchor_A,1790882100000,1790886480000,LIGHT
anchor_A,1790886480000,1790888820000,DEEP
anchor_A,1790888820000,1790895180000,LIGHT
anchor_A,1790895180000,1790896320000,DEEP
anchor_A,1790896320000,1790896349427,LIGHT
anchor_B,1790875829427,1790885160000,LIGHT
anchor_B,1790885160000,1790885460000,DEEP
anchor_B,1790885460000,1790885820000,LIGHT
anchor_B,1790885820000,1790886120000,DEEP
anchor_B,1790886120000,1790886420000,LIGHT
anchor_B,1790886420000,1790889780000,DEEP
anchor_B,1790889780000,1790890980000,LIGHT
anchor_B,1790890980000,1790891280000,DEEP
anchor_B,1790891280000,1790892900000,LIGHT
anchor_B,1790892900000,1790893320000,DEEP
anchor_B,1790893320000,1790893560000,LIGHT
anchor_B,1790893560000,1790894340000,DEEP
anchor_B,1790894340000,1790895420000,LIGHT
anchor_B,1790895420000,1790895720000,DEEP
anchor_B,1790895720000,1790896020000,LIGHT
anchor_B,1790896020000,1790896320000,DEEP
anchor_B,1790896320000,1790896349427,LIGHT
A_entryP55,1790875829427,1790886480000,LIGHT
A_entryP55,1790886480000,1790888820000,DEEP
A_entryP55,1790888820000,1790896349427,LIGHT
A_entryP60,1790875829427,1790880660000,LIGHT
A_entryP60,1790880660000,1790881260000,DEEP
A_entryP60,1790881260000,1790886480000,LIGHT
A_entryP60,1790886480000,1790888820000,DEEP
A_entryP60,1790888820000,1790895720000,LIGHT
A_entryP60,1790895720000,1790896320000,DEEP
A_entryP60,1790896320000,1790896349427,LIGHT
A_entryP62,1790875829427,1790880660000,LIGHT
A_entryP62,1790880660000,1790881260000,DEEP
A_entryP62,1790881260000,1790886480000,LIGHT
A_entryP62,1790886480000,1790888820000,DEEP
A_entryP62,1790888820000,1790895180000,LIGHT
A_entryP62,1790895180000,1790896320000,DEEP
A_entryP62,1790896320000,1790896349427,LIGHT
A_entryP67,1790875829427,1790880180000,LIGHT
A_entryP67,1790880180000,1790881260000,DEEP
A_entryP67,1790881260000,1790881380000,LIGHT
A_entryP67,1790881380000,1790882100000,DEEP
A_entryP67,1790882100000,1790886480000,LIGHT
A_entryP67,1790886480000,1790888820000,DEEP
A_entryP67,1790888820000,1790895180000,LIGHT
A_entryP67,1790895180000,1790896320000,DEEP
A_entryP67,1790896320000,1790896349427,LIGHT
A_entryP70,1790875829427,1790880180000,LIGHT
A_entryP70,1790880180000,1790881260000,DEEP
A_entryP70,1790881260000,1790881380000,LIGHT
A_entryP70,1790881380000,1790882100000,DEEP
A_entryP70,1790882100000,1790886480000,LIGHT
A_entryP70,1790886480000,1790888820000,DEEP
A_entryP70,1790888820000,1790895180000,LIGHT
A_entryP70,1790895180000,1790896320000,DEEP
A_entryP70,1790896320000,1790896349427,LIGHT
A_exitP50,1790875829427,1790880660000,LIGHT
A_exitP50,1790880660000,1790881260000,DEEP
A_exitP50,1790881260000,1790886480000,LIGHT
A_exitP50,1790886480000,1790888820000,DEEP
A_exitP50,1790888820000,1790896349427,LIGHT
A_exitP55,1790875829427,1790880420000,LIGHT
A_exitP55,1790880420000,1790881260000,DEEP
A_exitP55,1790881260000,1790886480000,LIGHT
A_exitP55,1790886480000,1790888820000,DEEP
A_exitP55,1790888820000,1790895420000,LIGHT
A_exitP55,1790895420000,1790896320000,DEEP
A_exitP55,1790896320000,1790896349427,LIGHT
A_exitP60,1790875829427,1790880180000,LIGHT
A_exitP60,1790880180000,1790881260000,DEEP
A_exitP60,1790881260000,1790886480000,LIGHT
A_exitP60,1790886480000,1790888820000,DEEP
A_exitP60,1790888820000,1790895180000,LIGHT
A_exitP60,1790895180000,1790896320000,DEEP
A_exitP60,1790896320000,1790896349427,LIGHT
A_exitP62,1790875829427,1790880180000,LIGHT
A_exitP62,1790880180000,1790881260000,DEEP
A_exitP62,1790881260000,1790886480000,LIGHT
A_exitP62,1790886480000,1790888820000,DEEP
A_exitP62,1790888820000,1790895180000,LIGHT
A_exitP62,1790895180000,1790896320000,DEEP
A_exitP62,1790896320000,1790896349427,LIGHT
A_exitP65,1790875829427,1790880180000,LIGHT
A_exitP65,1790880180000,1790881260000,DEEP
A_exitP65,1790881260000,1790886480000,LIGHT
A_exitP65,1790886480000,1790888820000,DEEP
A_exitP65,1790888820000,1790895180000,LIGHT
A_exitP65,1790895180000,1790896320000,DEEP
A_exitP65,1790896320000,1790896349427,LIGHT
A_exitP67,1790875829427,1790880180000,LIGHT
A_exitP67,1790880180000,1790881260000,DEEP
A_exitP67,1790881260000,1790881380000,LIGHT
A_exitP67,1790881380000,1790882100000,DEEP
A_exitP67,1790882100000,1790886480000,LIGHT
A_exitP67,1790886480000,1790888820000,DEEP
A_exitP67,1790888820000,1790895180000,LIGHT
A_exitP67,1790895180000,1790896320000,DEEP
A_exitP67,1790896320000,1790896349427,LIGHT
A_exitP75,1790875829427,1790880180000,LIGHT
A_exitP75,1790880180000,1790882100000,DEEP
A_exitP75,1790882100000,1790886480000,LIGHT
A_exitP75,1790886480000,1790888820000,DEEP
A_exitP75,1790888820000,1790895180000,LIGHT
A_exitP75,1790895180000,1790896320000,DEEP
A_exitP75,1790896320000,1790896349427,LIGHT
A_window10,1790875829427,1790880360000,LIGHT
A_window10,1790880360000,1790881260000,DEEP
A_window10,1790881260000,1790886300000,LIGHT
A_window10,1790886300000,1790888820000,DEEP
A_window10,1790888820000,1790895420000,LIGHT
A_window10,1790895420000,1790896320000,DEEP
A_window10,1790896320000,1790896349427,LIGHT
A_window12,1790875829427,1790880420000,LIGHT
A_window12,1790880420000,1790881260000,DEEP
A_window12,1790881260000,1790886300000,LIGHT
A_window12,1790886300000,1790888820000,DEEP
A_window12,1790888820000,1790895120000,LIGHT
A_window12,1790895120000,1790896320000,DEEP
A_window12,1790896320000,1790896349427,LIGHT
A_bout5,1790875829427,1790880180000,LIGHT
A_bout5,1790880180000,1790881260000,DEEP
A_bout5,1790881260000,1790881380000,LIGHT
A_bout5,1790881380000,1790882100000,DEEP
A_bout5,1790882100000,1790886480000,LIGHT
A_bout5,1790886480000,1790888820000,DEEP
A_bout5,1790888820000,1790895180000,LIGHT
A_bout5,1790895180000,1790896320000,DEEP
A_bout5,1790896320000,1790896349427,LIGHT
A_bout7,1790875829427,1790880180000,LIGHT
A_bout7,1790880180000,1790881260000,DEEP
A_bout7,1790881260000,1790881380000,LIGHT
A_bout7,1790881380000,1790882100000,DEEP
A_bout7,1790882100000,1790886480000,LIGHT
A_bout7,1790886480000,1790888820000,DEEP
A_bout7,1790888820000,1790895180000,LIGHT
A_bout7,1790895180000,1790896320000,DEEP
A_bout7,1790896320000,1790896349427,LIGHT
A_wait1,1790875829427,1790880180000,LIGHT
A_wait1,1790880180000,1790881140000,DEEP
A_wait1,1790881140000,1790881380000,LIGHT
A_wait1,1790881380000,1790882100000,DEEP
A_wait1,1790882100000,1790886480000,LIGHT
A_wait1,1790886480000,1790888820000,DEEP
A_wait1,1790888820000,1790895180000,LIGHT
A_wait1,1790895180000,1790896320000,DEEP
A_wait1,1790896320000,1790896349427,LIGHT
A_wait2,1790875829427,1790880180000,LIGHT
A_wait2,1790880180000,1790881200000,DEEP
A_wait2,1790881200000,1790881380000,LIGHT
A_wait2,1790881380000,1790882100000,DEEP
A_wait2,1790882100000,1790886480000,LIGHT
A_wait2,1790886480000,1790888820000,DEEP
A_wait2,1790888820000,1790895180000,LIGHT
A_wait2,1790895180000,1790896320000,DEEP
A_wait2,1790896320000,1790896349427,LIGHT
A_rms3,1790875829427,1790880180000,LIGHT
A_rms3,1790880180000,1790881200000,DEEP
A_rms3,1790881200000,1790881380000,LIGHT
A_rms3,1790881380000,1790882100000,DEEP
A_rms3,1790882100000,1790886480000,LIGHT
A_rms3,1790886480000,1790888820000,DEEP
A_rms3,1790888820000,1790895180000,LIGHT
A_rms3,1790895180000,1790896320000,DEEP
A_rms3,1790896320000,1790896349427,LIGHT
A_rms7,1790875829427,1790880180000,LIGHT
A_rms7,1790880180000,1790882100000,DEEP
A_rms7,1790882100000,1790886480000,LIGHT
A_rms7,1790886480000,1790888820000,DEEP
A_rms7,1790888820000,1790895180000,LIGHT
A_rms7,1790895180000,1790896320000,DEEP
A_rms7,1790896320000,1790896349427,LIGHT
A_peak2.0,1790875829427,1790880180000,LIGHT
A_peak2.0,1790880180000,1790882100000,DEEP
A_peak2.0,1790882100000,1790886480000,LIGHT
A_peak2.0,1790886480000,1790888820000,DEEP
A_peak2.0,1790888820000,1790895180000,LIGHT
A_peak2.0,1790895180000,1790896320000,DEEP
A_peak2.0,1790896320000,1790896349427,LIGHT
A_peak2.5,1790875829427,1790880180000,LIGHT
A_peak2.5,1790880180000,1790882100000,DEEP
A_peak2.5,1790882100000,1790886480000,LIGHT
A_peak2.5,1790886480000,1790888820000,DEEP
A_peak2.5,1790888820000,1790893560000,LIGHT
A_peak2.5,1790893560000,1790894460000,DEEP
A_peak2.5,1790894460000,1790895180000,LIGHT
A_peak2.5,1790895180000,1790896320000,DEEP
A_peak2.5,1790896320000,1790896349427,LIGHT
A_peak3.0,1790875829427,1790880180000,LIGHT
A_peak3.0,1790880180000,1790882100000,DEEP
A_peak3.0,1790882100000,1790886300000,LIGHT
A_peak3.0,1790886300000,1790890380000,DEEP
A_peak3.0,1790890380000,1790890560000,LIGHT
A_peak3.0,1790890560000,1790891460000,DEEP
A_peak3.0,1790891460000,1790893560000,LIGHT
A_peak3.0,1790893560000,1790894460000,DEEP
A_peak3.0,1790894460000,1790895180000,LIGHT
A_peak3.0,1790895180000,1790896320000,DEEP
A_peak3.0,1790896320000,1790896349427,LIGHT
A_noise2.5,1790875829427,1790880660000,LIGHT
A_noise2.5,1790880660000,1790881260000,DEEP
A_noise2.5,1790881260000,1790882400000,LIGHT
A_noise2.5,1790882400000,1790884440000,DEEP
A_noise2.5,1790884440000,1790886480000,LIGHT
A_noise2.5,1790886480000,1790889840000,DEEP
A_noise2.5,1790889840000,1790895720000,LIGHT
A_noise2.5,1790895720000,1790896320000,DEEP
A_noise2.5,1790896320000,1790896349427,LIGHT
A_noise2.75,1790875829427,1790880660000,LIGHT
A_noise2.75,1790880660000,1790881260000,DEEP
A_noise2.75,1790881260000,1790882400000,LIGHT
A_noise2.75,1790882400000,1790884440000,DEEP
A_noise2.75,1790884440000,1790886480000,LIGHT
A_noise2.75,1790886480000,1790889840000,DEEP
A_noise2.75,1790889840000,1790895720000,LIGHT
A_noise2.75,1790895720000,1790896320000,DEEP
A_noise2.75,1790896320000,1790896349427,LIGHT
A_hold35,1790875829427,1790880660000,LIGHT
A_hold35,1790880660000,1790881260000,DEEP
A_hold35,1790881260000,1790886480000,LIGHT
A_hold35,1790886480000,1790888220000,DEEP
A_hold35,1790888220000,1790895180000,LIGHT
A_hold35,1790895180000,1790896320000,DEEP
A_hold35,1790896320000,1790896349427,LIGHT
A_hold55,1790875829427,1790880660000,LIGHT
A_hold55,1790880660000,1790881260000,DEEP
A_hold55,1790881260000,1790882100000,LIGHT
A_hold55,1790882100000,1790882700000,DEEP
A_hold55,1790882700000,1790886480000,LIGHT
A_hold55,1790886480000,1790889840000,DEEP
A_hold55,1790889840000,1790895180000,LIGHT
A_hold55,1790895180000,1790896320000,DEEP
A_hold55,1790896320000,1790896349427,LIGHT
A_renew2.5,1790875829427,1790880660000,LIGHT
A_renew2.5,1790880660000,1790881260000,DEEP
A_renew2.5,1790881260000,1790882400000,LIGHT
A_renew2.5,1790882400000,1790884440000,DEEP
A_renew2.5,1790884440000,1790886480000,LIGHT
A_renew2.5,1790886480000,1790889840000,DEEP
A_renew2.5,1790889840000,1790895720000,LIGHT
A_renew2.5,1790895720000,1790896320000,DEEP
A_renew2.5,1790896320000,1790896349427,LIGHT
A_renew2.75,1790875829427,1790880660000,LIGHT
A_renew2.75,1790880660000,1790881260000,DEEP
A_renew2.75,1790881260000,1790882400000,LIGHT
A_renew2.75,1790882400000,1790884440000,DEEP
A_renew2.75,1790884440000,1790886480000,LIGHT
A_renew2.75,1790886480000,1790889840000,DEEP
A_renew2.75,1790889840000,1790895720000,LIGHT
A_renew2.75,1790895720000,1790896320000,DEEP
A_renew2.75,1790896320000,1790896349427,LIGHT
B_entryP55,1790875829427,1790885160000,LIGHT
B_entryP55,1790885160000,1790885460000,DEEP
B_entryP55,1790885460000,1790885820000,LIGHT
B_entryP55,1790885820000,1790886120000,DEEP
B_entryP55,1790886120000,1790886420000,LIGHT
B_entryP55,1790886420000,1790889780000,DEEP
B_entryP55,1790889780000,1790890980000,LIGHT
B_entryP55,1790890980000,1790891280000,DEEP
B_entryP55,1790891280000,1790892900000,LIGHT
B_entryP55,1790892900000,1790893320000,DEEP
B_entryP55,1790893320000,1790893560000,LIGHT
B_entryP55,1790893560000,1790894340000,DEEP
B_entryP55,1790894340000,1790896020000,LIGHT
B_entryP55,1790896020000,1790896320000,DEEP
B_entryP55,1790896320000,1790896349427,LIGHT
B_entryP60,1790875829427,1790885160000,LIGHT
B_entryP60,1790885160000,1790885460000,DEEP
B_entryP60,1790885460000,1790885820000,LIGHT
B_entryP60,1790885820000,1790886120000,DEEP
B_entryP60,1790886120000,1790886420000,LIGHT
B_entryP60,1790886420000,1790889780000,DEEP
B_entryP60,1790889780000,1790890980000,LIGHT
B_entryP60,1790890980000,1790891280000,DEEP
B_entryP60,1790891280000,1790892900000,LIGHT
B_entryP60,1790892900000,1790893320000,DEEP
B_entryP60,1790893320000,1790893560000,LIGHT
B_entryP60,1790893560000,1790894340000,DEEP
B_entryP60,1790894340000,1790895420000,LIGHT
B_entryP60,1790895420000,1790895720000,DEEP
B_entryP60,1790895720000,1790896020000,LIGHT
B_entryP60,1790896020000,1790896320000,DEEP
B_entryP60,1790896320000,1790896349427,LIGHT
B_entryP62,1790875829427,1790885160000,LIGHT
B_entryP62,1790885160000,1790885460000,DEEP
B_entryP62,1790885460000,1790885820000,LIGHT
B_entryP62,1790885820000,1790886120000,DEEP
B_entryP62,1790886120000,1790886420000,LIGHT
B_entryP62,1790886420000,1790889780000,DEEP
B_entryP62,1790889780000,1790890980000,LIGHT
B_entryP62,1790890980000,1790891280000,DEEP
B_entryP62,1790891280000,1790892900000,LIGHT
B_entryP62,1790892900000,1790893320000,DEEP
B_entryP62,1790893320000,1790893560000,LIGHT
B_entryP62,1790893560000,1790894340000,DEEP
B_entryP62,1790894340000,1790895420000,LIGHT
B_entryP62,1790895420000,1790895720000,DEEP
B_entryP62,1790895720000,1790896020000,LIGHT
B_entryP62,1790896020000,1790896320000,DEEP
B_entryP62,1790896320000,1790896349427,LIGHT
B_entryP67,1790875829427,1790885160000,LIGHT
B_entryP67,1790885160000,1790885460000,DEEP
B_entryP67,1790885460000,1790885820000,LIGHT
B_entryP67,1790885820000,1790886120000,DEEP
B_entryP67,1790886120000,1790886420000,LIGHT
B_entryP67,1790886420000,1790889780000,DEEP
B_entryP67,1790889780000,1790890980000,LIGHT
B_entryP67,1790890980000,1790891280000,DEEP
B_entryP67,1790891280000,1790892900000,LIGHT
B_entryP67,1790892900000,1790893320000,DEEP
B_entryP67,1790893320000,1790893560000,LIGHT
B_entryP67,1790893560000,1790894340000,DEEP
B_entryP67,1790894340000,1790895420000,LIGHT
B_entryP67,1790895420000,1790895720000,DEEP
B_entryP67,1790895720000,1790896020000,LIGHT
B_entryP67,1790896020000,1790896320000,DEEP
B_entryP67,1790896320000,1790896349427,LIGHT
B_entryP70,1790875829427,1790885160000,LIGHT
B_entryP70,1790885160000,1790885460000,DEEP
B_entryP70,1790885460000,1790885820000,LIGHT
B_entryP70,1790885820000,1790886120000,DEEP
B_entryP70,1790886120000,1790886420000,LIGHT
B_entryP70,1790886420000,1790889780000,DEEP
B_entryP70,1790889780000,1790890980000,LIGHT
B_entryP70,1790890980000,1790891280000,DEEP
B_entryP70,1790891280000,1790892900000,LIGHT
B_entryP70,1790892900000,1790893320000,DEEP
B_entryP70,1790893320000,1790893560000,LIGHT
B_entryP70,1790893560000,1790894340000,DEEP
B_entryP70,1790894340000,1790895420000,LIGHT
B_entryP70,1790895420000,1790895720000,DEEP
B_entryP70,1790895720000,1790896020000,LIGHT
B_entryP70,1790896020000,1790896320000,DEEP
B_entryP70,1790896320000,1790896349427,LIGHT
B_exitP55,1790875829427,1790880420000,LIGHT
B_exitP55,1790880420000,1790880720000,DEEP
B_exitP55,1790880720000,1790880780000,LIGHT
B_exitP55,1790880780000,1790881140000,DEEP
B_exitP55,1790881140000,1790885160000,LIGHT
B_exitP55,1790885160000,1790885460000,DEEP
B_exitP55,1790885460000,1790885820000,LIGHT
B_exitP55,1790885820000,1790886120000,DEEP
B_exitP55,1790886120000,1790886420000,LIGHT
B_exitP55,1790886420000,1790889780000,DEEP
B_exitP55,1790889780000,1790890980000,LIGHT
B_exitP55,1790890980000,1790891280000,DEEP
B_exitP55,1790891280000,1790892900000,LIGHT
B_exitP55,1790892900000,1790893320000,DEEP
B_exitP55,1790893320000,1790893560000,LIGHT
B_exitP55,1790893560000,1790894340000,DEEP
B_exitP55,1790894340000,1790895420000,LIGHT
B_exitP55,1790895420000,1790895840000,DEEP
B_exitP55,1790895840000,1790895900000,LIGHT
B_exitP55,1790895900000,1790896320000,DEEP
B_exitP55,1790896320000,1790896349427,LIGHT
B_exitP60,1790875829427,1790880300000,LIGHT
B_exitP60,1790880300000,1790881140000,DEEP
B_exitP60,1790881140000,1790881680000,LIGHT
B_exitP60,1790881680000,1790881980000,DEEP
B_exitP60,1790881980000,1790885160000,LIGHT
B_exitP60,1790885160000,1790885460000,DEEP
B_exitP60,1790885460000,1790885820000,LIGHT
B_exitP60,1790885820000,1790886120000,DEEP
B_exitP60,1790886120000,1790886300000,LIGHT
B_exitP60,1790886300000,1790889780000,DEEP
B_exitP60,1790889780000,1790890980000,LIGHT
B_exitP60,1790890980000,1790891280000,DEEP
B_exitP60,1790891280000,1790892900000,LIGHT
B_exitP60,1790892900000,1790893320000,DEEP
B_exitP60,1790893320000,1790893560000,LIGHT
B_exitP60,1790893560000,1790894340000,DEEP
B_exitP60,1790894340000,1790895060000,LIGHT
B_exitP60,1790895060000,1790896320000,DEEP
B_exitP60,1790896320000,1790896349427,LIGHT
B_exitP62,1790875829427,1790880060000,LIGHT
B_exitP62,1790880060000,1790881140000,DEEP
B_exitP62,1790881140000,1790881680000,LIGHT
B_exitP62,1790881680000,1790881980000,DEEP
B_exitP62,1790881980000,1790885160000,LIGHT
B_exitP62,1790885160000,1790885460000,DEEP
B_exitP62,1790885460000,1790885820000,LIGHT
B_exitP62,1790885820000,1790886120000,DEEP
B_exitP62,1790886120000,1790886300000,LIGHT
B_exitP62,1790886300000,1790890260000,DEEP
B_exitP62,1790890260000,1790890980000,LIGHT
B_exitP62,1790890980000,1790891280000,DEEP
B_exitP62,1790891280000,1790892900000,LIGHT
B_exitP62,1790892900000,1790893320000,DEEP
B_exitP62,1790893320000,1790893560000,LIGHT
B_exitP62,1790893560000,1790894340000,DEEP
B_exitP62,1790894340000,1790895060000,LIGHT
B_exitP62,1790895060000,1790896320000,DEEP
B_exitP62,1790896320000,1790896349427,LIGHT
B_exitP65,1790875829427,1790880060000,LIGHT
B_exitP65,1790880060000,1790881140000,DEEP
B_exitP65,1790881140000,1790881320000,LIGHT
B_exitP65,1790881320000,1790882100000,DEEP
B_exitP65,1790882100000,1790885160000,LIGHT
B_exitP65,1790885160000,1790885580000,DEEP
B_exitP65,1790885580000,1790885820000,LIGHT
B_exitP65,1790885820000,1790886120000,DEEP
B_exitP65,1790886120000,1790886300000,LIGHT
B_exitP65,1790886300000,1790890260000,DEEP
B_exitP65,1790890260000,1790890980000,LIGHT
B_exitP65,1790890980000,1790891280000,DEEP
B_exitP65,1790891280000,1790892900000,LIGHT
B_exitP65,1790892900000,1790893320000,DEEP
B_exitP65,1790893320000,1790893560000,LIGHT
B_exitP65,1790893560000,1790894340000,DEEP
B_exitP65,1790894340000,1790895060000,LIGHT
B_exitP65,1790895060000,1790896320000,DEEP
B_exitP65,1790896320000,1790896349427,LIGHT
B_exitP67,1790875829427,1790880060000,LIGHT
B_exitP67,1790880060000,1790881140000,DEEP
B_exitP67,1790881140000,1790881320000,LIGHT
B_exitP67,1790881320000,1790882100000,DEEP
B_exitP67,1790882100000,1790885160000,LIGHT
B_exitP67,1790885160000,1790885580000,DEEP
B_exitP67,1790885580000,1790885820000,LIGHT
B_exitP67,1790885820000,1790886120000,DEEP
B_exitP67,1790886120000,1790886300000,LIGHT
B_exitP67,1790886300000,1790890260000,DEEP
B_exitP67,1790890260000,1790890980000,LIGHT
B_exitP67,1790890980000,1790891280000,DEEP
B_exitP67,1790891280000,1790892900000,LIGHT
B_exitP67,1790892900000,1790893320000,DEEP
B_exitP67,1790893320000,1790893560000,LIGHT
B_exitP67,1790893560000,1790894340000,DEEP
B_exitP67,1790894340000,1790895060000,LIGHT
B_exitP67,1790895060000,1790896320000,DEEP
B_exitP67,1790896320000,1790896349427,LIGHT
B_exitP70,1790875829427,1790879940000,LIGHT
B_exitP70,1790879940000,1790882100000,DEEP
B_exitP70,1790882100000,1790885160000,LIGHT
B_exitP70,1790885160000,1790885580000,DEEP
B_exitP70,1790885580000,1790885820000,LIGHT
B_exitP70,1790885820000,1790886120000,DEEP
B_exitP70,1790886120000,1790886300000,LIGHT
B_exitP70,1790886300000,1790890260000,DEEP
B_exitP70,1790890260000,1790890560000,LIGHT
B_exitP70,1790890560000,1790891340000,DEEP
B_exitP70,1790891340000,1790892900000,LIGHT
B_exitP70,1790892900000,1790893320000,DEEP
B_exitP70,1790893320000,1790893560000,LIGHT
B_exitP70,1790893560000,1790894340000,DEEP
B_exitP70,1790894340000,1790895060000,LIGHT
B_exitP70,1790895060000,1790896320000,DEEP
B_exitP70,1790896320000,1790896349427,LIGHT
B_exitP75,1790875829427,1790879940000,LIGHT
B_exitP75,1790879940000,1790882100000,DEEP
B_exitP75,1790882100000,1790885160000,LIGHT
B_exitP75,1790885160000,1790885640000,DEEP
B_exitP75,1790885640000,1790885820000,LIGHT
B_exitP75,1790885820000,1790890320000,DEEP
B_exitP75,1790890320000,1790890560000,LIGHT
B_exitP75,1790890560000,1790891520000,DEEP
B_exitP75,1790891520000,1790892900000,LIGHT
B_exitP75,1790892900000,1790894340000,DEEP
B_exitP75,1790894340000,1790895060000,LIGHT
B_exitP75,1790895060000,1790896320000,DEEP
B_exitP75,1790896320000,1790896349427,LIGHT
B_window12,1790875829427,1790885820000,LIGHT
B_window12,1790885820000,1790886120000,DEEP
B_window12,1790886120000,1790886420000,LIGHT
B_window12,1790886420000,1790889780000,DEEP
B_window12,1790889780000,1790890920000,LIGHT
B_window12,1790890920000,1790891280000,DEEP
B_window12,1790891280000,1790892960000,LIGHT
B_window12,1790892960000,1790893320000,DEEP
B_window12,1790893320000,1790893560000,LIGHT
B_window12,1790893560000,1790894340000,DEEP
B_window12,1790894340000,1790895420000,LIGHT
B_window12,1790895420000,1790895720000,DEEP
B_window12,1790895720000,1790896020000,LIGHT
B_window12,1790896020000,1790896320000,DEEP
B_window12,1790896320000,1790896349427,LIGHT
B_window15,1790875829427,1790885820000,LIGHT
B_window15,1790885820000,1790886120000,DEEP
B_window15,1790886120000,1790886420000,LIGHT
B_window15,1790886420000,1790889780000,DEEP
B_window15,1790889780000,1790893560000,LIGHT
B_window15,1790893560000,1790894340000,DEEP
B_window15,1790894340000,1790895420000,LIGHT
B_window15,1790895420000,1790895720000,DEEP
B_window15,1790895720000,1790896020000,LIGHT
B_window15,1790896020000,1790896320000,DEEP
B_window15,1790896320000,1790896349427,LIGHT
B_bout7,1790875829427,1790886420000,LIGHT
B_bout7,1790886420000,1790889780000,DEEP
B_bout7,1790889780000,1790892900000,LIGHT
B_bout7,1790892900000,1790893320000,DEEP
B_bout7,1790893320000,1790893560000,LIGHT
B_bout7,1790893560000,1790894340000,DEEP
B_bout7,1790894340000,1790896349427,LIGHT
B_bout10,1790875829427,1790886420000,LIGHT
B_bout10,1790886420000,1790889780000,DEEP
B_bout10,1790889780000,1790893560000,LIGHT
B_bout10,1790893560000,1790894340000,DEEP
B_bout10,1790894340000,1790896349427,LIGHT
B_wait2,1790875829427,1790880840000,LIGHT
B_wait2,1790880840000,1790881200000,DEEP
B_wait2,1790881200000,1790885160000,LIGHT
B_wait2,1790885160000,1790885520000,DEEP
B_wait2,1790885520000,1790885820000,LIGHT
B_wait2,1790885820000,1790886180000,DEEP
B_wait2,1790886180000,1790886300000,LIGHT
B_wait2,1790886300000,1790889840000,DEEP
B_wait2,1790889840000,1790889900000,LIGHT
B_wait2,1790889900000,1790890320000,DEEP
B_wait2,1790890320000,1790890560000,LIGHT
B_wait2,1790890560000,1790890860000,DEEP
B_wait2,1790890860000,1790890920000,LIGHT
B_wait2,1790890920000,1790891340000,DEEP
B_wait2,1790891340000,1790892900000,LIGHT
B_wait2,1790892900000,1790893380000,DEEP
B_wait2,1790893380000,1790893560000,LIGHT
B_wait2,1790893560000,1790894400000,DEEP
B_wait2,1790894400000,1790895420000,LIGHT
B_wait2,1790895420000,1790895780000,DEEP
B_wait2,1790895780000,1790896020000,LIGHT
B_wait2,1790896020000,1790896320000,DEEP
B_wait2,1790896320000,1790896349427,LIGHT
B_wait3,1790875829427,1790880900000,LIGHT
B_wait3,1790880900000,1790881260000,DEEP
B_wait3,1790881260000,1790885160000,LIGHT
B_wait3,1790885160000,1790885580000,DEEP
B_wait3,1790885580000,1790885820000,LIGHT
B_wait3,1790885820000,1790886240000,DEEP
B_wait3,1790886240000,1790886300000,LIGHT
B_wait3,1790886300000,1790889900000,DEEP
B_wait3,1790889900000,1790889960000,LIGHT
B_wait3,1790889960000,1790890380000,DEEP
B_wait3,1790890380000,1790890560000,LIGHT
B_wait3,1790890560000,1790890920000,DEEP
B_wait3,1790890920000,1790890980000,LIGHT
B_wait3,1790890980000,1790891400000,DEEP
B_wait3,1790891400000,1790892900000,LIGHT
B_wait3,1790892900000,1790893440000,DEEP
B_wait3,1790893440000,1790893560000,LIGHT
B_wait3,1790893560000,1790894460000,DEEP
B_wait3,1790894460000,1790894580000,LIGHT
B_wait3,1790894580000,1790894880000,DEEP
B_wait3,1790894880000,1790895300000,LIGHT
B_wait3,1790895300000,1790895840000,DEEP
B_wait3,1790895840000,1790895900000,LIGHT
B_wait3,1790895900000,1790896320000,DEEP
B_wait3,1790896320000,1790896349427,LIGHT
B_rms3,1790875829427,1790885160000,LIGHT
B_rms3,1790885160000,1790885460000,DEEP
B_rms3,1790885460000,1790886300000,LIGHT
B_rms3,1790886300000,1790889720000,DEEP
B_rms3,1790889720000,1790889900000,LIGHT
B_rms3,1790889900000,1790890200000,DEEP
B_rms3,1790890200000,1790890860000,LIGHT
B_rms3,1790890860000,1790891220000,DEEP
B_rms3,1790891220000,1790892900000,LIGHT
B_rms3,1790892900000,1790893260000,DEEP
B_rms3,1790893260000,1790893560000,LIGHT
B_rms3,1790893560000,1790893860000,DEEP
B_rms3,1790893860000,1790893920000,LIGHT
B_rms3,1790893920000,1790894280000,DEEP
B_rms3,1790894280000,1790895960000,LIGHT
B_rms3,1790895960000,1790896320000,DEEP
B_rms3,1790896320000,1790896349427,LIGHT
B_rms7,1790875829427,1790885160000,LIGHT
B_rms7,1790885160000,1790885520000,DEEP
B_rms7,1790885520000,1790885820000,LIGHT
B_rms7,1790885820000,1790886180000,DEEP
B_rms7,1790886180000,1790886420000,LIGHT
B_rms7,1790886420000,1790889840000,DEEP
B_rms7,1790889840000,1790890020000,LIGHT
B_rms7,1790890020000,1790890320000,DEEP
B_rms7,1790890320000,1790890860000,LIGHT
B_rms7,1790890860000,1790891340000,DEEP
B_rms7,1790891340000,1790892900000,LIGHT
B_rms7,1790892900000,1790893380000,DEEP
B_rms7,1790893380000,1790893680000,LIGHT
B_rms7,1790893680000,1790894400000,DEEP
B_rms7,1790894400000,1790896349427,LIGHT
B_peak1.5,1790875829427,1790880840000,LIGHT
B_peak1.5,1790880840000,1790881140000,DEEP
B_peak1.5,1790881140000,1790886420000,LIGHT
B_peak1.5,1790886420000,1790888820000,DEEP
B_peak1.5,1790888820000,1790895420000,LIGHT
B_peak1.5,1790895420000,1790895720000,DEEP
B_peak1.5,1790895720000,1790896020000,LIGHT
B_peak1.5,1790896020000,1790896320000,DEEP
B_peak1.5,1790896320000,1790896349427,LIGHT
B_peak2.0,1790875829427,1790880420000,LIGHT
B_peak2.0,1790880420000,1790880720000,DEEP
B_peak2.0,1790880720000,1790880780000,LIGHT
B_peak2.0,1790880780000,1790881140000,DEEP
B_peak2.0,1790881140000,1790886420000,LIGHT
B_peak2.0,1790886420000,1790888820000,DEEP
B_peak2.0,1790888820000,1790890980000,LIGHT
B_peak2.0,1790890980000,1790891280000,DEEP
B_peak2.0,1790891280000,1790895420000,LIGHT
B_peak2.0,1790895420000,1790895720000,DEEP
B_peak2.0,1790895720000,1790896020000,LIGHT
B_peak2.0,1790896020000,1790896320000,DEEP
B_peak2.0,1790896320000,1790896349427,LIGHT
B_peak2.5,1790875829427,1790886420000,LIGHT
B_peak2.5,1790886420000,1790888820000,DEEP
B_peak2.5,1790888820000,1790890980000,LIGHT
B_peak2.5,1790890980000,1790891280000,DEEP
B_peak2.5,1790891280000,1790892900000,LIGHT
B_peak2.5,1790892900000,1790893320000,DEEP
B_peak2.5,1790893320000,1790893560000,LIGHT
B_peak2.5,1790893560000,1790894340000,DEEP
B_peak2.5,1790894340000,1790895420000,LIGHT
B_peak2.5,1790895420000,1790895720000,DEEP
B_peak2.5,1790895720000,1790896020000,LIGHT
B_peak2.5,1790896020000,1790896320000,DEEP
B_peak2.5,1790896320000,1790896349427,LIGHT
B_noise2.5,1790875829427,1790882400000,LIGHT
B_noise2.5,1790882400000,1790884560000,DEEP
B_noise2.5,1790884560000,1790885160000,LIGHT
B_noise2.5,1790885160000,1790885460000,DEEP
B_noise2.5,1790885460000,1790885820000,LIGHT
B_noise2.5,1790885820000,1790886120000,DEEP
B_noise2.5,1790886120000,1790886420000,LIGHT
B_noise2.5,1790886420000,1790889720000,DEEP
B_noise2.5,1790889720000,1790890980000,LIGHT
B_noise2.5,1790890980000,1790891280000,DEEP
B_noise2.5,1790891280000,1790892900000,LIGHT
B_noise2.5,1790892900000,1790893320000,DEEP
B_noise2.5,1790893320000,1790893620000,LIGHT
B_noise2.5,1790893620000,1790893920000,DEEP
B_noise2.5,1790893920000,1790896020000,LIGHT
B_noise2.5,1790896020000,1790896320000,DEEP
B_noise2.5,1790896320000,1790896349427,LIGHT
B_noise2.75,1790875829427,1790882400000,LIGHT
B_noise2.75,1790882400000,1790884560000,DEEP
B_noise2.75,1790884560000,1790885160000,LIGHT
B_noise2.75,1790885160000,1790885460000,DEEP
B_noise2.75,1790885460000,1790885820000,LIGHT
B_noise2.75,1790885820000,1790886120000,DEEP
B_noise2.75,1790886120000,1790886420000,LIGHT
B_noise2.75,1790886420000,1790889720000,DEEP
B_noise2.75,1790889720000,1790890980000,LIGHT
B_noise2.75,1790890980000,1790891280000,DEEP
B_noise2.75,1790891280000,1790892900000,LIGHT
B_noise2.75,1790892900000,1790893320000,DEEP
B_noise2.75,1790893320000,1790893620000,LIGHT
B_noise2.75,1790893620000,1790893920000,DEEP
B_noise2.75,1790893920000,1790896020000,LIGHT
B_noise2.75,1790896020000,1790896320000,DEEP
B_noise2.75,1790896320000,1790896349427,LIGHT
B_hold35,1790875829427,1790884020000,LIGHT
B_hold35,1790884020000,1790884560000,DEEP
B_hold35,1790884560000,1790885160000,LIGHT
B_hold35,1790885160000,1790885460000,DEEP
B_hold35,1790885460000,1790885820000,LIGHT
B_hold35,1790885820000,1790886120000,DEEP
B_hold35,1790886120000,1790886420000,LIGHT
B_hold35,1790886420000,1790888880000,DEEP
B_hold35,1790888880000,1790890980000,LIGHT
B_hold35,1790890980000,1790891280000,DEEP
B_hold35,1790891280000,1790892900000,LIGHT
B_hold35,1790892900000,1790893320000,DEEP
B_hold35,1790893320000,1790893560000,LIGHT
B_hold35,1790893560000,1790894340000,DEEP
B_hold35,1790894340000,1790896020000,LIGHT
B_hold35,1790896020000,1790896320000,DEEP
B_hold35,1790896320000,1790896349427,LIGHT
B_hold55,1790875829427,1790882400000,LIGHT
B_hold55,1790882400000,1790882700000,DEEP
B_hold55,1790882700000,1790885160000,LIGHT
B_hold55,1790885160000,1790885460000,DEEP
B_hold55,1790885460000,1790885820000,LIGHT
B_hold55,1790885820000,1790886120000,DEEP
B_hold55,1790886120000,1790886420000,LIGHT
B_hold55,1790886420000,1790889720000,DEEP
B_hold55,1790889720000,1790890980000,LIGHT
B_hold55,1790890980000,1790891280000,DEEP
B_hold55,1790891280000,1790892900000,LIGHT
B_hold55,1790892900000,1790893320000,DEEP
B_hold55,1790893320000,1790893560000,LIGHT
B_hold55,1790893560000,1790894340000,DEEP
B_hold55,1790894340000,1790895420000,LIGHT
B_hold55,1790895420000,1790895720000,DEEP
B_hold55,1790895720000,1790896020000,LIGHT
B_hold55,1790896020000,1790896320000,DEEP
B_hold55,1790896320000,1790896349427,LIGHT
B_renew2.5,1790875829427,1790882400000,LIGHT
B_renew2.5,1790882400000,1790884560000,DEEP
B_renew2.5,1790884560000,1790885160000,LIGHT
B_renew2.5,1790885160000,1790885460000,DEEP
B_renew2.5,1790885460000,1790885820000,LIGHT
B_renew2.5,1790885820000,1790886120000,DEEP
B_renew2.5,1790886120000,1790886420000,LIGHT
B_renew2.5,1790886420000,1790889720000,DEEP
B_renew2.5,1790889720000,1790890980000,LIGHT
B_renew2.5,1790890980000,1790891280000,DEEP
B_renew2.5,1790891280000,1790892900000,LIGHT
B_renew2.5,1790892900000,1790893320000,DEEP
B_renew2.5,1790893320000,1790893620000,LIGHT
B_renew2.5,1790893620000,1790893920000,DEEP
B_renew2.5,1790893920000,1790896020000,LIGHT
B_renew2.5,1790896020000,1790896320000,DEEP
B_renew2.5,1790896320000,1790896349427,LIGHT
B_renew2.75,1790875829427,1790882400000,LIGHT
B_renew2.75,1790882400000,1790884560000,DEEP
B_renew2.75,1790884560000,1790885160000,LIGHT
B_renew2.75,1790885160000,1790885460000,DEEP
B_renew2.75,1790885460000,1790885820000,LIGHT
B_renew2.75,1790885820000,1790886120000,DEEP
B_renew2.75,1790886120000,1790886420000,LIGHT
B_renew2.75,1790886420000,1790889720000,DEEP
B_renew2.75,1790889720000,1790890980000,LIGHT
B_renew2.75,1790890980000,1790891280000,DEEP
B_renew2.75,1790891280000,1790892900000,LIGHT
B_renew2.75,1790892900000,1790893320000,DEEP
B_renew2.75,1790893320000,1790893620000,LIGHT
B_renew2.75,1790893620000,1790893920000,DEEP
B_renew2.75,1790893920000,1790896020000,LIGHT
B_renew2.75,1790896020000,1790896320000,DEEP
B_renew2.75,1790896320000,1790896349427,LIGHT
A_p55_x60_w10_e1_b5_r3,1790875829427,1790880780000,LIGHT
A_p55_x60_w10_e1_b5_r3,1790880780000,1790881080000,DEEP
A_p55_x60_w10_e1_b5_r3,1790881080000,1790886300000,LIGHT
A_p55_x60_w10_e1_b5_r3,1790886300000,1790888820000,DEEP
A_p55_x60_w10_e1_b5_r3,1790888820000,1790895540000,LIGHT
A_p55_x60_w10_e1_b5_r3,1790895540000,1790895840000,DEEP
A_p55_x60_w10_e1_b5_r3,1790895840000,1790895900000,LIGHT
A_p55_x60_w10_e1_b5_r3,1790895900000,1790896320000,DEEP
A_p55_x60_w10_e1_b5_r3,1790896320000,1790896349427,LIGHT
A_p55_x60_w10_e1_b5_r5,1790875829427,1790880480000,LIGHT
A_p55_x60_w10_e1_b5_r5,1790880480000,1790881140000,DEEP
A_p55_x60_w10_e1_b5_r5,1790881140000,1790886300000,LIGHT
A_p55_x60_w10_e1_b5_r5,1790886300000,1790888820000,DEEP
A_p55_x60_w10_e1_b5_r5,1790888820000,1790895540000,LIGHT
A_p55_x60_w10_e1_b5_r5,1790895540000,1790895840000,DEEP
A_p55_x60_w10_e1_b5_r5,1790895840000,1790895900000,LIGHT
A_p55_x60_w10_e1_b5_r5,1790895900000,1790896320000,DEEP
A_p55_x60_w10_e1_b5_r5,1790896320000,1790896349427,LIGHT
A_p55_x60_w10_e1_b7_r3,1790875829427,1790886300000,LIGHT
A_p55_x60_w10_e1_b7_r3,1790886300000,1790888820000,DEEP
A_p55_x60_w10_e1_b7_r3,1790888820000,1790895900000,LIGHT
A_p55_x60_w10_e1_b7_r3,1790895900000,1790896320000,DEEP
A_p55_x60_w10_e1_b7_r3,1790896320000,1790896349427,LIGHT
A_p55_x60_w10_e1_b7_r5,1790875829427,1790880480000,LIGHT
A_p55_x60_w10_e1_b7_r5,1790880480000,1790881140000,DEEP
A_p55_x60_w10_e1_b7_r5,1790881140000,1790886300000,LIGHT
A_p55_x60_w10_e1_b7_r5,1790886300000,1790888820000,DEEP
A_p55_x60_w10_e1_b7_r5,1790888820000,1790895900000,LIGHT
A_p55_x60_w10_e1_b7_r5,1790895900000,1790896320000,DEEP
A_p55_x60_w10_e1_b7_r5,1790896320000,1790896349427,LIGHT
A_p55_x60_w10_e1_b10_r3,1790875829427,1790886300000,LIGHT
A_p55_x60_w10_e1_b10_r3,1790886300000,1790888820000,DEEP
A_p55_x60_w10_e1_b10_r3,1790888820000,1790896349427,LIGHT
A_p55_x60_w10_e1_b10_r5,1790875829427,1790880480000,LIGHT
A_p55_x60_w10_e1_b10_r5,1790880480000,1790881140000,DEEP
A_p55_x60_w10_e1_b10_r5,1790881140000,1790886300000,LIGHT
A_p55_x60_w10_e1_b10_r5,1790886300000,1790888820000,DEEP
A_p55_x60_w10_e1_b10_r5,1790888820000,1790896349427,LIGHT
A_p55_x60_w10_e2_b5_r3,1790875829427,1790880480000,LIGHT
A_p55_x60_w10_e2_b5_r3,1790880480000,1790881140000,DEEP
A_p55_x60_w10_e2_b5_r3,1790881140000,1790886300000,LIGHT
A_p55_x60_w10_e2_b5_r3,1790886300000,1790888820000,DEEP
A_p55_x60_w10_e2_b5_r3,1790888820000,1790895540000,LIGHT
A_p55_x60_w10_e2_b5_r3,1790895540000,1790895900000,DEEP
A_p55_x60_w10_e2_b5_r3,1790895900000,1790895960000,LIGHT
A_p55_x60_w10_e2_b5_r3,1790895960000,1790896320000,DEEP
A_p55_x60_w10_e2_b5_r3,1790896320000,1790896349427,LIGHT
A_p55_x60_w10_e2_b5_r5,1790875829427,1790880480000,LIGHT
A_p55_x60_w10_e2_b5_r5,1790880480000,1790881200000,DEEP
A_p55_x60_w10_e2_b5_r5,1790881200000,1790886300000,LIGHT
A_p55_x60_w10_e2_b5_r5,1790886300000,1790888820000,DEEP
A_p55_x60_w10_e2_b5_r5,1790888820000,1790895540000,LIGHT
A_p55_x60_w10_e2_b5_r5,1790895540000,1790896320000,DEEP
A_p55_x60_w10_e2_b5_r5,1790896320000,1790896349427,LIGHT
A_p55_x60_w10_e2_b7_r3,1790875829427,1790880480000,LIGHT
A_p55_x60_w10_e2_b7_r3,1790880480000,1790881140000,DEEP
A_p55_x60_w10_e2_b7_r3,1790881140000,1790886300000,LIGHT
A_p55_x60_w10_e2_b7_r3,1790886300000,1790888820000,DEEP
A_p55_x60_w10_e2_b7_r3,1790888820000,1790896349427,LIGHT
A_p55_x60_w10_e2_b7_r5,1790875829427,1790880480000,LIGHT
A_p55_x60_w10_e2_b7_r5,1790880480000,1790881200000,DEEP
A_p55_x60_w10_e2_b7_r5,1790881200000,1790886300000,LIGHT
A_p55_x60_w10_e2_b7_r5,1790886300000,1790888820000,DEEP
A_p55_x60_w10_e2_b7_r5,1790888820000,1790895540000,LIGHT
A_p55_x60_w10_e2_b7_r5,1790895540000,1790896320000,DEEP
A_p55_x60_w10_e2_b7_r5,1790896320000,1790896349427,LIGHT
A_p55_x60_w10_e2_b10_r3,1790875829427,1790880480000,LIGHT
A_p55_x60_w10_e2_b10_r3,1790880480000,1790881140000,DEEP
A_p55_x60_w10_e2_b10_r3,1790881140000,1790886300000,LIGHT
A_p55_x60_w10_e2_b10_r3,1790886300000,1790888820000,DEEP
A_p55_x60_w10_e2_b10_r3,1790888820000,1790896349427,LIGHT
A_p55_x60_w10_e2_b10_r5,1790875829427,1790880480000,LIGHT
A_p55_x60_w10_e2_b10_r5,1790880480000,1790881200000,DEEP
A_p55_x60_w10_e2_b10_r5,1790881200000,1790886300000,LIGHT
A_p55_x60_w10_e2_b10_r5,1790886300000,1790888820000,DEEP
A_p55_x60_w10_e2_b10_r5,1790888820000,1790895540000,LIGHT
A_p55_x60_w10_e2_b10_r5,1790895540000,1790896320000,DEEP
A_p55_x60_w10_e2_b10_r5,1790896320000,1790896349427,LIGHT
A_p55_x60_w10_e3_b5_r3,1790875829427,1790880480000,LIGHT
A_p55_x60_w10_e3_b5_r3,1790880480000,1790881200000,DEEP
A_p55_x60_w10_e3_b5_r3,1790881200000,1790886300000,LIGHT
A_p55_x60_w10_e3_b5_r3,1790886300000,1790888820000,DEEP
A_p55_x60_w10_e3_b5_r3,1790888820000,1790895540000,LIGHT
A_p55_x60_w10_e3_b5_r3,1790895540000,1790896320000,DEEP
A_p55_x60_w10_e3_b5_r3,1790896320000,1790896349427,LIGHT
A_p55_x60_w10_e3_b5_r5,1790875829427,1790880480000,LIGHT
A_p55_x60_w10_e3_b5_r5,1790880480000,1790881260000,DEEP
A_p55_x60_w10_e3_b5_r5,1790881260000,1790886300000,LIGHT
A_p55_x60_w10_e3_b5_r5,1790886300000,1790888820000,DEEP
A_p55_x60_w10_e3_b5_r5,1790888820000,1790895540000,LIGHT
A_p55_x60_w10_e3_b5_r5,1790895540000,1790896320000,DEEP
A_p55_x60_w10_e3_b5_r5,1790896320000,1790896349427,LIGHT
A_p55_x60_w10_e3_b7_r3,1790875829427,1790880480000,LIGHT
A_p55_x60_w10_e3_b7_r3,1790880480000,1790881200000,DEEP
A_p55_x60_w10_e3_b7_r3,1790881200000,1790886300000,LIGHT
A_p55_x60_w10_e3_b7_r3,1790886300000,1790888820000,DEEP
A_p55_x60_w10_e3_b7_r3,1790888820000,1790895540000,LIGHT
A_p55_x60_w10_e3_b7_r3,1790895540000,1790896320000,DEEP
A_p55_x60_w10_e3_b7_r3,1790896320000,1790896349427,LIGHT
A_p55_x60_w10_e3_b7_r5,1790875829427,1790880480000,LIGHT
A_p55_x60_w10_e3_b7_r5,1790880480000,1790881260000,DEEP
A_p55_x60_w10_e3_b7_r5,1790881260000,1790886300000,LIGHT
A_p55_x60_w10_e3_b7_r5,1790886300000,1790888820000,DEEP
A_p55_x60_w10_e3_b7_r5,1790888820000,1790895540000,LIGHT
A_p55_x60_w10_e3_b7_r5,1790895540000,1790896320000,DEEP
A_p55_x60_w10_e3_b7_r5,1790896320000,1790896349427,LIGHT
A_p55_x60_w10_e3_b10_r3,1790875829427,1790880480000,LIGHT
A_p55_x60_w10_e3_b10_r3,1790880480000,1790881200000,DEEP
A_p55_x60_w10_e3_b10_r3,1790881200000,1790886300000,LIGHT
A_p55_x60_w10_e3_b10_r3,1790886300000,1790888820000,DEEP
A_p55_x60_w10_e3_b10_r3,1790888820000,1790895540000,LIGHT
A_p55_x60_w10_e3_b10_r3,1790895540000,1790896320000,DEEP
A_p55_x60_w10_e3_b10_r3,1790896320000,1790896349427,LIGHT
A_p55_x60_w10_e3_b10_r5,1790875829427,1790880480000,LIGHT
A_p55_x60_w10_e3_b10_r5,1790880480000,1790881260000,DEEP
A_p55_x60_w10_e3_b10_r5,1790881260000,1790886300000,LIGHT
A_p55_x60_w10_e3_b10_r5,1790886300000,1790888820000,DEEP
A_p55_x60_w10_e3_b10_r5,1790888820000,1790895540000,LIGHT
A_p55_x60_w10_e3_b10_r5,1790895540000,1790896320000,DEEP
A_p55_x60_w10_e3_b10_r5,1790896320000,1790896349427,LIGHT
A_p55_x60_w12_e1_b5_r3,1790875829427,1790880780000,LIGHT
A_p55_x60_w12_e1_b5_r3,1790880780000,1790881080000,DEEP
A_p55_x60_w12_e1_b5_r3,1790881080000,1790886300000,LIGHT
A_p55_x60_w12_e1_b5_r3,1790886300000,1790888820000,DEEP
A_p55_x60_w12_e1_b5_r3,1790888820000,1790895900000,LIGHT
A_p55_x60_w12_e1_b5_r3,1790895900000,1790896320000,DEEP
A_p55_x60_w12_e1_b5_r3,1790896320000,1790896349427,LIGHT
A_p55_x60_w12_e1_b5_r5,1790875829427,1790880780000,LIGHT
A_p55_x60_w12_e1_b5_r5,1790880780000,1790881140000,DEEP
A_p55_x60_w12_e1_b5_r5,1790881140000,1790886300000,LIGHT
A_p55_x60_w12_e1_b5_r5,1790886300000,1790888820000,DEEP
A_p55_x60_w12_e1_b5_r5,1790888820000,1790895900000,LIGHT
A_p55_x60_w12_e1_b5_r5,1790895900000,1790896320000,DEEP
A_p55_x60_w12_e1_b5_r5,1790896320000,1790896349427,LIGHT
A_p55_x60_w12_e1_b7_r3,1790875829427,1790886300000,LIGHT
A_p55_x60_w12_e1_b7_r3,1790886300000,1790888820000,DEEP
A_p55_x60_w12_e1_b7_r3,1790888820000,1790895900000,LIGHT
A_p55_x60_w12_e1_b7_r3,1790895900000,1790896320000,DEEP
A_p55_x60_w12_e1_b7_r3,1790896320000,1790896349427,LIGHT
A_p55_x60_w12_e1_b7_r5,1790875829427,1790886300000,LIGHT
A_p55_x60_w12_e1_b7_r5,1790886300000,1790888820000,DEEP
A_p55_x60_w12_e1_b7_r5,1790888820000,1790895900000,LIGHT
A_p55_x60_w12_e1_b7_r5,1790895900000,1790896320000,DEEP
A_p55_x60_w12_e1_b7_r5,1790896320000,1790896349427,LIGHT
A_p55_x60_w12_e1_b10_r3,1790875829427,1790886300000,LIGHT
A_p55_x60_w12_e1_b10_r3,1790886300000,1790888820000,DEEP
A_p55_x60_w12_e1_b10_r3,1790888820000,1790896349427,LIGHT
A_p55_x60_w12_e1_b10_r5,1790875829427,1790886300000,LIGHT
A_p55_x60_w12_e1_b10_r5,1790886300000,1790888820000,DEEP
A_p55_x60_w12_e1_b10_r5,1790888820000,1790896349427,LIGHT
A_p55_x60_w12_e2_b5_r3,1790875829427,1790880780000,LIGHT
A_p55_x60_w12_e2_b5_r3,1790880780000,1790881140000,DEEP
A_p55_x60_w12_e2_b5_r3,1790881140000,1790886300000,LIGHT
A_p55_x60_w12_e2_b5_r3,1790886300000,1790888820000,DEEP
A_p55_x60_w12_e2_b5_r3,1790888820000,1790895960000,LIGHT
A_p55_x60_w12_e2_b5_r3,1790895960000,1790896320000,DEEP
A_p55_x60_w12_e2_b5_r3,1790896320000,1790896349427,LIGHT
A_p55_x60_w12_e2_b5_r5,1790875829427,1790880780000,LIGHT
A_p55_x60_w12_e2_b5_r5,1790880780000,1790881200000,DEEP
A_p55_x60_w12_e2_b5_r5,1790881200000,1790886300000,LIGHT
A_p55_x60_w12_e2_b5_r5,1790886300000,1790888820000,DEEP
A_p55_x60_w12_e2_b5_r5,1790888820000,1790895720000,LIGHT
A_p55_x60_w12_e2_b5_r5,1790895720000,1790896320000,DEEP
A_p55_x60_w12_e2_b5_r5,1790896320000,1790896349427,LIGHT
A_p55_x60_w12_e2_b7_r3,1790875829427,1790886300000,LIGHT
A_p55_x60_w12_e2_b7_r3,1790886300000,1790888820000,DEEP
A_p55_x60_w12_e2_b7_r3,1790888820000,1790896349427,LIGHT
A_p55_x60_w12_e2_b7_r5,1790875829427,1790880780000,LIGHT
A_p55_x60_w12_e2_b7_r5,1790880780000,1790881200000,DEEP
A_p55_x60_w12_e2_b7_r5,1790881200000,1790886300000,LIGHT
A_p55_x60_w12_e2_b7_r5,1790886300000,1790888820000,DEEP
A_p55_x60_w12_e2_b7_r5,1790888820000,1790895720000,LIGHT
A_p55_x60_w12_e2_b7_r5,1790895720000,1790896320000,DEEP
A_p55_x60_w12_e2_b7_r5,1790896320000,1790896349427,LIGHT
A_p55_x60_w12_e2_b10_r3,1790875829427,1790886300000,LIGHT
A_p55_x60_w12_e2_b10_r3,1790886300000,1790888820000,DEEP
A_p55_x60_w12_e2_b10_r3,1790888820000,1790896349427,LIGHT
A_p55_x60_w12_e2_b10_r5,1790875829427,1790886300000,LIGHT
A_p55_x60_w12_e2_b10_r5,1790886300000,1790888820000,DEEP
A_p55_x60_w12_e2_b10_r5,1790888820000,1790895720000,LIGHT
A_p55_x60_w12_e2_b10_r5,1790895720000,1790896320000,DEEP
A_p55_x60_w12_e2_b10_r5,1790896320000,1790896349427,LIGHT
A_p55_x60_w12_e3_b5_r3,1790875829427,1790880780000,LIGHT
A_p55_x60_w12_e3_b5_r3,1790880780000,1790881200000,DEEP
A_p55_x60_w12_e3_b5_r3,1790881200000,1790886300000,LIGHT
A_p55_x60_w12_e3_b5_r3,1790886300000,1790888820000,DEEP
A_p55_x60_w12_e3_b5_r3,1790888820000,1790895720000,LIGHT
A_p55_x60_w12_e3_b5_r3,1790895720000,1790896320000,DEEP
A_p55_x60_w12_e3_b5_r3,1790896320000,1790896349427,LIGHT
A_p55_x60_w12_e3_b5_r5,1790875829427,1790880780000,LIGHT
A_p55_x60_w12_e3_b5_r5,1790880780000,1790881260000,DEEP
A_p55_x60_w12_e3_b5_r5,1790881260000,1790886300000,LIGHT
A_p55_x60_w12_e3_b5_r5,1790886300000,1790888820000,DEEP
A_p55_x60_w12_e3_b5_r5,1790888820000,1790895720000,LIGHT
A_p55_x60_w12_e3_b5_r5,1790895720000,1790896320000,DEEP
A_p55_x60_w12_e3_b5_r5,1790896320000,1790896349427,LIGHT
A_p55_x60_w12_e3_b7_r3,1790875829427,1790880780000,LIGHT
A_p55_x60_w12_e3_b7_r3,1790880780000,1790881200000,DEEP
A_p55_x60_w12_e3_b7_r3,1790881200000,1790886300000,LIGHT
A_p55_x60_w12_e3_b7_r3,1790886300000,1790888820000,DEEP
A_p55_x60_w12_e3_b7_r3,1790888820000,1790895720000,LIGHT
A_p55_x60_w12_e3_b7_r3,1790895720000,1790896320000,DEEP
A_p55_x60_w12_e3_b7_r3,1790896320000,1790896349427,LIGHT
A_p55_x60_w12_e3_b7_r5,1790875829427,1790880780000,LIGHT
A_p55_x60_w12_e3_b7_r5,1790880780000,1790881260000,DEEP
A_p55_x60_w12_e3_b7_r5,1790881260000,1790886300000,LIGHT
A_p55_x60_w12_e3_b7_r5,1790886300000,1790888820000,DEEP
A_p55_x60_w12_e3_b7_r5,1790888820000,1790895720000,LIGHT
A_p55_x60_w12_e3_b7_r5,1790895720000,1790896320000,DEEP
A_p55_x60_w12_e3_b7_r5,1790896320000,1790896349427,LIGHT
A_p55_x60_w12_e3_b10_r3,1790875829427,1790886300000,LIGHT
A_p55_x60_w12_e3_b10_r3,1790886300000,1790888820000,DEEP
A_p55_x60_w12_e3_b10_r3,1790888820000,1790895720000,LIGHT
A_p55_x60_w12_e3_b10_r3,1790895720000,1790896320000,DEEP
A_p55_x60_w12_e3_b10_r3,1790896320000,1790896349427,LIGHT
A_p55_x60_w12_e3_b10_r5,1790875829427,1790886300000,LIGHT
A_p55_x60_w12_e3_b10_r5,1790886300000,1790888820000,DEEP
A_p55_x60_w12_e3_b10_r5,1790888820000,1790895720000,LIGHT
A_p55_x60_w12_e3_b10_r5,1790895720000,1790896320000,DEEP
A_p55_x60_w12_e3_b10_r5,1790896320000,1790896349427,LIGHT
A_p55_x60_w15_e1_b5_r3,1790875829427,1790886480000,LIGHT
A_p55_x60_w15_e1_b5_r3,1790886480000,1790888820000,DEEP
A_p55_x60_w15_e1_b5_r3,1790888820000,1790895900000,LIGHT
A_p55_x60_w15_e1_b5_r3,1790895900000,1790896320000,DEEP
A_p55_x60_w15_e1_b5_r3,1790896320000,1790896349427,LIGHT
A_p55_x60_w15_e1_b5_r5,1790875829427,1790886480000,LIGHT
A_p55_x60_w15_e1_b5_r5,1790886480000,1790888820000,DEEP
A_p55_x60_w15_e1_b5_r5,1790888820000,1790895900000,LIGHT
A_p55_x60_w15_e1_b5_r5,1790895900000,1790896320000,DEEP
A_p55_x60_w15_e1_b5_r5,1790896320000,1790896349427,LIGHT
A_p55_x60_w15_e1_b7_r3,1790875829427,1790886480000,LIGHT
A_p55_x60_w15_e1_b7_r3,1790886480000,1790888820000,DEEP
A_p55_x60_w15_e1_b7_r3,1790888820000,1790895900000,LIGHT
A_p55_x60_w15_e1_b7_r3,1790895900000,1790896320000,DEEP
A_p55_x60_w15_e1_b7_r3,1790896320000,1790896349427,LIGHT
A_p55_x60_w15_e1_b7_r5,1790875829427,1790886480000,LIGHT
A_p55_x60_w15_e1_b7_r5,1790886480000,1790888820000,DEEP
A_p55_x60_w15_e1_b7_r5,1790888820000,1790895900000,LIGHT
A_p55_x60_w15_e1_b7_r5,1790895900000,1790896320000,DEEP
A_p55_x60_w15_e1_b7_r5,1790896320000,1790896349427,LIGHT
A_p55_x60_w15_e1_b10_r3,1790875829427,1790886480000,LIGHT
A_p55_x60_w15_e1_b10_r3,1790886480000,1790888820000,DEEP
A_p55_x60_w15_e1_b10_r3,1790888820000,1790896349427,LIGHT
A_p55_x60_w15_e1_b10_r5,1790875829427,1790886480000,LIGHT
A_p55_x60_w15_e1_b10_r5,1790886480000,1790888820000,DEEP
A_p55_x60_w15_e1_b10_r5,1790888820000,1790896349427,LIGHT
A_p55_x60_w15_e2_b5_r3,1790875829427,1790886480000,LIGHT
A_p55_x60_w15_e2_b5_r3,1790886480000,1790888820000,DEEP
A_p55_x60_w15_e2_b5_r3,1790888820000,1790895900000,LIGHT
A_p55_x60_w15_e2_b5_r3,1790895900000,1790896320000,DEEP
A_p55_x60_w15_e2_b5_r3,1790896320000,1790896349427,LIGHT
A_p55_x60_w15_e2_b5_r5,1790875829427,1790880900000,LIGHT
A_p55_x60_w15_e2_b5_r5,1790880900000,1790881200000,DEEP
A_p55_x60_w15_e2_b5_r5,1790881200000,1790886480000,LIGHT
A_p55_x60_w15_e2_b5_r5,1790886480000,1790888820000,DEEP
A_p55_x60_w15_e2_b5_r5,1790888820000,1790895900000,LIGHT
A_p55_x60_w15_e2_b5_r5,1790895900000,1790896320000,DEEP
A_p55_x60_w15_e2_b5_r5,1790896320000,1790896349427,LIGHT
A_p55_x60_w15_e2_b7_r3,1790875829427,1790886480000,LIGHT
A_p55_x60_w15_e2_b7_r3,1790886480000,1790888820000,DEEP
A_p55_x60_w15_e2_b7_r3,1790888820000,1790895900000,LIGHT
A_p55_x60_w15_e2_b7_r3,1790895900000,1790896320000,DEEP
A_p55_x60_w15_e2_b7_r3,1790896320000,1790896349427,LIGHT
A_p55_x60_w15_e2_b7_r5,1790875829427,1790886480000,LIGHT
A_p55_x60_w15_e2_b7_r5,1790886480000,1790888820000,DEEP
A_p55_x60_w15_e2_b7_r5,1790888820000,1790895900000,LIGHT
A_p55_x60_w15_e2_b7_r5,1790895900000,1790896320000,DEEP
A_p55_x60_w15_e2_b7_r5,1790896320000,1790896349427,LIGHT
A_p55_x60_w15_e2_b10_r3,1790875829427,1790886480000,LIGHT
A_p55_x60_w15_e2_b10_r3,1790886480000,1790888820000,DEEP
A_p55_x60_w15_e2_b10_r3,1790888820000,1790896349427,LIGHT
A_p55_x60_w15_e2_b10_r5,1790875829427,1790886480000,LIGHT
A_p55_x60_w15_e2_b10_r5,1790886480000,1790888820000,DEEP
A_p55_x60_w15_e2_b10_r5,1790888820000,1790896349427,LIGHT
A_p55_x60_w15_e3_b5_r3,1790875829427,1790880900000,LIGHT
A_p55_x60_w15_e3_b5_r3,1790880900000,1790881200000,DEEP
A_p55_x60_w15_e3_b5_r3,1790881200000,1790886480000,LIGHT
A_p55_x60_w15_e3_b5_r3,1790886480000,1790888820000,DEEP
A_p55_x60_w15_e3_b5_r3,1790888820000,1790895900000,LIGHT
A_p55_x60_w15_e3_b5_r3,1790895900000,1790896320000,DEEP
A_p55_x60_w15_e3_b5_r3,1790896320000,1790896349427,LIGHT
A_p55_x60_w15_e3_b5_r5,1790875829427,1790880900000,LIGHT
A_p55_x60_w15_e3_b5_r5,1790880900000,1790881260000,DEEP
A_p55_x60_w15_e3_b5_r5,1790881260000,1790886480000,LIGHT
A_p55_x60_w15_e3_b5_r5,1790886480000,1790888820000,DEEP
A_p55_x60_w15_e3_b5_r5,1790888820000,1790895900000,LIGHT
A_p55_x60_w15_e3_b5_r5,1790895900000,1790896320000,DEEP
A_p55_x60_w15_e3_b5_r5,1790896320000,1790896349427,LIGHT
A_p55_x60_w15_e3_b7_r3,1790875829427,1790886480000,LIGHT
A_p55_x60_w15_e3_b7_r3,1790886480000,1790888820000,DEEP
A_p55_x60_w15_e3_b7_r3,1790888820000,1790895900000,LIGHT
A_p55_x60_w15_e3_b7_r3,1790895900000,1790896320000,DEEP
A_p55_x60_w15_e3_b7_r3,1790896320000,1790896349427,LIGHT
A_p55_x60_w15_e3_b7_r5,1790875829427,1790886480000,LIGHT
A_p55_x60_w15_e3_b7_r5,1790886480000,1790888820000,DEEP
A_p55_x60_w15_e3_b7_r5,1790888820000,1790895900000,LIGHT
A_p55_x60_w15_e3_b7_r5,1790895900000,1790896320000,DEEP
A_p55_x60_w15_e3_b7_r5,1790896320000,1790896349427,LIGHT
A_p55_x60_w15_e3_b10_r3,1790875829427,1790886480000,LIGHT
A_p55_x60_w15_e3_b10_r3,1790886480000,1790888820000,DEEP
A_p55_x60_w15_e3_b10_r3,1790888820000,1790896349427,LIGHT
A_p55_x60_w15_e3_b10_r5,1790875829427,1790886480000,LIGHT
A_p55_x60_w15_e3_b10_r5,1790886480000,1790888820000,DEEP
A_p55_x60_w15_e3_b10_r5,1790888820000,1790896349427,LIGHT
A_p55_x65_w10_e1_b5_r3,1790875829427,1790880480000,LIGHT
A_p55_x65_w10_e1_b5_r3,1790880480000,1790881080000,DEEP
A_p55_x65_w10_e1_b5_r3,1790881080000,1790886300000,LIGHT
A_p55_x65_w10_e1_b5_r3,1790886300000,1790888820000,DEEP
A_p55_x65_w10_e1_b5_r3,1790888820000,1790895540000,LIGHT
A_p55_x65_w10_e1_b5_r3,1790895540000,1790896320000,DEEP
A_p55_x65_w10_e1_b5_r3,1790896320000,1790896349427,LIGHT
A_p55_x65_w10_e1_b5_r5,1790875829427,1790880480000,LIGHT
A_p55_x65_w10_e1_b5_r5,1790880480000,1790881140000,DEEP
A_p55_x65_w10_e1_b5_r5,1790881140000,1790886300000,LIGHT
A_p55_x65_w10_e1_b5_r5,1790886300000,1790888820000,DEEP
A_p55_x65_w10_e1_b5_r5,1790888820000,1790895540000,LIGHT
A_p55_x65_w10_e1_b5_r5,1790895540000,1790896320000,DEEP
A_p55_x65_w10_e1_b5_r5,1790896320000,1790896349427,LIGHT
A_p55_x65_w10_e1_b7_r3,1790875829427,1790880480000,LIGHT
A_p55_x65_w10_e1_b7_r3,1790880480000,1790881080000,DEEP
A_p55_x65_w10_e1_b7_r3,1790881080000,1790886300000,LIGHT
A_p55_x65_w10_e1_b7_r3,1790886300000,1790888820000,DEEP
A_p55_x65_w10_e1_b7_r3,1790888820000,1790895540000,LIGHT
A_p55_x65_w10_e1_b7_r3,1790895540000,1790896320000,DEEP
A_p55_x65_w10_e1_b7_r3,1790896320000,1790896349427,LIGHT
A_p55_x65_w10_e1_b7_r5,1790875829427,1790880480000,LIGHT
A_p55_x65_w10_e1_b7_r5,1790880480000,1790881140000,DEEP
A_p55_x65_w10_e1_b7_r5,1790881140000,1790886300000,LIGHT
A_p55_x65_w10_e1_b7_r5,1790886300000,1790888820000,DEEP
A_p55_x65_w10_e1_b7_r5,1790888820000,1790895540000,LIGHT
A_p55_x65_w10_e1_b7_r5,1790895540000,1790896320000,DEEP
A_p55_x65_w10_e1_b7_r5,1790896320000,1790896349427,LIGHT
A_p55_x65_w10_e1_b10_r3,1790875829427,1790880480000,LIGHT
A_p55_x65_w10_e1_b10_r3,1790880480000,1790881080000,DEEP
A_p55_x65_w10_e1_b10_r3,1790881080000,1790886300000,LIGHT
A_p55_x65_w10_e1_b10_r3,1790886300000,1790888820000,DEEP
A_p55_x65_w10_e1_b10_r3,1790888820000,1790895540000,LIGHT
A_p55_x65_w10_e1_b10_r3,1790895540000,1790896320000,DEEP
A_p55_x65_w10_e1_b10_r3,1790896320000,1790896349427,LIGHT
A_p55_x65_w10_e1_b10_r5,1790875829427,1790880480000,LIGHT
A_p55_x65_w10_e1_b10_r5,1790880480000,1790881140000,DEEP
A_p55_x65_w10_e1_b10_r5,1790881140000,1790886300000,LIGHT
A_p55_x65_w10_e1_b10_r5,1790886300000,1790888820000,DEEP
A_p55_x65_w10_e1_b10_r5,1790888820000,1790895540000,LIGHT
A_p55_x65_w10_e1_b10_r5,1790895540000,1790896320000,DEEP
A_p55_x65_w10_e1_b10_r5,1790896320000,1790896349427,LIGHT
A_p55_x65_w10_e2_b5_r3,1790875829427,1790880480000,LIGHT
A_p55_x65_w10_e2_b5_r3,1790880480000,1790881140000,DEEP
A_p55_x65_w10_e2_b5_r3,1790881140000,1790886300000,LIGHT
A_p55_x65_w10_e2_b5_r3,1790886300000,1790888820000,DEEP
A_p55_x65_w10_e2_b5_r3,1790888820000,1790895540000,LIGHT
A_p55_x65_w10_e2_b5_r3,1790895540000,1790896320000,DEEP
A_p55_x65_w10_e2_b5_r3,1790896320000,1790896349427,LIGHT
A_p55_x65_w10_e2_b5_r5,1790875829427,1790880480000,LIGHT
A_p55_x65_w10_e2_b5_r5,1790880480000,1790881200000,DEEP
A_p55_x65_w10_e2_b5_r5,1790881200000,1790886300000,LIGHT
A_p55_x65_w10_e2_b5_r5,1790886300000,1790888820000,DEEP
A_p55_x65_w10_e2_b5_r5,1790888820000,1790895540000,LIGHT
A_p55_x65_w10_e2_b5_r5,1790895540000,1790896320000,DEEP
A_p55_x65_w10_e2_b5_r5,1790896320000,1790896349427,LIGHT
A_p55_x65_w10_e2_b7_r3,1790875829427,1790880480000,LIGHT
A_p55_x65_w10_e2_b7_r3,1790880480000,1790881140000,DEEP
A_p55_x65_w10_e2_b7_r3,1790881140000,1790886300000,LIGHT
A_p55_x65_w10_e2_b7_r3,1790886300000,1790888820000,DEEP
A_p55_x65_w10_e2_b7_r3,1790888820000,1790895540000,LIGHT
A_p55_x65_w10_e2_b7_r3,1790895540000,1790896320000,DEEP
A_p55_x65_w10_e2_b7_r3,1790896320000,1790896349427,LIGHT
A_p55_x65_w10_e2_b7_r5,1790875829427,1790880480000,LIGHT
A_p55_x65_w10_e2_b7_r5,1790880480000,1790881200000,DEEP
A_p55_x65_w10_e2_b7_r5,1790881200000,1790886300000,LIGHT
A_p55_x65_w10_e2_b7_r5,1790886300000,1790888820000,DEEP
A_p55_x65_w10_e2_b7_r5,1790888820000,1790895540000,LIGHT
A_p55_x65_w10_e2_b7_r5,1790895540000,1790896320000,DEEP
A_p55_x65_w10_e2_b7_r5,1790896320000,1790896349427,LIGHT
A_p55_x65_w10_e2_b10_r3,1790875829427,1790880480000,LIGHT
A_p55_x65_w10_e2_b10_r3,1790880480000,1790881140000,DEEP
A_p55_x65_w10_e2_b10_r3,1790881140000,1790886300000,LIGHT
A_p55_x65_w10_e2_b10_r3,1790886300000,1790888820000,DEEP
A_p55_x65_w10_e2_b10_r3,1790888820000,1790895540000,LIGHT
A_p55_x65_w10_e2_b10_r3,1790895540000,1790896320000,DEEP
A_p55_x65_w10_e2_b10_r3,1790896320000,1790896349427,LIGHT
A_p55_x65_w10_e2_b10_r5,1790875829427,1790880480000,LIGHT
A_p55_x65_w10_e2_b10_r5,1790880480000,1790881200000,DEEP
A_p55_x65_w10_e2_b10_r5,1790881200000,1790886300000,LIGHT
A_p55_x65_w10_e2_b10_r5,1790886300000,1790888820000,DEEP
A_p55_x65_w10_e2_b10_r5,1790888820000,1790895540000,LIGHT
A_p55_x65_w10_e2_b10_r5,1790895540000,1790896320000,DEEP
A_p55_x65_w10_e2_b10_r5,1790896320000,1790896349427,LIGHT
A_p55_x65_w10_e3_b5_r3,1790875829427,1790880480000,LIGHT
A_p55_x65_w10_e3_b5_r3,1790880480000,1790881200000,DEEP
A_p55_x65_w10_e3_b5_r3,1790881200000,1790886300000,LIGHT
A_p55_x65_w10_e3_b5_r3,1790886300000,1790888820000,DEEP
A_p55_x65_w10_e3_b5_r3,1790888820000,1790895540000,LIGHT
A_p55_x65_w10_e3_b5_r3,1790895540000,1790896320000,DEEP
A_p55_x65_w10_e3_b5_r3,1790896320000,1790896349427,LIGHT
A_p55_x65_w10_e3_b5_r5,1790875829427,1790880480000,LIGHT
A_p55_x65_w10_e3_b5_r5,1790880480000,1790881260000,DEEP
A_p55_x65_w10_e3_b5_r5,1790881260000,1790886300000,LIGHT
A_p55_x65_w10_e3_b5_r5,1790886300000,1790888820000,DEEP
A_p55_x65_w10_e3_b5_r5,1790888820000,1790895540000,LIGHT
A_p55_x65_w10_e3_b5_r5,1790895540000,1790896320000,DEEP
A_p55_x65_w10_e3_b5_r5,1790896320000,1790896349427,LIGHT
A_p55_x65_w10_e3_b7_r3,1790875829427,1790880480000,LIGHT
A_p55_x65_w10_e3_b7_r3,1790880480000,1790881200000,DEEP
A_p55_x65_w10_e3_b7_r3,1790881200000,1790886300000,LIGHT
A_p55_x65_w10_e3_b7_r3,1790886300000,1790888820000,DEEP
A_p55_x65_w10_e3_b7_r3,1790888820000,1790895540000,LIGHT
A_p55_x65_w10_e3_b7_r3,1790895540000,1790896320000,DEEP
A_p55_x65_w10_e3_b7_r3,1790896320000,1790896349427,LIGHT
A_p55_x65_w10_e3_b7_r5,1790875829427,1790880480000,LIGHT
A_p55_x65_w10_e3_b7_r5,1790880480000,1790881260000,DEEP
A_p55_x65_w10_e3_b7_r5,1790881260000,1790886300000,LIGHT
A_p55_x65_w10_e3_b7_r5,1790886300000,1790888820000,DEEP
A_p55_x65_w10_e3_b7_r5,1790888820000,1790895540000,LIGHT
A_p55_x65_w10_e3_b7_r5,1790895540000,1790896320000,DEEP
A_p55_x65_w10_e3_b7_r5,1790896320000,1790896349427,LIGHT
A_p55_x65_w10_e3_b10_r3,1790875829427,1790880480000,LIGHT
A_p55_x65_w10_e3_b10_r3,1790880480000,1790881200000,DEEP
A_p55_x65_w10_e3_b10_r3,1790881200000,1790886300000,LIGHT
A_p55_x65_w10_e3_b10_r3,1790886300000,1790888820000,DEEP
A_p55_x65_w10_e3_b10_r3,1790888820000,1790895540000,LIGHT
A_p55_x65_w10_e3_b10_r3,1790895540000,1790896320000,DEEP
A_p55_x65_w10_e3_b10_r3,1790896320000,1790896349427,LIGHT
A_p55_x65_w10_e3_b10_r5,1790875829427,1790880480000,LIGHT
A_p55_x65_w10_e3_b10_r5,1790880480000,1790881260000,DEEP
A_p55_x65_w10_e3_b10_r5,1790881260000,1790886300000,LIGHT
A_p55_x65_w10_e3_b10_r5,1790886300000,1790888820000,DEEP
A_p55_x65_w10_e3_b10_r5,1790888820000,1790895540000,LIGHT
A_p55_x65_w10_e3_b10_r5,1790895540000,1790896320000,DEEP
A_p55_x65_w10_e3_b10_r5,1790896320000,1790896349427,LIGHT
A_p55_x65_w12_e1_b5_r3,1790875829427,1790880780000,LIGHT
A_p55_x65_w12_e1_b5_r3,1790880780000,1790881080000,DEEP
A_p55_x65_w12_e1_b5_r3,1790881080000,1790886300000,LIGHT
A_p55_x65_w12_e1_b5_r3,1790886300000,1790888820000,DEEP
A_p55_x65_w12_e1_b5_r3,1790888820000,1790895720000,LIGHT
A_p55_x65_w12_e1_b5_r3,1790895720000,1790896320000,DEEP
A_p55_x65_w12_e1_b5_r3,1790896320000,1790896349427,LIGHT
A_p55_x65_w12_e1_b5_r5,1790875829427,1790880780000,LIGHT
A_p55_x65_w12_e1_b5_r5,1790880780000,1790881140000,DEEP
A_p55_x65_w12_e1_b5_r5,1790881140000,1790886300000,LIGHT
A_p55_x65_w12_e1_b5_r5,1790886300000,1790888820000,DEEP
A_p55_x65_w12_e1_b5_r5,1790888820000,1790895720000,LIGHT
A_p55_x65_w12_e1_b5_r5,1790895720000,1790896320000,DEEP
A_p55_x65_w12_e1_b5_r5,1790896320000,1790896349427,LIGHT
A_p55_x65_w12_e1_b7_r3,1790875829427,1790886300000,LIGHT
A_p55_x65_w12_e1_b7_r3,1790886300000,1790888820000,DEEP
A_p55_x65_w12_e1_b7_r3,1790888820000,1790895720000,LIGHT
A_p55_x65_w12_e1_b7_r3,1790895720000,1790896320000,DEEP
A_p55_x65_w12_e1_b7_r3,1790896320000,1790896349427,LIGHT
A_p55_x65_w12_e1_b7_r5,1790875829427,1790886300000,LIGHT
A_p55_x65_w12_e1_b7_r5,1790886300000,1790888820000,DEEP
A_p55_x65_w12_e1_b7_r5,1790888820000,1790895720000,LIGHT
A_p55_x65_w12_e1_b7_r5,1790895720000,1790896320000,DEEP
A_p55_x65_w12_e1_b7_r5,1790896320000,1790896349427,LIGHT
A_p55_x65_w12_e1_b10_r3,1790875829427,1790886300000,LIGHT
A_p55_x65_w12_e1_b10_r3,1790886300000,1790888820000,DEEP
A_p55_x65_w12_e1_b10_r3,1790888820000,1790895720000,LIGHT
A_p55_x65_w12_e1_b10_r3,1790895720000,1790896320000,DEEP
A_p55_x65_w12_e1_b10_r3,1790896320000,1790896349427,LIGHT
A_p55_x65_w12_e1_b10_r5,1790875829427,1790886300000,LIGHT
A_p55_x65_w12_e1_b10_r5,1790886300000,1790888820000,DEEP
A_p55_x65_w12_e1_b10_r5,1790888820000,1790895720000,LIGHT
A_p55_x65_w12_e1_b10_r5,1790895720000,1790896320000,DEEP
A_p55_x65_w12_e1_b10_r5,1790896320000,1790896349427,LIGHT
A_p55_x65_w12_e2_b5_r3,1790875829427,1790880780000,LIGHT
A_p55_x65_w12_e2_b5_r3,1790880780000,1790881140000,DEEP
A_p55_x65_w12_e2_b5_r3,1790881140000,1790886300000,LIGHT
A_p55_x65_w12_e2_b5_r3,1790886300000,1790888820000,DEEP
A_p55_x65_w12_e2_b5_r3,1790888820000,1790895720000,LIGHT
A_p55_x65_w12_e2_b5_r3,1790895720000,1790896320000,DEEP
A_p55_x65_w12_e2_b5_r3,1790896320000,1790896349427,LIGHT
A_p55_x65_w12_e2_b5_r5,1790875829427,1790880780000,LIGHT
A_p55_x65_w12_e2_b5_r5,1790880780000,1790881200000,DEEP
A_p55_x65_w12_e2_b5_r5,1790881200000,1790886300000,LIGHT
A_p55_x65_w12_e2_b5_r5,1790886300000,1790888820000,DEEP
A_p55_x65_w12_e2_b5_r5,1790888820000,1790895720000,LIGHT
A_p55_x65_w12_e2_b5_r5,1790895720000,1790896320000,DEEP
A_p55_x65_w12_e2_b5_r5,1790896320000,1790896349427,LIGHT
A_p55_x65_w12_e2_b7_r3,1790875829427,1790886300000,LIGHT
A_p55_x65_w12_e2_b7_r3,1790886300000,1790888820000,DEEP
A_p55_x65_w12_e2_b7_r3,1790888820000,1790895720000,LIGHT
A_p55_x65_w12_e2_b7_r3,1790895720000,1790896320000,DEEP
A_p55_x65_w12_e2_b7_r3,1790896320000,1790896349427,LIGHT
A_p55_x65_w12_e2_b7_r5,1790875829427,1790880780000,LIGHT
A_p55_x65_w12_e2_b7_r5,1790880780000,1790881200000,DEEP
A_p55_x65_w12_e2_b7_r5,1790881200000,1790886300000,LIGHT
A_p55_x65_w12_e2_b7_r5,1790886300000,1790888820000,DEEP
A_p55_x65_w12_e2_b7_r5,1790888820000,1790895720000,LIGHT
A_p55_x65_w12_e2_b7_r5,1790895720000,1790896320000,DEEP
A_p55_x65_w12_e2_b7_r5,1790896320000,1790896349427,LIGHT
A_p55_x65_w12_e2_b10_r3,1790875829427,1790886300000,LIGHT
A_p55_x65_w12_e2_b10_r3,1790886300000,1790888820000,DEEP
A_p55_x65_w12_e2_b10_r3,1790888820000,1790895720000,LIGHT
A_p55_x65_w12_e2_b10_r3,1790895720000,1790896320000,DEEP
A_p55_x65_w12_e2_b10_r3,1790896320000,1790896349427,LIGHT
A_p55_x65_w12_e2_b10_r5,1790875829427,1790886300000,LIGHT
A_p55_x65_w12_e2_b10_r5,1790886300000,1790888820000,DEEP
A_p55_x65_w12_e2_b10_r5,1790888820000,1790895720000,LIGHT
A_p55_x65_w12_e2_b10_r5,1790895720000,1790896320000,DEEP
A_p55_x65_w12_e2_b10_r5,1790896320000,1790896349427,LIGHT
A_p55_x65_w12_e3_b5_r3,1790875829427,1790880780000,LIGHT
A_p55_x65_w12_e3_b5_r3,1790880780000,1790881200000,DEEP
A_p55_x65_w12_e3_b5_r3,1790881200000,1790886300000,LIGHT
A_p55_x65_w12_e3_b5_r3,1790886300000,1790888820000,DEEP
A_p55_x65_w12_e3_b5_r3,1790888820000,1790895720000,LIGHT
A_p55_x65_w12_e3_b5_r3,1790895720000,1790896320000,DEEP
A_p55_x65_w12_e3_b5_r3,1790896320000,1790896349427,LIGHT
A_p55_x65_w12_e3_b5_r5,1790875829427,1790880780000,LIGHT
A_p55_x65_w12_e3_b5_r5,1790880780000,1790881260000,DEEP
A_p55_x65_w12_e3_b5_r5,1790881260000,1790886300000,LIGHT
A_p55_x65_w12_e3_b5_r5,1790886300000,1790888820000,DEEP
A_p55_x65_w12_e3_b5_r5,1790888820000,1790895720000,LIGHT
A_p55_x65_w12_e3_b5_r5,1790895720000,1790896320000,DEEP
A_p55_x65_w12_e3_b5_r5,1790896320000,1790896349427,LIGHT
A_p55_x65_w12_e3_b7_r3,1790875829427,1790880780000,LIGHT
A_p55_x65_w12_e3_b7_r3,1790880780000,1790881200000,DEEP
A_p55_x65_w12_e3_b7_r3,1790881200000,1790886300000,LIGHT
A_p55_x65_w12_e3_b7_r3,1790886300000,1790888820000,DEEP
A_p55_x65_w12_e3_b7_r3,1790888820000,1790895720000,LIGHT
A_p55_x65_w12_e3_b7_r3,1790895720000,1790896320000,DEEP
A_p55_x65_w12_e3_b7_r3,1790896320000,1790896349427,LIGHT
A_p55_x65_w12_e3_b7_r5,1790875829427,1790880780000,LIGHT
A_p55_x65_w12_e3_b7_r5,1790880780000,1790881260000,DEEP
A_p55_x65_w12_e3_b7_r5,1790881260000,1790886300000,LIGHT
A_p55_x65_w12_e3_b7_r5,1790886300000,1790888820000,DEEP
A_p55_x65_w12_e3_b7_r5,1790888820000,1790895720000,LIGHT
A_p55_x65_w12_e3_b7_r5,1790895720000,1790896320000,DEEP
A_p55_x65_w12_e3_b7_r5,1790896320000,1790896349427,LIGHT
A_p55_x65_w12_e3_b10_r3,1790875829427,1790886300000,LIGHT
A_p55_x65_w12_e3_b10_r3,1790886300000,1790888820000,DEEP
A_p55_x65_w12_e3_b10_r3,1790888820000,1790895720000,LIGHT
A_p55_x65_w12_e3_b10_r3,1790895720000,1790896320000,DEEP
A_p55_x65_w12_e3_b10_r3,1790896320000,1790896349427,LIGHT
A_p55_x65_w12_e3_b10_r5,1790875829427,1790886300000,LIGHT
A_p55_x65_w12_e3_b10_r5,1790886300000,1790888820000,DEEP
A_p55_x65_w12_e3_b10_r5,1790888820000,1790895720000,LIGHT
A_p55_x65_w12_e3_b10_r5,1790895720000,1790896320000,DEEP
A_p55_x65_w12_e3_b10_r5,1790896320000,1790896349427,LIGHT
A_p55_x65_w15_e1_b5_r3,1790875829427,1790886480000,LIGHT
A_p55_x65_w15_e1_b5_r3,1790886480000,1790888820000,DEEP
A_p55_x65_w15_e1_b5_r3,1790888820000,1790895900000,LIGHT
A_p55_x65_w15_e1_b5_r3,1790895900000,1790896320000,DEEP
A_p55_x65_w15_e1_b5_r3,1790896320000,1790896349427,LIGHT
A_p55_x65_w15_e1_b5_r5,1790875829427,1790886480000,LIGHT
A_p55_x65_w15_e1_b5_r5,1790886480000,1790888820000,DEEP
A_p55_x65_w15_e1_b5_r5,1790888820000,1790895900000,LIGHT
A_p55_x65_w15_e1_b5_r5,1790895900000,1790896320000,DEEP
A_p55_x65_w15_e1_b5_r5,1790896320000,1790896349427,LIGHT
A_p55_x65_w15_e1_b7_r3,1790875829427,1790886480000,LIGHT
A_p55_x65_w15_e1_b7_r3,1790886480000,1790888820000,DEEP
A_p55_x65_w15_e1_b7_r3,1790888820000,1790895900000,LIGHT
A_p55_x65_w15_e1_b7_r3,1790895900000,1790896320000,DEEP
A_p55_x65_w15_e1_b7_r3,1790896320000,1790896349427,LIGHT
A_p55_x65_w15_e1_b7_r5,1790875829427,1790886480000,LIGHT
A_p55_x65_w15_e1_b7_r5,1790886480000,1790888820000,DEEP
A_p55_x65_w15_e1_b7_r5,1790888820000,1790895900000,LIGHT
A_p55_x65_w15_e1_b7_r5,1790895900000,1790896320000,DEEP
A_p55_x65_w15_e1_b7_r5,1790896320000,1790896349427,LIGHT
A_p55_x65_w15_e1_b10_r3,1790875829427,1790886480000,LIGHT
A_p55_x65_w15_e1_b10_r3,1790886480000,1790888820000,DEEP
A_p55_x65_w15_e1_b10_r3,1790888820000,1790896349427,LIGHT
A_p55_x65_w15_e1_b10_r5,1790875829427,1790886480000,LIGHT
A_p55_x65_w15_e1_b10_r5,1790886480000,1790888820000,DEEP
A_p55_x65_w15_e1_b10_r5,1790888820000,1790896349427,LIGHT
A_p55_x65_w15_e2_b5_r3,1790875829427,1790886480000,LIGHT
A_p55_x65_w15_e2_b5_r3,1790886480000,1790888820000,DEEP
A_p55_x65_w15_e2_b5_r3,1790888820000,1790895900000,LIGHT
A_p55_x65_w15_e2_b5_r3,1790895900000,1790896320000,DEEP
A_p55_x65_w15_e2_b5_r3,1790896320000,1790896349427,LIGHT
A_p55_x65_w15_e2_b5_r5,1790875829427,1790880900000,LIGHT
A_p55_x65_w15_e2_b5_r5,1790880900000,1790881200000,DEEP
A_p55_x65_w15_e2_b5_r5,1790881200000,1790886480000,LIGHT
A_p55_x65_w15_e2_b5_r5,1790886480000,1790888820000,DEEP
A_p55_x65_w15_e2_b5_r5,1790888820000,1790895900000,LIGHT
A_p55_x65_w15_e2_b5_r5,1790895900000,1790896320000,DEEP
A_p55_x65_w15_e2_b5_r5,1790896320000,1790896349427,LIGHT
A_p55_x65_w15_e2_b7_r3,1790875829427,1790886480000,LIGHT
A_p55_x65_w15_e2_b7_r3,1790886480000,1790888820000,DEEP
A_p55_x65_w15_e2_b7_r3,1790888820000,1790895900000,LIGHT
A_p55_x65_w15_e2_b7_r3,1790895900000,1790896320000,DEEP
A_p55_x65_w15_e2_b7_r3,1790896320000,1790896349427,LIGHT
A_p55_x65_w15_e2_b7_r5,1790875829427,1790886480000,LIGHT
A_p55_x65_w15_e2_b7_r5,1790886480000,1790888820000,DEEP
A_p55_x65_w15_e2_b7_r5,1790888820000,1790895900000,LIGHT
A_p55_x65_w15_e2_b7_r5,1790895900000,1790896320000,DEEP
A_p55_x65_w15_e2_b7_r5,1790896320000,1790896349427,LIGHT
A_p55_x65_w15_e2_b10_r3,1790875829427,1790886480000,LIGHT
A_p55_x65_w15_e2_b10_r3,1790886480000,1790888820000,DEEP
A_p55_x65_w15_e2_b10_r3,1790888820000,1790896349427,LIGHT
A_p55_x65_w15_e2_b10_r5,1790875829427,1790886480000,LIGHT
A_p55_x65_w15_e2_b10_r5,1790886480000,1790888820000,DEEP
A_p55_x65_w15_e2_b10_r5,1790888820000,1790896349427,LIGHT
A_p55_x65_w15_e3_b5_r3,1790875829427,1790880900000,LIGHT
A_p55_x65_w15_e3_b5_r3,1790880900000,1790881200000,DEEP
A_p55_x65_w15_e3_b5_r3,1790881200000,1790886480000,LIGHT
A_p55_x65_w15_e3_b5_r3,1790886480000,1790888820000,DEEP
A_p55_x65_w15_e3_b5_r3,1790888820000,1790895900000,LIGHT
A_p55_x65_w15_e3_b5_r3,1790895900000,1790896320000,DEEP
A_p55_x65_w15_e3_b5_r3,1790896320000,1790896349427,LIGHT
A_p55_x65_w15_e3_b5_r5,1790875829427,1790880900000,LIGHT
A_p55_x65_w15_e3_b5_r5,1790880900000,1790881260000,DEEP
A_p55_x65_w15_e3_b5_r5,1790881260000,1790886480000,LIGHT
A_p55_x65_w15_e3_b5_r5,1790886480000,1790888820000,DEEP
A_p55_x65_w15_e3_b5_r5,1790888820000,1790895900000,LIGHT
A_p55_x65_w15_e3_b5_r5,1790895900000,1790896320000,DEEP
A_p55_x65_w15_e3_b5_r5,1790896320000,1790896349427,LIGHT
A_p55_x65_w15_e3_b7_r3,1790875829427,1790886480000,LIGHT
A_p55_x65_w15_e3_b7_r3,1790886480000,1790888820000,DEEP
A_p55_x65_w15_e3_b7_r3,1790888820000,1790895900000,LIGHT
A_p55_x65_w15_e3_b7_r3,1790895900000,1790896320000,DEEP
A_p55_x65_w15_e3_b7_r3,1790896320000,1790896349427,LIGHT
A_p55_x65_w15_e3_b7_r5,1790875829427,1790886480000,LIGHT
A_p55_x65_w15_e3_b7_r5,1790886480000,1790888820000,DEEP
A_p55_x65_w15_e3_b7_r5,1790888820000,1790895900000,LIGHT
A_p55_x65_w15_e3_b7_r5,1790895900000,1790896320000,DEEP
A_p55_x65_w15_e3_b7_r5,1790896320000,1790896349427,LIGHT
A_p55_x65_w15_e3_b10_r3,1790875829427,1790886480000,LIGHT
A_p55_x65_w15_e3_b10_r3,1790886480000,1790888820000,DEEP
A_p55_x65_w15_e3_b10_r3,1790888820000,1790896349427,LIGHT
A_p55_x65_w15_e3_b10_r5,1790875829427,1790886480000,LIGHT
A_p55_x65_w15_e3_b10_r5,1790886480000,1790888820000,DEEP
A_p55_x65_w15_e3_b10_r5,1790888820000,1790896349427,LIGHT
A_p55_x70_w10_e1_b5_r3,1790875829427,1790880480000,LIGHT
A_p55_x70_w10_e1_b5_r3,1790880480000,1790881080000,DEEP
A_p55_x70_w10_e1_b5_r3,1790881080000,1790886300000,LIGHT
A_p55_x70_w10_e1_b5_r3,1790886300000,1790888820000,DEEP
A_p55_x70_w10_e1_b5_r3,1790888820000,1790895540000,LIGHT
A_p55_x70_w10_e1_b5_r3,1790895540000,1790896320000,DEEP
A_p55_x70_w10_e1_b5_r3,1790896320000,1790896349427,LIGHT
A_p55_x70_w10_e1_b5_r5,1790875829427,1790880480000,LIGHT
A_p55_x70_w10_e1_b5_r5,1790880480000,1790881140000,DEEP
A_p55_x70_w10_e1_b5_r5,1790881140000,1790886300000,LIGHT
A_p55_x70_w10_e1_b5_r5,1790886300000,1790888820000,DEEP
A_p55_x70_w10_e1_b5_r5,1790888820000,1790895540000,LIGHT
A_p55_x70_w10_e1_b5_r5,1790895540000,1790896320000,DEEP
A_p55_x70_w10_e1_b5_r5,1790896320000,1790896349427,LIGHT
A_p55_x70_w10_e1_b7_r3,1790875829427,1790880480000,LIGHT
A_p55_x70_w10_e1_b7_r3,1790880480000,1790881080000,DEEP
A_p55_x70_w10_e1_b7_r3,1790881080000,1790886300000,LIGHT
A_p55_x70_w10_e1_b7_r3,1790886300000,1790888820000,DEEP
A_p55_x70_w10_e1_b7_r3,1790888820000,1790895540000,LIGHT
A_p55_x70_w10_e1_b7_r3,1790895540000,1790896320000,DEEP
A_p55_x70_w10_e1_b7_r3,1790896320000,1790896349427,LIGHT
A_p55_x70_w10_e1_b7_r5,1790875829427,1790880480000,LIGHT
A_p55_x70_w10_e1_b7_r5,1790880480000,1790881140000,DEEP
A_p55_x70_w10_e1_b7_r5,1790881140000,1790886300000,LIGHT
A_p55_x70_w10_e1_b7_r5,1790886300000,1790888820000,DEEP
A_p55_x70_w10_e1_b7_r5,1790888820000,1790895540000,LIGHT
A_p55_x70_w10_e1_b7_r5,1790895540000,1790896320000,DEEP
A_p55_x70_w10_e1_b7_r5,1790896320000,1790896349427,LIGHT
A_p55_x70_w10_e1_b10_r3,1790875829427,1790880480000,LIGHT
A_p55_x70_w10_e1_b10_r3,1790880480000,1790881080000,DEEP
A_p55_x70_w10_e1_b10_r3,1790881080000,1790886300000,LIGHT
A_p55_x70_w10_e1_b10_r3,1790886300000,1790888820000,DEEP
A_p55_x70_w10_e1_b10_r3,1790888820000,1790895540000,LIGHT
A_p55_x70_w10_e1_b10_r3,1790895540000,1790896320000,DEEP
A_p55_x70_w10_e1_b10_r3,1790896320000,1790896349427,LIGHT
A_p55_x70_w10_e1_b10_r5,1790875829427,1790880480000,LIGHT
A_p55_x70_w10_e1_b10_r5,1790880480000,1790881140000,DEEP
A_p55_x70_w10_e1_b10_r5,1790881140000,1790886300000,LIGHT
A_p55_x70_w10_e1_b10_r5,1790886300000,1790888820000,DEEP
A_p55_x70_w10_e1_b10_r5,1790888820000,1790895540000,LIGHT
A_p55_x70_w10_e1_b10_r5,1790895540000,1790896320000,DEEP
A_p55_x70_w10_e1_b10_r5,1790896320000,1790896349427,LIGHT
A_p55_x70_w10_e2_b5_r3,1790875829427,1790880480000,LIGHT
A_p55_x70_w10_e2_b5_r3,1790880480000,1790881140000,DEEP
A_p55_x70_w10_e2_b5_r3,1790881140000,1790886300000,LIGHT
A_p55_x70_w10_e2_b5_r3,1790886300000,1790888820000,DEEP
A_p55_x70_w10_e2_b5_r3,1790888820000,1790895540000,LIGHT
A_p55_x70_w10_e2_b5_r3,1790895540000,1790896320000,DEEP
A_p55_x70_w10_e2_b5_r3,1790896320000,1790896349427,LIGHT
A_p55_x70_w10_e2_b5_r5,1790875829427,1790880480000,LIGHT
A_p55_x70_w10_e2_b5_r5,1790880480000,1790881200000,DEEP
A_p55_x70_w10_e2_b5_r5,1790881200000,1790886300000,LIGHT
A_p55_x70_w10_e2_b5_r5,1790886300000,1790888820000,DEEP
A_p55_x70_w10_e2_b5_r5,1790888820000,1790895540000,LIGHT
A_p55_x70_w10_e2_b5_r5,1790895540000,1790896320000,DEEP
A_p55_x70_w10_e2_b5_r5,1790896320000,1790896349427,LIGHT
A_p55_x70_w10_e2_b7_r3,1790875829427,1790880480000,LIGHT
A_p55_x70_w10_e2_b7_r3,1790880480000,1790881140000,DEEP
A_p55_x70_w10_e2_b7_r3,1790881140000,1790886300000,LIGHT
A_p55_x70_w10_e2_b7_r3,1790886300000,1790888820000,DEEP
A_p55_x70_w10_e2_b7_r3,1790888820000,1790895540000,LIGHT
A_p55_x70_w10_e2_b7_r3,1790895540000,1790896320000,DEEP
A_p55_x70_w10_e2_b7_r3,1790896320000,1790896349427,LIGHT
A_p55_x70_w10_e2_b7_r5,1790875829427,1790880480000,LIGHT
A_p55_x70_w10_e2_b7_r5,1790880480000,1790881200000,DEEP
A_p55_x70_w10_e2_b7_r5,1790881200000,1790886300000,LIGHT
A_p55_x70_w10_e2_b7_r5,1790886300000,1790888820000,DEEP
A_p55_x70_w10_e2_b7_r5,1790888820000,1790895540000,LIGHT
A_p55_x70_w10_e2_b7_r5,1790895540000,1790896320000,DEEP
A_p55_x70_w10_e2_b7_r5,1790896320000,1790896349427,LIGHT
A_p55_x70_w10_e2_b10_r3,1790875829427,1790880480000,LIGHT
A_p55_x70_w10_e2_b10_r3,1790880480000,1790881140000,DEEP
A_p55_x70_w10_e2_b10_r3,1790881140000,1790886300000,LIGHT
A_p55_x70_w10_e2_b10_r3,1790886300000,1790888820000,DEEP
A_p55_x70_w10_e2_b10_r3,1790888820000,1790895540000,LIGHT
A_p55_x70_w10_e2_b10_r3,1790895540000,1790896320000,DEEP
A_p55_x70_w10_e2_b10_r3,1790896320000,1790896349427,LIGHT
A_p55_x70_w10_e2_b10_r5,1790875829427,1790880480000,LIGHT
A_p55_x70_w10_e2_b10_r5,1790880480000,1790881200000,DEEP
A_p55_x70_w10_e2_b10_r5,1790881200000,1790886300000,LIGHT
A_p55_x70_w10_e2_b10_r5,1790886300000,1790888820000,DEEP
A_p55_x70_w10_e2_b10_r5,1790888820000,1790895540000,LIGHT
A_p55_x70_w10_e2_b10_r5,1790895540000,1790896320000,DEEP
A_p55_x70_w10_e2_b10_r5,1790896320000,1790896349427,LIGHT
A_p55_x70_w10_e3_b5_r3,1790875829427,1790880480000,LIGHT
A_p55_x70_w10_e3_b5_r3,1790880480000,1790881200000,DEEP
A_p55_x70_w10_e3_b5_r3,1790881200000,1790886300000,LIGHT
A_p55_x70_w10_e3_b5_r3,1790886300000,1790888820000,DEEP
A_p55_x70_w10_e3_b5_r3,1790888820000,1790895540000,LIGHT
A_p55_x70_w10_e3_b5_r3,1790895540000,1790896320000,DEEP
A_p55_x70_w10_e3_b5_r3,1790896320000,1790896349427,LIGHT
A_p55_x70_w10_e3_b5_r5,1790875829427,1790880480000,LIGHT
A_p55_x70_w10_e3_b5_r5,1790880480000,1790881260000,DEEP
A_p55_x70_w10_e3_b5_r5,1790881260000,1790886300000,LIGHT
A_p55_x70_w10_e3_b5_r5,1790886300000,1790888820000,DEEP
A_p55_x70_w10_e3_b5_r5,1790888820000,1790895540000,LIGHT
A_p55_x70_w10_e3_b5_r5,1790895540000,1790896320000,DEEP
A_p55_x70_w10_e3_b5_r5,1790896320000,1790896349427,LIGHT
A_p55_x70_w10_e3_b7_r3,1790875829427,1790880480000,LIGHT
A_p55_x70_w10_e3_b7_r3,1790880480000,1790881200000,DEEP
A_p55_x70_w10_e3_b7_r3,1790881200000,1790886300000,LIGHT
A_p55_x70_w10_e3_b7_r3,1790886300000,1790888820000,DEEP
A_p55_x70_w10_e3_b7_r3,1790888820000,1790895540000,LIGHT
A_p55_x70_w10_e3_b7_r3,1790895540000,1790896320000,DEEP
A_p55_x70_w10_e3_b7_r3,1790896320000,1790896349427,LIGHT
A_p55_x70_w10_e3_b7_r5,1790875829427,1790880480000,LIGHT
A_p55_x70_w10_e3_b7_r5,1790880480000,1790881260000,DEEP
A_p55_x70_w10_e3_b7_r5,1790881260000,1790886300000,LIGHT
A_p55_x70_w10_e3_b7_r5,1790886300000,1790888820000,DEEP
A_p55_x70_w10_e3_b7_r5,1790888820000,1790895540000,LIGHT
A_p55_x70_w10_e3_b7_r5,1790895540000,1790896320000,DEEP
A_p55_x70_w10_e3_b7_r5,1790896320000,1790896349427,LIGHT
A_p55_x70_w10_e3_b10_r3,1790875829427,1790880480000,LIGHT
A_p55_x70_w10_e3_b10_r3,1790880480000,1790881200000,DEEP
A_p55_x70_w10_e3_b10_r3,1790881200000,1790886300000,LIGHT
A_p55_x70_w10_e3_b10_r3,1790886300000,1790888820000,DEEP
A_p55_x70_w10_e3_b10_r3,1790888820000,1790895540000,LIGHT
A_p55_x70_w10_e3_b10_r3,1790895540000,1790896320000,DEEP
A_p55_x70_w10_e3_b10_r3,1790896320000,1790896349427,LIGHT
A_p55_x70_w10_e3_b10_r5,1790875829427,1790880480000,LIGHT
A_p55_x70_w10_e3_b10_r5,1790880480000,1790881260000,DEEP
A_p55_x70_w10_e3_b10_r5,1790881260000,1790886300000,LIGHT
A_p55_x70_w10_e3_b10_r5,1790886300000,1790888820000,DEEP
A_p55_x70_w10_e3_b10_r5,1790888820000,1790895540000,LIGHT
A_p55_x70_w10_e3_b10_r5,1790895540000,1790896320000,DEEP
A_p55_x70_w10_e3_b10_r5,1790896320000,1790896349427,LIGHT
A_p55_x70_w12_e1_b5_r3,1790875829427,1790880780000,LIGHT
A_p55_x70_w12_e1_b5_r3,1790880780000,1790881080000,DEEP
A_p55_x70_w12_e1_b5_r3,1790881080000,1790886300000,LIGHT
A_p55_x70_w12_e1_b5_r3,1790886300000,1790888820000,DEEP
A_p55_x70_w12_e1_b5_r3,1790888820000,1790895720000,LIGHT
A_p55_x70_w12_e1_b5_r3,1790895720000,1790896320000,DEEP
A_p55_x70_w12_e1_b5_r3,1790896320000,1790896349427,LIGHT
A_p55_x70_w12_e1_b5_r5,1790875829427,1790880780000,LIGHT
A_p55_x70_w12_e1_b5_r5,1790880780000,1790881140000,DEEP
A_p55_x70_w12_e1_b5_r5,1790881140000,1790886300000,LIGHT
A_p55_x70_w12_e1_b5_r5,1790886300000,1790888820000,DEEP
A_p55_x70_w12_e1_b5_r5,1790888820000,1790895720000,LIGHT
A_p55_x70_w12_e1_b5_r5,1790895720000,1790896320000,DEEP
A_p55_x70_w12_e1_b5_r5,1790896320000,1790896349427,LIGHT
A_p55_x70_w12_e1_b7_r3,1790875829427,1790886300000,LIGHT
A_p55_x70_w12_e1_b7_r3,1790886300000,1790888820000,DEEP
A_p55_x70_w12_e1_b7_r3,1790888820000,1790895720000,LIGHT
A_p55_x70_w12_e1_b7_r3,1790895720000,1790896320000,DEEP
A_p55_x70_w12_e1_b7_r3,1790896320000,1790896349427,LIGHT
A_p55_x70_w12_e1_b7_r5,1790875829427,1790886300000,LIGHT
A_p55_x70_w12_e1_b7_r5,1790886300000,1790888820000,DEEP
A_p55_x70_w12_e1_b7_r5,1790888820000,1790895720000,LIGHT
A_p55_x70_w12_e1_b7_r5,1790895720000,1790896320000,DEEP
A_p55_x70_w12_e1_b7_r5,1790896320000,1790896349427,LIGHT
A_p55_x70_w12_e1_b10_r3,1790875829427,1790886300000,LIGHT
A_p55_x70_w12_e1_b10_r3,1790886300000,1790888820000,DEEP
A_p55_x70_w12_e1_b10_r3,1790888820000,1790895720000,LIGHT
A_p55_x70_w12_e1_b10_r3,1790895720000,1790896320000,DEEP
A_p55_x70_w12_e1_b10_r3,1790896320000,1790896349427,LIGHT
A_p55_x70_w12_e1_b10_r5,1790875829427,1790886300000,LIGHT
A_p55_x70_w12_e1_b10_r5,1790886300000,1790888820000,DEEP
A_p55_x70_w12_e1_b10_r5,1790888820000,1790895720000,LIGHT
A_p55_x70_w12_e1_b10_r5,1790895720000,1790896320000,DEEP
A_p55_x70_w12_e1_b10_r5,1790896320000,1790896349427,LIGHT
A_p55_x70_w12_e2_b5_r3,1790875829427,1790880780000,LIGHT
A_p55_x70_w12_e2_b5_r3,1790880780000,1790881140000,DEEP
A_p55_x70_w12_e2_b5_r3,1790881140000,1790886300000,LIGHT
A_p55_x70_w12_e2_b5_r3,1790886300000,1790888820000,DEEP
A_p55_x70_w12_e2_b5_r3,1790888820000,1790895720000,LIGHT
A_p55_x70_w12_e2_b5_r3,1790895720000,1790896320000,DEEP
A_p55_x70_w12_e2_b5_r3,1790896320000,1790896349427,LIGHT
A_p55_x70_w12_e2_b5_r5,1790875829427,1790880780000,LIGHT
A_p55_x70_w12_e2_b5_r5,1790880780000,1790881200000,DEEP
A_p55_x70_w12_e2_b5_r5,1790881200000,1790886300000,LIGHT
A_p55_x70_w12_e2_b5_r5,1790886300000,1790888820000,DEEP
A_p55_x70_w12_e2_b5_r5,1790888820000,1790895720000,LIGHT
A_p55_x70_w12_e2_b5_r5,1790895720000,1790896320000,DEEP
A_p55_x70_w12_e2_b5_r5,1790896320000,1790896349427,LIGHT
A_p55_x70_w12_e2_b7_r3,1790875829427,1790886300000,LIGHT
A_p55_x70_w12_e2_b7_r3,1790886300000,1790888820000,DEEP
A_p55_x70_w12_e2_b7_r3,1790888820000,1790895720000,LIGHT
A_p55_x70_w12_e2_b7_r3,1790895720000,1790896320000,DEEP
A_p55_x70_w12_e2_b7_r3,1790896320000,1790896349427,LIGHT
A_p55_x70_w12_e2_b7_r5,1790875829427,1790880780000,LIGHT
A_p55_x70_w12_e2_b7_r5,1790880780000,1790881200000,DEEP
A_p55_x70_w12_e2_b7_r5,1790881200000,1790886300000,LIGHT
A_p55_x70_w12_e2_b7_r5,1790886300000,1790888820000,DEEP
A_p55_x70_w12_e2_b7_r5,1790888820000,1790895720000,LIGHT
A_p55_x70_w12_e2_b7_r5,1790895720000,1790896320000,DEEP
A_p55_x70_w12_e2_b7_r5,1790896320000,1790896349427,LIGHT
A_p55_x70_w12_e2_b10_r3,1790875829427,1790886300000,LIGHT
A_p55_x70_w12_e2_b10_r3,1790886300000,1790888820000,DEEP
A_p55_x70_w12_e2_b10_r3,1790888820000,1790895720000,LIGHT
A_p55_x70_w12_e2_b10_r3,1790895720000,1790896320000,DEEP
A_p55_x70_w12_e2_b10_r3,1790896320000,1790896349427,LIGHT
A_p55_x70_w12_e2_b10_r5,1790875829427,1790886300000,LIGHT
A_p55_x70_w12_e2_b10_r5,1790886300000,1790888820000,DEEP
A_p55_x70_w12_e2_b10_r5,1790888820000,1790895720000,LIGHT
A_p55_x70_w12_e2_b10_r5,1790895720000,1790896320000,DEEP
A_p55_x70_w12_e2_b10_r5,1790896320000,1790896349427,LIGHT
A_p55_x70_w12_e3_b5_r3,1790875829427,1790880780000,LIGHT
A_p55_x70_w12_e3_b5_r3,1790880780000,1790881200000,DEEP
A_p55_x70_w12_e3_b5_r3,1790881200000,1790886300000,LIGHT
A_p55_x70_w12_e3_b5_r3,1790886300000,1790888820000,DEEP
A_p55_x70_w12_e3_b5_r3,1790888820000,1790895720000,LIGHT
A_p55_x70_w12_e3_b5_r3,1790895720000,1790896320000,DEEP
A_p55_x70_w12_e3_b5_r3,1790896320000,1790896349427,LIGHT
A_p55_x70_w12_e3_b5_r5,1790875829427,1790880780000,LIGHT
A_p55_x70_w12_e3_b5_r5,1790880780000,1790881260000,DEEP
A_p55_x70_w12_e3_b5_r5,1790881260000,1790886300000,LIGHT
A_p55_x70_w12_e3_b5_r5,1790886300000,1790888820000,DEEP
A_p55_x70_w12_e3_b5_r5,1790888820000,1790895720000,LIGHT
A_p55_x70_w12_e3_b5_r5,1790895720000,1790896320000,DEEP
A_p55_x70_w12_e3_b5_r5,1790896320000,1790896349427,LIGHT
A_p55_x70_w12_e3_b7_r3,1790875829427,1790880780000,LIGHT
A_p55_x70_w12_e3_b7_r3,1790880780000,1790881200000,DEEP
A_p55_x70_w12_e3_b7_r3,1790881200000,1790886300000,LIGHT
A_p55_x70_w12_e3_b7_r3,1790886300000,1790888820000,DEEP
A_p55_x70_w12_e3_b7_r3,1790888820000,1790895720000,LIGHT
A_p55_x70_w12_e3_b7_r3,1790895720000,1790896320000,DEEP
A_p55_x70_w12_e3_b7_r3,1790896320000,1790896349427,LIGHT
A_p55_x70_w12_e3_b7_r5,1790875829427,1790880780000,LIGHT
A_p55_x70_w12_e3_b7_r5,1790880780000,1790881260000,DEEP
A_p55_x70_w12_e3_b7_r5,1790881260000,1790886300000,LIGHT
A_p55_x70_w12_e3_b7_r5,1790886300000,1790888820000,DEEP
A_p55_x70_w12_e3_b7_r5,1790888820000,1790895720000,LIGHT
A_p55_x70_w12_e3_b7_r5,1790895720000,1790896320000,DEEP
A_p55_x70_w12_e3_b7_r5,1790896320000,1790896349427,LIGHT
A_p55_x70_w12_e3_b10_r3,1790875829427,1790886300000,LIGHT
A_p55_x70_w12_e3_b10_r3,1790886300000,1790888820000,DEEP
A_p55_x70_w12_e3_b10_r3,1790888820000,1790895720000,LIGHT
A_p55_x70_w12_e3_b10_r3,1790895720000,1790896320000,DEEP
A_p55_x70_w12_e3_b10_r3,1790896320000,1790896349427,LIGHT
A_p55_x70_w12_e3_b10_r5,1790875829427,1790886300000,LIGHT
A_p55_x70_w12_e3_b10_r5,1790886300000,1790888820000,DEEP
A_p55_x70_w12_e3_b10_r5,1790888820000,1790895720000,LIGHT
A_p55_x70_w12_e3_b10_r5,1790895720000,1790896320000,DEEP
A_p55_x70_w12_e3_b10_r5,1790896320000,1790896349427,LIGHT
A_p55_x70_w15_e1_b5_r3,1790875829427,1790886480000,LIGHT
A_p55_x70_w15_e1_b5_r3,1790886480000,1790888820000,DEEP
A_p55_x70_w15_e1_b5_r3,1790888820000,1790895900000,LIGHT
A_p55_x70_w15_e1_b5_r3,1790895900000,1790896320000,DEEP
A_p55_x70_w15_e1_b5_r3,1790896320000,1790896349427,LIGHT
A_p55_x70_w15_e1_b5_r5,1790875829427,1790886480000,LIGHT
A_p55_x70_w15_e1_b5_r5,1790886480000,1790888820000,DEEP
A_p55_x70_w15_e1_b5_r5,1790888820000,1790895900000,LIGHT
A_p55_x70_w15_e1_b5_r5,1790895900000,1790896320000,DEEP
A_p55_x70_w15_e1_b5_r5,1790896320000,1790896349427,LIGHT
A_p55_x70_w15_e1_b7_r3,1790875829427,1790886480000,LIGHT
A_p55_x70_w15_e1_b7_r3,1790886480000,1790888820000,DEEP
A_p55_x70_w15_e1_b7_r3,1790888820000,1790895900000,LIGHT
A_p55_x70_w15_e1_b7_r3,1790895900000,1790896320000,DEEP
A_p55_x70_w15_e1_b7_r3,1790896320000,1790896349427,LIGHT
A_p55_x70_w15_e1_b7_r5,1790875829427,1790886480000,LIGHT
A_p55_x70_w15_e1_b7_r5,1790886480000,1790888820000,DEEP
A_p55_x70_w15_e1_b7_r5,1790888820000,1790895900000,LIGHT
A_p55_x70_w15_e1_b7_r5,1790895900000,1790896320000,DEEP
A_p55_x70_w15_e1_b7_r5,1790896320000,1790896349427,LIGHT
A_p55_x70_w15_e1_b10_r3,1790875829427,1790886480000,LIGHT
A_p55_x70_w15_e1_b10_r3,1790886480000,1790888820000,DEEP
A_p55_x70_w15_e1_b10_r3,1790888820000,1790896349427,LIGHT
A_p55_x70_w15_e1_b10_r5,1790875829427,1790886480000,LIGHT
A_p55_x70_w15_e1_b10_r5,1790886480000,1790888820000,DEEP
A_p55_x70_w15_e1_b10_r5,1790888820000,1790896349427,LIGHT
A_p55_x70_w15_e2_b5_r3,1790875829427,1790886480000,LIGHT
A_p55_x70_w15_e2_b5_r3,1790886480000,1790888820000,DEEP
A_p55_x70_w15_e2_b5_r3,1790888820000,1790895900000,LIGHT
A_p55_x70_w15_e2_b5_r3,1790895900000,1790896320000,DEEP
A_p55_x70_w15_e2_b5_r3,1790896320000,1790896349427,LIGHT
A_p55_x70_w15_e2_b5_r5,1790875829427,1790880900000,LIGHT
A_p55_x70_w15_e2_b5_r5,1790880900000,1790881200000,DEEP
A_p55_x70_w15_e2_b5_r5,1790881200000,1790886480000,LIGHT
A_p55_x70_w15_e2_b5_r5,1790886480000,1790888820000,DEEP
A_p55_x70_w15_e2_b5_r5,1790888820000,1790895900000,LIGHT
A_p55_x70_w15_e2_b5_r5,1790895900000,1790896320000,DEEP
A_p55_x70_w15_e2_b5_r5,1790896320000,1790896349427,LIGHT
A_p55_x70_w15_e2_b7_r3,1790875829427,1790886480000,LIGHT
A_p55_x70_w15_e2_b7_r3,1790886480000,1790888820000,DEEP
A_p55_x70_w15_e2_b7_r3,1790888820000,1790895900000,LIGHT
A_p55_x70_w15_e2_b7_r3,1790895900000,1790896320000,DEEP
A_p55_x70_w15_e2_b7_r3,1790896320000,1790896349427,LIGHT
A_p55_x70_w15_e2_b7_r5,1790875829427,1790886480000,LIGHT
A_p55_x70_w15_e2_b7_r5,1790886480000,1790888820000,DEEP
A_p55_x70_w15_e2_b7_r5,1790888820000,1790895900000,LIGHT
A_p55_x70_w15_e2_b7_r5,1790895900000,1790896320000,DEEP
A_p55_x70_w15_e2_b7_r5,1790896320000,1790896349427,LIGHT
A_p55_x70_w15_e2_b10_r3,1790875829427,1790886480000,LIGHT
A_p55_x70_w15_e2_b10_r3,1790886480000,1790888820000,DEEP
A_p55_x70_w15_e2_b10_r3,1790888820000,1790896349427,LIGHT
A_p55_x70_w15_e2_b10_r5,1790875829427,1790886480000,LIGHT
A_p55_x70_w15_e2_b10_r5,1790886480000,1790888820000,DEEP
A_p55_x70_w15_e2_b10_r5,1790888820000,1790896349427,LIGHT
A_p55_x70_w15_e3_b5_r3,1790875829427,1790880900000,LIGHT
A_p55_x70_w15_e3_b5_r3,1790880900000,1790881200000,DEEP
A_p55_x70_w15_e3_b5_r3,1790881200000,1790886480000,LIGHT
A_p55_x70_w15_e3_b5_r3,1790886480000,1790888820000,DEEP
A_p55_x70_w15_e3_b5_r3,1790888820000,1790895900000,LIGHT
A_p55_x70_w15_e3_b5_r3,1790895900000,1790896320000,DEEP
A_p55_x70_w15_e3_b5_r3,1790896320000,1790896349427,LIGHT
A_p55_x70_w15_e3_b5_r5,1790875829427,1790880900000,LIGHT
A_p55_x70_w15_e3_b5_r5,1790880900000,1790881260000,DEEP
A_p55_x70_w15_e3_b5_r5,1790881260000,1790886480000,LIGHT
A_p55_x70_w15_e3_b5_r5,1790886480000,1790888820000,DEEP
A_p55_x70_w15_e3_b5_r5,1790888820000,1790895900000,LIGHT
A_p55_x70_w15_e3_b5_r5,1790895900000,1790896320000,DEEP
A_p55_x70_w15_e3_b5_r5,1790896320000,1790896349427,LIGHT
A_p55_x70_w15_e3_b7_r3,1790875829427,1790886480000,LIGHT
A_p55_x70_w15_e3_b7_r3,1790886480000,1790888820000,DEEP
A_p55_x70_w15_e3_b7_r3,1790888820000,1790895900000,LIGHT
A_p55_x70_w15_e3_b7_r3,1790895900000,1790896320000,DEEP
A_p55_x70_w15_e3_b7_r3,1790896320000,1790896349427,LIGHT
A_p55_x70_w15_e3_b7_r5,1790875829427,1790886480000,LIGHT
A_p55_x70_w15_e3_b7_r5,1790886480000,1790888820000,DEEP
A_p55_x70_w15_e3_b7_r5,1790888820000,1790895900000,LIGHT
A_p55_x70_w15_e3_b7_r5,1790895900000,1790896320000,DEEP
A_p55_x70_w15_e3_b7_r5,1790896320000,1790896349427,LIGHT
A_p55_x70_w15_e3_b10_r3,1790875829427,1790886480000,LIGHT
A_p55_x70_w15_e3_b10_r3,1790886480000,1790888820000,DEEP
A_p55_x70_w15_e3_b10_r3,1790888820000,1790896349427,LIGHT
A_p55_x75_w10_e1_b5_r3,1790875829427,1790880480000,LIGHT
A_p55_x75_w10_e1_b5_r3,1790880480000,1790882100000,DEEP
A_p55_x75_w10_e1_b5_r3,1790882100000,1790886300000,LIGHT
A_p55_x75_w10_e1_b5_r3,1790886300000,1790888820000,DEEP
A_p55_x75_w10_e1_b5_r3,1790888820000,1790895540000,LIGHT
A_p55_x75_w10_e1_b5_r3,1790895540000,1790896320000,DEEP
A_p55_x75_w10_e1_b5_r3,1790896320000,1790896349427,LIGHT
A_p55_x75_w10_e1_b5_r5,1790875829427,1790880480000,LIGHT
A_p55_x75_w10_e1_b5_r5,1790880480000,1790882100000,DEEP
A_p55_x75_w10_e1_b5_r5,1790882100000,1790886300000,LIGHT
A_p55_x75_w10_e1_b5_r5,1790886300000,1790888820000,DEEP
A_p55_x75_w10_e1_b5_r5,1790888820000,1790895540000,LIGHT
A_p55_x75_w10_e1_b5_r5,1790895540000,1790896320000,DEEP
A_p55_x75_w10_e1_b5_r5,1790896320000,1790896349427,LIGHT
A_p55_x75_w10_e1_b7_r3,1790875829427,1790880480000,LIGHT
A_p55_x75_w10_e1_b7_r3,1790880480000,1790882100000,DEEP
A_p55_x75_w10_e1_b7_r3,1790882100000,1790886300000,LIGHT
A_p55_x75_w10_e1_b7_r3,1790886300000,1790888820000,DEEP
A_p55_x75_w10_e1_b7_r3,1790888820000,1790895540000,LIGHT
A_p55_x75_w10_e1_b7_r3,1790895540000,1790896320000,DEEP
A_p55_x75_w10_e1_b7_r3,1790896320000,1790896349427,LIGHT
A_p55_x75_w10_e1_b7_r5,1790875829427,1790880480000,LIGHT
A_p55_x75_w10_e1_b7_r5,1790880480000,1790882100000,DEEP
A_p55_x75_w10_e1_b7_r5,1790882100000,1790886300000,LIGHT
A_p55_x75_w10_e1_b7_r5,1790886300000,1790888820000,DEEP
A_p55_x75_w10_e1_b7_r5,1790888820000,1790895540000,LIGHT
A_p55_x75_w10_e1_b7_r5,1790895540000,1790896320000,DEEP
A_p55_x75_w10_e1_b7_r5,1790896320000,1790896349427,LIGHT
A_p55_x75_w10_e1_b10_r3,1790875829427,1790880480000,LIGHT
A_p55_x75_w10_e1_b10_r3,1790880480000,1790882100000,DEEP
A_p55_x75_w10_e1_b10_r3,1790882100000,1790886300000,LIGHT
A_p55_x75_w10_e1_b10_r3,1790886300000,1790888820000,DEEP
A_p55_x75_w10_e1_b10_r3,1790888820000,1790895540000,LIGHT
A_p55_x75_w10_e1_b10_r3,1790895540000,1790896320000,DEEP
A_p55_x75_w10_e1_b10_r3,1790896320000,1790896349427,LIGHT
A_p55_x75_w10_e1_b10_r5,1790875829427,1790880480000,LIGHT
A_p55_x75_w10_e1_b10_r5,1790880480000,1790882100000,DEEP
A_p55_x75_w10_e1_b10_r5,1790882100000,1790886300000,LIGHT
A_p55_x75_w10_e1_b10_r5,1790886300000,1790888820000,DEEP
A_p55_x75_w10_e1_b10_r5,1790888820000,1790895540000,LIGHT
A_p55_x75_w10_e1_b10_r5,1790895540000,1790896320000,DEEP
A_p55_x75_w10_e1_b10_r5,1790896320000,1790896349427,LIGHT
A_p55_x75_w10_e2_b5_r3,1790875829427,1790880480000,LIGHT
A_p55_x75_w10_e2_b5_r3,1790880480000,1790882100000,DEEP
A_p55_x75_w10_e2_b5_r3,1790882100000,1790886300000,LIGHT
A_p55_x75_w10_e2_b5_r3,1790886300000,1790888820000,DEEP
A_p55_x75_w10_e2_b5_r3,1790888820000,1790895540000,LIGHT
A_p55_x75_w10_e2_b5_r3,1790895540000,1790896320000,DEEP
A_p55_x75_w10_e2_b5_r3,1790896320000,1790896349427,LIGHT
A_p55_x75_w10_e2_b5_r5,1790875829427,1790880480000,LIGHT
A_p55_x75_w10_e2_b5_r5,1790880480000,1790882100000,DEEP
A_p55_x75_w10_e2_b5_r5,1790882100000,1790886300000,LIGHT
A_p55_x75_w10_e2_b5_r5,1790886300000,1790888820000,DEEP
A_p55_x75_w10_e2_b5_r5,1790888820000,1790895540000,LIGHT
A_p55_x75_w10_e2_b5_r5,1790895540000,1790896320000,DEEP
A_p55_x75_w10_e2_b5_r5,1790896320000,1790896349427,LIGHT
A_p55_x75_w10_e2_b7_r3,1790875829427,1790880480000,LIGHT
A_p55_x75_w10_e2_b7_r3,1790880480000,1790882100000,DEEP
A_p55_x75_w10_e2_b7_r3,1790882100000,1790886300000,LIGHT
A_p55_x75_w10_e2_b7_r3,1790886300000,1790888820000,DEEP
A_p55_x75_w10_e2_b7_r3,1790888820000,1790895540000,LIGHT
A_p55_x75_w10_e2_b7_r3,1790895540000,1790896320000,DEEP
A_p55_x75_w10_e2_b7_r3,1790896320000,1790896349427,LIGHT
A_p55_x75_w10_e2_b7_r5,1790875829427,1790880480000,LIGHT
A_p55_x75_w10_e2_b7_r5,1790880480000,1790882100000,DEEP
A_p55_x75_w10_e2_b7_r5,1790882100000,1790886300000,LIGHT
A_p55_x75_w10_e2_b7_r5,1790886300000,1790888820000,DEEP
A_p55_x75_w10_e2_b7_r5,1790888820000,1790895540000,LIGHT
A_p55_x75_w10_e2_b7_r5,1790895540000,1790896320000,DEEP
A_p55_x75_w10_e2_b7_r5,1790896320000,1790896349427,LIGHT
A_p55_x75_w10_e2_b10_r3,1790875829427,1790880480000,LIGHT
A_p55_x75_w10_e2_b10_r3,1790880480000,1790882100000,DEEP
A_p55_x75_w10_e2_b10_r3,1790882100000,1790886300000,LIGHT
A_p55_x75_w10_e2_b10_r3,1790886300000,1790888820000,DEEP
A_p55_x75_w10_e2_b10_r3,1790888820000,1790895540000,LIGHT
A_p55_x75_w10_e2_b10_r3,1790895540000,1790896320000,DEEP
A_p55_x75_w10_e2_b10_r3,1790896320000,1790896349427,LIGHT
A_p55_x75_w10_e2_b10_r5,1790875829427,1790880480000,LIGHT
A_p55_x75_w10_e2_b10_r5,1790880480000,1790882100000,DEEP
A_p55_x75_w10_e2_b10_r5,1790882100000,1790886300000,LIGHT
A_p55_x75_w10_e2_b10_r5,1790886300000,1790888820000,DEEP
A_p55_x75_w10_e2_b10_r5,1790888820000,1790895540000,LIGHT
A_p55_x75_w10_e2_b10_r5,1790895540000,1790896320000,DEEP
A_p55_x75_w10_e2_b10_r5,1790896320000,1790896349427,LIGHT
A_p55_x75_w10_e3_b5_r3,1790875829427,1790880480000,LIGHT
A_p55_x75_w10_e3_b5_r3,1790880480000,1790882100000,DEEP
A_p55_x75_w10_e3_b5_r3,1790882100000,1790886300000,LIGHT
A_p55_x75_w10_e3_b5_r3,1790886300000,1790888820000,DEEP
A_p55_x75_w10_e3_b5_r3,1790888820000,1790895540000,LIGHT
A_p55_x75_w10_e3_b5_r3,1790895540000,1790896320000,DEEP
A_p55_x75_w10_e3_b5_r3,1790896320000,1790896349427,LIGHT
A_p55_x75_w10_e3_b5_r5,1790875829427,1790880480000,LIGHT
A_p55_x75_w10_e3_b5_r5,1790880480000,1790882100000,DEEP
A_p55_x75_w10_e3_b5_r5,1790882100000,1790886300000,LIGHT
A_p55_x75_w10_e3_b5_r5,1790886300000,1790888820000,DEEP
A_p55_x75_w10_e3_b5_r5,1790888820000,1790895540000,LIGHT
A_p55_x75_w10_e3_b5_r5,1790895540000,1790896320000,DEEP
A_p55_x75_w10_e3_b5_r5,1790896320000,1790896349427,LIGHT
A_p55_x75_w10_e3_b7_r3,1790875829427,1790880480000,LIGHT
A_p55_x75_w10_e3_b7_r3,1790880480000,1790882100000,DEEP
A_p55_x75_w10_e3_b7_r3,1790882100000,1790886300000,LIGHT
A_p55_x75_w10_e3_b7_r3,1790886300000,1790888820000,DEEP
A_p55_x75_w10_e3_b7_r3,1790888820000,1790895540000,LIGHT
A_p55_x75_w10_e3_b7_r3,1790895540000,1790896320000,DEEP
A_p55_x75_w10_e3_b7_r3,1790896320000,1790896349427,LIGHT
A_p55_x75_w10_e3_b7_r5,1790875829427,1790880480000,LIGHT
A_p55_x75_w10_e3_b7_r5,1790880480000,1790882100000,DEEP
A_p55_x75_w10_e3_b7_r5,1790882100000,1790886300000,LIGHT
A_p55_x75_w10_e3_b7_r5,1790886300000,1790888820000,DEEP
A_p55_x75_w10_e3_b7_r5,1790888820000,1790895540000,LIGHT
A_p55_x75_w10_e3_b7_r5,1790895540000,1790896320000,DEEP
A_p55_x75_w10_e3_b7_r5,1790896320000,1790896349427,LIGHT
A_p55_x75_w10_e3_b10_r3,1790875829427,1790880480000,LIGHT
A_p55_x75_w10_e3_b10_r3,1790880480000,1790882100000,DEEP
A_p55_x75_w10_e3_b10_r3,1790882100000,1790886300000,LIGHT
A_p55_x75_w10_e3_b10_r3,1790886300000,1790888820000,DEEP
A_p55_x75_w10_e3_b10_r3,1790888820000,1790895540000,LIGHT
A_p55_x75_w10_e3_b10_r3,1790895540000,1790896320000,DEEP
A_p55_x75_w10_e3_b10_r3,1790896320000,1790896349427,LIGHT
A_p55_x75_w10_e3_b10_r5,1790875829427,1790880480000,LIGHT
A_p55_x75_w10_e3_b10_r5,1790880480000,1790882100000,DEEP
A_p55_x75_w10_e3_b10_r5,1790882100000,1790886300000,LIGHT
A_p55_x75_w10_e3_b10_r5,1790886300000,1790888820000,DEEP
A_p55_x75_w10_e3_b10_r5,1790888820000,1790895540000,LIGHT
A_p55_x75_w10_e3_b10_r5,1790895540000,1790896320000,DEEP
A_p55_x75_w10_e3_b10_r5,1790896320000,1790896349427,LIGHT
A_p55_x75_w12_e1_b5_r3,1790875829427,1790880780000,LIGHT
A_p55_x75_w12_e1_b5_r3,1790880780000,1790882100000,DEEP
A_p55_x75_w12_e1_b5_r3,1790882100000,1790886300000,LIGHT
A_p55_x75_w12_e1_b5_r3,1790886300000,1790888820000,DEEP
A_p55_x75_w12_e1_b5_r3,1790888820000,1790895720000,LIGHT
A_p55_x75_w12_e1_b5_r3,1790895720000,1790896320000,DEEP
A_p55_x75_w12_e1_b5_r3,1790896320000,1790896349427,LIGHT
A_p55_x75_w12_e1_b5_r5,1790875829427,1790880780000,LIGHT
A_p55_x75_w12_e1_b5_r5,1790880780000,1790882100000,DEEP
A_p55_x75_w12_e1_b5_r5,1790882100000,1790886300000,LIGHT
A_p55_x75_w12_e1_b5_r5,1790886300000,1790888820000,DEEP
A_p55_x75_w12_e1_b5_r5,1790888820000,1790895720000,LIGHT
A_p55_x75_w12_e1_b5_r5,1790895720000,1790896320000,DEEP
A_p55_x75_w12_e1_b5_r5,1790896320000,1790896349427,LIGHT
A_p55_x75_w12_e1_b7_r3,1790875829427,1790880780000,LIGHT
A_p55_x75_w12_e1_b7_r3,1790880780000,1790882100000,DEEP
A_p55_x75_w12_e1_b7_r3,1790882100000,1790886300000,LIGHT
A_p55_x75_w12_e1_b7_r3,1790886300000,1790888820000,DEEP
A_p55_x75_w12_e1_b7_r3,1790888820000,1790895720000,LIGHT
A_p55_x75_w12_e1_b7_r3,1790895720000,1790896320000,DEEP
A_p55_x75_w12_e1_b7_r3,1790896320000,1790896349427,LIGHT
A_p55_x75_w12_e1_b7_r5,1790875829427,1790880780000,LIGHT
A_p55_x75_w12_e1_b7_r5,1790880780000,1790882100000,DEEP
A_p55_x75_w12_e1_b7_r5,1790882100000,1790886300000,LIGHT
A_p55_x75_w12_e1_b7_r5,1790886300000,1790888820000,DEEP
A_p55_x75_w12_e1_b7_r5,1790888820000,1790895720000,LIGHT
A_p55_x75_w12_e1_b7_r5,1790895720000,1790896320000,DEEP
A_p55_x75_w12_e1_b7_r5,1790896320000,1790896349427,LIGHT
A_p55_x75_w12_e1_b10_r3,1790875829427,1790880780000,LIGHT
A_p55_x75_w12_e1_b10_r3,1790880780000,1790882100000,DEEP
A_p55_x75_w12_e1_b10_r3,1790882100000,1790886300000,LIGHT
A_p55_x75_w12_e1_b10_r3,1790886300000,1790888820000,DEEP
A_p55_x75_w12_e1_b10_r3,1790888820000,1790895720000,LIGHT
A_p55_x75_w12_e1_b10_r3,1790895720000,1790896320000,DEEP
A_p55_x75_w12_e1_b10_r3,1790896320000,1790896349427,LIGHT
A_p55_x75_w12_e1_b10_r5,1790875829427,1790880780000,LIGHT
A_p55_x75_w12_e1_b10_r5,1790880780000,1790882100000,DEEP
A_p55_x75_w12_e1_b10_r5,1790882100000,1790886300000,LIGHT
A_p55_x75_w12_e1_b10_r5,1790886300000,1790888820000,DEEP
A_p55_x75_w12_e1_b10_r5,1790888820000,1790895720000,LIGHT
A_p55_x75_w12_e1_b10_r5,1790895720000,1790896320000,DEEP
A_p55_x75_w12_e1_b10_r5,1790896320000,1790896349427,LIGHT
A_p55_x75_w12_e2_b5_r3,1790875829427,1790880780000,LIGHT
A_p55_x75_w12_e2_b5_r3,1790880780000,1790882100000,DEEP
A_p55_x75_w12_e2_b5_r3,1790882100000,1790886300000,LIGHT
A_p55_x75_w12_e2_b5_r3,1790886300000,1790888820000,DEEP
A_p55_x75_w12_e2_b5_r3,1790888820000,1790895720000,LIGHT
A_p55_x75_w12_e2_b5_r3,1790895720000,1790896320000,DEEP
A_p55_x75_w12_e2_b5_r3,1790896320000,1790896349427,LIGHT
A_p55_x75_w12_e2_b5_r5,1790875829427,1790880780000,LIGHT
A_p55_x75_w12_e2_b5_r5,1790880780000,1790882100000,DEEP
A_p55_x75_w12_e2_b5_r5,1790882100000,1790886300000,LIGHT
A_p55_x75_w12_e2_b5_r5,1790886300000,1790888820000,DEEP
A_p55_x75_w12_e2_b5_r5,1790888820000,1790895720000,LIGHT
A_p55_x75_w12_e2_b5_r5,1790895720000,1790896320000,DEEP
A_p55_x75_w12_e2_b5_r5,1790896320000,1790896349427,LIGHT
A_p55_x75_w12_e2_b7_r3,1790875829427,1790880780000,LIGHT
A_p55_x75_w12_e2_b7_r3,1790880780000,1790882100000,DEEP
A_p55_x75_w12_e2_b7_r3,1790882100000,1790886300000,LIGHT
A_p55_x75_w12_e2_b7_r3,1790886300000,1790888820000,DEEP
A_p55_x75_w12_e2_b7_r3,1790888820000,1790895720000,LIGHT
A_p55_x75_w12_e2_b7_r3,1790895720000,1790896320000,DEEP
A_p55_x75_w12_e2_b7_r3,1790896320000,1790896349427,LIGHT
A_p55_x75_w12_e2_b7_r5,1790875829427,1790880780000,LIGHT
A_p55_x75_w12_e2_b7_r5,1790880780000,1790882100000,DEEP
A_p55_x75_w12_e2_b7_r5,1790882100000,1790886300000,LIGHT
A_p55_x75_w12_e2_b7_r5,1790886300000,1790888820000,DEEP
A_p55_x75_w12_e2_b7_r5,1790888820000,1790895720000,LIGHT
A_p55_x75_w12_e2_b7_r5,1790895720000,1790896320000,DEEP
A_p55_x75_w12_e2_b7_r5,1790896320000,1790896349427,LIGHT
A_p55_x75_w12_e2_b10_r3,1790875829427,1790880780000,LIGHT
A_p55_x75_w12_e2_b10_r3,1790880780000,1790882100000,DEEP
A_p55_x75_w12_e2_b10_r3,1790882100000,1790886300000,LIGHT
A_p55_x75_w12_e2_b10_r3,1790886300000,1790888820000,DEEP
A_p55_x75_w12_e2_b10_r3,1790888820000,1790895720000,LIGHT
A_p55_x75_w12_e2_b10_r3,1790895720000,1790896320000,DEEP
A_p55_x75_w12_e2_b10_r3,1790896320000,1790896349427,LIGHT
A_p55_x75_w12_e2_b10_r5,1790875829427,1790880780000,LIGHT
A_p55_x75_w12_e2_b10_r5,1790880780000,1790882100000,DEEP
A_p55_x75_w12_e2_b10_r5,1790882100000,1790886300000,LIGHT
A_p55_x75_w12_e2_b10_r5,1790886300000,1790888820000,DEEP
A_p55_x75_w12_e2_b10_r5,1790888820000,1790895720000,LIGHT
A_p55_x75_w12_e2_b10_r5,1790895720000,1790896320000,DEEP
A_p55_x75_w12_e2_b10_r5,1790896320000,1790896349427,LIGHT
A_p55_x75_w12_e3_b5_r3,1790875829427,1790880780000,LIGHT
A_p55_x75_w12_e3_b5_r3,1790880780000,1790882100000,DEEP
A_p55_x75_w12_e3_b5_r3,1790882100000,1790886300000,LIGHT
A_p55_x75_w12_e3_b5_r3,1790886300000,1790888820000,DEEP
A_p55_x75_w12_e3_b5_r3,1790888820000,1790895720000,LIGHT
A_p55_x75_w12_e3_b5_r3,1790895720000,1790896320000,DEEP
A_p55_x75_w12_e3_b5_r3,1790896320000,1790896349427,LIGHT
A_p55_x75_w12_e3_b5_r5,1790875829427,1790880780000,LIGHT
A_p55_x75_w12_e3_b5_r5,1790880780000,1790882100000,DEEP
A_p55_x75_w12_e3_b5_r5,1790882100000,1790886300000,LIGHT
A_p55_x75_w12_e3_b5_r5,1790886300000,1790888820000,DEEP
A_p55_x75_w12_e3_b5_r5,1790888820000,1790895720000,LIGHT
A_p55_x75_w12_e3_b5_r5,1790895720000,1790896320000,DEEP
A_p55_x75_w12_e3_b5_r5,1790896320000,1790896349427,LIGHT
A_p55_x75_w12_e3_b7_r3,1790875829427,1790880780000,LIGHT
A_p55_x75_w12_e3_b7_r3,1790880780000,1790882100000,DEEP
A_p55_x75_w12_e3_b7_r3,1790882100000,1790886300000,LIGHT
A_p55_x75_w12_e3_b7_r3,1790886300000,1790888820000,DEEP
A_p55_x75_w12_e3_b7_r3,1790888820000,1790895720000,LIGHT
A_p55_x75_w12_e3_b7_r3,1790895720000,1790896320000,DEEP
A_p55_x75_w12_e3_b7_r3,1790896320000,1790896349427,LIGHT
A_p55_x75_w12_e3_b7_r5,1790875829427,1790880780000,LIGHT
A_p55_x75_w12_e3_b7_r5,1790880780000,1790882100000,DEEP
A_p55_x75_w12_e3_b7_r5,1790882100000,1790886300000,LIGHT
A_p55_x75_w12_e3_b7_r5,1790886300000,1790888820000,DEEP
A_p55_x75_w12_e3_b7_r5,1790888820000,1790895720000,LIGHT
A_p55_x75_w12_e3_b7_r5,1790895720000,1790896320000,DEEP
A_p55_x75_w12_e3_b7_r5,1790896320000,1790896349427,LIGHT
A_p55_x75_w12_e3_b10_r3,1790875829427,1790880780000,LIGHT
A_p55_x75_w12_e3_b10_r3,1790880780000,1790882100000,DEEP
A_p55_x75_w12_e3_b10_r3,1790882100000,1790886300000,LIGHT
A_p55_x75_w12_e3_b10_r3,1790886300000,1790888820000,DEEP
A_p55_x75_w12_e3_b10_r3,1790888820000,1790895720000,LIGHT
A_p55_x75_w12_e3_b10_r3,1790895720000,1790896320000,DEEP
A_p55_x75_w12_e3_b10_r3,1790896320000,1790896349427,LIGHT
A_p55_x75_w12_e3_b10_r5,1790875829427,1790880780000,LIGHT
A_p55_x75_w12_e3_b10_r5,1790880780000,1790882100000,DEEP
A_p55_x75_w12_e3_b10_r5,1790882100000,1790886300000,LIGHT
A_p55_x75_w12_e3_b10_r5,1790886300000,1790888820000,DEEP
A_p55_x75_w12_e3_b10_r5,1790888820000,1790895720000,LIGHT
A_p55_x75_w12_e3_b10_r5,1790895720000,1790896320000,DEEP
A_p55_x75_w12_e3_b10_r5,1790896320000,1790896349427,LIGHT
A_p55_x75_w15_e1_b5_r3,1790875829427,1790880900000,LIGHT
A_p55_x75_w15_e1_b5_r3,1790880900000,1790882100000,DEEP
A_p55_x75_w15_e1_b5_r3,1790882100000,1790886480000,LIGHT
A_p55_x75_w15_e1_b5_r3,1790886480000,1790888820000,DEEP
A_p55_x75_w15_e1_b5_r3,1790888820000,1790895900000,LIGHT
A_p55_x75_w15_e1_b5_r3,1790895900000,1790896320000,DEEP
A_p55_x75_w15_e1_b5_r3,1790896320000,1790896349427,LIGHT
A_p55_x75_w15_e1_b5_r5,1790875829427,1790880900000,LIGHT
A_p55_x75_w15_e1_b5_r5,1790880900000,1790882100000,DEEP
A_p55_x75_w15_e1_b5_r5,1790882100000,1790886480000,LIGHT
A_p55_x75_w15_e1_b5_r5,1790886480000,1790888820000,DEEP
A_p55_x75_w15_e1_b5_r5,1790888820000,1790895900000,LIGHT
A_p55_x75_w15_e1_b5_r5,1790895900000,1790896320000,DEEP
A_p55_x75_w15_e1_b5_r5,1790896320000,1790896349427,LIGHT
A_p55_x75_w15_e1_b7_r3,1790875829427,1790880900000,LIGHT
A_p55_x75_w15_e1_b7_r3,1790880900000,1790882100000,DEEP
A_p55_x75_w15_e1_b7_r3,1790882100000,1790886480000,LIGHT
A_p55_x75_w15_e1_b7_r3,1790886480000,1790888820000,DEEP
A_p55_x75_w15_e1_b7_r3,1790888820000,1790895900000,LIGHT
A_p55_x75_w15_e1_b7_r3,1790895900000,1790896320000,DEEP
A_p55_x75_w15_e1_b7_r3,1790896320000,1790896349427,LIGHT
A_p55_x75_w15_e1_b7_r5,1790875829427,1790880900000,LIGHT
A_p55_x75_w15_e1_b7_r5,1790880900000,1790882100000,DEEP
A_p55_x75_w15_e1_b7_r5,1790882100000,1790886480000,LIGHT
A_p55_x75_w15_e1_b7_r5,1790886480000,1790888820000,DEEP
A_p55_x75_w15_e1_b7_r5,1790888820000,1790895900000,LIGHT
A_p55_x75_w15_e1_b7_r5,1790895900000,1790896320000,DEEP
A_p55_x75_w15_e1_b7_r5,1790896320000,1790896349427,LIGHT
A_p55_x75_w15_e1_b10_r3,1790875829427,1790880900000,LIGHT
A_p55_x75_w15_e1_b10_r3,1790880900000,1790882100000,DEEP
A_p55_x75_w15_e1_b10_r3,1790882100000,1790886480000,LIGHT
A_p55_x75_w15_e1_b10_r3,1790886480000,1790888820000,DEEP
A_p55_x75_w15_e1_b10_r3,1790888820000,1790896349427,LIGHT
A_p55_x75_w15_e1_b10_r5,1790875829427,1790880900000,LIGHT
A_p55_x75_w15_e1_b10_r5,1790880900000,1790882100000,DEEP
A_p55_x75_w15_e1_b10_r5,1790882100000,1790886480000,LIGHT
A_p55_x75_w15_e1_b10_r5,1790886480000,1790888820000,DEEP
A_p55_x75_w15_e1_b10_r5,1790888820000,1790896349427,LIGHT
A_p55_x75_w15_e2_b5_r3,1790875829427,1790880900000,LIGHT
A_p55_x75_w15_e2_b5_r3,1790880900000,1790882100000,DEEP
A_p55_x75_w15_e2_b5_r3,1790882100000,1790886480000,LIGHT
A_p55_x75_w15_e2_b5_r3,1790886480000,1790888820000,DEEP
A_p55_x75_w15_e2_b5_r3,1790888820000,1790895900000,LIGHT
A_p55_x75_w15_e2_b5_r3,1790895900000,1790896320000,DEEP
A_p55_x75_w15_e2_b5_r3,1790896320000,1790896349427,LIGHT
A_p55_x75_w15_e2_b5_r5,1790875829427,1790880900000,LIGHT
A_p55_x75_w15_e2_b5_r5,1790880900000,1790882100000,DEEP
A_p55_x75_w15_e2_b5_r5,1790882100000,1790886480000,LIGHT
A_p55_x75_w15_e2_b5_r5,1790886480000,1790888820000,DEEP
A_p55_x75_w15_e2_b5_r5,1790888820000,1790895900000,LIGHT
A_p55_x75_w15_e2_b5_r5,1790895900000,1790896320000,DEEP
A_p55_x75_w15_e2_b5_r5,1790896320000,1790896349427,LIGHT
A_p55_x75_w15_e2_b7_r3,1790875829427,1790880900000,LIGHT
A_p55_x75_w15_e2_b7_r3,1790880900000,1790882100000,DEEP
A_p55_x75_w15_e2_b7_r3,1790882100000,1790886480000,LIGHT
A_p55_x75_w15_e2_b7_r3,1790886480000,1790888820000,DEEP
A_p55_x75_w15_e2_b7_r3,1790888820000,1790895900000,LIGHT
A_p55_x75_w15_e2_b7_r3,1790895900000,1790896320000,DEEP
A_p55_x75_w15_e2_b7_r3,1790896320000,1790896349427,LIGHT
A_p55_x75_w15_e2_b7_r5,1790875829427,1790880900000,LIGHT
A_p55_x75_w15_e2_b7_r5,1790880900000,1790882100000,DEEP
A_p55_x75_w15_e2_b7_r5,1790882100000,1790886480000,LIGHT
A_p55_x75_w15_e2_b7_r5,1790886480000,1790888820000,DEEP
A_p55_x75_w15_e2_b7_r5,1790888820000,1790895900000,LIGHT
A_p55_x75_w15_e2_b7_r5,1790895900000,1790896320000,DEEP
A_p55_x75_w15_e2_b7_r5,1790896320000,1790896349427,LIGHT
A_p55_x75_w15_e2_b10_r3,1790875829427,1790880900000,LIGHT
A_p55_x75_w15_e2_b10_r3,1790880900000,1790882100000,DEEP
A_p55_x75_w15_e2_b10_r3,1790882100000,1790886480000,LIGHT
A_p55_x75_w15_e2_b10_r3,1790886480000,1790888820000,DEEP
A_p55_x75_w15_e2_b10_r3,1790888820000,1790896349427,LIGHT
A_p55_x75_w15_e2_b10_r5,1790875829427,1790880900000,LIGHT
A_p55_x75_w15_e2_b10_r5,1790880900000,1790882100000,DEEP
A_p55_x75_w15_e2_b10_r5,1790882100000,1790886480000,LIGHT
A_p55_x75_w15_e2_b10_r5,1790886480000,1790888820000,DEEP
A_p55_x75_w15_e2_b10_r5,1790888820000,1790896349427,LIGHT
A_p55_x75_w15_e3_b5_r3,1790875829427,1790880900000,LIGHT
A_p55_x75_w15_e3_b5_r3,1790880900000,1790882100000,DEEP
A_p55_x75_w15_e3_b5_r3,1790882100000,1790886480000,LIGHT
A_p55_x75_w15_e3_b5_r3,1790886480000,1790888820000,DEEP
A_p55_x75_w15_e3_b5_r3,1790888820000,1790895900000,LIGHT
A_p55_x75_w15_e3_b5_r3,1790895900000,1790896320000,DEEP
A_p55_x75_w15_e3_b5_r3,1790896320000,1790896349427,LIGHT
A_p55_x75_w15_e3_b5_r5,1790875829427,1790880900000,LIGHT
A_p55_x75_w15_e3_b5_r5,1790880900000,1790882100000,DEEP
A_p55_x75_w15_e3_b5_r5,1790882100000,1790886480000,LIGHT
A_p55_x75_w15_e3_b5_r5,1790886480000,1790888820000,DEEP
A_p55_x75_w15_e3_b5_r5,1790888820000,1790895900000,LIGHT
A_p55_x75_w15_e3_b5_r5,1790895900000,1790896320000,DEEP
A_p55_x75_w15_e3_b5_r5,1790896320000,1790896349427,LIGHT
A_p55_x75_w15_e3_b7_r3,1790875829427,1790880900000,LIGHT
A_p55_x75_w15_e3_b7_r3,1790880900000,1790882100000,DEEP
A_p55_x75_w15_e3_b7_r3,1790882100000,1790886480000,LIGHT
A_p55_x75_w15_e3_b7_r3,1790886480000,1790888820000,DEEP
A_p55_x75_w15_e3_b7_r3,1790888820000,1790895900000,LIGHT
A_p55_x75_w15_e3_b7_r3,1790895900000,1790896320000,DEEP
A_p55_x75_w15_e3_b7_r3,1790896320000,1790896349427,LIGHT
A_p55_x75_w15_e3_b7_r5,1790875829427,1790880900000,LIGHT
A_p55_x75_w15_e3_b7_r5,1790880900000,1790882100000,DEEP
A_p55_x75_w15_e3_b7_r5,1790882100000,1790886480000,LIGHT
A_p55_x75_w15_e3_b7_r5,1790886480000,1790888820000,DEEP
A_p55_x75_w15_e3_b7_r5,1790888820000,1790895900000,LIGHT
A_p55_x75_w15_e3_b7_r5,1790895900000,1790896320000,DEEP
A_p55_x75_w15_e3_b7_r5,1790896320000,1790896349427,LIGHT
A_p55_x75_w15_e3_b10_r3,1790875829427,1790880900000,LIGHT
A_p55_x75_w15_e3_b10_r3,1790880900000,1790882100000,DEEP
A_p55_x75_w15_e3_b10_r3,1790882100000,1790886480000,LIGHT
A_p55_x75_w15_e3_b10_r3,1790886480000,1790888820000,DEEP
A_p55_x75_w15_e3_b10_r3,1790888820000,1790896349427,LIGHT
A_p55_x75_w15_e3_b10_r5,1790875829427,1790880900000,LIGHT
A_p55_x75_w15_e3_b10_r5,1790880900000,1790882100000,DEEP
A_p55_x75_w15_e3_b10_r5,1790882100000,1790886480000,LIGHT
A_p55_x75_w15_e3_b10_r5,1790886480000,1790888820000,DEEP
A_p55_x75_w15_e3_b10_r5,1790888820000,1790896349427,LIGHT
A_p60_x65_w10_e1_b5_r3,1790875829427,1790880480000,LIGHT
A_p60_x65_w10_e1_b5_r3,1790880480000,1790881080000,DEEP
A_p60_x65_w10_e1_b5_r3,1790881080000,1790886300000,LIGHT
A_p60_x65_w10_e1_b5_r3,1790886300000,1790888820000,DEEP
A_p60_x65_w10_e1_b5_r3,1790888820000,1790895480000,LIGHT
A_p60_x65_w10_e1_b5_r3,1790895480000,1790896320000,DEEP
A_p60_x65_w10_e1_b5_r3,1790896320000,1790896349427,LIGHT
A_p60_x65_w10_e1_b5_r5,1790875829427,1790880480000,LIGHT
A_p60_x65_w10_e1_b5_r5,1790880480000,1790881140000,DEEP
A_p60_x65_w10_e1_b5_r5,1790881140000,1790886300000,LIGHT
A_p60_x65_w10_e1_b5_r5,1790886300000,1790888820000,DEEP
A_p60_x65_w10_e1_b5_r5,1790888820000,1790895480000,LIGHT
A_p60_x65_w10_e1_b5_r5,1790895480000,1790896320000,DEEP
A_p60_x65_w10_e1_b5_r5,1790896320000,1790896349427,LIGHT
A_p60_x65_w10_e1_b7_r3,1790875829427,1790880480000,LIGHT
A_p60_x65_w10_e1_b7_r3,1790880480000,1790881080000,DEEP
A_p60_x65_w10_e1_b7_r3,1790881080000,1790886300000,LIGHT
A_p60_x65_w10_e1_b7_r3,1790886300000,1790888820000,DEEP
A_p60_x65_w10_e1_b7_r3,1790888820000,1790895480000,LIGHT
A_p60_x65_w10_e1_b7_r3,1790895480000,1790896320000,DEEP
A_p60_x65_w10_e1_b7_r3,1790896320000,1790896349427,LIGHT
A_p60_x65_w10_e1_b7_r5,1790875829427,1790880480000,LIGHT
A_p60_x65_w10_e1_b7_r5,1790880480000,1790881140000,DEEP
A_p60_x65_w10_e1_b7_r5,1790881140000,1790886300000,LIGHT
A_p60_x65_w10_e1_b7_r5,1790886300000,1790888820000,DEEP
A_p60_x65_w10_e1_b7_r5,1790888820000,1790895480000,LIGHT
A_p60_x65_w10_e1_b7_r5,1790895480000,1790896320000,DEEP
A_p60_x65_w10_e1_b7_r5,1790896320000,1790896349427,LIGHT
A_p60_x65_w10_e1_b10_r3,1790875829427,1790880480000,LIGHT
A_p60_x65_w10_e1_b10_r3,1790880480000,1790881080000,DEEP
A_p60_x65_w10_e1_b10_r3,1790881080000,1790886300000,LIGHT
A_p60_x65_w10_e1_b10_r3,1790886300000,1790888820000,DEEP
A_p60_x65_w10_e1_b10_r3,1790888820000,1790895480000,LIGHT
A_p60_x65_w10_e1_b10_r3,1790895480000,1790896320000,DEEP
A_p60_x65_w10_e1_b10_r3,1790896320000,1790896349427,LIGHT
A_p60_x65_w10_e1_b10_r5,1790875829427,1790880480000,LIGHT
A_p60_x65_w10_e1_b10_r5,1790880480000,1790881140000,DEEP
A_p60_x65_w10_e1_b10_r5,1790881140000,1790886300000,LIGHT
A_p60_x65_w10_e1_b10_r5,1790886300000,1790888820000,DEEP
A_p60_x65_w10_e1_b10_r5,1790888820000,1790895480000,LIGHT
A_p60_x65_w10_e1_b10_r5,1790895480000,1790896320000,DEEP
A_p60_x65_w10_e1_b10_r5,1790896320000,1790896349427,LIGHT
A_p60_x65_w10_e2_b5_r3,1790875829427,1790880480000,LIGHT
A_p60_x65_w10_e2_b5_r3,1790880480000,1790881140000,DEEP
A_p60_x65_w10_e2_b5_r3,1790881140000,1790886300000,LIGHT
A_p60_x65_w10_e2_b5_r3,1790886300000,1790888820000,DEEP
A_p60_x65_w10_e2_b5_r3,1790888820000,1790895480000,LIGHT
A_p60_x65_w10_e2_b5_r3,1790895480000,1790896320000,DEEP
A_p60_x65_w10_e2_b5_r3,1790896320000,1790896349427,LIGHT
A_p60_x65_w10_e2_b5_r5,1790875829427,1790880480000,LIGHT
A_p60_x65_w10_e2_b5_r5,1790880480000,1790881200000,DEEP
A_p60_x65_w10_e2_b5_r5,1790881200000,1790886300000,LIGHT
A_p60_x65_w10_e2_b5_r5,1790886300000,1790888820000,DEEP
A_p60_x65_w10_e2_b5_r5,1790888820000,1790895480000,LIGHT
A_p60_x65_w10_e2_b5_r5,1790895480000,1790896320000,DEEP
A_p60_x65_w10_e2_b5_r5,1790896320000,1790896349427,LIGHT
A_p60_x65_w10_e2_b7_r3,1790875829427,1790880480000,LIGHT
A_p60_x65_w10_e2_b7_r3,1790880480000,1790881140000,DEEP
A_p60_x65_w10_e2_b7_r3,1790881140000,1790886300000,LIGHT
A_p60_x65_w10_e2_b7_r3,1790886300000,1790888820000,DEEP
A_p60_x65_w10_e2_b7_r3,1790888820000,1790895480000,LIGHT
A_p60_x65_w10_e2_b7_r3,1790895480000,1790896320000,DEEP
A_p60_x65_w10_e2_b7_r3,1790896320000,1790896349427,LIGHT
A_p60_x65_w10_e2_b7_r5,1790875829427,1790880480000,LIGHT
A_p60_x65_w10_e2_b7_r5,1790880480000,1790881200000,DEEP
A_p60_x65_w10_e2_b7_r5,1790881200000,1790886300000,LIGHT
A_p60_x65_w10_e2_b7_r5,1790886300000,1790888820000,DEEP
A_p60_x65_w10_e2_b7_r5,1790888820000,1790895480000,LIGHT
A_p60_x65_w10_e2_b7_r5,1790895480000,1790896320000,DEEP
A_p60_x65_w10_e2_b7_r5,1790896320000,1790896349427,LIGHT
A_p60_x65_w10_e2_b10_r3,1790875829427,1790880480000,LIGHT
A_p60_x65_w10_e2_b10_r3,1790880480000,1790881140000,DEEP
A_p60_x65_w10_e2_b10_r3,1790881140000,1790886300000,LIGHT
A_p60_x65_w10_e2_b10_r3,1790886300000,1790888820000,DEEP
A_p60_x65_w10_e2_b10_r3,1790888820000,1790895480000,LIGHT
A_p60_x65_w10_e2_b10_r3,1790895480000,1790896320000,DEEP
A_p60_x65_w10_e2_b10_r3,1790896320000,1790896349427,LIGHT
A_p60_x65_w10_e2_b10_r5,1790875829427,1790880480000,LIGHT
A_p60_x65_w10_e2_b10_r5,1790880480000,1790881200000,DEEP
A_p60_x65_w10_e2_b10_r5,1790881200000,1790886300000,LIGHT
A_p60_x65_w10_e2_b10_r5,1790886300000,1790888820000,DEEP
A_p60_x65_w10_e2_b10_r5,1790888820000,1790895480000,LIGHT
A_p60_x65_w10_e2_b10_r5,1790895480000,1790896320000,DEEP
A_p60_x65_w10_e2_b10_r5,1790896320000,1790896349427,LIGHT
A_p60_x65_w10_e3_b5_r3,1790875829427,1790880480000,LIGHT
A_p60_x65_w10_e3_b5_r3,1790880480000,1790881200000,DEEP
A_p60_x65_w10_e3_b5_r3,1790881200000,1790886300000,LIGHT
A_p60_x65_w10_e3_b5_r3,1790886300000,1790888820000,DEEP
A_p60_x65_w10_e3_b5_r3,1790888820000,1790895480000,LIGHT
A_p60_x65_w10_e3_b5_r3,1790895480000,1790896320000,DEEP
A_p60_x65_w10_e3_b5_r3,1790896320000,1790896349427,LIGHT
A_p60_x65_w10_e3_b5_r5,1790875829427,1790880480000,LIGHT
A_p60_x65_w10_e3_b5_r5,1790880480000,1790881260000,DEEP
A_p60_x65_w10_e3_b5_r5,1790881260000,1790886300000,LIGHT
A_p60_x65_w10_e3_b5_r5,1790886300000,1790888820000,DEEP
A_p60_x65_w10_e3_b5_r5,1790888820000,1790895480000,LIGHT
A_p60_x65_w10_e3_b5_r5,1790895480000,1790896320000,DEEP
A_p60_x65_w10_e3_b5_r5,1790896320000,1790896349427,LIGHT
A_p60_x65_w10_e3_b7_r3,1790875829427,1790880480000,LIGHT
A_p60_x65_w10_e3_b7_r3,1790880480000,1790881200000,DEEP
A_p60_x65_w10_e3_b7_r3,1790881200000,1790886300000,LIGHT
A_p60_x65_w10_e3_b7_r3,1790886300000,1790888820000,DEEP
A_p60_x65_w10_e3_b7_r3,1790888820000,1790895480000,LIGHT
A_p60_x65_w10_e3_b7_r3,1790895480000,1790896320000,DEEP
A_p60_x65_w10_e3_b7_r3,1790896320000,1790896349427,LIGHT
A_p60_x65_w10_e3_b7_r5,1790875829427,1790880480000,LIGHT
A_p60_x65_w10_e3_b7_r5,1790880480000,1790881260000,DEEP
A_p60_x65_w10_e3_b7_r5,1790881260000,1790886300000,LIGHT
A_p60_x65_w10_e3_b7_r5,1790886300000,1790888820000,DEEP
A_p60_x65_w10_e3_b7_r5,1790888820000,1790895480000,LIGHT
A_p60_x65_w10_e3_b7_r5,1790895480000,1790896320000,DEEP
A_p60_x65_w10_e3_b7_r5,1790896320000,1790896349427,LIGHT
A_p60_x65_w10_e3_b10_r3,1790875829427,1790880480000,LIGHT
A_p60_x65_w10_e3_b10_r3,1790880480000,1790881200000,DEEP
A_p60_x65_w10_e3_b10_r3,1790881200000,1790886300000,LIGHT
A_p60_x65_w10_e3_b10_r3,1790886300000,1790888820000,DEEP
A_p60_x65_w10_e3_b10_r3,1790888820000,1790895480000,LIGHT
A_p60_x65_w10_e3_b10_r3,1790895480000,1790896320000,DEEP
A_p60_x65_w10_e3_b10_r3,1790896320000,1790896349427,LIGHT
A_p60_x65_w10_e3_b10_r5,1790875829427,1790880480000,LIGHT
A_p60_x65_w10_e3_b10_r5,1790880480000,1790881260000,DEEP
A_p60_x65_w10_e3_b10_r5,1790881260000,1790886300000,LIGHT
A_p60_x65_w10_e3_b10_r5,1790886300000,1790888820000,DEEP
A_p60_x65_w10_e3_b10_r5,1790888820000,1790895480000,LIGHT
A_p60_x65_w10_e3_b10_r5,1790895480000,1790896320000,DEEP
A_p60_x65_w10_e3_b10_r5,1790896320000,1790896349427,LIGHT
A_p60_x65_w12_e1_b5_r3,1790875829427,1790880540000,LIGHT
A_p60_x65_w12_e1_b5_r3,1790880540000,1790881080000,DEEP
A_p60_x65_w12_e1_b5_r3,1790881080000,1790886300000,LIGHT
A_p60_x65_w12_e1_b5_r3,1790886300000,1790888820000,DEEP
A_p60_x65_w12_e1_b5_r3,1790888820000,1790895540000,LIGHT
A_p60_x65_w12_e1_b5_r3,1790895540000,1790896320000,DEEP
A_p60_x65_w12_e1_b5_r3,1790896320000,1790896349427,LIGHT
A_p60_x65_w12_e1_b5_r5,1790875829427,1790880540000,LIGHT
A_p60_x65_w12_e1_b5_r5,1790880540000,1790881140000,DEEP
A_p60_x65_w12_e1_b5_r5,1790881140000,1790886300000,LIGHT
A_p60_x65_w12_e1_b5_r5,1790886300000,1790888820000,DEEP
A_p60_x65_w12_e1_b5_r5,1790888820000,1790895120000,LIGHT
A_p60_x65_w12_e1_b5_r5,1790895120000,1790896320000,DEEP
A_p60_x65_w12_e1_b5_r5,1790896320000,1790896349427,LIGHT
A_p60_x65_w12_e1_b7_r3,1790875829427,1790880540000,LIGHT
A_p60_x65_w12_e1_b7_r3,1790880540000,1790881080000,DEEP
A_p60_x65_w12_e1_b7_r3,1790881080000,1790886300000,LIGHT
A_p60_x65_w12_e1_b7_r3,1790886300000,1790888820000,DEEP
A_p60_x65_w12_e1_b7_r3,1790888820000,1790895540000,LIGHT
A_p60_x65_w12_e1_b7_r3,1790895540000,1790896320000,DEEP
A_p60_x65_w12_e1_b7_r3,1790896320000,1790896349427,LIGHT
A_p60_x65_w12_e1_b7_r5,1790875829427,1790880540000,LIGHT
A_p60_x65_w12_e1_b7_r5,1790880540000,1790881140000,DEEP
A_p60_x65_w12_e1_b7_r5,1790881140000,1790886300000,LIGHT
A_p60_x65_w12_e1_b7_r5,1790886300000,1790888820000,DEEP
A_p60_x65_w12_e1_b7_r5,1790888820000,1790895120000,LIGHT
A_p60_x65_w12_e1_b7_r5,1790895120000,1790896320000,DEEP
A_p60_x65_w12_e1_b7_r5,1790896320000,1790896349427,LIGHT
A_p60_x65_w12_e1_b10_r3,1790875829427,1790886300000,LIGHT
A_p60_x65_w12_e1_b10_r3,1790886300000,1790888820000,DEEP
A_p60_x65_w12_e1_b10_r3,1790888820000,1790895540000,LIGHT
A_p60_x65_w12_e1_b10_r3,1790895540000,1790896320000,DEEP
A_p60_x65_w12_e1_b10_r3,1790896320000,1790896349427,LIGHT
A_p60_x65_w12_e1_b10_r5,1790875829427,1790880540000,LIGHT
A_p60_x65_w12_e1_b10_r5,1790880540000,1790881140000,DEEP
A_p60_x65_w12_e1_b10_r5,1790881140000,1790886300000,LIGHT
A_p60_x65_w12_e1_b10_r5,1790886300000,1790888820000,DEEP
A_p60_x65_w12_e1_b10_r5,1790888820000,1790895120000,LIGHT
A_p60_x65_w12_e1_b10_r5,1790895120000,1790896320000,DEEP
A_p60_x65_w12_e1_b10_r5,1790896320000,1790896349427,LIGHT
A_p60_x65_w12_e2_b5_r3,1790875829427,1790880540000,LIGHT
A_p60_x65_w12_e2_b5_r3,1790880540000,1790881140000,DEEP
A_p60_x65_w12_e2_b5_r3,1790881140000,1790886300000,LIGHT
A_p60_x65_w12_e2_b5_r3,1790886300000,1790888820000,DEEP
A_p60_x65_w12_e2_b5_r3,1790888820000,1790895120000,LIGHT
A_p60_x65_w12_e2_b5_r3,1790895120000,1790895420000,DEEP
A_p60_x65_w12_e2_b5_r3,1790895420000,1790895540000,LIGHT
A_p60_x65_w12_e2_b5_r3,1790895540000,1790896320000,DEEP
A_p60_x65_w12_e2_b5_r3,1790896320000,1790896349427,LIGHT
A_p60_x65_w12_e2_b5_r5,1790875829427,1790880540000,LIGHT
A_p60_x65_w12_e2_b5_r5,1790880540000,1790881200000,DEEP
A_p60_x65_w12_e2_b5_r5,1790881200000,1790886300000,LIGHT
A_p60_x65_w12_e2_b5_r5,1790886300000,1790888820000,DEEP
A_p60_x65_w12_e2_b5_r5,1790888820000,1790895120000,LIGHT
A_p60_x65_w12_e2_b5_r5,1790895120000,1790896320000,DEEP
A_p60_x65_w12_e2_b5_r5,1790896320000,1790896349427,LIGHT
A_p60_x65_w12_e2_b7_r3,1790875829427,1790880540000,LIGHT
A_p60_x65_w12_e2_b7_r3,1790880540000,1790881140000,DEEP
A_p60_x65_w12_e2_b7_r3,1790881140000,1790886300000,LIGHT
A_p60_x65_w12_e2_b7_r3,1790886300000,1790888820000,DEEP
A_p60_x65_w12_e2_b7_r3,1790888820000,1790895540000,LIGHT
A_p60_x65_w12_e2_b7_r3,1790895540000,1790896320000,DEEP
A_p60_x65_w12_e2_b7_r3,1790896320000,1790896349427,LIGHT
A_p60_x65_w12_e2_b7_r5,1790875829427,1790880540000,LIGHT
A_p60_x65_w12_e2_b7_r5,1790880540000,1790881200000,DEEP
A_p60_x65_w12_e2_b7_r5,1790881200000,1790886300000,LIGHT
A_p60_x65_w12_e2_b7_r5,1790886300000,1790888820000,DEEP
A_p60_x65_w12_e2_b7_r5,1790888820000,1790895120000,LIGHT
A_p60_x65_w12_e2_b7_r5,1790895120000,1790896320000,DEEP
A_p60_x65_w12_e2_b7_r5,1790896320000,1790896349427,LIGHT
A_p60_x65_w12_e2_b10_r3,1790875829427,1790880540000,LIGHT
A_p60_x65_w12_e2_b10_r3,1790880540000,1790881140000,DEEP
A_p60_x65_w12_e2_b10_r3,1790881140000,1790886300000,LIGHT
A_p60_x65_w12_e2_b10_r3,1790886300000,1790888820000,DEEP
A_p60_x65_w12_e2_b10_r3,1790888820000,1790895540000,LIGHT
A_p60_x65_w12_e2_b10_r3,1790895540000,1790896320000,DEEP
A_p60_x65_w12_e2_b10_r3,1790896320000,1790896349427,LIGHT
A_p60_x65_w12_e2_b10_r5,1790875829427,1790880540000,LIGHT
A_p60_x65_w12_e2_b10_r5,1790880540000,1790881200000,DEEP
A_p60_x65_w12_e2_b10_r5,1790881200000,1790886300000,LIGHT
A_p60_x65_w12_e2_b10_r5,1790886300000,1790888820000,DEEP
A_p60_x65_w12_e2_b10_r5,1790888820000,1790895120000,LIGHT
A_p60_x65_w12_e2_b10_r5,1790895120000,1790896320000,DEEP
A_p60_x65_w12_e2_b10_r5,1790896320000,1790896349427,LIGHT
A_p60_x65_w12_e3_b5_r3,1790875829427,1790880540000,LIGHT
A_p60_x65_w12_e3_b5_r3,1790880540000,1790881200000,DEEP
A_p60_x65_w12_e3_b5_r3,1790881200000,1790886300000,LIGHT
A_p60_x65_w12_e3_b5_r3,1790886300000,1790888820000,DEEP
A_p60_x65_w12_e3_b5_r3,1790888820000,1790895120000,LIGHT
A_p60_x65_w12_e3_b5_r3,1790895120000,1790896320000,DEEP
A_p60_x65_w12_e3_b5_r3,1790896320000,1790896349427,LIGHT
A_p60_x65_w12_e3_b5_r5,1790875829427,1790880540000,LIGHT
A_p60_x65_w12_e3_b5_r5,1790880540000,1790881260000,DEEP
A_p60_x65_w12_e3_b5_r5,1790881260000,1790886300000,LIGHT
A_p60_x65_w12_e3_b5_r5,1790886300000,1790888820000,DEEP
A_p60_x65_w12_e3_b5_r5,1790888820000,1790895120000,LIGHT
A_p60_x65_w12_e3_b5_r5,1790895120000,1790896320000,DEEP
A_p60_x65_w12_e3_b5_r5,1790896320000,1790896349427,LIGHT
A_p60_x65_w12_e3_b7_r3,1790875829427,1790880540000,LIGHT
A_p60_x65_w12_e3_b7_r3,1790880540000,1790881200000,DEEP
A_p60_x65_w12_e3_b7_r3,1790881200000,1790886300000,LIGHT
A_p60_x65_w12_e3_b7_r3,1790886300000,1790888820000,DEEP
A_p60_x65_w12_e3_b7_r3,1790888820000,1790895120000,LIGHT
A_p60_x65_w12_e3_b7_r3,1790895120000,1790896320000,DEEP
A_p60_x65_w12_e3_b7_r3,1790896320000,1790896349427,LIGHT
A_p60_x65_w12_e3_b7_r5,1790875829427,1790880540000,LIGHT
A_p60_x65_w12_e3_b7_r5,1790880540000,1790881260000,DEEP
A_p60_x65_w12_e3_b7_r5,1790881260000,1790886300000,LIGHT
A_p60_x65_w12_e3_b7_r5,1790886300000,1790888820000,DEEP
A_p60_x65_w12_e3_b7_r5,1790888820000,1790895120000,LIGHT
A_p60_x65_w12_e3_b7_r5,1790895120000,1790896320000,DEEP
A_p60_x65_w12_e3_b7_r5,1790896320000,1790896349427,LIGHT
A_p60_x65_w12_e3_b10_r3,1790875829427,1790880540000,LIGHT
A_p60_x65_w12_e3_b10_r3,1790880540000,1790881200000,DEEP
A_p60_x65_w12_e3_b10_r3,1790881200000,1790886300000,LIGHT
A_p60_x65_w12_e3_b10_r3,1790886300000,1790888820000,DEEP
A_p60_x65_w12_e3_b10_r3,1790888820000,1790895120000,LIGHT
A_p60_x65_w12_e3_b10_r3,1790895120000,1790896320000,DEEP
A_p60_x65_w12_e3_b10_r3,1790896320000,1790896349427,LIGHT
A_p60_x65_w12_e3_b10_r5,1790875829427,1790880540000,LIGHT
A_p60_x65_w12_e3_b10_r5,1790880540000,1790881260000,DEEP
A_p60_x65_w12_e3_b10_r5,1790881260000,1790886300000,LIGHT
A_p60_x65_w12_e3_b10_r5,1790886300000,1790888820000,DEEP
A_p60_x65_w12_e3_b10_r5,1790888820000,1790895120000,LIGHT
A_p60_x65_w12_e3_b10_r5,1790895120000,1790896320000,DEEP
A_p60_x65_w12_e3_b10_r5,1790896320000,1790896349427,LIGHT
A_p60_x65_w15_e1_b5_r3,1790875829427,1790880660000,LIGHT
A_p60_x65_w15_e1_b5_r3,1790880660000,1790881080000,DEEP
A_p60_x65_w15_e1_b5_r3,1790881080000,1790886480000,LIGHT
A_p60_x65_w15_e1_b5_r3,1790886480000,1790888820000,DEEP
A_p60_x65_w15_e1_b5_r3,1790888820000,1790895720000,LIGHT
A_p60_x65_w15_e1_b5_r3,1790895720000,1790896320000,DEEP
A_p60_x65_w15_e1_b5_r3,1790896320000,1790896349427,LIGHT
A_p60_x65_w15_e1_b5_r5,1790875829427,1790880660000,LIGHT
A_p60_x65_w15_e1_b5_r5,1790880660000,1790881140000,DEEP
A_p60_x65_w15_e1_b5_r5,1790881140000,1790886480000,LIGHT
A_p60_x65_w15_e1_b5_r5,1790886480000,1790888820000,DEEP
A_p60_x65_w15_e1_b5_r5,1790888820000,1790895720000,LIGHT
A_p60_x65_w15_e1_b5_r5,1790895720000,1790896320000,DEEP
A_p60_x65_w15_e1_b5_r5,1790896320000,1790896349427,LIGHT
A_p60_x65_w15_e1_b7_r3,1790875829427,1790880660000,LIGHT
A_p60_x65_w15_e1_b7_r3,1790880660000,1790881080000,DEEP
A_p60_x65_w15_e1_b7_r3,1790881080000,1790886480000,LIGHT
A_p60_x65_w15_e1_b7_r3,1790886480000,1790888820000,DEEP
A_p60_x65_w15_e1_b7_r3,1790888820000,1790895720000,LIGHT
A_p60_x65_w15_e1_b7_r3,1790895720000,1790896320000,DEEP
A_p60_x65_w15_e1_b7_r3,1790896320000,1790896349427,LIGHT
A_p60_x65_w15_e1_b7_r5,1790875829427,1790880660000,LIGHT
A_p60_x65_w15_e1_b7_r5,1790880660000,1790881140000,DEEP
A_p60_x65_w15_e1_b7_r5,1790881140000,1790886480000,LIGHT
A_p60_x65_w15_e1_b7_r5,1790886480000,1790888820000,DEEP
A_p60_x65_w15_e1_b7_r5,1790888820000,1790895720000,LIGHT
A_p60_x65_w15_e1_b7_r5,1790895720000,1790896320000,DEEP
A_p60_x65_w15_e1_b7_r5,1790896320000,1790896349427,LIGHT
A_p60_x65_w15_e1_b10_r3,1790875829427,1790886480000,LIGHT
A_p60_x65_w15_e1_b10_r3,1790886480000,1790888820000,DEEP
A_p60_x65_w15_e1_b10_r3,1790888820000,1790895720000,LIGHT
A_p60_x65_w15_e1_b10_r3,1790895720000,1790896320000,DEEP
A_p60_x65_w15_e1_b10_r3,1790896320000,1790896349427,LIGHT
A_p60_x65_w15_e1_b10_r5,1790875829427,1790886480000,LIGHT
A_p60_x65_w15_e1_b10_r5,1790886480000,1790888820000,DEEP
A_p60_x65_w15_e1_b10_r5,1790888820000,1790895720000,LIGHT
A_p60_x65_w15_e1_b10_r5,1790895720000,1790896320000,DEEP
A_p60_x65_w15_e1_b10_r5,1790896320000,1790896349427,LIGHT
A_p60_x65_w15_e2_b5_r3,1790875829427,1790880660000,LIGHT
A_p60_x65_w15_e2_b5_r3,1790880660000,1790881140000,DEEP
A_p60_x65_w15_e2_b5_r3,1790881140000,1790886480000,LIGHT
A_p60_x65_w15_e2_b5_r3,1790886480000,1790888820000,DEEP
A_p60_x65_w15_e2_b5_r3,1790888820000,1790895720000,LIGHT
A_p60_x65_w15_e2_b5_r3,1790895720000,1790896320000,DEEP
A_p60_x65_w15_e2_b5_r3,1790896320000,1790896349427,LIGHT
A_p60_x65_w15_e2_b5_r5,1790875829427,1790880660000,LIGHT
A_p60_x65_w15_e2_b5_r5,1790880660000,1790881200000,DEEP
A_p60_x65_w15_e2_b5_r5,1790881200000,1790886480000,LIGHT
A_p60_x65_w15_e2_b5_r5,1790886480000,1790888820000,DEEP
A_p60_x65_w15_e2_b5_r5,1790888820000,1790895720000,LIGHT
A_p60_x65_w15_e2_b5_r5,1790895720000,1790896320000,DEEP
A_p60_x65_w15_e2_b5_r5,1790896320000,1790896349427,LIGHT
A_p60_x65_w15_e2_b7_r3,1790875829427,1790880660000,LIGHT
A_p60_x65_w15_e2_b7_r3,1790880660000,1790881140000,DEEP
A_p60_x65_w15_e2_b7_r3,1790881140000,1790886480000,LIGHT
A_p60_x65_w15_e2_b7_r3,1790886480000,1790888820000,DEEP
A_p60_x65_w15_e2_b7_r3,1790888820000,1790895720000,LIGHT
A_p60_x65_w15_e2_b7_r3,1790895720000,1790896320000,DEEP
A_p60_x65_w15_e2_b7_r3,1790896320000,1790896349427,LIGHT
A_p60_x65_w15_e2_b7_r5,1790875829427,1790880660000,LIGHT
A_p60_x65_w15_e2_b7_r5,1790880660000,1790881200000,DEEP
A_p60_x65_w15_e2_b7_r5,1790881200000,1790886480000,LIGHT
A_p60_x65_w15_e2_b7_r5,1790886480000,1790888820000,DEEP
A_p60_x65_w15_e2_b7_r5,1790888820000,1790895720000,LIGHT
A_p60_x65_w15_e2_b7_r5,1790895720000,1790896320000,DEEP
A_p60_x65_w15_e2_b7_r5,1790896320000,1790896349427,LIGHT
A_p60_x65_w15_e2_b10_r3,1790875829427,1790886480000,LIGHT
A_p60_x65_w15_e2_b10_r3,1790886480000,1790888820000,DEEP
A_p60_x65_w15_e2_b10_r3,1790888820000,1790895720000,LIGHT
A_p60_x65_w15_e2_b10_r3,1790895720000,1790896320000,DEEP
A_p60_x65_w15_e2_b10_r3,1790896320000,1790896349427,LIGHT
A_p60_x65_w15_e2_b10_r5,1790875829427,1790886480000,LIGHT
A_p60_x65_w15_e2_b10_r5,1790886480000,1790888820000,DEEP
A_p60_x65_w15_e2_b10_r5,1790888820000,1790895720000,LIGHT
A_p60_x65_w15_e2_b10_r5,1790895720000,1790896320000,DEEP
A_p60_x65_w15_e2_b10_r5,1790896320000,1790896349427,LIGHT
A_p60_x65_w15_e3_b5_r3,1790875829427,1790880660000,LIGHT
A_p60_x65_w15_e3_b5_r3,1790880660000,1790881200000,DEEP
A_p60_x65_w15_e3_b5_r3,1790881200000,1790886480000,LIGHT
A_p60_x65_w15_e3_b5_r3,1790886480000,1790888820000,DEEP
A_p60_x65_w15_e3_b5_r3,1790888820000,1790895720000,LIGHT
A_p60_x65_w15_e3_b5_r3,1790895720000,1790896320000,DEEP
A_p60_x65_w15_e3_b5_r3,1790896320000,1790896349427,LIGHT
A_p60_x65_w15_e3_b5_r5,1790875829427,1790880660000,LIGHT
A_p60_x65_w15_e3_b5_r5,1790880660000,1790881260000,DEEP
A_p60_x65_w15_e3_b5_r5,1790881260000,1790886480000,LIGHT
A_p60_x65_w15_e3_b5_r5,1790886480000,1790888820000,DEEP
A_p60_x65_w15_e3_b5_r5,1790888820000,1790895720000,LIGHT
A_p60_x65_w15_e3_b5_r5,1790895720000,1790896320000,DEEP
A_p60_x65_w15_e3_b5_r5,1790896320000,1790896349427,LIGHT
A_p60_x65_w15_e3_b7_r3,1790875829427,1790880660000,LIGHT
A_p60_x65_w15_e3_b7_r3,1790880660000,1790881200000,DEEP
A_p60_x65_w15_e3_b7_r3,1790881200000,1790886480000,LIGHT
A_p60_x65_w15_e3_b7_r3,1790886480000,1790888820000,DEEP
A_p60_x65_w15_e3_b7_r3,1790888820000,1790895720000,LIGHT
A_p60_x65_w15_e3_b7_r3,1790895720000,1790896320000,DEEP
A_p60_x65_w15_e3_b7_r3,1790896320000,1790896349427,LIGHT
A_p60_x65_w15_e3_b7_r5,1790875829427,1790880660000,LIGHT
A_p60_x65_w15_e3_b7_r5,1790880660000,1790881260000,DEEP
A_p60_x65_w15_e3_b7_r5,1790881260000,1790886480000,LIGHT
A_p60_x65_w15_e3_b7_r5,1790886480000,1790888820000,DEEP
A_p60_x65_w15_e3_b7_r5,1790888820000,1790895720000,LIGHT
A_p60_x65_w15_e3_b7_r5,1790895720000,1790896320000,DEEP
A_p60_x65_w15_e3_b7_r5,1790896320000,1790896349427,LIGHT
A_p60_x65_w15_e3_b10_r3,1790875829427,1790886480000,LIGHT
A_p60_x65_w15_e3_b10_r3,1790886480000,1790888820000,DEEP
A_p60_x65_w15_e3_b10_r3,1790888820000,1790895720000,LIGHT
A_p60_x65_w15_e3_b10_r3,1790895720000,1790896320000,DEEP
A_p60_x65_w15_e3_b10_r3,1790896320000,1790896349427,LIGHT
A_p60_x65_w15_e3_b10_r5,1790875829427,1790880660000,LIGHT
A_p60_x65_w15_e3_b10_r5,1790880660000,1790881260000,DEEP
A_p60_x65_w15_e3_b10_r5,1790881260000,1790886480000,LIGHT
A_p60_x65_w15_e3_b10_r5,1790886480000,1790888820000,DEEP
A_p60_x65_w15_e3_b10_r5,1790888820000,1790895720000,LIGHT
A_p60_x65_w15_e3_b10_r5,1790895720000,1790896320000,DEEP
A_p60_x65_w15_e3_b10_r5,1790896320000,1790896349427,LIGHT
A_p60_x70_w10_e1_b5_r3,1790875829427,1790880480000,LIGHT
A_p60_x70_w10_e1_b5_r3,1790880480000,1790881080000,DEEP
A_p60_x70_w10_e1_b5_r3,1790881080000,1790886300000,LIGHT
A_p60_x70_w10_e1_b5_r3,1790886300000,1790888820000,DEEP
A_p60_x70_w10_e1_b5_r3,1790888820000,1790895480000,LIGHT
A_p60_x70_w10_e1_b5_r3,1790895480000,1790896320000,DEEP
A_p60_x70_w10_e1_b5_r3,1790896320000,1790896349427,LIGHT
A_p60_x70_w10_e1_b5_r5,1790875829427,1790880480000,LIGHT
A_p60_x70_w10_e1_b5_r5,1790880480000,1790881140000,DEEP
A_p60_x70_w10_e1_b5_r5,1790881140000,1790886300000,LIGHT
A_p60_x70_w10_e1_b5_r5,1790886300000,1790888820000,DEEP
A_p60_x70_w10_e1_b5_r5,1790888820000,1790895480000,LIGHT
A_p60_x70_w10_e1_b5_r5,1790895480000,1790896320000,DEEP
A_p60_x70_w10_e1_b5_r5,1790896320000,1790896349427,LIGHT
A_p60_x70_w10_e1_b7_r3,1790875829427,1790880480000,LIGHT
A_p60_x70_w10_e1_b7_r3,1790880480000,1790881080000,DEEP
A_p60_x70_w10_e1_b7_r3,1790881080000,1790886300000,LIGHT
A_p60_x70_w10_e1_b7_r3,1790886300000,1790888820000,DEEP
A_p60_x70_w10_e1_b7_r3,1790888820000,1790895480000,LIGHT
A_p60_x70_w10_e1_b7_r3,1790895480000,1790896320000,DEEP
A_p60_x70_w10_e1_b7_r3,1790896320000,1790896349427,LIGHT
A_p60_x70_w10_e1_b7_r5,1790875829427,1790880480000,LIGHT
A_p60_x70_w10_e1_b7_r5,1790880480000,1790881140000,DEEP
A_p60_x70_w10_e1_b7_r5,1790881140000,1790886300000,LIGHT
A_p60_x70_w10_e1_b7_r5,1790886300000,1790888820000,DEEP
A_p60_x70_w10_e1_b7_r5,1790888820000,1790895480000,LIGHT
A_p60_x70_w10_e1_b7_r5,1790895480000,1790896320000,DEEP
A_p60_x70_w10_e1_b7_r5,1790896320000,1790896349427,LIGHT
A_p60_x70_w10_e1_b10_r3,1790875829427,1790880480000,LIGHT
A_p60_x70_w10_e1_b10_r3,1790880480000,1790881080000,DEEP
A_p60_x70_w10_e1_b10_r3,1790881080000,1790886300000,LIGHT
A_p60_x70_w10_e1_b10_r3,1790886300000,1790888820000,DEEP
A_p60_x70_w10_e1_b10_r3,1790888820000,1790895480000,LIGHT
A_p60_x70_w10_e1_b10_r3,1790895480000,1790896320000,DEEP
A_p60_x70_w10_e1_b10_r3,1790896320000,1790896349427,LIGHT
A_p60_x70_w10_e1_b10_r5,1790875829427,1790880480000,LIGHT
A_p60_x70_w10_e1_b10_r5,1790880480000,1790881140000,DEEP
A_p60_x70_w10_e1_b10_r5,1790881140000,1790886300000,LIGHT
A_p60_x70_w10_e1_b10_r5,1790886300000,1790888820000,DEEP
A_p60_x70_w10_e1_b10_r5,1790888820000,1790895480000,LIGHT
A_p60_x70_w10_e1_b10_r5,1790895480000,1790896320000,DEEP
A_p60_x70_w10_e1_b10_r5,1790896320000,1790896349427,LIGHT
A_p60_x70_w10_e2_b5_r3,1790875829427,1790880480000,LIGHT
A_p60_x70_w10_e2_b5_r3,1790880480000,1790881140000,DEEP
A_p60_x70_w10_e2_b5_r3,1790881140000,1790886300000,LIGHT
A_p60_x70_w10_e2_b5_r3,1790886300000,1790888820000,DEEP
A_p60_x70_w10_e2_b5_r3,1790888820000,1790895480000,LIGHT
A_p60_x70_w10_e2_b5_r3,1790895480000,1790896320000,DEEP
A_p60_x70_w10_e2_b5_r3,1790896320000,1790896349427,LIGHT
A_p60_x70_w10_e2_b5_r5,1790875829427,1790880480000,LIGHT
A_p60_x70_w10_e2_b5_r5,1790880480000,1790881200000,DEEP
A_p60_x70_w10_e2_b5_r5,1790881200000,1790886300000,LIGHT
A_p60_x70_w10_e2_b5_r5,1790886300000,1790888820000,DEEP
A_p60_x70_w10_e2_b5_r5,1790888820000,1790895480000,LIGHT
A_p60_x70_w10_e2_b5_r5,1790895480000,1790896320000,DEEP
A_p60_x70_w10_e2_b5_r5,1790896320000,1790896349427,LIGHT
A_p60_x70_w10_e2_b7_r3,1790875829427,1790880480000,LIGHT
A_p60_x70_w10_e2_b7_r3,1790880480000,1790881140000,DEEP
A_p60_x70_w10_e2_b7_r3,1790881140000,1790886300000,LIGHT
A_p60_x70_w10_e2_b7_r3,1790886300000,1790888820000,DEEP
A_p60_x70_w10_e2_b7_r3,1790888820000,1790895480000,LIGHT
A_p60_x70_w10_e2_b7_r3,1790895480000,1790896320000,DEEP
A_p60_x70_w10_e2_b7_r3,1790896320000,1790896349427,LIGHT
A_p60_x70_w10_e2_b7_r5,1790875829427,1790880480000,LIGHT
A_p60_x70_w10_e2_b7_r5,1790880480000,1790881200000,DEEP
A_p60_x70_w10_e2_b7_r5,1790881200000,1790886300000,LIGHT
A_p60_x70_w10_e2_b7_r5,1790886300000,1790888820000,DEEP
A_p60_x70_w10_e2_b7_r5,1790888820000,1790895480000,LIGHT
A_p60_x70_w10_e2_b7_r5,1790895480000,1790896320000,DEEP
A_p60_x70_w10_e2_b7_r5,1790896320000,1790896349427,LIGHT
A_p60_x70_w10_e2_b10_r3,1790875829427,1790880480000,LIGHT
A_p60_x70_w10_e2_b10_r3,1790880480000,1790881140000,DEEP
A_p60_x70_w10_e2_b10_r3,1790881140000,1790886300000,LIGHT
A_p60_x70_w10_e2_b10_r3,1790886300000,1790888820000,DEEP
A_p60_x70_w10_e2_b10_r3,1790888820000,1790895480000,LIGHT
A_p60_x70_w10_e2_b10_r3,1790895480000,1790896320000,DEEP
A_p60_x70_w10_e2_b10_r3,1790896320000,1790896349427,LIGHT
A_p60_x70_w10_e2_b10_r5,1790875829427,1790880480000,LIGHT
A_p60_x70_w10_e2_b10_r5,1790880480000,1790881200000,DEEP
A_p60_x70_w10_e2_b10_r5,1790881200000,1790886300000,LIGHT
A_p60_x70_w10_e2_b10_r5,1790886300000,1790888820000,DEEP
A_p60_x70_w10_e2_b10_r5,1790888820000,1790895480000,LIGHT
A_p60_x70_w10_e2_b10_r5,1790895480000,1790896320000,DEEP
A_p60_x70_w10_e2_b10_r5,1790896320000,1790896349427,LIGHT
A_p60_x70_w10_e3_b5_r3,1790875829427,1790880480000,LIGHT
A_p60_x70_w10_e3_b5_r3,1790880480000,1790881200000,DEEP
A_p60_x70_w10_e3_b5_r3,1790881200000,1790886300000,LIGHT
A_p60_x70_w10_e3_b5_r3,1790886300000,1790888820000,DEEP
A_p60_x70_w10_e3_b5_r3,1790888820000,1790895480000,LIGHT
A_p60_x70_w10_e3_b5_r3,1790895480000,1790896320000,DEEP
A_p60_x70_w10_e3_b5_r3,1790896320000,1790896349427,LIGHT
A_p60_x70_w10_e3_b5_r5,1790875829427,1790880480000,LIGHT
A_p60_x70_w10_e3_b5_r5,1790880480000,1790881260000,DEEP
A_p60_x70_w10_e3_b5_r5,1790881260000,1790886300000,LIGHT
A_p60_x70_w10_e3_b5_r5,1790886300000,1790888820000,DEEP
A_p60_x70_w10_e3_b5_r5,1790888820000,1790895480000,LIGHT
A_p60_x70_w10_e3_b5_r5,1790895480000,1790896320000,DEEP
A_p60_x70_w10_e3_b5_r5,1790896320000,1790896349427,LIGHT
A_p60_x70_w10_e3_b7_r3,1790875829427,1790880480000,LIGHT
A_p60_x70_w10_e3_b7_r3,1790880480000,1790881200000,DEEP
A_p60_x70_w10_e3_b7_r3,1790881200000,1790886300000,LIGHT
A_p60_x70_w10_e3_b7_r3,1790886300000,1790888820000,DEEP
A_p60_x70_w10_e3_b7_r3,1790888820000,1790895480000,LIGHT
A_p60_x70_w10_e3_b7_r3,1790895480000,1790896320000,DEEP
A_p60_x70_w10_e3_b7_r3,1790896320000,1790896349427,LIGHT
A_p60_x70_w10_e3_b7_r5,1790875829427,1790880480000,LIGHT
A_p60_x70_w10_e3_b7_r5,1790880480000,1790881260000,DEEP
A_p60_x70_w10_e3_b7_r5,1790881260000,1790886300000,LIGHT
A_p60_x70_w10_e3_b7_r5,1790886300000,1790888820000,DEEP
A_p60_x70_w10_e3_b7_r5,1790888820000,1790895480000,LIGHT
A_p60_x70_w10_e3_b7_r5,1790895480000,1790896320000,DEEP
A_p60_x70_w10_e3_b7_r5,1790896320000,1790896349427,LIGHT
A_p60_x70_w10_e3_b10_r3,1790875829427,1790880480000,LIGHT
A_p60_x70_w10_e3_b10_r3,1790880480000,1790881200000,DEEP
A_p60_x70_w10_e3_b10_r3,1790881200000,1790886300000,LIGHT
A_p60_x70_w10_e3_b10_r3,1790886300000,1790888820000,DEEP
A_p60_x70_w10_e3_b10_r3,1790888820000,1790895480000,LIGHT
A_p60_x70_w10_e3_b10_r3,1790895480000,1790896320000,DEEP
A_p60_x70_w10_e3_b10_r3,1790896320000,1790896349427,LIGHT
A_p60_x70_w10_e3_b10_r5,1790875829427,1790880480000,LIGHT
A_p60_x70_w10_e3_b10_r5,1790880480000,1790881260000,DEEP
A_p60_x70_w10_e3_b10_r5,1790881260000,1790886300000,LIGHT
A_p60_x70_w10_e3_b10_r5,1790886300000,1790888820000,DEEP
A_p60_x70_w10_e3_b10_r5,1790888820000,1790895480000,LIGHT
A_p60_x70_w10_e3_b10_r5,1790895480000,1790896320000,DEEP
A_p60_x70_w10_e3_b10_r5,1790896320000,1790896349427,LIGHT
A_p60_x70_w12_e1_b5_r3,1790875829427,1790880540000,LIGHT
A_p60_x70_w12_e1_b5_r3,1790880540000,1790881080000,DEEP
A_p60_x70_w12_e1_b5_r3,1790881080000,1790886300000,LIGHT
A_p60_x70_w12_e1_b5_r3,1790886300000,1790888820000,DEEP
A_p60_x70_w12_e1_b5_r3,1790888820000,1790895540000,LIGHT
A_p60_x70_w12_e1_b5_r3,1790895540000,1790896320000,DEEP
A_p60_x70_w12_e1_b5_r3,1790896320000,1790896349427,LIGHT
A_p60_x70_w12_e1_b5_r5,1790875829427,1790880540000,LIGHT
A_p60_x70_w12_e1_b5_r5,1790880540000,1790881140000,DEEP
A_p60_x70_w12_e1_b5_r5,1790881140000,1790886300000,LIGHT
A_p60_x70_w12_e1_b5_r5,1790886300000,1790888820000,DEEP
A_p60_x70_w12_e1_b5_r5,1790888820000,1790895120000,LIGHT
A_p60_x70_w12_e1_b5_r5,1790895120000,1790896320000,DEEP
A_p60_x70_w12_e1_b5_r5,1790896320000,1790896349427,LIGHT
A_p60_x70_w12_e1_b7_r3,1790875829427,1790880540000,LIGHT
A_p60_x70_w12_e1_b7_r3,1790880540000,1790881080000,DEEP
A_p60_x70_w12_e1_b7_r3,1790881080000,1790886300000,LIGHT
A_p60_x70_w12_e1_b7_r3,1790886300000,1790888820000,DEEP
A_p60_x70_w12_e1_b7_r3,1790888820000,1790895540000,LIGHT
A_p60_x70_w12_e1_b7_r3,1790895540000,1790896320000,DEEP
A_p60_x70_w12_e1_b7_r3,1790896320000,1790896349427,LIGHT
A_p60_x70_w12_e1_b7_r5,1790875829427,1790880540000,LIGHT
A_p60_x70_w12_e1_b7_r5,1790880540000,1790881140000,DEEP
A_p60_x70_w12_e1_b7_r5,1790881140000,1790886300000,LIGHT
A_p60_x70_w12_e1_b7_r5,1790886300000,1790888820000,DEEP
A_p60_x70_w12_e1_b7_r5,1790888820000,1790895120000,LIGHT
A_p60_x70_w12_e1_b7_r5,1790895120000,1790896320000,DEEP
A_p60_x70_w12_e1_b7_r5,1790896320000,1790896349427,LIGHT
A_p60_x70_w12_e1_b10_r3,1790875829427,1790886300000,LIGHT
A_p60_x70_w12_e1_b10_r3,1790886300000,1790888820000,DEEP
A_p60_x70_w12_e1_b10_r3,1790888820000,1790895540000,LIGHT
A_p60_x70_w12_e1_b10_r3,1790895540000,1790896320000,DEEP
A_p60_x70_w12_e1_b10_r3,1790896320000,1790896349427,LIGHT
A_p60_x70_w12_e1_b10_r5,1790875829427,1790880540000,LIGHT
A_p60_x70_w12_e1_b10_r5,1790880540000,1790881140000,DEEP
A_p60_x70_w12_e1_b10_r5,1790881140000,1790886300000,LIGHT
A_p60_x70_w12_e1_b10_r5,1790886300000,1790888820000,DEEP
A_p60_x70_w12_e1_b10_r5,1790888820000,1790895120000,LIGHT
A_p60_x70_w12_e1_b10_r5,1790895120000,1790896320000,DEEP
A_p60_x70_w12_e1_b10_r5,1790896320000,1790896349427,LIGHT
A_p60_x70_w12_e2_b5_r3,1790875829427,1790880540000,LIGHT
A_p60_x70_w12_e2_b5_r3,1790880540000,1790881140000,DEEP
A_p60_x70_w12_e2_b5_r3,1790881140000,1790886300000,LIGHT
A_p60_x70_w12_e2_b5_r3,1790886300000,1790888820000,DEEP
A_p60_x70_w12_e2_b5_r3,1790888820000,1790895120000,LIGHT
A_p60_x70_w12_e2_b5_r3,1790895120000,1790895420000,DEEP
A_p60_x70_w12_e2_b5_r3,1790895420000,1790895540000,LIGHT
A_p60_x70_w12_e2_b5_r3,1790895540000,1790896320000,DEEP
A_p60_x70_w12_e2_b5_r3,1790896320000,1790896349427,LIGHT
A_p60_x70_w12_e2_b5_r5,1790875829427,1790880540000,LIGHT
A_p60_x70_w12_e2_b5_r5,1790880540000,1790881200000,DEEP
A_p60_x70_w12_e2_b5_r5,1790881200000,1790886300000,LIGHT
A_p60_x70_w12_e2_b5_r5,1790886300000,1790888820000,DEEP
A_p60_x70_w12_e2_b5_r5,1790888820000,1790895120000,LIGHT
A_p60_x70_w12_e2_b5_r5,1790895120000,1790896320000,DEEP
A_p60_x70_w12_e2_b5_r5,1790896320000,1790896349427,LIGHT
A_p60_x70_w12_e2_b7_r3,1790875829427,1790880540000,LIGHT
A_p60_x70_w12_e2_b7_r3,1790880540000,1790881140000,DEEP
A_p60_x70_w12_e2_b7_r3,1790881140000,1790886300000,LIGHT
A_p60_x70_w12_e2_b7_r3,1790886300000,1790888820000,DEEP
A_p60_x70_w12_e2_b7_r3,1790888820000,1790895540000,LIGHT
A_p60_x70_w12_e2_b7_r3,1790895540000,1790896320000,DEEP
A_p60_x70_w12_e2_b7_r3,1790896320000,1790896349427,LIGHT
A_p60_x70_w12_e2_b7_r5,1790875829427,1790880540000,LIGHT
A_p60_x70_w12_e2_b7_r5,1790880540000,1790881200000,DEEP
A_p60_x70_w12_e2_b7_r5,1790881200000,1790886300000,LIGHT
A_p60_x70_w12_e2_b7_r5,1790886300000,1790888820000,DEEP
A_p60_x70_w12_e2_b7_r5,1790888820000,1790895120000,LIGHT
A_p60_x70_w12_e2_b7_r5,1790895120000,1790896320000,DEEP
A_p60_x70_w12_e2_b7_r5,1790896320000,1790896349427,LIGHT
A_p60_x70_w12_e2_b10_r3,1790875829427,1790880540000,LIGHT
A_p60_x70_w12_e2_b10_r3,1790880540000,1790881140000,DEEP
A_p60_x70_w12_e2_b10_r3,1790881140000,1790886300000,LIGHT
A_p60_x70_w12_e2_b10_r3,1790886300000,1790888820000,DEEP
A_p60_x70_w12_e2_b10_r3,1790888820000,1790895540000,LIGHT
A_p60_x70_w12_e2_b10_r3,1790895540000,1790896320000,DEEP
A_p60_x70_w12_e2_b10_r3,1790896320000,1790896349427,LIGHT
A_p60_x70_w12_e2_b10_r5,1790875829427,1790880540000,LIGHT
A_p60_x70_w12_e2_b10_r5,1790880540000,1790881200000,DEEP
A_p60_x70_w12_e2_b10_r5,1790881200000,1790886300000,LIGHT
A_p60_x70_w12_e2_b10_r5,1790886300000,1790888820000,DEEP
A_p60_x70_w12_e2_b10_r5,1790888820000,1790895120000,LIGHT
A_p60_x70_w12_e2_b10_r5,1790895120000,1790896320000,DEEP
A_p60_x70_w12_e2_b10_r5,1790896320000,1790896349427,LIGHT
A_p60_x70_w12_e3_b5_r3,1790875829427,1790880540000,LIGHT
A_p60_x70_w12_e3_b5_r3,1790880540000,1790881200000,DEEP
A_p60_x70_w12_e3_b5_r3,1790881200000,1790886300000,LIGHT
A_p60_x70_w12_e3_b5_r3,1790886300000,1790888820000,DEEP
A_p60_x70_w12_e3_b5_r3,1790888820000,1790895120000,LIGHT
A_p60_x70_w12_e3_b5_r3,1790895120000,1790896320000,DEEP
A_p60_x70_w12_e3_b5_r3,1790896320000,1790896349427,LIGHT
A_p60_x70_w12_e3_b5_r5,1790875829427,1790880540000,LIGHT
A_p60_x70_w12_e3_b5_r5,1790880540000,1790881260000,DEEP
A_p60_x70_w12_e3_b5_r5,1790881260000,1790886300000,LIGHT
A_p60_x70_w12_e3_b5_r5,1790886300000,1790888820000,DEEP
A_p60_x70_w12_e3_b5_r5,1790888820000,1790895120000,LIGHT
A_p60_x70_w12_e3_b5_r5,1790895120000,1790896320000,DEEP
A_p60_x70_w12_e3_b5_r5,1790896320000,1790896349427,LIGHT
A_p60_x70_w12_e3_b7_r3,1790875829427,1790880540000,LIGHT
A_p60_x70_w12_e3_b7_r3,1790880540000,1790881200000,DEEP
A_p60_x70_w12_e3_b7_r3,1790881200000,1790886300000,LIGHT
A_p60_x70_w12_e3_b7_r3,1790886300000,1790888820000,DEEP
A_p60_x70_w12_e3_b7_r3,1790888820000,1790895120000,LIGHT
A_p60_x70_w12_e3_b7_r3,1790895120000,1790896320000,DEEP
A_p60_x70_w12_e3_b7_r3,1790896320000,1790896349427,LIGHT
A_p60_x70_w12_e3_b7_r5,1790875829427,1790880540000,LIGHT
A_p60_x70_w12_e3_b7_r5,1790880540000,1790881260000,DEEP
A_p60_x70_w12_e3_b7_r5,1790881260000,1790886300000,LIGHT
A_p60_x70_w12_e3_b7_r5,1790886300000,1790888820000,DEEP
A_p60_x70_w12_e3_b7_r5,1790888820000,1790895120000,LIGHT
A_p60_x70_w12_e3_b7_r5,1790895120000,1790896320000,DEEP
A_p60_x70_w12_e3_b7_r5,1790896320000,1790896349427,LIGHT
A_p60_x70_w12_e3_b10_r3,1790875829427,1790880540000,LIGHT
A_p60_x70_w12_e3_b10_r3,1790880540000,1790881200000,DEEP
A_p60_x70_w12_e3_b10_r3,1790881200000,1790886300000,LIGHT
A_p60_x70_w12_e3_b10_r3,1790886300000,1790888820000,DEEP
A_p60_x70_w12_e3_b10_r3,1790888820000,1790895120000,LIGHT
A_p60_x70_w12_e3_b10_r3,1790895120000,1790896320000,DEEP
A_p60_x70_w12_e3_b10_r3,1790896320000,1790896349427,LIGHT
A_p60_x70_w12_e3_b10_r5,1790875829427,1790880540000,LIGHT
A_p60_x70_w12_e3_b10_r5,1790880540000,1790881260000,DEEP
A_p60_x70_w12_e3_b10_r5,1790881260000,1790886300000,LIGHT
A_p60_x70_w12_e3_b10_r5,1790886300000,1790888820000,DEEP
A_p60_x70_w12_e3_b10_r5,1790888820000,1790895120000,LIGHT
A_p60_x70_w12_e3_b10_r5,1790895120000,1790896320000,DEEP
A_p60_x70_w12_e3_b10_r5,1790896320000,1790896349427,LIGHT
A_p60_x70_w15_e1_b5_r3,1790875829427,1790880660000,LIGHT
A_p60_x70_w15_e1_b5_r3,1790880660000,1790881080000,DEEP
A_p60_x70_w15_e1_b5_r3,1790881080000,1790886480000,LIGHT
A_p60_x70_w15_e1_b5_r3,1790886480000,1790888820000,DEEP
A_p60_x70_w15_e1_b5_r3,1790888820000,1790895720000,LIGHT
A_p60_x70_w15_e1_b5_r3,1790895720000,1790896320000,DEEP
A_p60_x70_w15_e1_b5_r3,1790896320000,1790896349427,LIGHT
A_p60_x70_w15_e1_b5_r5,1790875829427,1790880660000,LIGHT
A_p60_x70_w15_e1_b5_r5,1790880660000,1790881140000,DEEP
A_p60_x70_w15_e1_b5_r5,1790881140000,1790886480000,LIGHT
A_p60_x70_w15_e1_b5_r5,1790886480000,1790888820000,DEEP
A_p60_x70_w15_e1_b5_r5,1790888820000,1790895720000,LIGHT
A_p60_x70_w15_e1_b5_r5,1790895720000,1790896320000,DEEP
A_p60_x70_w15_e1_b5_r5,1790896320000,1790896349427,LIGHT
A_p60_x70_w15_e1_b7_r3,1790875829427,1790880660000,LIGHT
A_p60_x70_w15_e1_b7_r3,1790880660000,1790881080000,DEEP
A_p60_x70_w15_e1_b7_r3,1790881080000,1790886480000,LIGHT
A_p60_x70_w15_e1_b7_r3,1790886480000,1790888820000,DEEP
A_p60_x70_w15_e1_b7_r3,1790888820000,1790895720000,LIGHT
A_p60_x70_w15_e1_b7_r3,1790895720000,1790896320000,DEEP
A_p60_x70_w15_e1_b7_r3,1790896320000,1790896349427,LIGHT
A_p60_x70_w15_e1_b7_r5,1790875829427,1790880660000,LIGHT
A_p60_x70_w15_e1_b7_r5,1790880660000,1790881140000,DEEP
A_p60_x70_w15_e1_b7_r5,1790881140000,1790886480000,LIGHT
A_p60_x70_w15_e1_b7_r5,1790886480000,1790888820000,DEEP
A_p60_x70_w15_e1_b7_r5,1790888820000,1790895720000,LIGHT
A_p60_x70_w15_e1_b7_r5,1790895720000,1790896320000,DEEP
A_p60_x70_w15_e1_b7_r5,1790896320000,1790896349427,LIGHT
A_p60_x70_w15_e1_b10_r3,1790875829427,1790886480000,LIGHT
A_p60_x70_w15_e1_b10_r3,1790886480000,1790888820000,DEEP
A_p60_x70_w15_e1_b10_r3,1790888820000,1790895720000,LIGHT
A_p60_x70_w15_e1_b10_r3,1790895720000,1790896320000,DEEP
A_p60_x70_w15_e1_b10_r3,1790896320000,1790896349427,LIGHT
A_p60_x70_w15_e1_b10_r5,1790875829427,1790886480000,LIGHT
A_p60_x70_w15_e1_b10_r5,1790886480000,1790888820000,DEEP
A_p60_x70_w15_e1_b10_r5,1790888820000,1790895720000,LIGHT
A_p60_x70_w15_e1_b10_r5,1790895720000,1790896320000,DEEP
A_p60_x70_w15_e1_b10_r5,1790896320000,1790896349427,LIGHT
A_p60_x70_w15_e2_b5_r3,1790875829427,1790880660000,LIGHT
A_p60_x70_w15_e2_b5_r3,1790880660000,1790881140000,DEEP
A_p60_x70_w15_e2_b5_r3,1790881140000,1790886480000,LIGHT
A_p60_x70_w15_e2_b5_r3,1790886480000,1790888820000,DEEP
A_p60_x70_w15_e2_b5_r3,1790888820000,1790895720000,LIGHT
A_p60_x70_w15_e2_b5_r3,1790895720000,1790896320000,DEEP
A_p60_x70_w15_e2_b5_r3,1790896320000,1790896349427,LIGHT
A_p60_x70_w15_e2_b5_r5,1790875829427,1790880660000,LIGHT
A_p60_x70_w15_e2_b5_r5,1790880660000,1790881200000,DEEP
A_p60_x70_w15_e2_b5_r5,1790881200000,1790886480000,LIGHT
A_p60_x70_w15_e2_b5_r5,1790886480000,1790888820000,DEEP
A_p60_x70_w15_e2_b5_r5,1790888820000,1790895720000,LIGHT
A_p60_x70_w15_e2_b5_r5,1790895720000,1790896320000,DEEP
A_p60_x70_w15_e2_b5_r5,1790896320000,1790896349427,LIGHT
A_p60_x70_w15_e2_b7_r3,1790875829427,1790880660000,LIGHT
A_p60_x70_w15_e2_b7_r3,1790880660000,1790881140000,DEEP
A_p60_x70_w15_e2_b7_r3,1790881140000,1790886480000,LIGHT
A_p60_x70_w15_e2_b7_r3,1790886480000,1790888820000,DEEP
A_p60_x70_w15_e2_b7_r3,1790888820000,1790895720000,LIGHT
A_p60_x70_w15_e2_b7_r3,1790895720000,1790896320000,DEEP
A_p60_x70_w15_e2_b7_r3,1790896320000,1790896349427,LIGHT
A_p60_x70_w15_e2_b7_r5,1790875829427,1790880660000,LIGHT
A_p60_x70_w15_e2_b7_r5,1790880660000,1790881200000,DEEP
A_p60_x70_w15_e2_b7_r5,1790881200000,1790886480000,LIGHT
A_p60_x70_w15_e2_b7_r5,1790886480000,1790888820000,DEEP
A_p60_x70_w15_e2_b7_r5,1790888820000,1790895720000,LIGHT
A_p60_x70_w15_e2_b7_r5,1790895720000,1790896320000,DEEP
A_p60_x70_w15_e2_b7_r5,1790896320000,1790896349427,LIGHT
A_p60_x70_w15_e2_b10_r3,1790875829427,1790886480000,LIGHT
A_p60_x70_w15_e2_b10_r3,1790886480000,1790888820000,DEEP
A_p60_x70_w15_e2_b10_r3,1790888820000,1790895720000,LIGHT
A_p60_x70_w15_e2_b10_r3,1790895720000,1790896320000,DEEP
A_p60_x70_w15_e2_b10_r3,1790896320000,1790896349427,LIGHT
A_p60_x70_w15_e2_b10_r5,1790875829427,1790886480000,LIGHT
A_p60_x70_w15_e2_b10_r5,1790886480000,1790888820000,DEEP
A_p60_x70_w15_e2_b10_r5,1790888820000,1790895720000,LIGHT
A_p60_x70_w15_e2_b10_r5,1790895720000,1790896320000,DEEP
A_p60_x70_w15_e2_b10_r5,1790896320000,1790896349427,LIGHT
A_p60_x70_w15_e3_b5_r3,1790875829427,1790880660000,LIGHT
A_p60_x70_w15_e3_b5_r3,1790880660000,1790881200000,DEEP
A_p60_x70_w15_e3_b5_r3,1790881200000,1790886480000,LIGHT
A_p60_x70_w15_e3_b5_r3,1790886480000,1790888820000,DEEP
A_p60_x70_w15_e3_b5_r3,1790888820000,1790895720000,LIGHT
A_p60_x70_w15_e3_b5_r3,1790895720000,1790896320000,DEEP
A_p60_x70_w15_e3_b5_r3,1790896320000,1790896349427,LIGHT
A_p60_x70_w15_e3_b5_r5,1790875829427,1790880660000,LIGHT
A_p60_x70_w15_e3_b5_r5,1790880660000,1790881260000,DEEP
A_p60_x70_w15_e3_b5_r5,1790881260000,1790886480000,LIGHT
A_p60_x70_w15_e3_b5_r5,1790886480000,1790888820000,DEEP
A_p60_x70_w15_e3_b5_r5,1790888820000,1790895720000,LIGHT
A_p60_x70_w15_e3_b5_r5,1790895720000,1790896320000,DEEP
A_p60_x70_w15_e3_b5_r5,1790896320000,1790896349427,LIGHT
A_p60_x70_w15_e3_b7_r3,1790875829427,1790880660000,LIGHT
A_p60_x70_w15_e3_b7_r3,1790880660000,1790881200000,DEEP
A_p60_x70_w15_e3_b7_r3,1790881200000,1790886480000,LIGHT
A_p60_x70_w15_e3_b7_r3,1790886480000,1790888820000,DEEP
A_p60_x70_w15_e3_b7_r3,1790888820000,1790895720000,LIGHT
A_p60_x70_w15_e3_b7_r3,1790895720000,1790896320000,DEEP
A_p60_x70_w15_e3_b7_r3,1790896320000,1790896349427,LIGHT
A_p60_x70_w15_e3_b7_r5,1790875829427,1790880660000,LIGHT
A_p60_x70_w15_e3_b7_r5,1790880660000,1790881260000,DEEP
A_p60_x70_w15_e3_b7_r5,1790881260000,1790886480000,LIGHT
A_p60_x70_w15_e3_b7_r5,1790886480000,1790888820000,DEEP
A_p60_x70_w15_e3_b7_r5,1790888820000,1790895720000,LIGHT
A_p60_x70_w15_e3_b7_r5,1790895720000,1790896320000,DEEP
A_p60_x70_w15_e3_b7_r5,1790896320000,1790896349427,LIGHT
A_p60_x70_w15_e3_b10_r3,1790875829427,1790886480000,LIGHT
A_p60_x70_w15_e3_b10_r3,1790886480000,1790888820000,DEEP
A_p60_x70_w15_e3_b10_r3,1790888820000,1790895720000,LIGHT
A_p60_x70_w15_e3_b10_r3,1790895720000,1790896320000,DEEP
A_p60_x70_w15_e3_b10_r3,1790896320000,1790896349427,LIGHT
A_p60_x75_w10_e1_b5_r3,1790875829427,1790880480000,LIGHT
A_p60_x75_w10_e1_b5_r3,1790880480000,1790882100000,DEEP
A_p60_x75_w10_e1_b5_r3,1790882100000,1790886300000,LIGHT
A_p60_x75_w10_e1_b5_r3,1790886300000,1790888820000,DEEP
A_p60_x75_w10_e1_b5_r3,1790888820000,1790895480000,LIGHT
A_p60_x75_w10_e1_b5_r3,1790895480000,1790896320000,DEEP
A_p60_x75_w10_e1_b5_r3,1790896320000,1790896349427,LIGHT
A_p60_x75_w10_e1_b5_r5,1790875829427,1790880480000,LIGHT
A_p60_x75_w10_e1_b5_r5,1790880480000,1790882100000,DEEP
A_p60_x75_w10_e1_b5_r5,1790882100000,1790886300000,LIGHT
A_p60_x75_w10_e1_b5_r5,1790886300000,1790888820000,DEEP
A_p60_x75_w10_e1_b5_r5,1790888820000,1790895480000,LIGHT
A_p60_x75_w10_e1_b5_r5,1790895480000,1790896320000,DEEP
A_p60_x75_w10_e1_b5_r5,1790896320000,1790896349427,LIGHT
A_p60_x75_w10_e1_b7_r3,1790875829427,1790880480000,LIGHT
A_p60_x75_w10_e1_b7_r3,1790880480000,1790882100000,DEEP
A_p60_x75_w10_e1_b7_r3,1790882100000,1790886300000,LIGHT
A_p60_x75_w10_e1_b7_r3,1790886300000,1790888820000,DEEP
A_p60_x75_w10_e1_b7_r3,1790888820000,1790895480000,LIGHT
A_p60_x75_w10_e1_b7_r3,1790895480000,1790896320000,DEEP
A_p60_x75_w10_e1_b7_r3,1790896320000,1790896349427,LIGHT
A_p60_x75_w10_e1_b7_r5,1790875829427,1790880480000,LIGHT
A_p60_x75_w10_e1_b7_r5,1790880480000,1790882100000,DEEP
A_p60_x75_w10_e1_b7_r5,1790882100000,1790886300000,LIGHT
A_p60_x75_w10_e1_b7_r5,1790886300000,1790888820000,DEEP
A_p60_x75_w10_e1_b7_r5,1790888820000,1790895480000,LIGHT
A_p60_x75_w10_e1_b7_r5,1790895480000,1790896320000,DEEP
A_p60_x75_w10_e1_b7_r5,1790896320000,1790896349427,LIGHT
A_p60_x75_w10_e1_b10_r3,1790875829427,1790880480000,LIGHT
A_p60_x75_w10_e1_b10_r3,1790880480000,1790882100000,DEEP
A_p60_x75_w10_e1_b10_r3,1790882100000,1790886300000,LIGHT
A_p60_x75_w10_e1_b10_r3,1790886300000,1790888820000,DEEP
A_p60_x75_w10_e1_b10_r3,1790888820000,1790895480000,LIGHT
A_p60_x75_w10_e1_b10_r3,1790895480000,1790896320000,DEEP
A_p60_x75_w10_e1_b10_r3,1790896320000,1790896349427,LIGHT
A_p60_x75_w10_e1_b10_r5,1790875829427,1790880480000,LIGHT
A_p60_x75_w10_e1_b10_r5,1790880480000,1790882100000,DEEP
A_p60_x75_w10_e1_b10_r5,1790882100000,1790886300000,LIGHT
A_p60_x75_w10_e1_b10_r5,1790886300000,1790888820000,DEEP
A_p60_x75_w10_e1_b10_r5,1790888820000,1790895480000,LIGHT
A_p60_x75_w10_e1_b10_r5,1790895480000,1790896320000,DEEP
A_p60_x75_w10_e1_b10_r5,1790896320000,1790896349427,LIGHT
A_p60_x75_w10_e2_b5_r3,1790875829427,1790880480000,LIGHT
A_p60_x75_w10_e2_b5_r3,1790880480000,1790882100000,DEEP
A_p60_x75_w10_e2_b5_r3,1790882100000,1790886300000,LIGHT
A_p60_x75_w10_e2_b5_r3,1790886300000,1790888820000,DEEP
A_p60_x75_w10_e2_b5_r3,1790888820000,1790895480000,LIGHT
A_p60_x75_w10_e2_b5_r3,1790895480000,1790896320000,DEEP
A_p60_x75_w10_e2_b5_r3,1790896320000,1790896349427,LIGHT
A_p60_x75_w10_e2_b5_r5,1790875829427,1790880480000,LIGHT
A_p60_x75_w10_e2_b5_r5,1790880480000,1790882100000,DEEP
A_p60_x75_w10_e2_b5_r5,1790882100000,1790886300000,LIGHT
A_p60_x75_w10_e2_b5_r5,1790886300000,1790888820000,DEEP
A_p60_x75_w10_e2_b5_r5,1790888820000,1790895480000,LIGHT
A_p60_x75_w10_e2_b5_r5,1790895480000,1790896320000,DEEP
A_p60_x75_w10_e2_b5_r5,1790896320000,1790896349427,LIGHT
A_p60_x75_w10_e2_b7_r3,1790875829427,1790880480000,LIGHT
A_p60_x75_w10_e2_b7_r3,1790880480000,1790882100000,DEEP
A_p60_x75_w10_e2_b7_r3,1790882100000,1790886300000,LIGHT
A_p60_x75_w10_e2_b7_r3,1790886300000,1790888820000,DEEP
A_p60_x75_w10_e2_b7_r3,1790888820000,1790895480000,LIGHT
A_p60_x75_w10_e2_b7_r3,1790895480000,1790896320000,DEEP
A_p60_x75_w10_e2_b7_r3,1790896320000,1790896349427,LIGHT
A_p60_x75_w10_e2_b7_r5,1790875829427,1790880480000,LIGHT
A_p60_x75_w10_e2_b7_r5,1790880480000,1790882100000,DEEP
A_p60_x75_w10_e2_b7_r5,1790882100000,1790886300000,LIGHT
A_p60_x75_w10_e2_b7_r5,1790886300000,1790888820000,DEEP
A_p60_x75_w10_e2_b7_r5,1790888820000,1790895480000,LIGHT
A_p60_x75_w10_e2_b7_r5,1790895480000,1790896320000,DEEP
A_p60_x75_w10_e2_b7_r5,1790896320000,1790896349427,LIGHT
A_p60_x75_w10_e2_b10_r3,1790875829427,1790880480000,LIGHT
A_p60_x75_w10_e2_b10_r3,1790880480000,1790882100000,DEEP
A_p60_x75_w10_e2_b10_r3,1790882100000,1790886300000,LIGHT
A_p60_x75_w10_e2_b10_r3,1790886300000,1790888820000,DEEP
A_p60_x75_w10_e2_b10_r3,1790888820000,1790895480000,LIGHT
A_p60_x75_w10_e2_b10_r3,1790895480000,1790896320000,DEEP
A_p60_x75_w10_e2_b10_r3,1790896320000,1790896349427,LIGHT
A_p60_x75_w10_e2_b10_r5,1790875829427,1790880480000,LIGHT
A_p60_x75_w10_e2_b10_r5,1790880480000,1790882100000,DEEP
A_p60_x75_w10_e2_b10_r5,1790882100000,1790886300000,LIGHT
A_p60_x75_w10_e2_b10_r5,1790886300000,1790888820000,DEEP
A_p60_x75_w10_e2_b10_r5,1790888820000,1790895480000,LIGHT
A_p60_x75_w10_e2_b10_r5,1790895480000,1790896320000,DEEP
A_p60_x75_w10_e2_b10_r5,1790896320000,1790896349427,LIGHT
A_p60_x75_w10_e3_b5_r3,1790875829427,1790880480000,LIGHT
A_p60_x75_w10_e3_b5_r3,1790880480000,1790882100000,DEEP
A_p60_x75_w10_e3_b5_r3,1790882100000,1790886300000,LIGHT
A_p60_x75_w10_e3_b5_r3,1790886300000,1790888820000,DEEP
A_p60_x75_w10_e3_b5_r3,1790888820000,1790895480000,LIGHT
A_p60_x75_w10_e3_b5_r3,1790895480000,1790896320000,DEEP
A_p60_x75_w10_e3_b5_r3,1790896320000,1790896349427,LIGHT
A_p60_x75_w10_e3_b5_r5,1790875829427,1790880480000,LIGHT
A_p60_x75_w10_e3_b5_r5,1790880480000,1790882100000,DEEP
A_p60_x75_w10_e3_b5_r5,1790882100000,1790886300000,LIGHT
A_p60_x75_w10_e3_b5_r5,1790886300000,1790888820000,DEEP
A_p60_x75_w10_e3_b5_r5,1790888820000,1790895480000,LIGHT
A_p60_x75_w10_e3_b5_r5,1790895480000,1790896320000,DEEP
A_p60_x75_w10_e3_b5_r5,1790896320000,1790896349427,LIGHT
A_p60_x75_w10_e3_b7_r3,1790875829427,1790880480000,LIGHT
A_p60_x75_w10_e3_b7_r3,1790880480000,1790882100000,DEEP
A_p60_x75_w10_e3_b7_r3,1790882100000,1790886300000,LIGHT
A_p60_x75_w10_e3_b7_r3,1790886300000,1790888820000,DEEP
A_p60_x75_w10_e3_b7_r3,1790888820000,1790895480000,LIGHT
A_p60_x75_w10_e3_b7_r3,1790895480000,1790896320000,DEEP
A_p60_x75_w10_e3_b7_r3,1790896320000,1790896349427,LIGHT
A_p60_x75_w10_e3_b7_r5,1790875829427,1790880480000,LIGHT
A_p60_x75_w10_e3_b7_r5,1790880480000,1790882100000,DEEP
A_p60_x75_w10_e3_b7_r5,1790882100000,1790886300000,LIGHT
A_p60_x75_w10_e3_b7_r5,1790886300000,1790888820000,DEEP
A_p60_x75_w10_e3_b7_r5,1790888820000,1790895480000,LIGHT
A_p60_x75_w10_e3_b7_r5,1790895480000,1790896320000,DEEP
A_p60_x75_w10_e3_b7_r5,1790896320000,1790896349427,LIGHT
A_p60_x75_w10_e3_b10_r3,1790875829427,1790880480000,LIGHT
A_p60_x75_w10_e3_b10_r3,1790880480000,1790882100000,DEEP
A_p60_x75_w10_e3_b10_r3,1790882100000,1790886300000,LIGHT
A_p60_x75_w10_e3_b10_r3,1790886300000,1790888820000,DEEP
A_p60_x75_w10_e3_b10_r3,1790888820000,1790895480000,LIGHT
A_p60_x75_w10_e3_b10_r3,1790895480000,1790896320000,DEEP
A_p60_x75_w10_e3_b10_r3,1790896320000,1790896349427,LIGHT
A_p60_x75_w10_e3_b10_r5,1790875829427,1790880480000,LIGHT
A_p60_x75_w10_e3_b10_r5,1790880480000,1790882100000,DEEP
A_p60_x75_w10_e3_b10_r5,1790882100000,1790886300000,LIGHT
A_p60_x75_w10_e3_b10_r5,1790886300000,1790888820000,DEEP
A_p60_x75_w10_e3_b10_r5,1790888820000,1790895480000,LIGHT
A_p60_x75_w10_e3_b10_r5,1790895480000,1790896320000,DEEP
A_p60_x75_w10_e3_b10_r5,1790896320000,1790896349427,LIGHT
A_p60_x75_w12_e1_b5_r3,1790875829427,1790880540000,LIGHT
A_p60_x75_w12_e1_b5_r3,1790880540000,1790882100000,DEEP
A_p60_x75_w12_e1_b5_r3,1790882100000,1790886300000,LIGHT
A_p60_x75_w12_e1_b5_r3,1790886300000,1790888820000,DEEP
A_p60_x75_w12_e1_b5_r3,1790888820000,1790895540000,LIGHT
A_p60_x75_w12_e1_b5_r3,1790895540000,1790896320000,DEEP
A_p60_x75_w12_e1_b5_r3,1790896320000,1790896349427,LIGHT
A_p60_x75_w12_e1_b5_r5,1790875829427,1790880540000,LIGHT
A_p60_x75_w12_e1_b5_r5,1790880540000,1790882100000,DEEP
A_p60_x75_w12_e1_b5_r5,1790882100000,1790886300000,LIGHT
A_p60_x75_w12_e1_b5_r5,1790886300000,1790888820000,DEEP
A_p60_x75_w12_e1_b5_r5,1790888820000,1790895120000,LIGHT
A_p60_x75_w12_e1_b5_r5,1790895120000,1790896320000,DEEP
A_p60_x75_w12_e1_b5_r5,1790896320000,1790896349427,LIGHT
A_p60_x75_w12_e1_b7_r3,1790875829427,1790880540000,LIGHT
A_p60_x75_w12_e1_b7_r3,1790880540000,1790882100000,DEEP
A_p60_x75_w12_e1_b7_r3,1790882100000,1790886300000,LIGHT
A_p60_x75_w12_e1_b7_r3,1790886300000,1790888820000,DEEP
A_p60_x75_w12_e1_b7_r3,1790888820000,1790895540000,LIGHT
A_p60_x75_w12_e1_b7_r3,1790895540000,1790896320000,DEEP
A_p60_x75_w12_e1_b7_r3,1790896320000,1790896349427,LIGHT
A_p60_x75_w12_e1_b7_r5,1790875829427,1790880540000,LIGHT
A_p60_x75_w12_e1_b7_r5,1790880540000,1790882100000,DEEP
A_p60_x75_w12_e1_b7_r5,1790882100000,1790886300000,LIGHT
A_p60_x75_w12_e1_b7_r5,1790886300000,1790888820000,DEEP
A_p60_x75_w12_e1_b7_r5,1790888820000,1790895120000,LIGHT
A_p60_x75_w12_e1_b7_r5,1790895120000,1790896320000,DEEP
A_p60_x75_w12_e1_b7_r5,1790896320000,1790896349427,LIGHT
A_p60_x75_w12_e1_b10_r3,1790875829427,1790880540000,LIGHT
A_p60_x75_w12_e1_b10_r3,1790880540000,1790882100000,DEEP
A_p60_x75_w12_e1_b10_r3,1790882100000,1790886300000,LIGHT
A_p60_x75_w12_e1_b10_r3,1790886300000,1790888820000,DEEP
A_p60_x75_w12_e1_b10_r3,1790888820000,1790895540000,LIGHT
A_p60_x75_w12_e1_b10_r3,1790895540000,1790896320000,DEEP
A_p60_x75_w12_e1_b10_r3,1790896320000,1790896349427,LIGHT
A_p60_x75_w12_e1_b10_r5,1790875829427,1790880540000,LIGHT
A_p60_x75_w12_e1_b10_r5,1790880540000,1790882100000,DEEP
A_p60_x75_w12_e1_b10_r5,1790882100000,1790886300000,LIGHT
A_p60_x75_w12_e1_b10_r5,1790886300000,1790888820000,DEEP
A_p60_x75_w12_e1_b10_r5,1790888820000,1790895120000,LIGHT
A_p60_x75_w12_e1_b10_r5,1790895120000,1790896320000,DEEP
A_p60_x75_w12_e1_b10_r5,1790896320000,1790896349427,LIGHT
A_p60_x75_w12_e2_b5_r3,1790875829427,1790880540000,LIGHT
A_p60_x75_w12_e2_b5_r3,1790880540000,1790882100000,DEEP
A_p60_x75_w12_e2_b5_r3,1790882100000,1790886300000,LIGHT
A_p60_x75_w12_e2_b5_r3,1790886300000,1790888820000,DEEP
A_p60_x75_w12_e2_b5_r3,1790888820000,1790895120000,LIGHT
A_p60_x75_w12_e2_b5_r3,1790895120000,1790895420000,DEEP
A_p60_x75_w12_e2_b5_r3,1790895420000,1790895540000,LIGHT
A_p60_x75_w12_e2_b5_r3,1790895540000,1790896320000,DEEP
A_p60_x75_w12_e2_b5_r3,1790896320000,1790896349427,LIGHT
A_p60_x75_w12_e2_b5_r5,1790875829427,1790880540000,LIGHT
A_p60_x75_w12_e2_b5_r5,1790880540000,1790882100000,DEEP
A_p60_x75_w12_e2_b5_r5,1790882100000,1790886300000,LIGHT
A_p60_x75_w12_e2_b5_r5,1790886300000,1790888820000,DEEP
A_p60_x75_w12_e2_b5_r5,1790888820000,1790895120000,LIGHT
A_p60_x75_w12_e2_b5_r5,1790895120000,1790896320000,DEEP
A_p60_x75_w12_e2_b5_r5,1790896320000,1790896349427,LIGHT
A_p60_x75_w12_e2_b7_r3,1790875829427,1790880540000,LIGHT
A_p60_x75_w12_e2_b7_r3,1790880540000,1790882100000,DEEP
A_p60_x75_w12_e2_b7_r3,1790882100000,1790886300000,LIGHT
A_p60_x75_w12_e2_b7_r3,1790886300000,1790888820000,DEEP
A_p60_x75_w12_e2_b7_r3,1790888820000,1790895540000,LIGHT
A_p60_x75_w12_e2_b7_r3,1790895540000,1790896320000,DEEP
A_p60_x75_w12_e2_b7_r3,1790896320000,1790896349427,LIGHT
A_p60_x75_w12_e2_b7_r5,1790875829427,1790880540000,LIGHT
A_p60_x75_w12_e2_b7_r5,1790880540000,1790882100000,DEEP
A_p60_x75_w12_e2_b7_r5,1790882100000,1790886300000,LIGHT
A_p60_x75_w12_e2_b7_r5,1790886300000,1790888820000,DEEP
A_p60_x75_w12_e2_b7_r5,1790888820000,1790895120000,LIGHT
A_p60_x75_w12_e2_b7_r5,1790895120000,1790896320000,DEEP
A_p60_x75_w12_e2_b7_r5,1790896320000,1790896349427,LIGHT
A_p60_x75_w12_e2_b10_r3,1790875829427,1790880540000,LIGHT
A_p60_x75_w12_e2_b10_r3,1790880540000,1790882100000,DEEP
A_p60_x75_w12_e2_b10_r3,1790882100000,1790886300000,LIGHT
A_p60_x75_w12_e2_b10_r3,1790886300000,1790888820000,DEEP
A_p60_x75_w12_e2_b10_r3,1790888820000,1790895540000,LIGHT
A_p60_x75_w12_e2_b10_r3,1790895540000,1790896320000,DEEP
A_p60_x75_w12_e2_b10_r3,1790896320000,1790896349427,LIGHT
A_p60_x75_w12_e2_b10_r5,1790875829427,1790880540000,LIGHT
A_p60_x75_w12_e2_b10_r5,1790880540000,1790882100000,DEEP
A_p60_x75_w12_e2_b10_r5,1790882100000,1790886300000,LIGHT
A_p60_x75_w12_e2_b10_r5,1790886300000,1790888820000,DEEP
A_p60_x75_w12_e2_b10_r5,1790888820000,1790895120000,LIGHT
A_p60_x75_w12_e2_b10_r5,1790895120000,1790896320000,DEEP
A_p60_x75_w12_e2_b10_r5,1790896320000,1790896349427,LIGHT
A_p60_x75_w12_e3_b5_r3,1790875829427,1790880540000,LIGHT
A_p60_x75_w12_e3_b5_r3,1790880540000,1790882100000,DEEP
A_p60_x75_w12_e3_b5_r3,1790882100000,1790886300000,LIGHT
A_p60_x75_w12_e3_b5_r3,1790886300000,1790888820000,DEEP
A_p60_x75_w12_e3_b5_r3,1790888820000,1790895120000,LIGHT
A_p60_x75_w12_e3_b5_r3,1790895120000,1790896320000,DEEP
A_p60_x75_w12_e3_b5_r3,1790896320000,1790896349427,LIGHT
A_p60_x75_w12_e3_b5_r5,1790875829427,1790880540000,LIGHT
A_p60_x75_w12_e3_b5_r5,1790880540000,1790882100000,DEEP
A_p60_x75_w12_e3_b5_r5,1790882100000,1790886300000,LIGHT
A_p60_x75_w12_e3_b5_r5,1790886300000,1790888820000,DEEP
A_p60_x75_w12_e3_b5_r5,1790888820000,1790895120000,LIGHT
A_p60_x75_w12_e3_b5_r5,1790895120000,1790896320000,DEEP
A_p60_x75_w12_e3_b5_r5,1790896320000,1790896349427,LIGHT
A_p60_x75_w12_e3_b7_r3,1790875829427,1790880540000,LIGHT
A_p60_x75_w12_e3_b7_r3,1790880540000,1790882100000,DEEP
A_p60_x75_w12_e3_b7_r3,1790882100000,1790886300000,LIGHT
A_p60_x75_w12_e3_b7_r3,1790886300000,1790888820000,DEEP
A_p60_x75_w12_e3_b7_r3,1790888820000,1790895120000,LIGHT
A_p60_x75_w12_e3_b7_r3,1790895120000,1790896320000,DEEP
A_p60_x75_w12_e3_b7_r3,1790896320000,1790896349427,LIGHT
A_p60_x75_w12_e3_b7_r5,1790875829427,1790880540000,LIGHT
A_p60_x75_w12_e3_b7_r5,1790880540000,1790882100000,DEEP
A_p60_x75_w12_e3_b7_r5,1790882100000,1790886300000,LIGHT
A_p60_x75_w12_e3_b7_r5,1790886300000,1790888820000,DEEP
A_p60_x75_w12_e3_b7_r5,1790888820000,1790895120000,LIGHT
A_p60_x75_w12_e3_b7_r5,1790895120000,1790896320000,DEEP
A_p60_x75_w12_e3_b7_r5,1790896320000,1790896349427,LIGHT
A_p60_x75_w12_e3_b10_r3,1790875829427,1790880540000,LIGHT
A_p60_x75_w12_e3_b10_r3,1790880540000,1790882100000,DEEP
A_p60_x75_w12_e3_b10_r3,1790882100000,1790886300000,LIGHT
A_p60_x75_w12_e3_b10_r3,1790886300000,1790888820000,DEEP
A_p60_x75_w12_e3_b10_r3,1790888820000,1790895120000,LIGHT
A_p60_x75_w12_e3_b10_r3,1790895120000,1790896320000,DEEP
A_p60_x75_w12_e3_b10_r3,1790896320000,1790896349427,LIGHT
A_p60_x75_w12_e3_b10_r5,1790875829427,1790880540000,LIGHT
A_p60_x75_w12_e3_b10_r5,1790880540000,1790882100000,DEEP
A_p60_x75_w12_e3_b10_r5,1790882100000,1790886300000,LIGHT
A_p60_x75_w12_e3_b10_r5,1790886300000,1790888820000,DEEP
A_p60_x75_w12_e3_b10_r5,1790888820000,1790895120000,LIGHT
A_p60_x75_w12_e3_b10_r5,1790895120000,1790896320000,DEEP
A_p60_x75_w12_e3_b10_r5,1790896320000,1790896349427,LIGHT
A_p60_x75_w15_e1_b5_r3,1790875829427,1790880660000,LIGHT
A_p60_x75_w15_e1_b5_r3,1790880660000,1790882100000,DEEP
A_p60_x75_w15_e1_b5_r3,1790882100000,1790886480000,LIGHT
A_p60_x75_w15_e1_b5_r3,1790886480000,1790888820000,DEEP
A_p60_x75_w15_e1_b5_r3,1790888820000,1790895720000,LIGHT
A_p60_x75_w15_e1_b5_r3,1790895720000,1790896320000,DEEP
A_p60_x75_w15_e1_b5_r3,1790896320000,1790896349427,LIGHT
A_p60_x75_w15_e1_b5_r5,1790875829427,1790880660000,LIGHT
A_p60_x75_w15_e1_b5_r5,1790880660000,1790882100000,DEEP
A_p60_x75_w15_e1_b5_r5,1790882100000,1790886480000,LIGHT
A_p60_x75_w15_e1_b5_r5,1790886480000,1790888820000,DEEP
A_p60_x75_w15_e1_b5_r5,1790888820000,1790895720000,LIGHT
A_p60_x75_w15_e1_b5_r5,1790895720000,1790896320000,DEEP
A_p60_x75_w15_e1_b5_r5,1790896320000,1790896349427,LIGHT
A_p60_x75_w15_e1_b7_r3,1790875829427,1790880660000,LIGHT
A_p60_x75_w15_e1_b7_r3,1790880660000,1790882100000,DEEP
A_p60_x75_w15_e1_b7_r3,1790882100000,1790886480000,LIGHT
A_p60_x75_w15_e1_b7_r3,1790886480000,1790888820000,DEEP
A_p60_x75_w15_e1_b7_r3,1790888820000,1790895720000,LIGHT
A_p60_x75_w15_e1_b7_r3,1790895720000,1790896320000,DEEP
A_p60_x75_w15_e1_b7_r3,1790896320000,1790896349427,LIGHT
A_p60_x75_w15_e1_b7_r5,1790875829427,1790880660000,LIGHT
A_p60_x75_w15_e1_b7_r5,1790880660000,1790882100000,DEEP
A_p60_x75_w15_e1_b7_r5,1790882100000,1790886480000,LIGHT
A_p60_x75_w15_e1_b7_r5,1790886480000,1790888820000,DEEP
A_p60_x75_w15_e1_b7_r5,1790888820000,1790895720000,LIGHT
A_p60_x75_w15_e1_b7_r5,1790895720000,1790896320000,DEEP
A_p60_x75_w15_e1_b7_r5,1790896320000,1790896349427,LIGHT
A_p60_x75_w15_e1_b10_r3,1790875829427,1790880660000,LIGHT
A_p60_x75_w15_e1_b10_r3,1790880660000,1790882100000,DEEP
A_p60_x75_w15_e1_b10_r3,1790882100000,1790886480000,LIGHT
A_p60_x75_w15_e1_b10_r3,1790886480000,1790888820000,DEEP
A_p60_x75_w15_e1_b10_r3,1790888820000,1790895720000,LIGHT
A_p60_x75_w15_e1_b10_r3,1790895720000,1790896320000,DEEP
A_p60_x75_w15_e1_b10_r3,1790896320000,1790896349427,LIGHT
A_p60_x75_w15_e1_b10_r5,1790875829427,1790880660000,LIGHT
A_p60_x75_w15_e1_b10_r5,1790880660000,1790882100000,DEEP
A_p60_x75_w15_e1_b10_r5,1790882100000,1790886480000,LIGHT
A_p60_x75_w15_e1_b10_r5,1790886480000,1790888820000,DEEP
A_p60_x75_w15_e1_b10_r5,1790888820000,1790895720000,LIGHT
A_p60_x75_w15_e1_b10_r5,1790895720000,1790896320000,DEEP
A_p60_x75_w15_e1_b10_r5,1790896320000,1790896349427,LIGHT
A_p60_x75_w15_e2_b5_r3,1790875829427,1790880660000,LIGHT
A_p60_x75_w15_e2_b5_r3,1790880660000,1790882100000,DEEP
A_p60_x75_w15_e2_b5_r3,1790882100000,1790886480000,LIGHT
A_p60_x75_w15_e2_b5_r3,1790886480000,1790888820000,DEEP
A_p60_x75_w15_e2_b5_r3,1790888820000,1790895720000,LIGHT
A_p60_x75_w15_e2_b5_r3,1790895720000,1790896320000,DEEP
A_p60_x75_w15_e2_b5_r3,1790896320000,1790896349427,LIGHT
A_p60_x75_w15_e2_b5_r5,1790875829427,1790880660000,LIGHT
A_p60_x75_w15_e2_b5_r5,1790880660000,1790882100000,DEEP
A_p60_x75_w15_e2_b5_r5,1790882100000,1790886480000,LIGHT
A_p60_x75_w15_e2_b5_r5,1790886480000,1790888820000,DEEP
A_p60_x75_w15_e2_b5_r5,1790888820000,1790895720000,LIGHT
A_p60_x75_w15_e2_b5_r5,1790895720000,1790896320000,DEEP
A_p60_x75_w15_e2_b5_r5,1790896320000,1790896349427,LIGHT
A_p60_x75_w15_e2_b7_r3,1790875829427,1790880660000,LIGHT
A_p60_x75_w15_e2_b7_r3,1790880660000,1790882100000,DEEP
A_p60_x75_w15_e2_b7_r3,1790882100000,1790886480000,LIGHT
A_p60_x75_w15_e2_b7_r3,1790886480000,1790888820000,DEEP
A_p60_x75_w15_e2_b7_r3,1790888820000,1790895720000,LIGHT
A_p60_x75_w15_e2_b7_r3,1790895720000,1790896320000,DEEP
A_p60_x75_w15_e2_b7_r3,1790896320000,1790896349427,LIGHT
A_p60_x75_w15_e2_b7_r5,1790875829427,1790880660000,LIGHT
A_p60_x75_w15_e2_b7_r5,1790880660000,1790882100000,DEEP
A_p60_x75_w15_e2_b7_r5,1790882100000,1790886480000,LIGHT
A_p60_x75_w15_e2_b7_r5,1790886480000,1790888820000,DEEP
A_p60_x75_w15_e2_b7_r5,1790888820000,1790895720000,LIGHT
A_p60_x75_w15_e2_b7_r5,1790895720000,1790896320000,DEEP
A_p60_x75_w15_e2_b7_r5,1790896320000,1790896349427,LIGHT
A_p60_x75_w15_e2_b10_r3,1790875829427,1790880660000,LIGHT
A_p60_x75_w15_e2_b10_r3,1790880660000,1790882100000,DEEP
A_p60_x75_w15_e2_b10_r3,1790882100000,1790886480000,LIGHT
A_p60_x75_w15_e2_b10_r3,1790886480000,1790888820000,DEEP
A_p60_x75_w15_e2_b10_r3,1790888820000,1790895720000,LIGHT
A_p60_x75_w15_e2_b10_r3,1790895720000,1790896320000,DEEP
A_p60_x75_w15_e2_b10_r3,1790896320000,1790896349427,LIGHT
A_p60_x75_w15_e2_b10_r5,1790875829427,1790880660000,LIGHT
A_p60_x75_w15_e2_b10_r5,1790880660000,1790882100000,DEEP
A_p60_x75_w15_e2_b10_r5,1790882100000,1790886480000,LIGHT
A_p60_x75_w15_e2_b10_r5,1790886480000,1790888820000,DEEP
A_p60_x75_w15_e2_b10_r5,1790888820000,1790895720000,LIGHT
A_p60_x75_w15_e2_b10_r5,1790895720000,1790896320000,DEEP
A_p60_x75_w15_e2_b10_r5,1790896320000,1790896349427,LIGHT
A_p60_x75_w15_e3_b5_r3,1790875829427,1790880660000,LIGHT
A_p60_x75_w15_e3_b5_r3,1790880660000,1790882100000,DEEP
A_p60_x75_w15_e3_b5_r3,1790882100000,1790886480000,LIGHT
A_p60_x75_w15_e3_b5_r3,1790886480000,1790888820000,DEEP
A_p60_x75_w15_e3_b5_r3,1790888820000,1790895720000,LIGHT
A_p60_x75_w15_e3_b5_r3,1790895720000,1790896320000,DEEP
A_p60_x75_w15_e3_b5_r3,1790896320000,1790896349427,LIGHT
A_p60_x75_w15_e3_b5_r5,1790875829427,1790880660000,LIGHT
A_p60_x75_w15_e3_b5_r5,1790880660000,1790882100000,DEEP
A_p60_x75_w15_e3_b5_r5,1790882100000,1790886480000,LIGHT
A_p60_x75_w15_e3_b5_r5,1790886480000,1790888820000,DEEP
A_p60_x75_w15_e3_b5_r5,1790888820000,1790895720000,LIGHT
A_p60_x75_w15_e3_b5_r5,1790895720000,1790896320000,DEEP
A_p60_x75_w15_e3_b5_r5,1790896320000,1790896349427,LIGHT
A_p60_x75_w15_e3_b7_r3,1790875829427,1790880660000,LIGHT
A_p60_x75_w15_e3_b7_r3,1790880660000,1790882100000,DEEP
A_p60_x75_w15_e3_b7_r3,1790882100000,1790886480000,LIGHT
A_p60_x75_w15_e3_b7_r3,1790886480000,1790888820000,DEEP
A_p60_x75_w15_e3_b7_r3,1790888820000,1790895720000,LIGHT
A_p60_x75_w15_e3_b7_r3,1790895720000,1790896320000,DEEP
A_p60_x75_w15_e3_b7_r3,1790896320000,1790896349427,LIGHT
A_p60_x75_w15_e3_b7_r5,1790875829427,1790880660000,LIGHT
A_p60_x75_w15_e3_b7_r5,1790880660000,1790882100000,DEEP
A_p60_x75_w15_e3_b7_r5,1790882100000,1790886480000,LIGHT
A_p60_x75_w15_e3_b7_r5,1790886480000,1790888820000,DEEP
A_p60_x75_w15_e3_b7_r5,1790888820000,1790895720000,LIGHT
A_p60_x75_w15_e3_b7_r5,1790895720000,1790896320000,DEEP
A_p60_x75_w15_e3_b7_r5,1790896320000,1790896349427,LIGHT
A_p60_x75_w15_e3_b10_r3,1790875829427,1790880660000,LIGHT
A_p60_x75_w15_e3_b10_r3,1790880660000,1790882100000,DEEP
A_p60_x75_w15_e3_b10_r3,1790882100000,1790886480000,LIGHT
A_p60_x75_w15_e3_b10_r3,1790886480000,1790888820000,DEEP
A_p60_x75_w15_e3_b10_r3,1790888820000,1790895720000,LIGHT
A_p60_x75_w15_e3_b10_r3,1790895720000,1790896320000,DEEP
A_p60_x75_w15_e3_b10_r3,1790896320000,1790896349427,LIGHT
A_p60_x75_w15_e3_b10_r5,1790875829427,1790880660000,LIGHT
A_p60_x75_w15_e3_b10_r5,1790880660000,1790882100000,DEEP
A_p60_x75_w15_e3_b10_r5,1790882100000,1790886480000,LIGHT
A_p60_x75_w15_e3_b10_r5,1790886480000,1790888820000,DEEP
A_p60_x75_w15_e3_b10_r5,1790888820000,1790895720000,LIGHT
A_p60_x75_w15_e3_b10_r5,1790895720000,1790896320000,DEEP
A_p60_x75_w15_e3_b10_r5,1790896320000,1790896349427,LIGHT
A_p65_x70_w10_e1_b5_r3,1790875829427,1790880360000,LIGHT
A_p65_x70_w10_e1_b5_r3,1790880360000,1790881080000,DEEP
A_p65_x70_w10_e1_b5_r3,1790881080000,1790886300000,LIGHT
A_p65_x70_w10_e1_b5_r3,1790886300000,1790888820000,DEEP
A_p65_x70_w10_e1_b5_r3,1790888820000,1790895420000,LIGHT
A_p65_x70_w10_e1_b5_r3,1790895420000,1790896320000,DEEP
A_p65_x70_w10_e1_b5_r3,1790896320000,1790896349427,LIGHT
A_p65_x70_w10_e1_b5_r5,1790875829427,1790880360000,LIGHT
A_p65_x70_w10_e1_b5_r5,1790880360000,1790881140000,DEEP
A_p65_x70_w10_e1_b5_r5,1790881140000,1790881800000,LIGHT
A_p65_x70_w10_e1_b5_r5,1790881800000,1790882100000,DEEP
A_p65_x70_w10_e1_b5_r5,1790882100000,1790886300000,LIGHT
A_p65_x70_w10_e1_b5_r5,1790886300000,1790888820000,DEEP
A_p65_x70_w10_e1_b5_r5,1790888820000,1790895420000,LIGHT
A_p65_x70_w10_e1_b5_r5,1790895420000,1790896320000,DEEP
A_p65_x70_w10_e1_b5_r5,1790896320000,1790896349427,LIGHT
A_p65_x70_w10_e1_b7_r3,1790875829427,1790880360000,LIGHT
A_p65_x70_w10_e1_b7_r3,1790880360000,1790881080000,DEEP
A_p65_x70_w10_e1_b7_r3,1790881080000,1790886300000,LIGHT
A_p65_x70_w10_e1_b7_r3,1790886300000,1790888820000,DEEP
A_p65_x70_w10_e1_b7_r3,1790888820000,1790895420000,LIGHT
A_p65_x70_w10_e1_b7_r3,1790895420000,1790896320000,DEEP
A_p65_x70_w10_e1_b7_r3,1790896320000,1790896349427,LIGHT
A_p65_x70_w10_e1_b7_r5,1790875829427,1790880360000,LIGHT
A_p65_x70_w10_e1_b7_r5,1790880360000,1790881140000,DEEP
A_p65_x70_w10_e1_b7_r5,1790881140000,1790886300000,LIGHT
A_p65_x70_w10_e1_b7_r5,1790886300000,1790888820000,DEEP
A_p65_x70_w10_e1_b7_r5,1790888820000,1790895420000,LIGHT
A_p65_x70_w10_e1_b7_r5,1790895420000,1790896320000,DEEP
A_p65_x70_w10_e1_b7_r5,1790896320000,1790896349427,LIGHT
A_p65_x70_w10_e1_b10_r3,1790875829427,1790880360000,LIGHT
A_p65_x70_w10_e1_b10_r3,1790880360000,1790881080000,DEEP
A_p65_x70_w10_e1_b10_r3,1790881080000,1790886300000,LIGHT
A_p65_x70_w10_e1_b10_r3,1790886300000,1790888820000,DEEP
A_p65_x70_w10_e1_b10_r3,1790888820000,1790895420000,LIGHT
A_p65_x70_w10_e1_b10_r3,1790895420000,1790896320000,DEEP
A_p65_x70_w10_e1_b10_r3,1790896320000,1790896349427,LIGHT
A_p65_x70_w10_e1_b10_r5,1790875829427,1790880360000,LIGHT
A_p65_x70_w10_e1_b10_r5,1790880360000,1790881140000,DEEP
A_p65_x70_w10_e1_b10_r5,1790881140000,1790886300000,LIGHT
A_p65_x70_w10_e1_b10_r5,1790886300000,1790888820000,DEEP
A_p65_x70_w10_e1_b10_r5,1790888820000,1790895420000,LIGHT
A_p65_x70_w10_e1_b10_r5,1790895420000,1790896320000,DEEP
A_p65_x70_w10_e1_b10_r5,1790896320000,1790896349427,LIGHT
A_p65_x70_w10_e2_b5_r3,1790875829427,1790880360000,LIGHT
A_p65_x70_w10_e2_b5_r3,1790880360000,1790881140000,DEEP
A_p65_x70_w10_e2_b5_r3,1790881140000,1790881800000,LIGHT
A_p65_x70_w10_e2_b5_r3,1790881800000,1790882100000,DEEP
A_p65_x70_w10_e2_b5_r3,1790882100000,1790886300000,LIGHT
A_p65_x70_w10_e2_b5_r3,1790886300000,1790888820000,DEEP
A_p65_x70_w10_e2_b5_r3,1790888820000,1790895420000,LIGHT
A_p65_x70_w10_e2_b5_r3,1790895420000,1790896320000,DEEP
A_p65_x70_w10_e2_b5_r3,1790896320000,1790896349427,LIGHT
A_p65_x70_w10_e2_b5_r5,1790875829427,1790880360000,LIGHT
A_p65_x70_w10_e2_b5_r5,1790880360000,1790881200000,DEEP
A_p65_x70_w10_e2_b5_r5,1790881200000,1790881800000,LIGHT
A_p65_x70_w10_e2_b5_r5,1790881800000,1790882100000,DEEP
A_p65_x70_w10_e2_b5_r5,1790882100000,1790886300000,LIGHT
A_p65_x70_w10_e2_b5_r5,1790886300000,1790888820000,DEEP
A_p65_x70_w10_e2_b5_r5,1790888820000,1790895420000,LIGHT
A_p65_x70_w10_e2_b5_r5,1790895420000,1790896320000,DEEP
A_p65_x70_w10_e2_b5_r5,1790896320000,1790896349427,LIGHT
A_p65_x70_w10_e2_b7_r3,1790875829427,1790880360000,LIGHT
A_p65_x70_w10_e2_b7_r3,1790880360000,1790881140000,DEEP
A_p65_x70_w10_e2_b7_r3,1790881140000,1790886300000,LIGHT
A_p65_x70_w10_e2_b7_r3,1790886300000,1790888820000,DEEP
A_p65_x70_w10_e2_b7_r3,1790888820000,1790895420000,LIGHT
A_p65_x70_w10_e2_b7_r3,1790895420000,1790896320000,DEEP
A_p65_x70_w10_e2_b7_r3,1790896320000,1790896349427,LIGHT
A_p65_x70_w10_e2_b7_r5,1790875829427,1790880360000,LIGHT
A_p65_x70_w10_e2_b7_r5,1790880360000,1790881200000,DEEP
A_p65_x70_w10_e2_b7_r5,1790881200000,1790886300000,LIGHT
A_p65_x70_w10_e2_b7_r5,1790886300000,1790888820000,DEEP
A_p65_x70_w10_e2_b7_r5,1790888820000,1790895420000,LIGHT
A_p65_x70_w10_e2_b7_r5,1790895420000,1790896320000,DEEP
A_p65_x70_w10_e2_b7_r5,1790896320000,1790896349427,LIGHT
A_p65_x70_w10_e2_b10_r3,1790875829427,1790880360000,LIGHT
A_p65_x70_w10_e2_b10_r3,1790880360000,1790881140000,DEEP
A_p65_x70_w10_e2_b10_r3,1790881140000,1790886300000,LIGHT
A_p65_x70_w10_e2_b10_r3,1790886300000,1790888820000,DEEP
A_p65_x70_w10_e2_b10_r3,1790888820000,1790895420000,LIGHT
A_p65_x70_w10_e2_b10_r3,1790895420000,1790896320000,DEEP
A_p65_x70_w10_e2_b10_r3,1790896320000,1790896349427,LIGHT
A_p65_x70_w10_e2_b10_r5,1790875829427,1790880360000,LIGHT
A_p65_x70_w10_e2_b10_r5,1790880360000,1790881200000,DEEP
A_p65_x70_w10_e2_b10_r5,1790881200000,1790886300000,LIGHT
A_p65_x70_w10_e2_b10_r5,1790886300000,1790888820000,DEEP
A_p65_x70_w10_e2_b10_r5,1790888820000,1790895420000,LIGHT
A_p65_x70_w10_e2_b10_r5,1790895420000,1790896320000,DEEP
A_p65_x70_w10_e2_b10_r5,1790896320000,1790896349427,LIGHT
A_p65_x70_w10_e3_b5_r3,1790875829427,1790880360000,LIGHT
A_p65_x70_w10_e3_b5_r3,1790880360000,1790881200000,DEEP
A_p65_x70_w10_e3_b5_r3,1790881200000,1790881800000,LIGHT
A_p65_x70_w10_e3_b5_r3,1790881800000,1790882100000,DEEP
A_p65_x70_w10_e3_b5_r3,1790882100000,1790886300000,LIGHT
A_p65_x70_w10_e3_b5_r3,1790886300000,1790888820000,DEEP
A_p65_x70_w10_e3_b5_r3,1790888820000,1790895420000,LIGHT
A_p65_x70_w10_e3_b5_r3,1790895420000,1790896320000,DEEP
A_p65_x70_w10_e3_b5_r3,1790896320000,1790896349427,LIGHT
A_p65_x70_w10_e3_b5_r5,1790875829427,1790880360000,LIGHT
A_p65_x70_w10_e3_b5_r5,1790880360000,1790881260000,DEEP
A_p65_x70_w10_e3_b5_r5,1790881260000,1790881800000,LIGHT
A_p65_x70_w10_e3_b5_r5,1790881800000,1790882100000,DEEP
A_p65_x70_w10_e3_b5_r5,1790882100000,1790886300000,LIGHT
A_p65_x70_w10_e3_b5_r5,1790886300000,1790888820000,DEEP
A_p65_x70_w10_e3_b5_r5,1790888820000,1790895420000,LIGHT
A_p65_x70_w10_e3_b5_r5,1790895420000,1790896320000,DEEP
A_p65_x70_w10_e3_b5_r5,1790896320000,1790896349427,LIGHT
A_p65_x70_w10_e3_b7_r3,1790875829427,1790880360000,LIGHT
A_p65_x70_w10_e3_b7_r3,1790880360000,1790881200000,DEEP
A_p65_x70_w10_e3_b7_r3,1790881200000,1790886300000,LIGHT
A_p65_x70_w10_e3_b7_r3,1790886300000,1790888820000,DEEP
A_p65_x70_w10_e3_b7_r3,1790888820000,1790895420000,LIGHT
A_p65_x70_w10_e3_b7_r3,1790895420000,1790896320000,DEEP
A_p65_x70_w10_e3_b7_r3,1790896320000,1790896349427,LIGHT
A_p65_x70_w10_e3_b7_r5,1790875829427,1790880360000,LIGHT
A_p65_x70_w10_e3_b7_r5,1790880360000,1790881260000,DEEP
A_p65_x70_w10_e3_b7_r5,1790881260000,1790886300000,LIGHT
A_p65_x70_w10_e3_b7_r5,1790886300000,1790888820000,DEEP
A_p65_x70_w10_e3_b7_r5,1790888820000,1790895420000,LIGHT
A_p65_x70_w10_e3_b7_r5,1790895420000,1790896320000,DEEP
A_p65_x70_w10_e3_b7_r5,1790896320000,1790896349427,LIGHT
A_p65_x70_w10_e3_b10_r3,1790875829427,1790880360000,LIGHT
A_p65_x70_w10_e3_b10_r3,1790880360000,1790881200000,DEEP
A_p65_x70_w10_e3_b10_r3,1790881200000,1790886300000,LIGHT
A_p65_x70_w10_e3_b10_r3,1790886300000,1790888820000,DEEP
A_p65_x70_w10_e3_b10_r3,1790888820000,1790895420000,LIGHT
A_p65_x70_w10_e3_b10_r3,1790895420000,1790896320000,DEEP
A_p65_x70_w10_e3_b10_r3,1790896320000,1790896349427,LIGHT
A_p65_x70_w12_e1_b5_r3,1790875829427,1790880420000,LIGHT
A_p65_x70_w12_e1_b5_r3,1790880420000,1790881080000,DEEP
A_p65_x70_w12_e1_b5_r3,1790881080000,1790886300000,LIGHT
A_p65_x70_w12_e1_b5_r3,1790886300000,1790888820000,DEEP
A_p65_x70_w12_e1_b5_r3,1790888820000,1790895480000,LIGHT
A_p65_x70_w12_e1_b5_r3,1790895480000,1790896320000,DEEP
A_p65_x70_w12_e1_b5_r3,1790896320000,1790896349427,LIGHT
A_p65_x70_w12_e1_b5_r5,1790875829427,1790880420000,LIGHT
A_p65_x70_w12_e1_b5_r5,1790880420000,1790881140000,DEEP
A_p65_x70_w12_e1_b5_r5,1790881140000,1790886300000,LIGHT
A_p65_x70_w12_e1_b5_r5,1790886300000,1790888820000,DEEP
A_p65_x70_w12_e1_b5_r5,1790888820000,1790895120000,LIGHT
A_p65_x70_w12_e1_b5_r5,1790895120000,1790896320000,DEEP
A_p65_x70_w12_e1_b5_r5,1790896320000,1790896349427,LIGHT
A_p65_x70_w12_e1_b7_r3,1790875829427,1790880420000,LIGHT
A_p65_x70_w12_e1_b7_r3,1790880420000,1790881080000,DEEP
A_p65_x70_w12_e1_b7_r3,1790881080000,1790886300000,LIGHT
A_p65_x70_w12_e1_b7_r3,1790886300000,1790888820000,DEEP
A_p65_x70_w12_e1_b7_r3,1790888820000,1790895480000,LIGHT
A_p65_x70_w12_e1_b7_r3,1790895480000,1790896320000,DEEP
A_p65_x70_w12_e1_b7_r3,1790896320000,1790896349427,LIGHT
A_p65_x70_w12_e1_b7_r5,1790875829427,1790880420000,LIGHT
A_p65_x70_w12_e1_b7_r5,1790880420000,1790881140000,DEEP
A_p65_x70_w12_e1_b7_r5,1790881140000,1790886300000,LIGHT
A_p65_x70_w12_e1_b7_r5,1790886300000,1790888820000,DEEP
A_p65_x70_w12_e1_b7_r5,1790888820000,1790895120000,LIGHT
A_p65_x70_w12_e1_b7_r5,1790895120000,1790896320000,DEEP
A_p65_x70_w12_e1_b7_r5,1790896320000,1790896349427,LIGHT
A_p65_x70_w12_e1_b10_r3,1790875829427,1790880420000,LIGHT
A_p65_x70_w12_e1_b10_r3,1790880420000,1790881080000,DEEP
A_p65_x70_w12_e1_b10_r3,1790881080000,1790886300000,LIGHT
A_p65_x70_w12_e1_b10_r3,1790886300000,1790888820000,DEEP
A_p65_x70_w12_e1_b10_r3,1790888820000,1790895480000,LIGHT
A_p65_x70_w12_e1_b10_r3,1790895480000,1790896320000,DEEP
A_p65_x70_w12_e1_b10_r3,1790896320000,1790896349427,LIGHT
A_p65_x70_w12_e1_b10_r5,1790875829427,1790880420000,LIGHT
A_p65_x70_w12_e1_b10_r5,1790880420000,1790881140000,DEEP
A_p65_x70_w12_e1_b10_r5,1790881140000,1790886300000,LIGHT
A_p65_x70_w12_e1_b10_r5,1790886300000,1790888820000,DEEP
A_p65_x70_w12_e1_b10_r5,1790888820000,1790895120000,LIGHT
A_p65_x70_w12_e1_b10_r5,1790895120000,1790896320000,DEEP
A_p65_x70_w12_e1_b10_r5,1790896320000,1790896349427,LIGHT
A_p65_x70_w12_e2_b5_r3,1790875829427,1790880420000,LIGHT
A_p65_x70_w12_e2_b5_r3,1790880420000,1790881140000,DEEP
A_p65_x70_w12_e2_b5_r3,1790881140000,1790886300000,LIGHT
A_p65_x70_w12_e2_b5_r3,1790886300000,1790888820000,DEEP
A_p65_x70_w12_e2_b5_r3,1790888820000,1790895120000,LIGHT
A_p65_x70_w12_e2_b5_r3,1790895120000,1790895420000,DEEP
A_p65_x70_w12_e2_b5_r3,1790895420000,1790895480000,LIGHT
A_p65_x70_w12_e2_b5_r3,1790895480000,1790896320000,DEEP
A_p65_x70_w12_e2_b5_r3,1790896320000,1790896349427,LIGHT
A_p65_x70_w12_e2_b5_r5,1790875829427,1790880420000,LIGHT
A_p65_x70_w12_e2_b5_r5,1790880420000,1790881200000,DEEP
A_p65_x70_w12_e2_b5_r5,1790881200000,1790886300000,LIGHT
A_p65_x70_w12_e2_b5_r5,1790886300000,1790888820000,DEEP
A_p65_x70_w12_e2_b5_r5,1790888820000,1790895120000,LIGHT
A_p65_x70_w12_e2_b5_r5,1790895120000,1790896320000,DEEP
A_p65_x70_w12_e2_b5_r5,1790896320000,1790896349427,LIGHT
A_p65_x70_w12_e2_b7_r3,1790875829427,1790880420000,LIGHT
A_p65_x70_w12_e2_b7_r3,1790880420000,1790881140000,DEEP
A_p65_x70_w12_e2_b7_r3,1790881140000,1790886300000,LIGHT
A_p65_x70_w12_e2_b7_r3,1790886300000,1790888820000,DEEP
A_p65_x70_w12_e2_b7_r3,1790888820000,1790895480000,LIGHT
A_p65_x70_w12_e2_b7_r3,1790895480000,1790896320000,DEEP
A_p65_x70_w12_e2_b7_r3,1790896320000,1790896349427,LIGHT
A_p65_x70_w12_e2_b7_r5,1790875829427,1790880420000,LIGHT
A_p65_x70_w12_e2_b7_r5,1790880420000,1790881200000,DEEP
A_p65_x70_w12_e2_b7_r5,1790881200000,1790886300000,LIGHT
A_p65_x70_w12_e2_b7_r5,1790886300000,1790888820000,DEEP
A_p65_x70_w12_e2_b7_r5,1790888820000,1790895120000,LIGHT
A_p65_x70_w12_e2_b7_r5,1790895120000,1790896320000,DEEP
A_p65_x70_w12_e2_b7_r5,1790896320000,1790896349427,LIGHT
A_p65_x70_w12_e2_b10_r3,1790875829427,1790880420000,LIGHT
A_p65_x70_w12_e2_b10_r3,1790880420000,1790881140000,DEEP
A_p65_x70_w12_e2_b10_r3,1790881140000,1790886300000,LIGHT
A_p65_x70_w12_e2_b10_r3,1790886300000,1790888820000,DEEP
A_p65_x70_w12_e2_b10_r3,1790888820000,1790895480000,LIGHT
A_p65_x70_w12_e2_b10_r3,1790895480000,1790896320000,DEEP
A_p65_x70_w12_e2_b10_r3,1790896320000,1790896349427,LIGHT
A_p65_x70_w12_e2_b10_r5,1790875829427,1790880420000,LIGHT
A_p65_x70_w12_e2_b10_r5,1790880420000,1790881200000,DEEP
A_p65_x70_w12_e2_b10_r5,1790881200000,1790886300000,LIGHT
A_p65_x70_w12_e2_b10_r5,1790886300000,1790888820000,DEEP
A_p65_x70_w12_e2_b10_r5,1790888820000,1790895120000,LIGHT
A_p65_x70_w12_e2_b10_r5,1790895120000,1790896320000,DEEP
A_p65_x70_w12_e2_b10_r5,1790896320000,1790896349427,LIGHT
A_p65_x70_w12_e3_b5_r3,1790875829427,1790880420000,LIGHT
A_p65_x70_w12_e3_b5_r3,1790880420000,1790881200000,DEEP
A_p65_x70_w12_e3_b5_r3,1790881200000,1790886300000,LIGHT
A_p65_x70_w12_e3_b5_r3,1790886300000,1790888820000,DEEP
A_p65_x70_w12_e3_b5_r3,1790888820000,1790895120000,LIGHT
A_p65_x70_w12_e3_b5_r3,1790895120000,1790896320000,DEEP
A_p65_x70_w12_e3_b5_r3,1790896320000,1790896349427,LIGHT
A_p65_x70_w12_e3_b5_r5,1790875829427,1790880420000,LIGHT
A_p65_x70_w12_e3_b5_r5,1790880420000,1790881260000,DEEP
A_p65_x70_w12_e3_b5_r5,1790881260000,1790886300000,LIGHT
A_p65_x70_w12_e3_b5_r5,1790886300000,1790888820000,DEEP
A_p65_x70_w12_e3_b5_r5,1790888820000,1790895120000,LIGHT
A_p65_x70_w12_e3_b5_r5,1790895120000,1790896320000,DEEP
A_p65_x70_w12_e3_b5_r5,1790896320000,1790896349427,LIGHT
A_p65_x70_w12_e3_b7_r3,1790875829427,1790880420000,LIGHT
A_p65_x70_w12_e3_b7_r3,1790880420000,1790881200000,DEEP
A_p65_x70_w12_e3_b7_r3,1790881200000,1790886300000,LIGHT
A_p65_x70_w12_e3_b7_r3,1790886300000,1790888820000,DEEP
A_p65_x70_w12_e3_b7_r3,1790888820000,1790895120000,LIGHT
A_p65_x70_w12_e3_b7_r3,1790895120000,1790896320000,DEEP
A_p65_x70_w12_e3_b7_r3,1790896320000,1790896349427,LIGHT
A_p65_x70_w12_e3_b7_r5,1790875829427,1790880420000,LIGHT
A_p65_x70_w12_e3_b7_r5,1790880420000,1790881260000,DEEP
A_p65_x70_w12_e3_b7_r5,1790881260000,1790886300000,LIGHT
A_p65_x70_w12_e3_b7_r5,1790886300000,1790888820000,DEEP
A_p65_x70_w12_e3_b7_r5,1790888820000,1790895120000,LIGHT
A_p65_x70_w12_e3_b7_r5,1790895120000,1790896320000,DEEP
A_p65_x70_w12_e3_b7_r5,1790896320000,1790896349427,LIGHT
A_p65_x70_w12_e3_b10_r3,1790875829427,1790880420000,LIGHT
A_p65_x70_w12_e3_b10_r3,1790880420000,1790881200000,DEEP
A_p65_x70_w12_e3_b10_r3,1790881200000,1790886300000,LIGHT
A_p65_x70_w12_e3_b10_r3,1790886300000,1790888820000,DEEP
A_p65_x70_w12_e3_b10_r3,1790888820000,1790895120000,LIGHT
A_p65_x70_w12_e3_b10_r3,1790895120000,1790896320000,DEEP
A_p65_x70_w12_e3_b10_r3,1790896320000,1790896349427,LIGHT
A_p65_x70_w15_e1_b5_r3,1790875829427,1790880180000,LIGHT
A_p65_x70_w15_e1_b5_r3,1790880180000,1790881080000,DEEP
A_p65_x70_w15_e1_b5_r3,1790881080000,1790881380000,LIGHT
A_p65_x70_w15_e1_b5_r3,1790881380000,1790881860000,DEEP
A_p65_x70_w15_e1_b5_r3,1790881860000,1790886480000,LIGHT
A_p65_x70_w15_e1_b5_r3,1790886480000,1790888820000,DEEP
A_p65_x70_w15_e1_b5_r3,1790888820000,1790895420000,LIGHT
A_p65_x70_w15_e1_b5_r3,1790895420000,1790896320000,DEEP
A_p65_x70_w15_e1_b5_r3,1790896320000,1790896349427,LIGHT
A_p65_x70_w15_e1_b5_r5,1790875829427,1790880180000,LIGHT
A_p65_x70_w15_e1_b5_r5,1790880180000,1790881140000,DEEP
A_p65_x70_w15_e1_b5_r5,1790881140000,1790881380000,LIGHT
A_p65_x70_w15_e1_b5_r5,1790881380000,1790882100000,DEEP
A_p65_x70_w15_e1_b5_r5,1790882100000,1790886480000,LIGHT
A_p65_x70_w15_e1_b5_r5,1790886480000,1790888820000,DEEP
A_p65_x70_w15_e1_b5_r5,1790888820000,1790895180000,LIGHT
A_p65_x70_w15_e1_b5_r5,1790895180000,1790896320000,DEEP
A_p65_x70_w15_e1_b5_r5,1790896320000,1790896349427,LIGHT
A_p65_x70_w15_e1_b7_r3,1790875829427,1790880180000,LIGHT
A_p65_x70_w15_e1_b7_r3,1790880180000,1790881080000,DEEP
A_p65_x70_w15_e1_b7_r3,1790881080000,1790881380000,LIGHT
A_p65_x70_w15_e1_b7_r3,1790881380000,1790881860000,DEEP
A_p65_x70_w15_e1_b7_r3,1790881860000,1790886480000,LIGHT
A_p65_x70_w15_e1_b7_r3,1790886480000,1790888820000,DEEP
A_p65_x70_w15_e1_b7_r3,1790888820000,1790895420000,LIGHT
A_p65_x70_w15_e1_b7_r3,1790895420000,1790896320000,DEEP
A_p65_x70_w15_e1_b7_r3,1790896320000,1790896349427,LIGHT
A_p65_x70_w15_e1_b7_r5,1790875829427,1790880180000,LIGHT
A_p65_x70_w15_e1_b7_r5,1790880180000,1790881140000,DEEP
A_p65_x70_w15_e1_b7_r5,1790881140000,1790881380000,LIGHT
A_p65_x70_w15_e1_b7_r5,1790881380000,1790882100000,DEEP
A_p65_x70_w15_e1_b7_r5,1790882100000,1790886480000,LIGHT
A_p65_x70_w15_e1_b7_r5,1790886480000,1790888820000,DEEP
A_p65_x70_w15_e1_b7_r5,1790888820000,1790895180000,LIGHT
A_p65_x70_w15_e1_b7_r5,1790895180000,1790896320000,DEEP
A_p65_x70_w15_e1_b7_r5,1790896320000,1790896349427,LIGHT
A_p65_x70_w15_e1_b10_r3,1790875829427,1790880180000,LIGHT
A_p65_x70_w15_e1_b10_r3,1790880180000,1790881080000,DEEP
A_p65_x70_w15_e1_b10_r3,1790881080000,1790886480000,LIGHT
A_p65_x70_w15_e1_b10_r3,1790886480000,1790888820000,DEEP
A_p65_x70_w15_e1_b10_r3,1790888820000,1790895420000,LIGHT
A_p65_x70_w15_e1_b10_r3,1790895420000,1790896320000,DEEP
A_p65_x70_w15_e1_b10_r3,1790896320000,1790896349427,LIGHT
A_p65_x70_w15_e2_b5_r3,1790875829427,1790880180000,LIGHT
A_p65_x70_w15_e2_b5_r3,1790880180000,1790881140000,DEEP
A_p65_x70_w15_e2_b5_r3,1790881140000,1790881380000,LIGHT
A_p65_x70_w15_e2_b5_r3,1790881380000,1790882100000,DEEP
A_p65_x70_w15_e2_b5_r3,1790882100000,1790886480000,LIGHT
A_p65_x70_w15_e2_b5_r3,1790886480000,1790888820000,DEEP
A_p65_x70_w15_e2_b5_r3,1790888820000,1790895480000,LIGHT
A_p65_x70_w15_e2_b5_r3,1790895480000,1790896320000,DEEP
A_p65_x70_w15_e2_b5_r3,1790896320000,1790896349427,LIGHT
A_p65_x70_w15_e2_b5_r5,1790875829427,1790880180000,LIGHT
A_p65_x70_w15_e2_b5_r5,1790880180000,1790881200000,DEEP
A_p65_x70_w15_e2_b5_r5,1790881200000,1790881380000,LIGHT
A_p65_x70_w15_e2_b5_r5,1790881380000,1790882100000,DEEP
A_p65_x70_w15_e2_b5_r5,1790882100000,1790886480000,LIGHT
A_p65_x70_w15_e2_b5_r5,1790886480000,1790888820000,DEEP
A_p65_x70_w15_e2_b5_r5,1790888820000,1790895180000,LIGHT
A_p65_x70_w15_e2_b5_r5,1790895180000,1790896320000,DEEP
A_p65_x70_w15_e2_b5_r5,1790896320000,1790896349427,LIGHT
A_p65_x70_w15_e2_b7_r3,1790875829427,1790880180000,LIGHT
A_p65_x70_w15_e2_b7_r3,1790880180000,1790881140000,DEEP
A_p65_x70_w15_e2_b7_r3,1790881140000,1790881380000,LIGHT
A_p65_x70_w15_e2_b7_r3,1790881380000,1790882100000,DEEP
A_p65_x70_w15_e2_b7_r3,1790882100000,1790886480000,LIGHT
A_p65_x70_w15_e2_b7_r3,1790886480000,1790888820000,DEEP
A_p65_x70_w15_e2_b7_r3,1790888820000,1790895480000,LIGHT
A_p65_x70_w15_e2_b7_r3,1790895480000,1790896320000,DEEP
A_p65_x70_w15_e2_b7_r3,1790896320000,1790896349427,LIGHT
A_p65_x70_w15_e2_b7_r5,1790875829427,1790880180000,LIGHT
A_p65_x70_w15_e2_b7_r5,1790880180000,1790881200000,DEEP
A_p65_x70_w15_e2_b7_r5,1790881200000,1790881380000,LIGHT
A_p65_x70_w15_e2_b7_r5,1790881380000,1790882100000,DEEP
A_p65_x70_w15_e2_b7_r5,1790882100000,1790886480000,LIGHT
A_p65_x70_w15_e2_b7_r5,1790886480000,1790888820000,DEEP
A_p65_x70_w15_e2_b7_r5,1790888820000,1790895180000,LIGHT
A_p65_x70_w15_e2_b7_r5,1790895180000,1790896320000,DEEP
A_p65_x70_w15_e2_b7_r5,1790896320000,1790896349427,LIGHT
A_p65_x70_w15_e2_b10_r3,1790875829427,1790880180000,LIGHT
A_p65_x70_w15_e2_b10_r3,1790880180000,1790881140000,DEEP
A_p65_x70_w15_e2_b10_r3,1790881140000,1790881380000,LIGHT
A_p65_x70_w15_e2_b10_r3,1790881380000,1790882100000,DEEP
A_p65_x70_w15_e2_b10_r3,1790882100000,1790886480000,LIGHT
A_p65_x70_w15_e2_b10_r3,1790886480000,1790888820000,DEEP
A_p65_x70_w15_e2_b10_r3,1790888820000,1790895480000,LIGHT
A_p65_x70_w15_e2_b10_r3,1790895480000,1790896320000,DEEP
A_p65_x70_w15_e2_b10_r3,1790896320000,1790896349427,LIGHT
A_p65_x70_w15_e3_b5_r3,1790875829427,1790880180000,LIGHT
A_p65_x70_w15_e3_b5_r3,1790880180000,1790881200000,DEEP
A_p65_x70_w15_e3_b5_r3,1790881200000,1790881380000,LIGHT
A_p65_x70_w15_e3_b5_r3,1790881380000,1790882100000,DEEP
A_p65_x70_w15_e3_b5_r3,1790882100000,1790886480000,LIGHT
A_p65_x70_w15_e3_b5_r3,1790886480000,1790888820000,DEEP
A_p65_x70_w15_e3_b5_r3,1790888820000,1790895180000,LIGHT
A_p65_x70_w15_e3_b5_r3,1790895180000,1790896320000,DEEP
A_p65_x70_w15_e3_b5_r3,1790896320000,1790896349427,LIGHT
A_p65_x70_w15_e3_b7_r3,1790875829427,1790880180000,LIGHT
A_p65_x70_w15_e3_b7_r3,1790880180000,1790881200000,DEEP
A_p65_x70_w15_e3_b7_r3,1790881200000,1790881380000,LIGHT
A_p65_x70_w15_e3_b7_r3,1790881380000,1790882100000,DEEP
A_p65_x70_w15_e3_b7_r3,1790882100000,1790886480000,LIGHT
A_p65_x70_w15_e3_b7_r3,1790886480000,1790888820000,DEEP
A_p65_x70_w15_e3_b7_r3,1790888820000,1790895180000,LIGHT
A_p65_x70_w15_e3_b7_r3,1790895180000,1790896320000,DEEP
A_p65_x70_w15_e3_b7_r3,1790896320000,1790896349427,LIGHT
A_p65_x75_w10_e1_b5_r3,1790875829427,1790880360000,LIGHT
A_p65_x75_w10_e1_b5_r3,1790880360000,1790882100000,DEEP
A_p65_x75_w10_e1_b5_r3,1790882100000,1790886300000,LIGHT
A_p65_x75_w10_e1_b5_r3,1790886300000,1790888820000,DEEP
A_p65_x75_w10_e1_b5_r3,1790888820000,1790895420000,LIGHT
A_p65_x75_w10_e1_b5_r3,1790895420000,1790896320000,DEEP
A_p65_x75_w10_e1_b5_r3,1790896320000,1790896349427,LIGHT
A_p65_x75_w10_e1_b5_r5,1790875829427,1790880360000,LIGHT
A_p65_x75_w10_e1_b5_r5,1790880360000,1790882100000,DEEP
A_p65_x75_w10_e1_b5_r5,1790882100000,1790886300000,LIGHT
A_p65_x75_w10_e1_b5_r5,1790886300000,1790888820000,DEEP
A_p65_x75_w10_e1_b5_r5,1790888820000,1790895420000,LIGHT
A_p65_x75_w10_e1_b5_r5,1790895420000,1790896320000,DEEP
A_p65_x75_w10_e1_b5_r5,1790896320000,1790896349427,LIGHT
A_p65_x75_w10_e1_b7_r3,1790875829427,1790880360000,LIGHT
A_p65_x75_w10_e1_b7_r3,1790880360000,1790882100000,DEEP
A_p65_x75_w10_e1_b7_r3,1790882100000,1790886300000,LIGHT
A_p65_x75_w10_e1_b7_r3,1790886300000,1790888820000,DEEP
A_p65_x75_w10_e1_b7_r3,1790888820000,1790895420000,LIGHT
A_p65_x75_w10_e1_b7_r3,1790895420000,1790896320000,DEEP
A_p65_x75_w10_e1_b7_r3,1790896320000,1790896349427,LIGHT
A_p65_x75_w10_e1_b7_r5,1790875829427,1790880360000,LIGHT
A_p65_x75_w10_e1_b7_r5,1790880360000,1790882100000,DEEP
A_p65_x75_w10_e1_b7_r5,1790882100000,1790886300000,LIGHT
A_p65_x75_w10_e1_b7_r5,1790886300000,1790888820000,DEEP
A_p65_x75_w10_e1_b7_r5,1790888820000,1790895420000,LIGHT
A_p65_x75_w10_e1_b7_r5,1790895420000,1790896320000,DEEP
A_p65_x75_w10_e1_b7_r5,1790896320000,1790896349427,LIGHT
A_p65_x75_w10_e1_b10_r3,1790875829427,1790880360000,LIGHT
A_p65_x75_w10_e1_b10_r3,1790880360000,1790882100000,DEEP
A_p65_x75_w10_e1_b10_r3,1790882100000,1790886300000,LIGHT
A_p65_x75_w10_e1_b10_r3,1790886300000,1790888820000,DEEP
A_p65_x75_w10_e1_b10_r3,1790888820000,1790895420000,LIGHT
A_p65_x75_w10_e1_b10_r3,1790895420000,1790896320000,DEEP
A_p65_x75_w10_e1_b10_r3,1790896320000,1790896349427,LIGHT
A_p65_x75_w10_e1_b10_r5,1790875829427,1790880360000,LIGHT
A_p65_x75_w10_e1_b10_r5,1790880360000,1790882100000,DEEP
A_p65_x75_w10_e1_b10_r5,1790882100000,1790886300000,LIGHT
A_p65_x75_w10_e1_b10_r5,1790886300000,1790888820000,DEEP
A_p65_x75_w10_e1_b10_r5,1790888820000,1790895420000,LIGHT
A_p65_x75_w10_e1_b10_r5,1790895420000,1790896320000,DEEP
A_p65_x75_w10_e1_b10_r5,1790896320000,1790896349427,LIGHT
A_p65_x75_w10_e2_b5_r3,1790875829427,1790880360000,LIGHT
A_p65_x75_w10_e2_b5_r3,1790880360000,1790882100000,DEEP
A_p65_x75_w10_e2_b5_r3,1790882100000,1790886300000,LIGHT
A_p65_x75_w10_e2_b5_r3,1790886300000,1790888820000,DEEP
A_p65_x75_w10_e2_b5_r3,1790888820000,1790895420000,LIGHT
A_p65_x75_w10_e2_b5_r3,1790895420000,1790896320000,DEEP
A_p65_x75_w10_e2_b5_r3,1790896320000,1790896349427,LIGHT
A_p65_x75_w10_e2_b5_r5,1790875829427,1790880360000,LIGHT
A_p65_x75_w10_e2_b5_r5,1790880360000,1790882100000,DEEP
A_p65_x75_w10_e2_b5_r5,1790882100000,1790886300000,LIGHT
A_p65_x75_w10_e2_b5_r5,1790886300000,1790888820000,DEEP
A_p65_x75_w10_e2_b5_r5,1790888820000,1790895420000,LIGHT
A_p65_x75_w10_e2_b5_r5,1790895420000,1790896320000,DEEP
A_p65_x75_w10_e2_b5_r5,1790896320000,1790896349427,LIGHT
A_p65_x75_w10_e2_b7_r3,1790875829427,1790880360000,LIGHT
A_p65_x75_w10_e2_b7_r3,1790880360000,1790882100000,DEEP
A_p65_x75_w10_e2_b7_r3,1790882100000,1790886300000,LIGHT
A_p65_x75_w10_e2_b7_r3,1790886300000,1790888820000,DEEP
A_p65_x75_w10_e2_b7_r3,1790888820000,1790895420000,LIGHT
A_p65_x75_w10_e2_b7_r3,1790895420000,1790896320000,DEEP
A_p65_x75_w10_e2_b7_r3,1790896320000,1790896349427,LIGHT
A_p65_x75_w10_e2_b7_r5,1790875829427,1790880360000,LIGHT
A_p65_x75_w10_e2_b7_r5,1790880360000,1790882100000,DEEP
A_p65_x75_w10_e2_b7_r5,1790882100000,1790886300000,LIGHT
A_p65_x75_w10_e2_b7_r5,1790886300000,1790888820000,DEEP
A_p65_x75_w10_e2_b7_r5,1790888820000,1790895420000,LIGHT
A_p65_x75_w10_e2_b7_r5,1790895420000,1790896320000,DEEP
A_p65_x75_w10_e2_b7_r5,1790896320000,1790896349427,LIGHT
A_p65_x75_w10_e2_b10_r3,1790875829427,1790880360000,LIGHT
A_p65_x75_w10_e2_b10_r3,1790880360000,1790882100000,DEEP
A_p65_x75_w10_e2_b10_r3,1790882100000,1790886300000,LIGHT
A_p65_x75_w10_e2_b10_r3,1790886300000,1790888820000,DEEP
A_p65_x75_w10_e2_b10_r3,1790888820000,1790895420000,LIGHT
A_p65_x75_w10_e2_b10_r3,1790895420000,1790896320000,DEEP
A_p65_x75_w10_e2_b10_r3,1790896320000,1790896349427,LIGHT
A_p65_x75_w10_e2_b10_r5,1790875829427,1790880360000,LIGHT
A_p65_x75_w10_e2_b10_r5,1790880360000,1790882100000,DEEP
A_p65_x75_w10_e2_b10_r5,1790882100000,1790886300000,LIGHT
A_p65_x75_w10_e2_b10_r5,1790886300000,1790888820000,DEEP
A_p65_x75_w10_e2_b10_r5,1790888820000,1790895420000,LIGHT
A_p65_x75_w10_e2_b10_r5,1790895420000,1790896320000,DEEP
A_p65_x75_w10_e2_b10_r5,1790896320000,1790896349427,LIGHT
A_p65_x75_w10_e3_b5_r3,1790875829427,1790880360000,LIGHT
A_p65_x75_w10_e3_b5_r3,1790880360000,1790882100000,DEEP
A_p65_x75_w10_e3_b5_r3,1790882100000,1790886300000,LIGHT
A_p65_x75_w10_e3_b5_r3,1790886300000,1790888820000,DEEP
A_p65_x75_w10_e3_b5_r3,1790888820000,1790895420000,LIGHT
A_p65_x75_w10_e3_b5_r3,1790895420000,1790896320000,DEEP
A_p65_x75_w10_e3_b5_r3,1790896320000,1790896349427,LIGHT
A_p65_x75_w10_e3_b5_r5,1790875829427,1790880360000,LIGHT
A_p65_x75_w10_e3_b5_r5,1790880360000,1790882100000,DEEP
A_p65_x75_w10_e3_b5_r5,1790882100000,1790886300000,LIGHT
A_p65_x75_w10_e3_b5_r5,1790886300000,1790888820000,DEEP
A_p65_x75_w10_e3_b5_r5,1790888820000,1790895420000,LIGHT
A_p65_x75_w10_e3_b5_r5,1790895420000,1790896320000,DEEP
A_p65_x75_w10_e3_b5_r5,1790896320000,1790896349427,LIGHT
A_p65_x75_w10_e3_b7_r3,1790875829427,1790880360000,LIGHT
A_p65_x75_w10_e3_b7_r3,1790880360000,1790882100000,DEEP
A_p65_x75_w10_e3_b7_r3,1790882100000,1790886300000,LIGHT
A_p65_x75_w10_e3_b7_r3,1790886300000,1790888820000,DEEP
A_p65_x75_w10_e3_b7_r3,1790888820000,1790895420000,LIGHT
A_p65_x75_w10_e3_b7_r3,1790895420000,1790896320000,DEEP
A_p65_x75_w10_e3_b7_r3,1790896320000,1790896349427,LIGHT
A_p65_x75_w10_e3_b7_r5,1790875829427,1790880360000,LIGHT
A_p65_x75_w10_e3_b7_r5,1790880360000,1790882100000,DEEP
A_p65_x75_w10_e3_b7_r5,1790882100000,1790886300000,LIGHT
A_p65_x75_w10_e3_b7_r5,1790886300000,1790888820000,DEEP
A_p65_x75_w10_e3_b7_r5,1790888820000,1790895420000,LIGHT
A_p65_x75_w10_e3_b7_r5,1790895420000,1790896320000,DEEP
A_p65_x75_w10_e3_b7_r5,1790896320000,1790896349427,LIGHT
A_p65_x75_w10_e3_b10_r3,1790875829427,1790880360000,LIGHT
A_p65_x75_w10_e3_b10_r3,1790880360000,1790882100000,DEEP
A_p65_x75_w10_e3_b10_r3,1790882100000,1790886300000,LIGHT
A_p65_x75_w10_e3_b10_r3,1790886300000,1790888820000,DEEP
A_p65_x75_w10_e3_b10_r3,1790888820000,1790895420000,LIGHT
A_p65_x75_w10_e3_b10_r3,1790895420000,1790896320000,DEEP
A_p65_x75_w10_e3_b10_r3,1790896320000,1790896349427,LIGHT
A_p65_x75_w10_e3_b10_r5,1790875829427,1790880360000,LIGHT
A_p65_x75_w10_e3_b10_r5,1790880360000,1790882100000,DEEP
A_p65_x75_w10_e3_b10_r5,1790882100000,1790886300000,LIGHT
A_p65_x75_w10_e3_b10_r5,1790886300000,1790888820000,DEEP
A_p65_x75_w10_e3_b10_r5,1790888820000,1790895420000,LIGHT
A_p65_x75_w10_e3_b10_r5,1790895420000,1790896320000,DEEP
A_p65_x75_w10_e3_b10_r5,1790896320000,1790896349427,LIGHT
A_p65_x75_w12_e1_b5_r3,1790875829427,1790880420000,LIGHT
A_p65_x75_w12_e1_b5_r3,1790880420000,1790882100000,DEEP
A_p65_x75_w12_e1_b5_r3,1790882100000,1790886300000,LIGHT
A_p65_x75_w12_e1_b5_r3,1790886300000,1790888820000,DEEP
A_p65_x75_w12_e1_b5_r3,1790888820000,1790895480000,LIGHT
A_p65_x75_w12_e1_b5_r3,1790895480000,1790896320000,DEEP
A_p65_x75_w12_e1_b5_r3,1790896320000,1790896349427,LIGHT
A_p65_x75_w12_e1_b5_r5,1790875829427,1790880420000,LIGHT
A_p65_x75_w12_e1_b5_r5,1790880420000,1790882100000,DEEP
A_p65_x75_w12_e1_b5_r5,1790882100000,1790886300000,LIGHT
A_p65_x75_w12_e1_b5_r5,1790886300000,1790888820000,DEEP
A_p65_x75_w12_e1_b5_r5,1790888820000,1790895120000,LIGHT
A_p65_x75_w12_e1_b5_r5,1790895120000,1790896320000,DEEP
A_p65_x75_w12_e1_b5_r5,1790896320000,1790896349427,LIGHT
A_p65_x75_w12_e1_b7_r3,1790875829427,1790880420000,LIGHT
A_p65_x75_w12_e1_b7_r3,1790880420000,1790882100000,DEEP
A_p65_x75_w12_e1_b7_r3,1790882100000,1790886300000,LIGHT
A_p65_x75_w12_e1_b7_r3,1790886300000,1790888820000,DEEP
A_p65_x75_w12_e1_b7_r3,1790888820000,1790895480000,LIGHT
A_p65_x75_w12_e1_b7_r3,1790895480000,1790896320000,DEEP
A_p65_x75_w12_e1_b7_r3,1790896320000,1790896349427,LIGHT
A_p65_x75_w12_e1_b7_r5,1790875829427,1790880420000,LIGHT
A_p65_x75_w12_e1_b7_r5,1790880420000,1790882100000,DEEP
A_p65_x75_w12_e1_b7_r5,1790882100000,1790886300000,LIGHT
A_p65_x75_w12_e1_b7_r5,1790886300000,1790888820000,DEEP
A_p65_x75_w12_e1_b7_r5,1790888820000,1790895120000,LIGHT
A_p65_x75_w12_e1_b7_r5,1790895120000,1790896320000,DEEP
A_p65_x75_w12_e1_b7_r5,1790896320000,1790896349427,LIGHT
A_p65_x75_w12_e1_b10_r3,1790875829427,1790880420000,LIGHT
A_p65_x75_w12_e1_b10_r3,1790880420000,1790882100000,DEEP
A_p65_x75_w12_e1_b10_r3,1790882100000,1790886300000,LIGHT
A_p65_x75_w12_e1_b10_r3,1790886300000,1790888820000,DEEP
A_p65_x75_w12_e1_b10_r3,1790888820000,1790895480000,LIGHT
A_p65_x75_w12_e1_b10_r3,1790895480000,1790896320000,DEEP
A_p65_x75_w12_e1_b10_r3,1790896320000,1790896349427,LIGHT
A_p65_x75_w12_e1_b10_r5,1790875829427,1790880420000,LIGHT
A_p65_x75_w12_e1_b10_r5,1790880420000,1790882100000,DEEP
A_p65_x75_w12_e1_b10_r5,1790882100000,1790886300000,LIGHT
A_p65_x75_w12_e1_b10_r5,1790886300000,1790888820000,DEEP
A_p65_x75_w12_e1_b10_r5,1790888820000,1790895120000,LIGHT
A_p65_x75_w12_e1_b10_r5,1790895120000,1790896320000,DEEP
A_p65_x75_w12_e1_b10_r5,1790896320000,1790896349427,LIGHT
A_p65_x75_w12_e2_b5_r3,1790875829427,1790880420000,LIGHT
A_p65_x75_w12_e2_b5_r3,1790880420000,1790882100000,DEEP
A_p65_x75_w12_e2_b5_r3,1790882100000,1790886300000,LIGHT
A_p65_x75_w12_e2_b5_r3,1790886300000,1790888820000,DEEP
A_p65_x75_w12_e2_b5_r3,1790888820000,1790895120000,LIGHT
A_p65_x75_w12_e2_b5_r3,1790895120000,1790895420000,DEEP
A_p65_x75_w12_e2_b5_r3,1790895420000,1790895480000,LIGHT
A_p65_x75_w12_e2_b5_r3,1790895480000,1790896320000,DEEP
A_p65_x75_w12_e2_b5_r3,1790896320000,1790896349427,LIGHT
A_p65_x75_w12_e2_b5_r5,1790875829427,1790880420000,LIGHT
A_p65_x75_w12_e2_b5_r5,1790880420000,1790882100000,DEEP
A_p65_x75_w12_e2_b5_r5,1790882100000,1790886300000,LIGHT
A_p65_x75_w12_e2_b5_r5,1790886300000,1790888820000,DEEP
A_p65_x75_w12_e2_b5_r5,1790888820000,1790895120000,LIGHT
A_p65_x75_w12_e2_b5_r5,1790895120000,1790896320000,DEEP
A_p65_x75_w12_e2_b5_r5,1790896320000,1790896349427,LIGHT
A_p65_x75_w12_e2_b7_r3,1790875829427,1790880420000,LIGHT
A_p65_x75_w12_e2_b7_r3,1790880420000,1790882100000,DEEP
A_p65_x75_w12_e2_b7_r3,1790882100000,1790886300000,LIGHT
A_p65_x75_w12_e2_b7_r3,1790886300000,1790888820000,DEEP
A_p65_x75_w12_e2_b7_r3,1790888820000,1790895480000,LIGHT
A_p65_x75_w12_e2_b7_r3,1790895480000,1790896320000,DEEP
A_p65_x75_w12_e2_b7_r3,1790896320000,1790896349427,LIGHT
A_p65_x75_w12_e2_b7_r5,1790875829427,1790880420000,LIGHT
A_p65_x75_w12_e2_b7_r5,1790880420000,1790882100000,DEEP
A_p65_x75_w12_e2_b7_r5,1790882100000,1790886300000,LIGHT
A_p65_x75_w12_e2_b7_r5,1790886300000,1790888820000,DEEP
A_p65_x75_w12_e2_b7_r5,1790888820000,1790895120000,LIGHT
A_p65_x75_w12_e2_b7_r5,1790895120000,1790896320000,DEEP
A_p65_x75_w12_e2_b7_r5,1790896320000,1790896349427,LIGHT
A_p65_x75_w12_e2_b10_r3,1790875829427,1790880420000,LIGHT
A_p65_x75_w12_e2_b10_r3,1790880420000,1790882100000,DEEP
A_p65_x75_w12_e2_b10_r3,1790882100000,1790886300000,LIGHT
A_p65_x75_w12_e2_b10_r3,1790886300000,1790888820000,DEEP
A_p65_x75_w12_e2_b10_r3,1790888820000,1790895480000,LIGHT
A_p65_x75_w12_e2_b10_r3,1790895480000,1790896320000,DEEP
A_p65_x75_w12_e2_b10_r3,1790896320000,1790896349427,LIGHT
A_p65_x75_w12_e2_b10_r5,1790875829427,1790880420000,LIGHT
A_p65_x75_w12_e2_b10_r5,1790880420000,1790882100000,DEEP
A_p65_x75_w12_e2_b10_r5,1790882100000,1790886300000,LIGHT
A_p65_x75_w12_e2_b10_r5,1790886300000,1790888820000,DEEP
A_p65_x75_w12_e2_b10_r5,1790888820000,1790895120000,LIGHT
A_p65_x75_w12_e2_b10_r5,1790895120000,1790896320000,DEEP
A_p65_x75_w12_e2_b10_r5,1790896320000,1790896349427,LIGHT
A_p65_x75_w12_e3_b5_r3,1790875829427,1790880420000,LIGHT
A_p65_x75_w12_e3_b5_r3,1790880420000,1790882100000,DEEP
A_p65_x75_w12_e3_b5_r3,1790882100000,1790886300000,LIGHT
A_p65_x75_w12_e3_b5_r3,1790886300000,1790888820000,DEEP
A_p65_x75_w12_e3_b5_r3,1790888820000,1790895120000,LIGHT
A_p65_x75_w12_e3_b5_r3,1790895120000,1790896320000,DEEP
A_p65_x75_w12_e3_b5_r3,1790896320000,1790896349427,LIGHT
A_p65_x75_w12_e3_b5_r5,1790875829427,1790880420000,LIGHT
A_p65_x75_w12_e3_b5_r5,1790880420000,1790882100000,DEEP
A_p65_x75_w12_e3_b5_r5,1790882100000,1790886300000,LIGHT
A_p65_x75_w12_e3_b5_r5,1790886300000,1790888820000,DEEP
A_p65_x75_w12_e3_b5_r5,1790888820000,1790895120000,LIGHT
A_p65_x75_w12_e3_b5_r5,1790895120000,1790896320000,DEEP
A_p65_x75_w12_e3_b5_r5,1790896320000,1790896349427,LIGHT
A_p65_x75_w12_e3_b7_r3,1790875829427,1790880420000,LIGHT
A_p65_x75_w12_e3_b7_r3,1790880420000,1790882100000,DEEP
A_p65_x75_w12_e3_b7_r3,1790882100000,1790886300000,LIGHT
A_p65_x75_w12_e3_b7_r3,1790886300000,1790888820000,DEEP
A_p65_x75_w12_e3_b7_r3,1790888820000,1790895120000,LIGHT
A_p65_x75_w12_e3_b7_r3,1790895120000,1790896320000,DEEP
A_p65_x75_w12_e3_b7_r3,1790896320000,1790896349427,LIGHT
A_p65_x75_w12_e3_b7_r5,1790875829427,1790880420000,LIGHT
A_p65_x75_w12_e3_b7_r5,1790880420000,1790882100000,DEEP
A_p65_x75_w12_e3_b7_r5,1790882100000,1790886300000,LIGHT
A_p65_x75_w12_e3_b7_r5,1790886300000,1790888820000,DEEP
A_p65_x75_w12_e3_b7_r5,1790888820000,1790895120000,LIGHT
A_p65_x75_w12_e3_b7_r5,1790895120000,1790896320000,DEEP
A_p65_x75_w12_e3_b7_r5,1790896320000,1790896349427,LIGHT
A_p65_x75_w12_e3_b10_r3,1790875829427,1790880420000,LIGHT
A_p65_x75_w12_e3_b10_r3,1790880420000,1790882100000,DEEP
A_p65_x75_w12_e3_b10_r3,1790882100000,1790886300000,LIGHT
A_p65_x75_w12_e3_b10_r3,1790886300000,1790888820000,DEEP
A_p65_x75_w12_e3_b10_r3,1790888820000,1790895120000,LIGHT
A_p65_x75_w12_e3_b10_r3,1790895120000,1790896320000,DEEP
A_p65_x75_w12_e3_b10_r3,1790896320000,1790896349427,LIGHT
A_p65_x75_w12_e3_b10_r5,1790875829427,1790880420000,LIGHT
A_p65_x75_w12_e3_b10_r5,1790880420000,1790882100000,DEEP
A_p65_x75_w12_e3_b10_r5,1790882100000,1790886300000,LIGHT
A_p65_x75_w12_e3_b10_r5,1790886300000,1790888820000,DEEP
A_p65_x75_w12_e3_b10_r5,1790888820000,1790895120000,LIGHT
A_p65_x75_w12_e3_b10_r5,1790895120000,1790896320000,DEEP
A_p65_x75_w12_e3_b10_r5,1790896320000,1790896349427,LIGHT
A_p65_x75_w15_e1_b5_r3,1790875829427,1790880180000,LIGHT
A_p65_x75_w15_e1_b5_r3,1790880180000,1790882100000,DEEP
A_p65_x75_w15_e1_b5_r3,1790882100000,1790886480000,LIGHT
A_p65_x75_w15_e1_b5_r3,1790886480000,1790888820000,DEEP
A_p65_x75_w15_e1_b5_r3,1790888820000,1790895420000,LIGHT
A_p65_x75_w15_e1_b5_r3,1790895420000,1790896320000,DEEP
A_p65_x75_w15_e1_b5_r3,1790896320000,1790896349427,LIGHT
A_p65_x75_w15_e1_b5_r5,1790875829427,1790880180000,LIGHT
A_p65_x75_w15_e1_b5_r5,1790880180000,1790882100000,DEEP
A_p65_x75_w15_e1_b5_r5,1790882100000,1790886480000,LIGHT
A_p65_x75_w15_e1_b5_r5,1790886480000,1790888820000,DEEP
A_p65_x75_w15_e1_b5_r5,1790888820000,1790895180000,LIGHT
A_p65_x75_w15_e1_b5_r5,1790895180000,1790896320000,DEEP
A_p65_x75_w15_e1_b5_r5,1790896320000,1790896349427,LIGHT
A_p65_x75_w15_e1_b7_r3,1790875829427,1790880180000,LIGHT
A_p65_x75_w15_e1_b7_r3,1790880180000,1790882100000,DEEP
A_p65_x75_w15_e1_b7_r3,1790882100000,1790886480000,LIGHT
A_p65_x75_w15_e1_b7_r3,1790886480000,1790888820000,DEEP
A_p65_x75_w15_e1_b7_r3,1790888820000,1790895420000,LIGHT
A_p65_x75_w15_e1_b7_r3,1790895420000,1790896320000,DEEP
A_p65_x75_w15_e1_b7_r3,1790896320000,1790896349427,LIGHT
A_p65_x75_w15_e1_b7_r5,1790875829427,1790880180000,LIGHT
A_p65_x75_w15_e1_b7_r5,1790880180000,1790882100000,DEEP
A_p65_x75_w15_e1_b7_r5,1790882100000,1790886480000,LIGHT
A_p65_x75_w15_e1_b7_r5,1790886480000,1790888820000,DEEP
A_p65_x75_w15_e1_b7_r5,1790888820000,1790895180000,LIGHT
A_p65_x75_w15_e1_b7_r5,1790895180000,1790896320000,DEEP
A_p65_x75_w15_e1_b7_r5,1790896320000,1790896349427,LIGHT
A_p65_x75_w15_e1_b10_r3,1790875829427,1790880180000,LIGHT
A_p65_x75_w15_e1_b10_r3,1790880180000,1790882100000,DEEP
A_p65_x75_w15_e1_b10_r3,1790882100000,1790886480000,LIGHT
A_p65_x75_w15_e1_b10_r3,1790886480000,1790888820000,DEEP
A_p65_x75_w15_e1_b10_r3,1790888820000,1790895420000,LIGHT
A_p65_x75_w15_e1_b10_r3,1790895420000,1790896320000,DEEP
A_p65_x75_w15_e1_b10_r3,1790896320000,1790896349427,LIGHT
A_p65_x75_w15_e1_b10_r5,1790875829427,1790880180000,LIGHT
A_p65_x75_w15_e1_b10_r5,1790880180000,1790882100000,DEEP
A_p65_x75_w15_e1_b10_r5,1790882100000,1790886480000,LIGHT
A_p65_x75_w15_e1_b10_r5,1790886480000,1790888820000,DEEP
A_p65_x75_w15_e1_b10_r5,1790888820000,1790895180000,LIGHT
A_p65_x75_w15_e1_b10_r5,1790895180000,1790896320000,DEEP
A_p65_x75_w15_e1_b10_r5,1790896320000,1790896349427,LIGHT
A_p65_x75_w15_e2_b5_r3,1790875829427,1790880180000,LIGHT
A_p65_x75_w15_e2_b5_r3,1790880180000,1790882100000,DEEP
A_p65_x75_w15_e2_b5_r3,1790882100000,1790886480000,LIGHT
A_p65_x75_w15_e2_b5_r3,1790886480000,1790888820000,DEEP
A_p65_x75_w15_e2_b5_r3,1790888820000,1790895480000,LIGHT
A_p65_x75_w15_e2_b5_r3,1790895480000,1790896320000,DEEP
A_p65_x75_w15_e2_b5_r3,1790896320000,1790896349427,LIGHT
A_p65_x75_w15_e2_b5_r5,1790875829427,1790880180000,LIGHT
A_p65_x75_w15_e2_b5_r5,1790880180000,1790882100000,DEEP
A_p65_x75_w15_e2_b5_r5,1790882100000,1790886480000,LIGHT
A_p65_x75_w15_e2_b5_r5,1790886480000,1790888820000,DEEP
A_p65_x75_w15_e2_b5_r5,1790888820000,1790895180000,LIGHT
A_p65_x75_w15_e2_b5_r5,1790895180000,1790896320000,DEEP
A_p65_x75_w15_e2_b5_r5,1790896320000,1790896349427,LIGHT
A_p65_x75_w15_e2_b7_r3,1790875829427,1790880180000,LIGHT
A_p65_x75_w15_e2_b7_r3,1790880180000,1790882100000,DEEP
A_p65_x75_w15_e2_b7_r3,1790882100000,1790886480000,LIGHT
A_p65_x75_w15_e2_b7_r3,1790886480000,1790888820000,DEEP
A_p65_x75_w15_e2_b7_r3,1790888820000,1790895480000,LIGHT
A_p65_x75_w15_e2_b7_r3,1790895480000,1790896320000,DEEP
A_p65_x75_w15_e2_b7_r3,1790896320000,1790896349427,LIGHT
A_p65_x75_w15_e2_b7_r5,1790875829427,1790880180000,LIGHT
A_p65_x75_w15_e2_b7_r5,1790880180000,1790882100000,DEEP
A_p65_x75_w15_e2_b7_r5,1790882100000,1790886480000,LIGHT
A_p65_x75_w15_e2_b7_r5,1790886480000,1790888820000,DEEP
A_p65_x75_w15_e2_b7_r5,1790888820000,1790895180000,LIGHT
A_p65_x75_w15_e2_b7_r5,1790895180000,1790896320000,DEEP
A_p65_x75_w15_e2_b7_r5,1790896320000,1790896349427,LIGHT
A_p65_x75_w15_e2_b10_r3,1790875829427,1790880180000,LIGHT
A_p65_x75_w15_e2_b10_r3,1790880180000,1790882100000,DEEP
A_p65_x75_w15_e2_b10_r3,1790882100000,1790886480000,LIGHT
A_p65_x75_w15_e2_b10_r3,1790886480000,1790888820000,DEEP
A_p65_x75_w15_e2_b10_r3,1790888820000,1790895480000,LIGHT
A_p65_x75_w15_e2_b10_r3,1790895480000,1790896320000,DEEP
A_p65_x75_w15_e2_b10_r3,1790896320000,1790896349427,LIGHT
A_p65_x75_w15_e2_b10_r5,1790875829427,1790880180000,LIGHT
A_p65_x75_w15_e2_b10_r5,1790880180000,1790882100000,DEEP
A_p65_x75_w15_e2_b10_r5,1790882100000,1790886480000,LIGHT
A_p65_x75_w15_e2_b10_r5,1790886480000,1790888820000,DEEP
A_p65_x75_w15_e2_b10_r5,1790888820000,1790895180000,LIGHT
A_p65_x75_w15_e2_b10_r5,1790895180000,1790896320000,DEEP
A_p65_x75_w15_e2_b10_r5,1790896320000,1790896349427,LIGHT
A_p65_x75_w15_e3_b5_r3,1790875829427,1790880180000,LIGHT
A_p65_x75_w15_e3_b5_r3,1790880180000,1790882100000,DEEP
A_p65_x75_w15_e3_b5_r3,1790882100000,1790886480000,LIGHT
A_p65_x75_w15_e3_b5_r3,1790886480000,1790888820000,DEEP
A_p65_x75_w15_e3_b5_r3,1790888820000,1790895180000,LIGHT
A_p65_x75_w15_e3_b5_r3,1790895180000,1790896320000,DEEP
A_p65_x75_w15_e3_b5_r3,1790896320000,1790896349427,LIGHT
A_p65_x75_w15_e3_b5_r5,1790875829427,1790880180000,LIGHT
A_p65_x75_w15_e3_b5_r5,1790880180000,1790882100000,DEEP
A_p65_x75_w15_e3_b5_r5,1790882100000,1790886480000,LIGHT
A_p65_x75_w15_e3_b5_r5,1790886480000,1790888820000,DEEP
A_p65_x75_w15_e3_b5_r5,1790888820000,1790895180000,LIGHT
A_p65_x75_w15_e3_b5_r5,1790895180000,1790896320000,DEEP
A_p65_x75_w15_e3_b5_r5,1790896320000,1790896349427,LIGHT
A_p65_x75_w15_e3_b7_r3,1790875829427,1790880180000,LIGHT
A_p65_x75_w15_e3_b7_r3,1790880180000,1790882100000,DEEP
A_p65_x75_w15_e3_b7_r3,1790882100000,1790886480000,LIGHT
A_p65_x75_w15_e3_b7_r3,1790886480000,1790888820000,DEEP
A_p65_x75_w15_e3_b7_r3,1790888820000,1790895180000,LIGHT
A_p65_x75_w15_e3_b7_r3,1790895180000,1790896320000,DEEP
A_p65_x75_w15_e3_b7_r3,1790896320000,1790896349427,LIGHT
A_p65_x75_w15_e3_b7_r5,1790875829427,1790880180000,LIGHT
A_p65_x75_w15_e3_b7_r5,1790880180000,1790882100000,DEEP
A_p65_x75_w15_e3_b7_r5,1790882100000,1790886480000,LIGHT
A_p65_x75_w15_e3_b7_r5,1790886480000,1790888820000,DEEP
A_p65_x75_w15_e3_b7_r5,1790888820000,1790895180000,LIGHT
A_p65_x75_w15_e3_b7_r5,1790895180000,1790896320000,DEEP
A_p65_x75_w15_e3_b7_r5,1790896320000,1790896349427,LIGHT
A_p65_x75_w15_e3_b10_r3,1790875829427,1790880180000,LIGHT
A_p65_x75_w15_e3_b10_r3,1790880180000,1790882100000,DEEP
A_p65_x75_w15_e3_b10_r3,1790882100000,1790886480000,LIGHT
A_p65_x75_w15_e3_b10_r3,1790886480000,1790888820000,DEEP
A_p65_x75_w15_e3_b10_r3,1790888820000,1790895180000,LIGHT
A_p65_x75_w15_e3_b10_r3,1790895180000,1790896320000,DEEP
A_p65_x75_w15_e3_b10_r3,1790896320000,1790896349427,LIGHT
A_p70_x75_w10_e1_b5_r3,1790875829427,1790880120000,LIGHT
A_p70_x75_w10_e1_b5_r3,1790880120000,1790882100000,DEEP
A_p70_x75_w10_e1_b5_r3,1790882100000,1790886300000,LIGHT
A_p70_x75_w10_e1_b5_r3,1790886300000,1790888820000,DEEP
A_p70_x75_w10_e1_b5_r3,1790888820000,1790895420000,LIGHT
A_p70_x75_w10_e1_b5_r3,1790895420000,1790896320000,DEEP
A_p70_x75_w10_e1_b5_r3,1790896320000,1790896349427,LIGHT
A_p70_x75_w10_e1_b5_r5,1790875829427,1790880120000,LIGHT
A_p70_x75_w10_e1_b5_r5,1790880120000,1790882100000,DEEP
A_p70_x75_w10_e1_b5_r5,1790882100000,1790886300000,LIGHT
A_p70_x75_w10_e1_b5_r5,1790886300000,1790888820000,DEEP
A_p70_x75_w10_e1_b5_r5,1790888820000,1790895120000,LIGHT
A_p70_x75_w10_e1_b5_r5,1790895120000,1790896320000,DEEP
A_p70_x75_w10_e1_b5_r5,1790896320000,1790896349427,LIGHT
A_p70_x75_w10_e1_b7_r3,1790875829427,1790880120000,LIGHT
A_p70_x75_w10_e1_b7_r3,1790880120000,1790882100000,DEEP
A_p70_x75_w10_e1_b7_r3,1790882100000,1790886300000,LIGHT
A_p70_x75_w10_e1_b7_r3,1790886300000,1790888820000,DEEP
A_p70_x75_w10_e1_b7_r3,1790888820000,1790895420000,LIGHT
A_p70_x75_w10_e1_b7_r3,1790895420000,1790896320000,DEEP
A_p70_x75_w10_e1_b7_r3,1790896320000,1790896349427,LIGHT
A_p70_x75_w10_e1_b7_r5,1790875829427,1790880120000,LIGHT
A_p70_x75_w10_e1_b7_r5,1790880120000,1790882100000,DEEP
A_p70_x75_w10_e1_b7_r5,1790882100000,1790886300000,LIGHT
A_p70_x75_w10_e1_b7_r5,1790886300000,1790888820000,DEEP
A_p70_x75_w10_e1_b7_r5,1790888820000,1790895120000,LIGHT
A_p70_x75_w10_e1_b7_r5,1790895120000,1790896320000,DEEP
A_p70_x75_w10_e1_b7_r5,1790896320000,1790896349427,LIGHT
A_p70_x75_w10_e1_b10_r3,1790875829427,1790880120000,LIGHT
A_p70_x75_w10_e1_b10_r3,1790880120000,1790882100000,DEEP
A_p70_x75_w10_e1_b10_r3,1790882100000,1790886300000,LIGHT
A_p70_x75_w10_e1_b10_r3,1790886300000,1790888820000,DEEP
A_p70_x75_w10_e1_b10_r3,1790888820000,1790895420000,LIGHT
A_p70_x75_w10_e1_b10_r3,1790895420000,1790896320000,DEEP
A_p70_x75_w10_e1_b10_r3,1790896320000,1790896349427,LIGHT
A_p70_x75_w10_e1_b10_r5,1790875829427,1790880120000,LIGHT
A_p70_x75_w10_e1_b10_r5,1790880120000,1790882100000,DEEP
A_p70_x75_w10_e1_b10_r5,1790882100000,1790886300000,LIGHT
A_p70_x75_w10_e1_b10_r5,1790886300000,1790888820000,DEEP
A_p70_x75_w10_e1_b10_r5,1790888820000,1790895120000,LIGHT
A_p70_x75_w10_e1_b10_r5,1790895120000,1790896320000,DEEP
A_p70_x75_w10_e1_b10_r5,1790896320000,1790896349427,LIGHT
A_p70_x75_w10_e2_b5_r3,1790875829427,1790880120000,LIGHT
A_p70_x75_w10_e2_b5_r3,1790880120000,1790882100000,DEEP
A_p70_x75_w10_e2_b5_r3,1790882100000,1790886300000,LIGHT
A_p70_x75_w10_e2_b5_r3,1790886300000,1790888820000,DEEP
A_p70_x75_w10_e2_b5_r3,1790888820000,1790895120000,LIGHT
A_p70_x75_w10_e2_b5_r3,1790895120000,1790895420000,DEEP
A_p70_x75_w10_e2_b5_r3,1790895420000,1790895480000,LIGHT
A_p70_x75_w10_e2_b5_r3,1790895480000,1790896320000,DEEP
A_p70_x75_w10_e2_b5_r3,1790896320000,1790896349427,LIGHT
A_p70_x75_w10_e2_b5_r5,1790875829427,1790880120000,LIGHT
A_p70_x75_w10_e2_b5_r5,1790880120000,1790882100000,DEEP
A_p70_x75_w10_e2_b5_r5,1790882100000,1790886300000,LIGHT
A_p70_x75_w10_e2_b5_r5,1790886300000,1790888820000,DEEP
A_p70_x75_w10_e2_b5_r5,1790888820000,1790895120000,LIGHT
A_p70_x75_w10_e2_b5_r5,1790895120000,1790896320000,DEEP
A_p70_x75_w10_e2_b5_r5,1790896320000,1790896349427,LIGHT
A_p70_x75_w10_e2_b7_r3,1790875829427,1790880120000,LIGHT
A_p70_x75_w10_e2_b7_r3,1790880120000,1790882100000,DEEP
A_p70_x75_w10_e2_b7_r3,1790882100000,1790886300000,LIGHT
A_p70_x75_w10_e2_b7_r3,1790886300000,1790888820000,DEEP
A_p70_x75_w10_e2_b7_r3,1790888820000,1790895480000,LIGHT
A_p70_x75_w10_e2_b7_r3,1790895480000,1790896320000,DEEP
A_p70_x75_w10_e2_b7_r3,1790896320000,1790896349427,LIGHT
A_p70_x75_w10_e2_b7_r5,1790875829427,1790880120000,LIGHT
A_p70_x75_w10_e2_b7_r5,1790880120000,1790882100000,DEEP
A_p70_x75_w10_e2_b7_r5,1790882100000,1790886300000,LIGHT
A_p70_x75_w10_e2_b7_r5,1790886300000,1790888820000,DEEP
A_p70_x75_w10_e2_b7_r5,1790888820000,1790895120000,LIGHT
A_p70_x75_w10_e2_b7_r5,1790895120000,1790896320000,DEEP
A_p70_x75_w10_e2_b7_r5,1790896320000,1790896349427,LIGHT
A_p70_x75_w10_e2_b10_r3,1790875829427,1790880120000,LIGHT
A_p70_x75_w10_e2_b10_r3,1790880120000,1790882100000,DEEP
A_p70_x75_w10_e2_b10_r3,1790882100000,1790886300000,LIGHT
A_p70_x75_w10_e2_b10_r3,1790886300000,1790888820000,DEEP
A_p70_x75_w10_e2_b10_r3,1790888820000,1790895480000,LIGHT
A_p70_x75_w10_e2_b10_r3,1790895480000,1790896320000,DEEP
A_p70_x75_w10_e2_b10_r3,1790896320000,1790896349427,LIGHT
A_p70_x75_w10_e2_b10_r5,1790875829427,1790880120000,LIGHT
A_p70_x75_w10_e2_b10_r5,1790880120000,1790882100000,DEEP
A_p70_x75_w10_e2_b10_r5,1790882100000,1790886300000,LIGHT
A_p70_x75_w10_e2_b10_r5,1790886300000,1790888820000,DEEP
A_p70_x75_w10_e2_b10_r5,1790888820000,1790895120000,LIGHT
A_p70_x75_w10_e2_b10_r5,1790895120000,1790896320000,DEEP
A_p70_x75_w10_e2_b10_r5,1790896320000,1790896349427,LIGHT
A_p70_x75_w10_e3_b5_r3,1790875829427,1790880120000,LIGHT
A_p70_x75_w10_e3_b5_r3,1790880120000,1790882100000,DEEP
A_p70_x75_w10_e3_b5_r3,1790882100000,1790886300000,LIGHT
A_p70_x75_w10_e3_b5_r3,1790886300000,1790888820000,DEEP
A_p70_x75_w10_e3_b5_r3,1790888820000,1790895120000,LIGHT
A_p70_x75_w10_e3_b5_r3,1790895120000,1790896320000,DEEP
A_p70_x75_w10_e3_b5_r3,1790896320000,1790896349427,LIGHT
A_p70_x75_w10_e3_b5_r5,1790875829427,1790880120000,LIGHT
A_p70_x75_w10_e3_b5_r5,1790880120000,1790882100000,DEEP
A_p70_x75_w10_e3_b5_r5,1790882100000,1790886300000,LIGHT
A_p70_x75_w10_e3_b5_r5,1790886300000,1790888820000,DEEP
A_p70_x75_w10_e3_b5_r5,1790888820000,1790895120000,LIGHT
A_p70_x75_w10_e3_b5_r5,1790895120000,1790896320000,DEEP
A_p70_x75_w10_e3_b5_r5,1790896320000,1790896349427,LIGHT
A_p70_x75_w10_e3_b7_r3,1790875829427,1790880120000,LIGHT
A_p70_x75_w10_e3_b7_r3,1790880120000,1790882100000,DEEP
A_p70_x75_w10_e3_b7_r3,1790882100000,1790886300000,LIGHT
A_p70_x75_w10_e3_b7_r3,1790886300000,1790888820000,DEEP
A_p70_x75_w10_e3_b7_r3,1790888820000,1790895120000,LIGHT
A_p70_x75_w10_e3_b7_r3,1790895120000,1790896320000,DEEP
A_p70_x75_w10_e3_b7_r3,1790896320000,1790896349427,LIGHT
A_p70_x75_w10_e3_b7_r5,1790875829427,1790880120000,LIGHT
A_p70_x75_w10_e3_b7_r5,1790880120000,1790882100000,DEEP
A_p70_x75_w10_e3_b7_r5,1790882100000,1790886300000,LIGHT
A_p70_x75_w10_e3_b7_r5,1790886300000,1790888820000,DEEP
A_p70_x75_w10_e3_b7_r5,1790888820000,1790895120000,LIGHT
A_p70_x75_w10_e3_b7_r5,1790895120000,1790896320000,DEEP
A_p70_x75_w10_e3_b7_r5,1790896320000,1790896349427,LIGHT
A_p70_x75_w10_e3_b10_r3,1790875829427,1790880120000,LIGHT
A_p70_x75_w10_e3_b10_r3,1790880120000,1790882100000,DEEP
A_p70_x75_w10_e3_b10_r3,1790882100000,1790886300000,LIGHT
A_p70_x75_w10_e3_b10_r3,1790886300000,1790888820000,DEEP
A_p70_x75_w10_e3_b10_r3,1790888820000,1790895120000,LIGHT
A_p70_x75_w10_e3_b10_r3,1790895120000,1790896320000,DEEP
A_p70_x75_w10_e3_b10_r3,1790896320000,1790896349427,LIGHT
A_p70_x75_w10_e3_b10_r5,1790875829427,1790880120000,LIGHT
A_p70_x75_w10_e3_b10_r5,1790880120000,1790882100000,DEEP
A_p70_x75_w10_e3_b10_r5,1790882100000,1790886300000,LIGHT
A_p70_x75_w10_e3_b10_r5,1790886300000,1790888820000,DEEP
A_p70_x75_w10_e3_b10_r5,1790888820000,1790895120000,LIGHT
A_p70_x75_w10_e3_b10_r5,1790895120000,1790896320000,DEEP
A_p70_x75_w10_e3_b10_r5,1790896320000,1790896349427,LIGHT
A_p70_x75_w12_e1_b5_r3,1790875829427,1790880120000,LIGHT
A_p70_x75_w12_e1_b5_r3,1790880120000,1790882100000,DEEP
A_p70_x75_w12_e1_b5_r3,1790882100000,1790886300000,LIGHT
A_p70_x75_w12_e1_b5_r3,1790886300000,1790888820000,DEEP
A_p70_x75_w12_e1_b5_r3,1790888820000,1790895420000,LIGHT
A_p70_x75_w12_e1_b5_r3,1790895420000,1790896320000,DEEP
A_p70_x75_w12_e1_b5_r3,1790896320000,1790896349427,LIGHT
A_p70_x75_w12_e1_b5_r5,1790875829427,1790880120000,LIGHT
A_p70_x75_w12_e1_b5_r5,1790880120000,1790882100000,DEEP
A_p70_x75_w12_e1_b5_r5,1790882100000,1790886300000,LIGHT
A_p70_x75_w12_e1_b5_r5,1790886300000,1790888820000,DEEP
A_p70_x75_w12_e1_b5_r5,1790888820000,1790895120000,LIGHT
A_p70_x75_w12_e1_b5_r5,1790895120000,1790896320000,DEEP
A_p70_x75_w12_e1_b5_r5,1790896320000,1790896349427,LIGHT
A_p70_x75_w12_e1_b7_r3,1790875829427,1790880120000,LIGHT
A_p70_x75_w12_e1_b7_r3,1790880120000,1790882100000,DEEP
A_p70_x75_w12_e1_b7_r3,1790882100000,1790886300000,LIGHT
A_p70_x75_w12_e1_b7_r3,1790886300000,1790888820000,DEEP
A_p70_x75_w12_e1_b7_r3,1790888820000,1790895420000,LIGHT
A_p70_x75_w12_e1_b7_r3,1790895420000,1790896320000,DEEP
A_p70_x75_w12_e1_b7_r3,1790896320000,1790896349427,LIGHT
A_p70_x75_w12_e1_b7_r5,1790875829427,1790880120000,LIGHT
A_p70_x75_w12_e1_b7_r5,1790880120000,1790882100000,DEEP
A_p70_x75_w12_e1_b7_r5,1790882100000,1790886300000,LIGHT
A_p70_x75_w12_e1_b7_r5,1790886300000,1790888820000,DEEP
A_p70_x75_w12_e1_b7_r5,1790888820000,1790895120000,LIGHT
A_p70_x75_w12_e1_b7_r5,1790895120000,1790896320000,DEEP
A_p70_x75_w12_e1_b7_r5,1790896320000,1790896349427,LIGHT
A_p70_x75_w12_e1_b10_r3,1790875829427,1790880120000,LIGHT
A_p70_x75_w12_e1_b10_r3,1790880120000,1790882100000,DEEP
A_p70_x75_w12_e1_b10_r3,1790882100000,1790886300000,LIGHT
A_p70_x75_w12_e1_b10_r3,1790886300000,1790888820000,DEEP
A_p70_x75_w12_e1_b10_r3,1790888820000,1790895420000,LIGHT
A_p70_x75_w12_e1_b10_r3,1790895420000,1790896320000,DEEP
A_p70_x75_w12_e1_b10_r3,1790896320000,1790896349427,LIGHT
A_p70_x75_w12_e1_b10_r5,1790875829427,1790880120000,LIGHT
A_p70_x75_w12_e1_b10_r5,1790880120000,1790882100000,DEEP
A_p70_x75_w12_e1_b10_r5,1790882100000,1790886300000,LIGHT
A_p70_x75_w12_e1_b10_r5,1790886300000,1790888820000,DEEP
A_p70_x75_w12_e1_b10_r5,1790888820000,1790895120000,LIGHT
A_p70_x75_w12_e1_b10_r5,1790895120000,1790896320000,DEEP
A_p70_x75_w12_e1_b10_r5,1790896320000,1790896349427,LIGHT
A_p70_x75_w12_e2_b5_r3,1790875829427,1790880120000,LIGHT
A_p70_x75_w12_e2_b5_r3,1790880120000,1790882100000,DEEP
A_p70_x75_w12_e2_b5_r3,1790882100000,1790886300000,LIGHT
A_p70_x75_w12_e2_b5_r3,1790886300000,1790888820000,DEEP
A_p70_x75_w12_e2_b5_r3,1790888820000,1790895120000,LIGHT
A_p70_x75_w12_e2_b5_r3,1790895120000,1790895420000,DEEP
A_p70_x75_w12_e2_b5_r3,1790895420000,1790895480000,LIGHT
A_p70_x75_w12_e2_b5_r3,1790895480000,1790896320000,DEEP
A_p70_x75_w12_e2_b5_r3,1790896320000,1790896349427,LIGHT
A_p70_x75_w12_e2_b5_r5,1790875829427,1790880120000,LIGHT
A_p70_x75_w12_e2_b5_r5,1790880120000,1790882100000,DEEP
A_p70_x75_w12_e2_b5_r5,1790882100000,1790886300000,LIGHT
A_p70_x75_w12_e2_b5_r5,1790886300000,1790888820000,DEEP
A_p70_x75_w12_e2_b5_r5,1790888820000,1790895120000,LIGHT
A_p70_x75_w12_e2_b5_r5,1790895120000,1790896320000,DEEP
A_p70_x75_w12_e2_b5_r5,1790896320000,1790896349427,LIGHT
A_p70_x75_w12_e2_b7_r3,1790875829427,1790880120000,LIGHT
A_p70_x75_w12_e2_b7_r3,1790880120000,1790882100000,DEEP
A_p70_x75_w12_e2_b7_r3,1790882100000,1790886300000,LIGHT
A_p70_x75_w12_e2_b7_r3,1790886300000,1790888820000,DEEP
A_p70_x75_w12_e2_b7_r3,1790888820000,1790895480000,LIGHT
A_p70_x75_w12_e2_b7_r3,1790895480000,1790896320000,DEEP
A_p70_x75_w12_e2_b7_r3,1790896320000,1790896349427,LIGHT
A_p70_x75_w12_e2_b7_r5,1790875829427,1790880120000,LIGHT
A_p70_x75_w12_e2_b7_r5,1790880120000,1790882100000,DEEP
A_p70_x75_w12_e2_b7_r5,1790882100000,1790886300000,LIGHT
A_p70_x75_w12_e2_b7_r5,1790886300000,1790888820000,DEEP
A_p70_x75_w12_e2_b7_r5,1790888820000,1790895120000,LIGHT
A_p70_x75_w12_e2_b7_r5,1790895120000,1790896320000,DEEP
A_p70_x75_w12_e2_b7_r5,1790896320000,1790896349427,LIGHT
A_p70_x75_w12_e2_b10_r3,1790875829427,1790880120000,LIGHT
A_p70_x75_w12_e2_b10_r3,1790880120000,1790882100000,DEEP
A_p70_x75_w12_e2_b10_r3,1790882100000,1790886300000,LIGHT
A_p70_x75_w12_e2_b10_r3,1790886300000,1790888820000,DEEP
A_p70_x75_w12_e2_b10_r3,1790888820000,1790895480000,LIGHT
A_p70_x75_w12_e2_b10_r3,1790895480000,1790896320000,DEEP
A_p70_x75_w12_e2_b10_r3,1790896320000,1790896349427,LIGHT
A_p70_x75_w12_e2_b10_r5,1790875829427,1790880120000,LIGHT
A_p70_x75_w12_e2_b10_r5,1790880120000,1790882100000,DEEP
A_p70_x75_w12_e2_b10_r5,1790882100000,1790886300000,LIGHT
A_p70_x75_w12_e2_b10_r5,1790886300000,1790888820000,DEEP
A_p70_x75_w12_e2_b10_r5,1790888820000,1790895120000,LIGHT
A_p70_x75_w12_e2_b10_r5,1790895120000,1790896320000,DEEP
A_p70_x75_w12_e2_b10_r5,1790896320000,1790896349427,LIGHT
A_p70_x75_w12_e3_b5_r3,1790875829427,1790880120000,LIGHT
A_p70_x75_w12_e3_b5_r3,1790880120000,1790882100000,DEEP
A_p70_x75_w12_e3_b5_r3,1790882100000,1790886300000,LIGHT
A_p70_x75_w12_e3_b5_r3,1790886300000,1790888820000,DEEP
A_p70_x75_w12_e3_b5_r3,1790888820000,1790895120000,LIGHT
A_p70_x75_w12_e3_b5_r3,1790895120000,1790896320000,DEEP
A_p70_x75_w12_e3_b5_r3,1790896320000,1790896349427,LIGHT
A_p70_x75_w12_e3_b5_r5,1790875829427,1790880120000,LIGHT
A_p70_x75_w12_e3_b5_r5,1790880120000,1790882100000,DEEP
A_p70_x75_w12_e3_b5_r5,1790882100000,1790886300000,LIGHT
A_p70_x75_w12_e3_b5_r5,1790886300000,1790888820000,DEEP
A_p70_x75_w12_e3_b5_r5,1790888820000,1790895120000,LIGHT
A_p70_x75_w12_e3_b5_r5,1790895120000,1790896320000,DEEP
A_p70_x75_w12_e3_b5_r5,1790896320000,1790896349427,LIGHT
A_p70_x75_w12_e3_b7_r3,1790875829427,1790880120000,LIGHT
A_p70_x75_w12_e3_b7_r3,1790880120000,1790882100000,DEEP
A_p70_x75_w12_e3_b7_r3,1790882100000,1790886300000,LIGHT
A_p70_x75_w12_e3_b7_r3,1790886300000,1790888820000,DEEP
A_p70_x75_w12_e3_b7_r3,1790888820000,1790895120000,LIGHT
A_p70_x75_w12_e3_b7_r3,1790895120000,1790896320000,DEEP
A_p70_x75_w12_e3_b7_r3,1790896320000,1790896349427,LIGHT
A_p70_x75_w12_e3_b7_r5,1790875829427,1790880120000,LIGHT
A_p70_x75_w12_e3_b7_r5,1790880120000,1790882100000,DEEP
A_p70_x75_w12_e3_b7_r5,1790882100000,1790886300000,LIGHT
A_p70_x75_w12_e3_b7_r5,1790886300000,1790888820000,DEEP
A_p70_x75_w12_e3_b7_r5,1790888820000,1790895120000,LIGHT
A_p70_x75_w12_e3_b7_r5,1790895120000,1790896320000,DEEP
A_p70_x75_w12_e3_b7_r5,1790896320000,1790896349427,LIGHT
A_p70_x75_w12_e3_b10_r3,1790875829427,1790880120000,LIGHT
A_p70_x75_w12_e3_b10_r3,1790880120000,1790882100000,DEEP
A_p70_x75_w12_e3_b10_r3,1790882100000,1790886300000,LIGHT
A_p70_x75_w12_e3_b10_r3,1790886300000,1790888820000,DEEP
A_p70_x75_w12_e3_b10_r3,1790888820000,1790895120000,LIGHT
A_p70_x75_w12_e3_b10_r3,1790895120000,1790896320000,DEEP
A_p70_x75_w12_e3_b10_r3,1790896320000,1790896349427,LIGHT
A_p70_x75_w12_e3_b10_r5,1790875829427,1790880120000,LIGHT
A_p70_x75_w12_e3_b10_r5,1790880120000,1790882100000,DEEP
A_p70_x75_w12_e3_b10_r5,1790882100000,1790886300000,LIGHT
A_p70_x75_w12_e3_b10_r5,1790886300000,1790888820000,DEEP
A_p70_x75_w12_e3_b10_r5,1790888820000,1790895120000,LIGHT
A_p70_x75_w12_e3_b10_r5,1790895120000,1790896320000,DEEP
A_p70_x75_w12_e3_b10_r5,1790896320000,1790896349427,LIGHT
A_p70_x75_w15_e1_b5_r3,1790875829427,1790880180000,LIGHT
A_p70_x75_w15_e1_b5_r3,1790880180000,1790882100000,DEEP
A_p70_x75_w15_e1_b5_r3,1790882100000,1790886480000,LIGHT
A_p70_x75_w15_e1_b5_r3,1790886480000,1790888820000,DEEP
A_p70_x75_w15_e1_b5_r3,1790888820000,1790895420000,LIGHT
A_p70_x75_w15_e1_b5_r3,1790895420000,1790896320000,DEEP
A_p70_x75_w15_e1_b5_r3,1790896320000,1790896349427,LIGHT
A_p70_x75_w15_e1_b5_r5,1790875829427,1790880180000,LIGHT
A_p70_x75_w15_e1_b5_r5,1790880180000,1790882100000,DEEP
A_p70_x75_w15_e1_b5_r5,1790882100000,1790886480000,LIGHT
A_p70_x75_w15_e1_b5_r5,1790886480000,1790888820000,DEEP
A_p70_x75_w15_e1_b5_r5,1790888820000,1790895180000,LIGHT
A_p70_x75_w15_e1_b5_r5,1790895180000,1790896320000,DEEP
A_p70_x75_w15_e1_b5_r5,1790896320000,1790896349427,LIGHT
A_p70_x75_w15_e1_b7_r3,1790875829427,1790880180000,LIGHT
A_p70_x75_w15_e1_b7_r3,1790880180000,1790882100000,DEEP
A_p70_x75_w15_e1_b7_r3,1790882100000,1790886480000,LIGHT
A_p70_x75_w15_e1_b7_r3,1790886480000,1790888820000,DEEP
A_p70_x75_w15_e1_b7_r3,1790888820000,1790895420000,LIGHT
A_p70_x75_w15_e1_b7_r3,1790895420000,1790896320000,DEEP
A_p70_x75_w15_e1_b7_r3,1790896320000,1790896349427,LIGHT
A_p70_x75_w15_e1_b7_r5,1790875829427,1790880180000,LIGHT
A_p70_x75_w15_e1_b7_r5,1790880180000,1790882100000,DEEP
A_p70_x75_w15_e1_b7_r5,1790882100000,1790886480000,LIGHT
A_p70_x75_w15_e1_b7_r5,1790886480000,1790888820000,DEEP
A_p70_x75_w15_e1_b7_r5,1790888820000,1790895180000,LIGHT
A_p70_x75_w15_e1_b7_r5,1790895180000,1790896320000,DEEP
A_p70_x75_w15_e1_b7_r5,1790896320000,1790896349427,LIGHT
A_p70_x75_w15_e1_b10_r3,1790875829427,1790880180000,LIGHT
A_p70_x75_w15_e1_b10_r3,1790880180000,1790882100000,DEEP
A_p70_x75_w15_e1_b10_r3,1790882100000,1790886480000,LIGHT
A_p70_x75_w15_e1_b10_r3,1790886480000,1790888820000,DEEP
A_p70_x75_w15_e1_b10_r3,1790888820000,1790895420000,LIGHT
A_p70_x75_w15_e1_b10_r3,1790895420000,1790896320000,DEEP
A_p70_x75_w15_e1_b10_r3,1790896320000,1790896349427,LIGHT
A_p70_x75_w15_e1_b10_r5,1790875829427,1790880180000,LIGHT
A_p70_x75_w15_e1_b10_r5,1790880180000,1790882100000,DEEP
A_p70_x75_w15_e1_b10_r5,1790882100000,1790886480000,LIGHT
A_p70_x75_w15_e1_b10_r5,1790886480000,1790888820000,DEEP
A_p70_x75_w15_e1_b10_r5,1790888820000,1790895180000,LIGHT
A_p70_x75_w15_e1_b10_r5,1790895180000,1790896320000,DEEP
A_p70_x75_w15_e1_b10_r5,1790896320000,1790896349427,LIGHT
A_p70_x75_w15_e2_b5_r3,1790875829427,1790880180000,LIGHT
A_p70_x75_w15_e2_b5_r3,1790880180000,1790882100000,DEEP
A_p70_x75_w15_e2_b5_r3,1790882100000,1790886480000,LIGHT
A_p70_x75_w15_e2_b5_r3,1790886480000,1790888820000,DEEP
A_p70_x75_w15_e2_b5_r3,1790888820000,1790895480000,LIGHT
A_p70_x75_w15_e2_b5_r3,1790895480000,1790896320000,DEEP
A_p70_x75_w15_e2_b5_r3,1790896320000,1790896349427,LIGHT
A_p70_x75_w15_e2_b5_r5,1790875829427,1790880180000,LIGHT
A_p70_x75_w15_e2_b5_r5,1790880180000,1790882100000,DEEP
A_p70_x75_w15_e2_b5_r5,1790882100000,1790886480000,LIGHT
A_p70_x75_w15_e2_b5_r5,1790886480000,1790888820000,DEEP
A_p70_x75_w15_e2_b5_r5,1790888820000,1790895180000,LIGHT
A_p70_x75_w15_e2_b5_r5,1790895180000,1790896320000,DEEP
A_p70_x75_w15_e2_b5_r5,1790896320000,1790896349427,LIGHT
A_p70_x75_w15_e2_b7_r3,1790875829427,1790880180000,LIGHT
A_p70_x75_w15_e2_b7_r3,1790880180000,1790882100000,DEEP
A_p70_x75_w15_e2_b7_r3,1790882100000,1790886480000,LIGHT
A_p70_x75_w15_e2_b7_r3,1790886480000,1790888820000,DEEP
A_p70_x75_w15_e2_b7_r3,1790888820000,1790895480000,LIGHT
A_p70_x75_w15_e2_b7_r3,1790895480000,1790896320000,DEEP
A_p70_x75_w15_e2_b7_r3,1790896320000,1790896349427,LIGHT
A_p70_x75_w15_e2_b7_r5,1790875829427,1790880180000,LIGHT
A_p70_x75_w15_e2_b7_r5,1790880180000,1790882100000,DEEP
A_p70_x75_w15_e2_b7_r5,1790882100000,1790886480000,LIGHT
A_p70_x75_w15_e2_b7_r5,1790886480000,1790888820000,DEEP
A_p70_x75_w15_e2_b7_r5,1790888820000,1790895180000,LIGHT
A_p70_x75_w15_e2_b7_r5,1790895180000,1790896320000,DEEP
A_p70_x75_w15_e2_b7_r5,1790896320000,1790896349427,LIGHT
A_p70_x75_w15_e2_b10_r3,1790875829427,1790880180000,LIGHT
A_p70_x75_w15_e2_b10_r3,1790880180000,1790882100000,DEEP
A_p70_x75_w15_e2_b10_r3,1790882100000,1790886480000,LIGHT
A_p70_x75_w15_e2_b10_r3,1790886480000,1790888820000,DEEP
A_p70_x75_w15_e2_b10_r3,1790888820000,1790895480000,LIGHT
A_p70_x75_w15_e2_b10_r3,1790895480000,1790896320000,DEEP
A_p70_x75_w15_e2_b10_r3,1790896320000,1790896349427,LIGHT
A_p70_x75_w15_e2_b10_r5,1790875829427,1790880180000,LIGHT
A_p70_x75_w15_e2_b10_r5,1790880180000,1790882100000,DEEP
A_p70_x75_w15_e2_b10_r5,1790882100000,1790886480000,LIGHT
A_p70_x75_w15_e2_b10_r5,1790886480000,1790888820000,DEEP
A_p70_x75_w15_e2_b10_r5,1790888820000,1790895180000,LIGHT
A_p70_x75_w15_e2_b10_r5,1790895180000,1790896320000,DEEP
A_p70_x75_w15_e2_b10_r5,1790896320000,1790896349427,LIGHT
A_p70_x75_w15_e3_b5_r3,1790875829427,1790880180000,LIGHT
A_p70_x75_w15_e3_b5_r3,1790880180000,1790882100000,DEEP
A_p70_x75_w15_e3_b5_r3,1790882100000,1790886480000,LIGHT
A_p70_x75_w15_e3_b5_r3,1790886480000,1790888820000,DEEP
A_p70_x75_w15_e3_b5_r3,1790888820000,1790895180000,LIGHT
A_p70_x75_w15_e3_b5_r3,1790895180000,1790896320000,DEEP
A_p70_x75_w15_e3_b5_r3,1790896320000,1790896349427,LIGHT
A_p70_x75_w15_e3_b5_r5,1790875829427,1790880180000,LIGHT
A_p70_x75_w15_e3_b5_r5,1790880180000,1790882100000,DEEP
A_p70_x75_w15_e3_b5_r5,1790882100000,1790886480000,LIGHT
A_p70_x75_w15_e3_b5_r5,1790886480000,1790888820000,DEEP
A_p70_x75_w15_e3_b5_r5,1790888820000,1790895180000,LIGHT
A_p70_x75_w15_e3_b5_r5,1790895180000,1790896320000,DEEP
A_p70_x75_w15_e3_b5_r5,1790896320000,1790896349427,LIGHT
A_p70_x75_w15_e3_b7_r3,1790875829427,1790880180000,LIGHT
A_p70_x75_w15_e3_b7_r3,1790880180000,1790882100000,DEEP
A_p70_x75_w15_e3_b7_r3,1790882100000,1790886480000,LIGHT
A_p70_x75_w15_e3_b7_r3,1790886480000,1790888820000,DEEP
A_p70_x75_w15_e3_b7_r3,1790888820000,1790895180000,LIGHT
A_p70_x75_w15_e3_b7_r3,1790895180000,1790896320000,DEEP
A_p70_x75_w15_e3_b7_r3,1790896320000,1790896349427,LIGHT
A_p70_x75_w15_e3_b7_r5,1790875829427,1790880180000,LIGHT
A_p70_x75_w15_e3_b7_r5,1790880180000,1790882100000,DEEP
A_p70_x75_w15_e3_b7_r5,1790882100000,1790886480000,LIGHT
A_p70_x75_w15_e3_b7_r5,1790886480000,1790888820000,DEEP
A_p70_x75_w15_e3_b7_r5,1790888820000,1790895180000,LIGHT
A_p70_x75_w15_e3_b7_r5,1790895180000,1790896320000,DEEP
A_p70_x75_w15_e3_b7_r5,1790896320000,1790896349427,LIGHT
A_p70_x75_w15_e3_b10_r3,1790875829427,1790880180000,LIGHT
A_p70_x75_w15_e3_b10_r3,1790880180000,1790882100000,DEEP
A_p70_x75_w15_e3_b10_r3,1790882100000,1790886480000,LIGHT
A_p70_x75_w15_e3_b10_r3,1790886480000,1790888820000,DEEP
A_p70_x75_w15_e3_b10_r3,1790888820000,1790895180000,LIGHT
A_p70_x75_w15_e3_b10_r3,1790895180000,1790896320000,DEEP
A_p70_x75_w15_e3_b10_r3,1790896320000,1790896349427,LIGHT
A_p70_x75_w15_e3_b10_r5,1790875829427,1790880180000,LIGHT
A_p70_x75_w15_e3_b10_r5,1790880180000,1790882100000,DEEP
A_p70_x75_w15_e3_b10_r5,1790882100000,1790886480000,LIGHT
A_p70_x75_w15_e3_b10_r5,1790886480000,1790888820000,DEEP
A_p70_x75_w15_e3_b10_r5,1790888820000,1790895180000,LIGHT
A_p70_x75_w15_e3_b10_r5,1790895180000,1790896320000,DEEP
A_p70_x75_w15_e3_b10_r5,1790896320000,1790896349427,LIGHT
B_peak2.0_x50_w10_e1_b5_r3,1790875829427,1790880780000,LIGHT
B_peak2.0_x50_w10_e1_b5_r3,1790880780000,1790881080000,DEEP
B_peak2.0_x50_w10_e1_b5_r3,1790881080000,1790886300000,LIGHT
B_peak2.0_x50_w10_e1_b5_r3,1790886300000,1790888820000,DEEP
B_peak2.0_x50_w10_e1_b5_r3,1790888820000,1790890860000,LIGHT
B_peak2.0_x50_w10_e1_b5_r3,1790890860000,1790891220000,DEEP
B_peak2.0_x50_w10_e1_b5_r3,1790891220000,1790895960000,LIGHT
B_peak2.0_x50_w10_e1_b5_r3,1790895960000,1790896320000,DEEP
B_peak2.0_x50_w10_e1_b5_r3,1790896320000,1790896349427,LIGHT
B_peak2.0_x50_w10_e1_b7_r3,1790875829427,1790886300000,LIGHT
B_peak2.0_x50_w10_e1_b7_r3,1790886300000,1790888820000,DEEP
B_peak2.0_x50_w10_e1_b7_r3,1790888820000,1790896349427,LIGHT
B_peak2.0_x50_w10_e1_b7_r5,1790875829427,1790886420000,LIGHT
B_peak2.0_x50_w10_e1_b7_r5,1790886420000,1790888820000,DEEP
B_peak2.0_x50_w10_e1_b7_r5,1790888820000,1790896349427,LIGHT
B_peak2.0_x50_w10_e2_b5_r3,1790875829427,1790880300000,LIGHT
B_peak2.0_x50_w10_e2_b5_r3,1790880300000,1790880660000,DEEP
B_peak2.0_x50_w10_e2_b5_r3,1790880660000,1790880720000,LIGHT
B_peak2.0_x50_w10_e2_b5_r3,1790880720000,1790881140000,DEEP
B_peak2.0_x50_w10_e2_b5_r3,1790881140000,1790886300000,LIGHT
B_peak2.0_x50_w10_e2_b5_r3,1790886300000,1790888820000,DEEP
B_peak2.0_x50_w10_e2_b5_r3,1790888820000,1790890860000,LIGHT
B_peak2.0_x50_w10_e2_b5_r3,1790890860000,1790891280000,DEEP
B_peak2.0_x50_w10_e2_b5_r3,1790891280000,1790895420000,LIGHT
B_peak2.0_x50_w10_e2_b5_r3,1790895420000,1790895720000,DEEP
B_peak2.0_x50_w10_e2_b5_r3,1790895720000,1790895960000,LIGHT
B_peak2.0_x50_w10_e2_b5_r3,1790895960000,1790896320000,DEEP
B_peak2.0_x50_w10_e2_b5_r3,1790896320000,1790896349427,LIGHT
B_peak2.0_x50_w10_e2_b5_r5,1790875829427,1790880480000,LIGHT
B_peak2.0_x50_w10_e2_b5_r5,1790880480000,1790880780000,DEEP
B_peak2.0_x50_w10_e2_b5_r5,1790880780000,1790880840000,LIGHT
B_peak2.0_x50_w10_e2_b5_r5,1790880840000,1790881200000,DEEP
B_peak2.0_x50_w10_e2_b5_r5,1790881200000,1790886300000,LIGHT
B_peak2.0_x50_w10_e2_b5_r5,1790886300000,1790888820000,DEEP
B_peak2.0_x50_w10_e2_b5_r5,1790888820000,1790890560000,LIGHT
B_peak2.0_x50_w10_e2_b5_r5,1790890560000,1790890860000,DEEP
B_peak2.0_x50_w10_e2_b5_r5,1790890860000,1790890920000,LIGHT
B_peak2.0_x50_w10_e2_b5_r5,1790890920000,1790891340000,DEEP
B_peak2.0_x50_w10_e2_b5_r5,1790891340000,1790895420000,LIGHT
B_peak2.0_x50_w10_e2_b5_r5,1790895420000,1790895780000,DEEP
B_peak2.0_x50_w10_e2_b5_r5,1790895780000,1790896020000,LIGHT
B_peak2.0_x50_w10_e2_b5_r5,1790896020000,1790896320000,DEEP
B_peak2.0_x50_w10_e2_b5_r5,1790896320000,1790896349427,LIGHT
B_peak2.0_x50_w10_e2_b7_r3,1790875829427,1790880720000,LIGHT
B_peak2.0_x50_w10_e2_b7_r3,1790880720000,1790881140000,DEEP
B_peak2.0_x50_w10_e2_b7_r3,1790881140000,1790886300000,LIGHT
B_peak2.0_x50_w10_e2_b7_r3,1790886300000,1790888820000,DEEP
B_peak2.0_x50_w10_e2_b7_r3,1790888820000,1790890860000,LIGHT
B_peak2.0_x50_w10_e2_b7_r3,1790890860000,1790891280000,DEEP
B_peak2.0_x50_w10_e2_b7_r3,1790891280000,1790896349427,LIGHT
B_peak2.0_x50_w10_e2_b7_r5,1790875829427,1790886300000,LIGHT
B_peak2.0_x50_w10_e2_b7_r5,1790886300000,1790888820000,DEEP
B_peak2.0_x50_w10_e2_b7_r5,1790888820000,1790890920000,LIGHT
B_peak2.0_x50_w10_e2_b7_r5,1790890920000,1790891340000,DEEP
B_peak2.0_x50_w10_e2_b7_r5,1790891340000,1790896349427,LIGHT
B_peak2.0_x50_w12_e1_b5_r3,1790875829427,1790880780000,LIGHT
B_peak2.0_x50_w12_e1_b5_r3,1790880780000,1790881080000,DEEP
B_peak2.0_x50_w12_e1_b5_r3,1790881080000,1790886300000,LIGHT
B_peak2.0_x50_w12_e1_b5_r3,1790886300000,1790888820000,DEEP
B_peak2.0_x50_w12_e1_b5_r3,1790888820000,1790890920000,LIGHT
B_peak2.0_x50_w12_e1_b5_r3,1790890920000,1790891220000,DEEP
B_peak2.0_x50_w12_e1_b5_r3,1790891220000,1790895960000,LIGHT
B_peak2.0_x50_w12_e1_b5_r3,1790895960000,1790896320000,DEEP
B_peak2.0_x50_w12_e1_b5_r3,1790896320000,1790896349427,LIGHT
B_peak2.0_x50_w12_e1_b5_r5,1790875829427,1790880420000,LIGHT
B_peak2.0_x50_w12_e1_b5_r5,1790880420000,1790880720000,DEEP
B_peak2.0_x50_w12_e1_b5_r5,1790880720000,1790880780000,LIGHT
B_peak2.0_x50_w12_e1_b5_r5,1790880780000,1790881140000,DEEP
B_peak2.0_x50_w12_e1_b5_r5,1790881140000,1790886420000,LIGHT
B_peak2.0_x50_w12_e1_b5_r5,1790886420000,1790888820000,DEEP
B_peak2.0_x50_w12_e1_b5_r5,1790888820000,1790890920000,LIGHT
B_peak2.0_x50_w12_e1_b5_r5,1790890920000,1790891280000,DEEP
B_peak2.0_x50_w12_e1_b5_r5,1790891280000,1790895420000,LIGHT
B_peak2.0_x50_w12_e1_b5_r5,1790895420000,1790895720000,DEEP
B_peak2.0_x50_w12_e1_b5_r5,1790895720000,1790896020000,LIGHT
B_peak2.0_x50_w12_e1_b5_r5,1790896020000,1790896320000,DEEP
B_peak2.0_x50_w12_e1_b5_r5,1790896320000,1790896349427,LIGHT
B_peak2.0_x50_w12_e1_b7_r3,1790875829427,1790886300000,LIGHT
B_peak2.0_x50_w12_e1_b7_r3,1790886300000,1790888820000,DEEP
B_peak2.0_x50_w12_e1_b7_r3,1790888820000,1790896349427,LIGHT
B_peak2.0_x50_w12_e1_b7_r5,1790875829427,1790886420000,LIGHT
B_peak2.0_x50_w12_e1_b7_r5,1790886420000,1790888820000,DEEP
B_peak2.0_x50_w12_e1_b7_r5,1790888820000,1790896349427,LIGHT
B_peak2.0_x50_w12_e2_b5_r3,1790875829427,1790880720000,LIGHT
B_peak2.0_x50_w12_e2_b5_r3,1790880720000,1790881140000,DEEP
B_peak2.0_x50_w12_e2_b5_r3,1790881140000,1790886300000,LIGHT
B_peak2.0_x50_w12_e2_b5_r3,1790886300000,1790888820000,DEEP
B_peak2.0_x50_w12_e2_b5_r3,1790888820000,1790890920000,LIGHT
B_peak2.0_x50_w12_e2_b5_r3,1790890920000,1790891280000,DEEP
B_peak2.0_x50_w12_e2_b5_r3,1790891280000,1790895420000,LIGHT
B_peak2.0_x50_w12_e2_b5_r3,1790895420000,1790895720000,DEEP
B_peak2.0_x50_w12_e2_b5_r3,1790895720000,1790895960000,LIGHT
B_peak2.0_x50_w12_e2_b5_r3,1790895960000,1790896320000,DEEP
B_peak2.0_x50_w12_e2_b5_r3,1790896320000,1790896349427,LIGHT
B_peak2.0_x50_w12_e2_b5_r5,1790875829427,1790880420000,LIGHT
B_peak2.0_x50_w12_e2_b5_r5,1790880420000,1790880780000,DEEP
B_peak2.0_x50_w12_e2_b5_r5,1790880780000,1790880840000,LIGHT
B_peak2.0_x50_w12_e2_b5_r5,1790880840000,1790881200000,DEEP
B_peak2.0_x50_w12_e2_b5_r5,1790881200000,1790886300000,LIGHT
B_peak2.0_x50_w12_e2_b5_r5,1790886300000,1790888820000,DEEP
B_peak2.0_x50_w12_e2_b5_r5,1790888820000,1790890920000,LIGHT
B_peak2.0_x50_w12_e2_b5_r5,1790890920000,1790891340000,DEEP
B_peak2.0_x50_w12_e2_b5_r5,1790891340000,1790895420000,LIGHT
B_peak2.0_x50_w12_e2_b5_r5,1790895420000,1790895780000,DEEP
B_peak2.0_x50_w12_e2_b5_r5,1790895780000,1790896020000,LIGHT
B_peak2.0_x50_w12_e2_b5_r5,1790896020000,1790896320000,DEEP
B_peak2.0_x50_w12_e2_b5_r5,1790896320000,1790896349427,LIGHT
B_peak2.0_x50_w12_e2_b7_r3,1790875829427,1790880720000,LIGHT
B_peak2.0_x50_w12_e2_b7_r3,1790880720000,1790881140000,DEEP
B_peak2.0_x50_w12_e2_b7_r3,1790881140000,1790886300000,LIGHT
B_peak2.0_x50_w12_e2_b7_r3,1790886300000,1790888820000,DEEP
B_peak2.0_x50_w12_e2_b7_r3,1790888820000,1790896349427,LIGHT
B_peak2.0_x50_w12_e2_b7_r5,1790875829427,1790886300000,LIGHT
B_peak2.0_x50_w12_e2_b7_r5,1790886300000,1790888820000,DEEP
B_peak2.0_x50_w12_e2_b7_r5,1790888820000,1790890920000,LIGHT
B_peak2.0_x50_w12_e2_b7_r5,1790890920000,1790891340000,DEEP
B_peak2.0_x50_w12_e2_b7_r5,1790891340000,1790896349427,LIGHT
B_peak2.0_x50_w15_e1_b5_r3,1790875829427,1790880780000,LIGHT
B_peak2.0_x50_w15_e1_b5_r3,1790880780000,1790881080000,DEEP
B_peak2.0_x50_w15_e1_b5_r3,1790881080000,1790886480000,LIGHT
B_peak2.0_x50_w15_e1_b5_r3,1790886480000,1790888820000,DEEP
B_peak2.0_x50_w15_e1_b5_r3,1790888820000,1790895960000,LIGHT
B_peak2.0_x50_w15_e1_b5_r3,1790895960000,1790896320000,DEEP
B_peak2.0_x50_w15_e1_b5_r3,1790896320000,1790896349427,LIGHT
B_peak2.0_x50_w15_e1_b5_r5,1790875829427,1790880420000,LIGHT
B_peak2.0_x50_w15_e1_b5_r5,1790880420000,1790880720000,DEEP
B_peak2.0_x50_w15_e1_b5_r5,1790880720000,1790880780000,LIGHT
B_peak2.0_x50_w15_e1_b5_r5,1790880780000,1790881140000,DEEP
B_peak2.0_x50_w15_e1_b5_r5,1790881140000,1790886480000,LIGHT
B_peak2.0_x50_w15_e1_b5_r5,1790886480000,1790888820000,DEEP
B_peak2.0_x50_w15_e1_b5_r5,1790888820000,1790895420000,LIGHT
B_peak2.0_x50_w15_e1_b5_r5,1790895420000,1790895720000,DEEP
B_peak2.0_x50_w15_e1_b5_r5,1790895720000,1790896020000,LIGHT
B_peak2.0_x50_w15_e1_b5_r5,1790896020000,1790896320000,DEEP
B_peak2.0_x50_w15_e1_b5_r5,1790896320000,1790896349427,LIGHT
B_peak2.0_x50_w15_e1_b7_r3,1790875829427,1790886480000,LIGHT
B_peak2.0_x50_w15_e1_b7_r3,1790886480000,1790888820000,DEEP
B_peak2.0_x50_w15_e1_b7_r3,1790888820000,1790896349427,LIGHT
B_peak2.0_x50_w15_e1_b7_r5,1790875829427,1790886480000,LIGHT
B_peak2.0_x50_w15_e1_b7_r5,1790886480000,1790888820000,DEEP
B_peak2.0_x50_w15_e1_b7_r5,1790888820000,1790896349427,LIGHT
B_peak2.0_x50_w15_e2_b5_r3,1790875829427,1790880360000,LIGHT
B_peak2.0_x50_w15_e2_b5_r3,1790880360000,1790880660000,DEEP
B_peak2.0_x50_w15_e2_b5_r3,1790880660000,1790880720000,LIGHT
B_peak2.0_x50_w15_e2_b5_r3,1790880720000,1790881140000,DEEP
B_peak2.0_x50_w15_e2_b5_r3,1790881140000,1790886480000,LIGHT
B_peak2.0_x50_w15_e2_b5_r3,1790886480000,1790888820000,DEEP
B_peak2.0_x50_w15_e2_b5_r3,1790888820000,1790895360000,LIGHT
B_peak2.0_x50_w15_e2_b5_r3,1790895360000,1790895720000,DEEP
B_peak2.0_x50_w15_e2_b5_r3,1790895720000,1790895960000,LIGHT
B_peak2.0_x50_w15_e2_b5_r3,1790895960000,1790896320000,DEEP
B_peak2.0_x50_w15_e2_b5_r3,1790896320000,1790896349427,LIGHT
B_peak2.0_x50_w15_e2_b5_r5,1790875829427,1790880360000,LIGHT
B_peak2.0_x50_w15_e2_b5_r5,1790880360000,1790880780000,DEEP
B_peak2.0_x50_w15_e2_b5_r5,1790880780000,1790880840000,LIGHT
B_peak2.0_x50_w15_e2_b5_r5,1790880840000,1790881200000,DEEP
B_peak2.0_x50_w15_e2_b5_r5,1790881200000,1790886480000,LIGHT
B_peak2.0_x50_w15_e2_b5_r5,1790886480000,1790888820000,DEEP
B_peak2.0_x50_w15_e2_b5_r5,1790888820000,1790891040000,LIGHT
B_peak2.0_x50_w15_e2_b5_r5,1790891040000,1790891340000,DEEP
B_peak2.0_x50_w15_e2_b5_r5,1790891340000,1790895360000,LIGHT
B_peak2.0_x50_w15_e2_b5_r5,1790895360000,1790895780000,DEEP
B_peak2.0_x50_w15_e2_b5_r5,1790895780000,1790896020000,LIGHT
B_peak2.0_x50_w15_e2_b5_r5,1790896020000,1790896320000,DEEP
B_peak2.0_x50_w15_e2_b5_r5,1790896320000,1790896349427,LIGHT
B_peak2.0_x50_w15_e2_b7_r3,1790875829427,1790880720000,LIGHT
B_peak2.0_x50_w15_e2_b7_r3,1790880720000,1790881140000,DEEP
B_peak2.0_x50_w15_e2_b7_r3,1790881140000,1790886480000,LIGHT
B_peak2.0_x50_w15_e2_b7_r3,1790886480000,1790888820000,DEEP
B_peak2.0_x50_w15_e2_b7_r3,1790888820000,1790896349427,LIGHT
B_peak2.0_x50_w15_e2_b7_r5,1790875829427,1790880360000,LIGHT
B_peak2.0_x50_w15_e2_b7_r5,1790880360000,1790880780000,DEEP
B_peak2.0_x50_w15_e2_b7_r5,1790880780000,1790886480000,LIGHT
B_peak2.0_x50_w15_e2_b7_r5,1790886480000,1790888820000,DEEP
B_peak2.0_x50_w15_e2_b7_r5,1790888820000,1790895360000,LIGHT
B_peak2.0_x50_w15_e2_b7_r5,1790895360000,1790895780000,DEEP
B_peak2.0_x50_w15_e2_b7_r5,1790895780000,1790896349427,LIGHT
B_peak2.0_x55_w10_e1_b5_r3,1790875829427,1790880360000,LIGHT
B_peak2.0_x55_w10_e1_b5_r3,1790880360000,1790880720000,DEEP
B_peak2.0_x55_w10_e1_b5_r3,1790880720000,1790880780000,LIGHT
B_peak2.0_x55_w10_e1_b5_r3,1790880780000,1790881080000,DEEP
B_peak2.0_x55_w10_e1_b5_r3,1790881080000,1790886300000,LIGHT
B_peak2.0_x55_w10_e1_b5_r3,1790886300000,1790888820000,DEEP
B_peak2.0_x55_w10_e1_b5_r3,1790888820000,1790890860000,LIGHT
B_peak2.0_x55_w10_e1_b5_r3,1790890860000,1790891220000,DEEP
B_peak2.0_x55_w10_e1_b5_r3,1790891220000,1790895480000,LIGHT
B_peak2.0_x55_w10_e1_b5_r3,1790895480000,1790895840000,DEEP
B_peak2.0_x55_w10_e1_b5_r3,1790895840000,1790895900000,LIGHT
B_peak2.0_x55_w10_e1_b5_r3,1790895900000,1790896320000,DEEP
B_peak2.0_x55_w10_e1_b5_r3,1790896320000,1790896349427,LIGHT
B_peak2.0_x55_w10_e1_b5_r5,1790875829427,1790880300000,LIGHT
B_peak2.0_x55_w10_e1_b5_r5,1790880300000,1790881140000,DEEP
B_peak2.0_x55_w10_e1_b5_r5,1790881140000,1790886420000,LIGHT
B_peak2.0_x55_w10_e1_b5_r5,1790886420000,1790888820000,DEEP
B_peak2.0_x55_w10_e1_b5_r5,1790888820000,1790890980000,LIGHT
B_peak2.0_x55_w10_e1_b5_r5,1790890980000,1790891280000,DEEP
B_peak2.0_x55_w10_e1_b5_r5,1790891280000,1790895420000,LIGHT
B_peak2.0_x55_w10_e1_b5_r5,1790895420000,1790895840000,DEEP
B_peak2.0_x55_w10_e1_b5_r5,1790895840000,1790895900000,LIGHT
B_peak2.0_x55_w10_e1_b5_r5,1790895900000,1790896320000,DEEP
B_peak2.0_x55_w10_e1_b5_r5,1790896320000,1790896349427,LIGHT
B_peak2.0_x55_w10_e1_b7_r3,1790875829427,1790886300000,LIGHT
B_peak2.0_x55_w10_e1_b7_r3,1790886300000,1790888820000,DEEP
B_peak2.0_x55_w10_e1_b7_r3,1790888820000,1790895900000,LIGHT
B_peak2.0_x55_w10_e1_b7_r3,1790895900000,1790896320000,DEEP
B_peak2.0_x55_w10_e1_b7_r3,1790896320000,1790896349427,LIGHT
B_peak2.0_x55_w10_e1_b7_r5,1790875829427,1790880300000,LIGHT
B_peak2.0_x55_w10_e1_b7_r5,1790880300000,1790881140000,DEEP
B_peak2.0_x55_w10_e1_b7_r5,1790881140000,1790886420000,LIGHT
B_peak2.0_x55_w10_e1_b7_r5,1790886420000,1790888820000,DEEP
B_peak2.0_x55_w10_e1_b7_r5,1790888820000,1790895420000,LIGHT
B_peak2.0_x55_w10_e1_b7_r5,1790895420000,1790895840000,DEEP
B_peak2.0_x55_w10_e1_b7_r5,1790895840000,1790895900000,LIGHT
B_peak2.0_x55_w10_e1_b7_r5,1790895900000,1790896320000,DEEP
B_peak2.0_x55_w10_e1_b7_r5,1790896320000,1790896349427,LIGHT
B_peak2.0_x55_w10_e2_b5_r3,1790875829427,1790880060000,LIGHT
B_peak2.0_x55_w10_e2_b5_r3,1790880060000,1790880360000,DEEP
B_peak2.0_x55_w10_e2_b5_r3,1790880360000,1790880420000,LIGHT
B_peak2.0_x55_w10_e2_b5_r3,1790880420000,1790881140000,DEEP
B_peak2.0_x55_w10_e2_b5_r3,1790881140000,1790881560000,LIGHT
B_peak2.0_x55_w10_e2_b5_r3,1790881560000,1790881860000,DEEP
B_peak2.0_x55_w10_e2_b5_r3,1790881860000,1790886300000,LIGHT
B_peak2.0_x55_w10_e2_b5_r3,1790886300000,1790888820000,DEEP
B_peak2.0_x55_w10_e2_b5_r3,1790888820000,1790890860000,LIGHT
B_peak2.0_x55_w10_e2_b5_r3,1790890860000,1790891280000,DEEP
B_peak2.0_x55_w10_e2_b5_r3,1790891280000,1790895060000,LIGHT
B_peak2.0_x55_w10_e2_b5_r3,1790895060000,1790895360000,DEEP
B_peak2.0_x55_w10_e2_b5_r3,1790895360000,1790895420000,LIGHT
B_peak2.0_x55_w10_e2_b5_r3,1790895420000,1790895900000,DEEP
B_peak2.0_x55_w10_e2_b5_r3,1790895900000,1790895960000,LIGHT
B_peak2.0_x55_w10_e2_b5_r3,1790895960000,1790896320000,DEEP
B_peak2.0_x55_w10_e2_b5_r3,1790896320000,1790896349427,LIGHT
B_peak2.0_x55_w10_e2_b5_r5,1790875829427,1790880360000,LIGHT
B_peak2.0_x55_w10_e2_b5_r5,1790880360000,1790881200000,DEEP
B_peak2.0_x55_w10_e2_b5_r5,1790881200000,1790881620000,LIGHT
B_peak2.0_x55_w10_e2_b5_r5,1790881620000,1790881920000,DEEP
B_peak2.0_x55_w10_e2_b5_r5,1790881920000,1790886300000,LIGHT
B_peak2.0_x55_w10_e2_b5_r5,1790886300000,1790888820000,DEEP
B_peak2.0_x55_w10_e2_b5_r5,1790888820000,1790890560000,LIGHT
B_peak2.0_x55_w10_e2_b5_r5,1790890560000,1790890860000,DEEP
B_peak2.0_x55_w10_e2_b5_r5,1790890860000,1790890920000,LIGHT
B_peak2.0_x55_w10_e2_b5_r5,1790890920000,1790891340000,DEEP
B_peak2.0_x55_w10_e2_b5_r5,1790891340000,1790895480000,LIGHT
B_peak2.0_x55_w10_e2_b5_r5,1790895480000,1790896320000,DEEP
B_peak2.0_x55_w10_e2_b5_r5,1790896320000,1790896349427,LIGHT
B_peak2.0_x55_w10_e2_b7_r3,1790875829427,1790880420000,LIGHT
B_peak2.0_x55_w10_e2_b7_r3,1790880420000,1790881140000,DEEP
B_peak2.0_x55_w10_e2_b7_r3,1790881140000,1790886300000,LIGHT
B_peak2.0_x55_w10_e2_b7_r3,1790886300000,1790888820000,DEEP
B_peak2.0_x55_w10_e2_b7_r3,1790888820000,1790890860000,LIGHT
B_peak2.0_x55_w10_e2_b7_r3,1790890860000,1790891280000,DEEP
B_peak2.0_x55_w10_e2_b7_r3,1790891280000,1790895420000,LIGHT
B_peak2.0_x55_w10_e2_b7_r3,1790895420000,1790895900000,DEEP
B_peak2.0_x55_w10_e2_b7_r3,1790895900000,1790896349427,LIGHT
B_peak2.0_x55_w10_e2_b7_r5,1790875829427,1790880360000,LIGHT
B_peak2.0_x55_w10_e2_b7_r5,1790880360000,1790881200000,DEEP
B_peak2.0_x55_w10_e2_b7_r5,1790881200000,1790886300000,LIGHT
B_peak2.0_x55_w10_e2_b7_r5,1790886300000,1790888820000,DEEP
B_peak2.0_x55_w10_e2_b7_r5,1790888820000,1790890920000,LIGHT
B_peak2.0_x55_w10_e2_b7_r5,1790890920000,1790891340000,DEEP
B_peak2.0_x55_w10_e2_b7_r5,1790891340000,1790895480000,LIGHT
B_peak2.0_x55_w10_e2_b7_r5,1790895480000,1790896320000,DEEP
B_peak2.0_x55_w10_e2_b7_r5,1790896320000,1790896349427,LIGHT
B_peak2.0_x55_w12_e1_b5_r3,1790875829427,1790880360000,LIGHT
B_peak2.0_x55_w12_e1_b5_r3,1790880360000,1790880720000,DEEP
B_peak2.0_x55_w12_e1_b5_r3,1790880720000,1790880780000,LIGHT
B_peak2.0_x55_w12_e1_b5_r3,1790880780000,1790881080000,DEEP
B_peak2.0_x55_w12_e1_b5_r3,1790881080000,1790886300000,LIGHT
B_peak2.0_x55_w12_e1_b5_r3,1790886300000,1790888820000,DEEP
B_peak2.0_x55_w12_e1_b5_r3,1790888820000,1790890920000,LIGHT
B_peak2.0_x55_w12_e1_b5_r3,1790890920000,1790891220000,DEEP
B_peak2.0_x55_w12_e1_b5_r3,1790891220000,1790895420000,LIGHT
B_peak2.0_x55_w12_e1_b5_r3,1790895420000,1790895840000,DEEP
B_peak2.0_x55_w12_e1_b5_r3,1790895840000,1790895900000,LIGHT
B_peak2.0_x55_w12_e1_b5_r3,1790895900000,1790896320000,DEEP
B_peak2.0_x55_w12_e1_b5_r3,1790896320000,1790896349427,LIGHT
B_peak2.0_x55_w12_e1_b5_r5,1790875829427,1790880300000,LIGHT
B_peak2.0_x55_w12_e1_b5_r5,1790880300000,1790881140000,DEEP
B_peak2.0_x55_w12_e1_b5_r5,1790881140000,1790886420000,LIGHT
B_peak2.0_x55_w12_e1_b5_r5,1790886420000,1790888820000,DEEP
B_peak2.0_x55_w12_e1_b5_r5,1790888820000,1790890920000,LIGHT
B_peak2.0_x55_w12_e1_b5_r5,1790890920000,1790891280000,DEEP
B_peak2.0_x55_w12_e1_b5_r5,1790891280000,1790895420000,LIGHT
B_peak2.0_x55_w12_e1_b5_r5,1790895420000,1790895840000,DEEP
B_peak2.0_x55_w12_e1_b5_r5,1790895840000,1790895900000,LIGHT
B_peak2.0_x55_w12_e1_b5_r5,1790895900000,1790896320000,DEEP
B_peak2.0_x55_w12_e1_b5_r5,1790896320000,1790896349427,LIGHT
B_peak2.0_x55_w12_e1_b7_r3,1790875829427,1790886300000,LIGHT
B_peak2.0_x55_w12_e1_b7_r3,1790886300000,1790888820000,DEEP
B_peak2.0_x55_w12_e1_b7_r3,1790888820000,1790895420000,LIGHT
B_peak2.0_x55_w12_e1_b7_r3,1790895420000,1790895840000,DEEP
B_peak2.0_x55_w12_e1_b7_r3,1790895840000,1790895900000,LIGHT
B_peak2.0_x55_w12_e1_b7_r3,1790895900000,1790896320000,DEEP
B_peak2.0_x55_w12_e1_b7_r3,1790896320000,1790896349427,LIGHT
B_peak2.0_x55_w12_e1_b7_r5,1790875829427,1790880300000,LIGHT
B_peak2.0_x55_w12_e1_b7_r5,1790880300000,1790881140000,DEEP
B_peak2.0_x55_w12_e1_b7_r5,1790881140000,1790886420000,LIGHT
B_peak2.0_x55_w12_e1_b7_r5,1790886420000,1790888820000,DEEP
B_peak2.0_x55_w12_e1_b7_r5,1790888820000,1790895420000,LIGHT
B_peak2.0_x55_w12_e1_b7_r5,1790895420000,1790895840000,DEEP
B_peak2.0_x55_w12_e1_b7_r5,1790895840000,1790895900000,LIGHT
B_peak2.0_x55_w12_e1_b7_r5,1790895900000,1790896320000,DEEP
B_peak2.0_x55_w12_e1_b7_r5,1790896320000,1790896349427,LIGHT
B_peak2.0_x55_w12_e2_b5_r3,1790875829427,1790880060000,LIGHT
B_peak2.0_x55_w12_e2_b5_r3,1790880060000,1790880360000,DEEP
B_peak2.0_x55_w12_e2_b5_r3,1790880360000,1790880420000,LIGHT
B_peak2.0_x55_w12_e2_b5_r3,1790880420000,1790881140000,DEEP
B_peak2.0_x55_w12_e2_b5_r3,1790881140000,1790881560000,LIGHT
B_peak2.0_x55_w12_e2_b5_r3,1790881560000,1790881860000,DEEP
B_peak2.0_x55_w12_e2_b5_r3,1790881860000,1790886300000,LIGHT
B_peak2.0_x55_w12_e2_b5_r3,1790886300000,1790888820000,DEEP
B_peak2.0_x55_w12_e2_b5_r3,1790888820000,1790890920000,LIGHT
B_peak2.0_x55_w12_e2_b5_r3,1790890920000,1790891280000,DEEP
B_peak2.0_x55_w12_e2_b5_r3,1790891280000,1790895060000,LIGHT
B_peak2.0_x55_w12_e2_b5_r3,1790895060000,1790895360000,DEEP
B_peak2.0_x55_w12_e2_b5_r3,1790895360000,1790895420000,LIGHT
B_peak2.0_x55_w12_e2_b5_r3,1790895420000,1790895900000,DEEP
B_peak2.0_x55_w12_e2_b5_r3,1790895900000,1790895960000,LIGHT
B_peak2.0_x55_w12_e2_b5_r3,1790895960000,1790896320000,DEEP
B_peak2.0_x55_w12_e2_b5_r3,1790896320000,1790896349427,LIGHT
B_peak2.0_x55_w12_e2_b5_r5,1790875829427,1790880360000,LIGHT
B_peak2.0_x55_w12_e2_b5_r5,1790880360000,1790881200000,DEEP
B_peak2.0_x55_w12_e2_b5_r5,1790881200000,1790881620000,LIGHT
B_peak2.0_x55_w12_e2_b5_r5,1790881620000,1790881920000,DEEP
B_peak2.0_x55_w12_e2_b5_r5,1790881920000,1790886300000,LIGHT
B_peak2.0_x55_w12_e2_b5_r5,1790886300000,1790888820000,DEEP
B_peak2.0_x55_w12_e2_b5_r5,1790888820000,1790890920000,LIGHT
B_peak2.0_x55_w12_e2_b5_r5,1790890920000,1790891340000,DEEP
B_peak2.0_x55_w12_e2_b5_r5,1790891340000,1790895480000,LIGHT
B_peak2.0_x55_w12_e2_b5_r5,1790895480000,1790896320000,DEEP
B_peak2.0_x55_w12_e2_b5_r5,1790896320000,1790896349427,LIGHT
B_peak2.0_x55_w12_e2_b7_r3,1790875829427,1790880420000,LIGHT
B_peak2.0_x55_w12_e2_b7_r3,1790880420000,1790881140000,DEEP
B_peak2.0_x55_w12_e2_b7_r3,1790881140000,1790886300000,LIGHT
B_peak2.0_x55_w12_e2_b7_r3,1790886300000,1790888820000,DEEP
B_peak2.0_x55_w12_e2_b7_r3,1790888820000,1790895420000,LIGHT
B_peak2.0_x55_w12_e2_b7_r3,1790895420000,1790895900000,DEEP
B_peak2.0_x55_w12_e2_b7_r3,1790895900000,1790896349427,LIGHT
B_peak2.0_x55_w12_e2_b7_r5,1790875829427,1790880360000,LIGHT
B_peak2.0_x55_w12_e2_b7_r5,1790880360000,1790881200000,DEEP
B_peak2.0_x55_w12_e2_b7_r5,1790881200000,1790886300000,LIGHT
B_peak2.0_x55_w12_e2_b7_r5,1790886300000,1790888820000,DEEP
B_peak2.0_x55_w12_e2_b7_r5,1790888820000,1790890920000,LIGHT
B_peak2.0_x55_w12_e2_b7_r5,1790890920000,1790891340000,DEEP
B_peak2.0_x55_w12_e2_b7_r5,1790891340000,1790895480000,LIGHT
B_peak2.0_x55_w12_e2_b7_r5,1790895480000,1790896320000,DEEP
B_peak2.0_x55_w12_e2_b7_r5,1790896320000,1790896349427,LIGHT
B_peak2.0_x55_w15_e1_b5_r3,1790875829427,1790880360000,LIGHT
B_peak2.0_x55_w15_e1_b5_r3,1790880360000,1790880720000,DEEP
B_peak2.0_x55_w15_e1_b5_r3,1790880720000,1790880780000,LIGHT
B_peak2.0_x55_w15_e1_b5_r3,1790880780000,1790881080000,DEEP
B_peak2.0_x55_w15_e1_b5_r3,1790881080000,1790886480000,LIGHT
B_peak2.0_x55_w15_e1_b5_r3,1790886480000,1790888820000,DEEP
B_peak2.0_x55_w15_e1_b5_r3,1790888820000,1790895480000,LIGHT
B_peak2.0_x55_w15_e1_b5_r3,1790895480000,1790895840000,DEEP
B_peak2.0_x55_w15_e1_b5_r3,1790895840000,1790895900000,LIGHT
B_peak2.0_x55_w15_e1_b5_r3,1790895900000,1790896320000,DEEP
B_peak2.0_x55_w15_e1_b5_r3,1790896320000,1790896349427,LIGHT
B_peak2.0_x55_w15_e1_b5_r5,1790875829427,1790880300000,LIGHT
B_peak2.0_x55_w15_e1_b5_r5,1790880300000,1790881140000,DEEP
B_peak2.0_x55_w15_e1_b5_r5,1790881140000,1790886480000,LIGHT
B_peak2.0_x55_w15_e1_b5_r5,1790886480000,1790888820000,DEEP
B_peak2.0_x55_w15_e1_b5_r5,1790888820000,1790895420000,LIGHT
B_peak2.0_x55_w15_e1_b5_r5,1790895420000,1790895840000,DEEP
B_peak2.0_x55_w15_e1_b5_r5,1790895840000,1790895900000,LIGHT
B_peak2.0_x55_w15_e1_b5_r5,1790895900000,1790896320000,DEEP
B_peak2.0_x55_w15_e1_b5_r5,1790896320000,1790896349427,LIGHT
B_peak2.0_x55_w15_e1_b7_r3,1790875829427,1790886480000,LIGHT
B_peak2.0_x55_w15_e1_b7_r3,1790886480000,1790888820000,DEEP
B_peak2.0_x55_w15_e1_b7_r3,1790888820000,1790895900000,LIGHT
B_peak2.0_x55_w15_e1_b7_r3,1790895900000,1790896320000,DEEP
B_peak2.0_x55_w15_e1_b7_r3,1790896320000,1790896349427,LIGHT
B_peak2.0_x55_w15_e1_b7_r5,1790875829427,1790880300000,LIGHT
B_peak2.0_x55_w15_e1_b7_r5,1790880300000,1790881140000,DEEP
B_peak2.0_x55_w15_e1_b7_r5,1790881140000,1790886480000,LIGHT
B_peak2.0_x55_w15_e1_b7_r5,1790886480000,1790888820000,DEEP
B_peak2.0_x55_w15_e1_b7_r5,1790888820000,1790895420000,LIGHT
B_peak2.0_x55_w15_e1_b7_r5,1790895420000,1790895840000,DEEP
B_peak2.0_x55_w15_e1_b7_r5,1790895840000,1790895900000,LIGHT
B_peak2.0_x55_w15_e1_b7_r5,1790895900000,1790896320000,DEEP
B_peak2.0_x55_w15_e1_b7_r5,1790896320000,1790896349427,LIGHT
B_peak2.0_x55_w15_e2_b5_r3,1790875829427,1790880420000,LIGHT
B_peak2.0_x55_w15_e2_b5_r3,1790880420000,1790881140000,DEEP
B_peak2.0_x55_w15_e2_b5_r3,1790881140000,1790881560000,LIGHT
B_peak2.0_x55_w15_e2_b5_r3,1790881560000,1790881860000,DEEP
B_peak2.0_x55_w15_e2_b5_r3,1790881860000,1790886480000,LIGHT
B_peak2.0_x55_w15_e2_b5_r3,1790886480000,1790888820000,DEEP
B_peak2.0_x55_w15_e2_b5_r3,1790888820000,1790895420000,LIGHT
B_peak2.0_x55_w15_e2_b5_r3,1790895420000,1790895900000,DEEP
B_peak2.0_x55_w15_e2_b5_r3,1790895900000,1790895960000,LIGHT
B_peak2.0_x55_w15_e2_b5_r3,1790895960000,1790896320000,DEEP
B_peak2.0_x55_w15_e2_b5_r3,1790896320000,1790896349427,LIGHT
B_peak2.0_x55_w15_e2_b5_r5,1790875829427,1790880360000,LIGHT
B_peak2.0_x55_w15_e2_b5_r5,1790880360000,1790881200000,DEEP
B_peak2.0_x55_w15_e2_b5_r5,1790881200000,1790881620000,LIGHT
B_peak2.0_x55_w15_e2_b5_r5,1790881620000,1790881920000,DEEP
B_peak2.0_x55_w15_e2_b5_r5,1790881920000,1790886480000,LIGHT
B_peak2.0_x55_w15_e2_b5_r5,1790886480000,1790888820000,DEEP
B_peak2.0_x55_w15_e2_b5_r5,1790888820000,1790891040000,LIGHT
B_peak2.0_x55_w15_e2_b5_r5,1790891040000,1790891340000,DEEP
B_peak2.0_x55_w15_e2_b5_r5,1790891340000,1790895480000,LIGHT
B_peak2.0_x55_w15_e2_b5_r5,1790895480000,1790896320000,DEEP
B_peak2.0_x55_w15_e2_b5_r5,1790896320000,1790896349427,LIGHT
B_peak2.0_x55_w15_e2_b7_r3,1790875829427,1790880420000,LIGHT
B_peak2.0_x55_w15_e2_b7_r3,1790880420000,1790881140000,DEEP
B_peak2.0_x55_w15_e2_b7_r3,1790881140000,1790886480000,LIGHT
B_peak2.0_x55_w15_e2_b7_r3,1790886480000,1790888820000,DEEP
B_peak2.0_x55_w15_e2_b7_r3,1790888820000,1790895420000,LIGHT
B_peak2.0_x55_w15_e2_b7_r3,1790895420000,1790895900000,DEEP
B_peak2.0_x55_w15_e2_b7_r3,1790895900000,1790896349427,LIGHT
B_peak2.0_x55_w15_e2_b7_r5,1790875829427,1790880360000,LIGHT
B_peak2.0_x55_w15_e2_b7_r5,1790880360000,1790881200000,DEEP
B_peak2.0_x55_w15_e2_b7_r5,1790881200000,1790886480000,LIGHT
B_peak2.0_x55_w15_e2_b7_r5,1790886480000,1790888820000,DEEP
B_peak2.0_x55_w15_e2_b7_r5,1790888820000,1790895480000,LIGHT
B_peak2.0_x55_w15_e2_b7_r5,1790895480000,1790896320000,DEEP
B_peak2.0_x55_w15_e2_b7_r5,1790896320000,1790896349427,LIGHT
B_peak2.0_x60_w10_e1_b5_r3,1790875829427,1790880360000,LIGHT
B_peak2.0_x60_w10_e1_b5_r3,1790880360000,1790881080000,DEEP
B_peak2.0_x60_w10_e1_b5_r3,1790881080000,1790886300000,LIGHT
B_peak2.0_x60_w10_e1_b5_r3,1790886300000,1790888820000,DEEP
B_peak2.0_x60_w10_e1_b5_r3,1790888820000,1790890860000,LIGHT
B_peak2.0_x60_w10_e1_b5_r3,1790890860000,1790891220000,DEEP
B_peak2.0_x60_w10_e1_b5_r3,1790891220000,1790895060000,LIGHT
B_peak2.0_x60_w10_e1_b5_r3,1790895060000,1790895360000,DEEP
B_peak2.0_x60_w10_e1_b5_r3,1790895360000,1790895420000,LIGHT
B_peak2.0_x60_w10_e1_b5_r3,1790895420000,1790896320000,DEEP
B_peak2.0_x60_w10_e1_b5_r3,1790896320000,1790896349427,LIGHT
B_peak2.0_x60_w10_e1_b5_r5,1790875829427,1790880300000,LIGHT
B_peak2.0_x60_w10_e1_b5_r5,1790880300000,1790881140000,DEEP
B_peak2.0_x60_w10_e1_b5_r5,1790881140000,1790881680000,LIGHT
B_peak2.0_x60_w10_e1_b5_r5,1790881680000,1790881980000,DEEP
B_peak2.0_x60_w10_e1_b5_r5,1790881980000,1790886300000,LIGHT
B_peak2.0_x60_w10_e1_b5_r5,1790886300000,1790888820000,DEEP
B_peak2.0_x60_w10_e1_b5_r5,1790888820000,1790890980000,LIGHT
B_peak2.0_x60_w10_e1_b5_r5,1790890980000,1790891280000,DEEP
B_peak2.0_x60_w10_e1_b5_r5,1790891280000,1790895060000,LIGHT
B_peak2.0_x60_w10_e1_b5_r5,1790895060000,1790896320000,DEEP
B_peak2.0_x60_w10_e1_b5_r5,1790896320000,1790896349427,LIGHT
B_peak2.0_x60_w10_e1_b7_r3,1790875829427,1790880360000,LIGHT
B_peak2.0_x60_w10_e1_b7_r3,1790880360000,1790881080000,DEEP
B_peak2.0_x60_w10_e1_b7_r3,1790881080000,1790886300000,LIGHT
B_peak2.0_x60_w10_e1_b7_r3,1790886300000,1790888820000,DEEP
B_peak2.0_x60_w10_e1_b7_r3,1790888820000,1790895420000,LIGHT
B_peak2.0_x60_w10_e1_b7_r3,1790895420000,1790896320000,DEEP
B_peak2.0_x60_w10_e1_b7_r3,1790896320000,1790896349427,LIGHT
B_peak2.0_x60_w10_e1_b7_r5,1790875829427,1790880300000,LIGHT
B_peak2.0_x60_w10_e1_b7_r5,1790880300000,1790881140000,DEEP
B_peak2.0_x60_w10_e1_b7_r5,1790881140000,1790886300000,LIGHT
B_peak2.0_x60_w10_e1_b7_r5,1790886300000,1790888820000,DEEP
B_peak2.0_x60_w10_e1_b7_r5,1790888820000,1790895060000,LIGHT
B_peak2.0_x60_w10_e1_b7_r5,1790895060000,1790896320000,DEEP
B_peak2.0_x60_w10_e1_b7_r5,1790896320000,1790896349427,LIGHT
B_peak2.0_x60_w10_e2_b5_r3,1790875829427,1790880060000,LIGHT
B_peak2.0_x60_w10_e2_b5_r3,1790880060000,1790880360000,DEEP
B_peak2.0_x60_w10_e2_b5_r3,1790880360000,1790880420000,LIGHT
B_peak2.0_x60_w10_e2_b5_r3,1790880420000,1790881140000,DEEP
B_peak2.0_x60_w10_e2_b5_r3,1790881140000,1790881560000,LIGHT
B_peak2.0_x60_w10_e2_b5_r3,1790881560000,1790882100000,DEEP
B_peak2.0_x60_w10_e2_b5_r3,1790882100000,1790886300000,LIGHT
B_peak2.0_x60_w10_e2_b5_r3,1790886300000,1790888820000,DEEP
B_peak2.0_x60_w10_e2_b5_r3,1790888820000,1790890860000,LIGHT
B_peak2.0_x60_w10_e2_b5_r3,1790890860000,1790891280000,DEEP
B_peak2.0_x60_w10_e2_b5_r3,1790891280000,1790895060000,LIGHT
B_peak2.0_x60_w10_e2_b5_r3,1790895060000,1790895420000,DEEP
B_peak2.0_x60_w10_e2_b5_r3,1790895420000,1790895480000,LIGHT
B_peak2.0_x60_w10_e2_b5_r3,1790895480000,1790896320000,DEEP
B_peak2.0_x60_w10_e2_b5_r3,1790896320000,1790896349427,LIGHT
B_peak2.0_x60_w10_e2_b5_r5,1790875829427,1790880360000,LIGHT
B_peak2.0_x60_w10_e2_b5_r5,1790880360000,1790881200000,DEEP
B_peak2.0_x60_w10_e2_b5_r5,1790881200000,1790881620000,LIGHT
B_peak2.0_x60_w10_e2_b5_r5,1790881620000,1790882100000,DEEP
B_peak2.0_x60_w10_e2_b5_r5,1790882100000,1790886300000,LIGHT
B_peak2.0_x60_w10_e2_b5_r5,1790886300000,1790888820000,DEEP
B_peak2.0_x60_w10_e2_b5_r5,1790888820000,1790890560000,LIGHT
B_peak2.0_x60_w10_e2_b5_r5,1790890560000,1790890860000,DEEP
B_peak2.0_x60_w10_e2_b5_r5,1790890860000,1790890920000,LIGHT
B_peak2.0_x60_w10_e2_b5_r5,1790890920000,1790891340000,DEEP
B_peak2.0_x60_w10_e2_b5_r5,1790891340000,1790895060000,LIGHT
B_peak2.0_x60_w10_e2_b5_r5,1790895060000,1790896320000,DEEP
B_peak2.0_x60_w10_e2_b5_r5,1790896320000,1790896349427,LIGHT
B_peak2.0_x60_w10_e2_b7_r3,1790875829427,1790880420000,LIGHT
B_peak2.0_x60_w10_e2_b7_r3,1790880420000,1790881140000,DEEP
B_peak2.0_x60_w10_e2_b7_r3,1790881140000,1790881560000,LIGHT
B_peak2.0_x60_w10_e2_b7_r3,1790881560000,1790882100000,DEEP
B_peak2.0_x60_w10_e2_b7_r3,1790882100000,1790886300000,LIGHT
B_peak2.0_x60_w10_e2_b7_r3,1790886300000,1790888820000,DEEP
B_peak2.0_x60_w10_e2_b7_r3,1790888820000,1790890860000,LIGHT
B_peak2.0_x60_w10_e2_b7_r3,1790890860000,1790891280000,DEEP
B_peak2.0_x60_w10_e2_b7_r3,1790891280000,1790895480000,LIGHT
B_peak2.0_x60_w10_e2_b7_r3,1790895480000,1790896320000,DEEP
B_peak2.0_x60_w10_e2_b7_r3,1790896320000,1790896349427,LIGHT
B_peak2.0_x60_w10_e2_b7_r5,1790875829427,1790880360000,LIGHT
B_peak2.0_x60_w10_e2_b7_r5,1790880360000,1790881200000,DEEP
B_peak2.0_x60_w10_e2_b7_r5,1790881200000,1790881620000,LIGHT
B_peak2.0_x60_w10_e2_b7_r5,1790881620000,1790882100000,DEEP
B_peak2.0_x60_w10_e2_b7_r5,1790882100000,1790886300000,LIGHT
B_peak2.0_x60_w10_e2_b7_r5,1790886300000,1790888820000,DEEP
B_peak2.0_x60_w10_e2_b7_r5,1790888820000,1790890920000,LIGHT
B_peak2.0_x60_w10_e2_b7_r5,1790890920000,1790891340000,DEEP
B_peak2.0_x60_w10_e2_b7_r5,1790891340000,1790895060000,LIGHT
B_peak2.0_x60_w10_e2_b7_r5,1790895060000,1790896320000,DEEP
B_peak2.0_x60_w10_e2_b7_r5,1790896320000,1790896349427,LIGHT
B_peak2.0_x60_w12_e1_b5_r3,1790875829427,1790880360000,LIGHT
B_peak2.0_x60_w12_e1_b5_r3,1790880360000,1790881080000,DEEP
B_peak2.0_x60_w12_e1_b5_r3,1790881080000,1790886300000,LIGHT
B_peak2.0_x60_w12_e1_b5_r3,1790886300000,1790888820000,DEEP
B_peak2.0_x60_w12_e1_b5_r3,1790888820000,1790890920000,LIGHT
B_peak2.0_x60_w12_e1_b5_r3,1790890920000,1790891220000,DEEP
B_peak2.0_x60_w12_e1_b5_r3,1790891220000,1790895060000,LIGHT
B_peak2.0_x60_w12_e1_b5_r3,1790895060000,1790895360000,DEEP
B_peak2.0_x60_w12_e1_b5_r3,1790895360000,1790895420000,LIGHT
B_peak2.0_x60_w12_e1_b5_r3,1790895420000,1790896320000,DEEP
B_peak2.0_x60_w12_e1_b5_r3,1790896320000,1790896349427,LIGHT
B_peak2.0_x60_w12_e1_b5_r5,1790875829427,1790880300000,LIGHT
B_peak2.0_x60_w12_e1_b5_r5,1790880300000,1790881140000,DEEP
B_peak2.0_x60_w12_e1_b5_r5,1790881140000,1790881680000,LIGHT
B_peak2.0_x60_w12_e1_b5_r5,1790881680000,1790881980000,DEEP
B_peak2.0_x60_w12_e1_b5_r5,1790881980000,1790886300000,LIGHT
B_peak2.0_x60_w12_e1_b5_r5,1790886300000,1790888820000,DEEP
B_peak2.0_x60_w12_e1_b5_r5,1790888820000,1790890920000,LIGHT
B_peak2.0_x60_w12_e1_b5_r5,1790890920000,1790891280000,DEEP
B_peak2.0_x60_w12_e1_b5_r5,1790891280000,1790895060000,LIGHT
B_peak2.0_x60_w12_e1_b5_r5,1790895060000,1790896320000,DEEP
B_peak2.0_x60_w12_e1_b5_r5,1790896320000,1790896349427,LIGHT
B_peak2.0_x60_w12_e1_b7_r3,1790875829427,1790880360000,LIGHT
B_peak2.0_x60_w12_e1_b7_r3,1790880360000,1790881080000,DEEP
B_peak2.0_x60_w12_e1_b7_r3,1790881080000,1790886300000,LIGHT
B_peak2.0_x60_w12_e1_b7_r3,1790886300000,1790888820000,DEEP
B_peak2.0_x60_w12_e1_b7_r3,1790888820000,1790895420000,LIGHT
B_peak2.0_x60_w12_e1_b7_r3,1790895420000,1790896320000,DEEP
B_peak2.0_x60_w12_e1_b7_r3,1790896320000,1790896349427,LIGHT
B_peak2.0_x60_w12_e1_b7_r5,1790875829427,1790880300000,LIGHT
B_peak2.0_x60_w12_e1_b7_r5,1790880300000,1790881140000,DEEP
B_peak2.0_x60_w12_e1_b7_r5,1790881140000,1790886300000,LIGHT
B_peak2.0_x60_w12_e1_b7_r5,1790886300000,1790888820000,DEEP
B_peak2.0_x60_w12_e1_b7_r5,1790888820000,1790895060000,LIGHT
B_peak2.0_x60_w12_e1_b7_r5,1790895060000,1790896320000,DEEP
B_peak2.0_x60_w12_e1_b7_r5,1790896320000,1790896349427,LIGHT
B_peak2.0_x60_w12_e2_b5_r3,1790875829427,1790880060000,LIGHT
B_peak2.0_x60_w12_e2_b5_r3,1790880060000,1790880360000,DEEP
B_peak2.0_x60_w12_e2_b5_r3,1790880360000,1790880420000,LIGHT
B_peak2.0_x60_w12_e2_b5_r3,1790880420000,1790881140000,DEEP
B_peak2.0_x60_w12_e2_b5_r3,1790881140000,1790881560000,LIGHT
B_peak2.0_x60_w12_e2_b5_r3,1790881560000,1790882100000,DEEP
B_peak2.0_x60_w12_e2_b5_r3,1790882100000,1790886300000,LIGHT
B_peak2.0_x60_w12_e2_b5_r3,1790886300000,1790888820000,DEEP
B_peak2.0_x60_w12_e2_b5_r3,1790888820000,1790890920000,LIGHT
B_peak2.0_x60_w12_e2_b5_r3,1790890920000,1790891280000,DEEP
B_peak2.0_x60_w12_e2_b5_r3,1790891280000,1790895060000,LIGHT
B_peak2.0_x60_w12_e2_b5_r3,1790895060000,1790895420000,DEEP
B_peak2.0_x60_w12_e2_b5_r3,1790895420000,1790895480000,LIGHT
B_peak2.0_x60_w12_e2_b5_r3,1790895480000,1790896320000,DEEP
B_peak2.0_x60_w12_e2_b5_r3,1790896320000,1790896349427,LIGHT
B_peak2.0_x60_w12_e2_b5_r5,1790875829427,1790880360000,LIGHT
B_peak2.0_x60_w12_e2_b5_r5,1790880360000,1790881200000,DEEP
B_peak2.0_x60_w12_e2_b5_r5,1790881200000,1790881620000,LIGHT
B_peak2.0_x60_w12_e2_b5_r5,1790881620000,1790882100000,DEEP
B_peak2.0_x60_w12_e2_b5_r5,1790882100000,1790886300000,LIGHT
B_peak2.0_x60_w12_e2_b5_r5,1790886300000,1790888820000,DEEP
B_peak2.0_x60_w12_e2_b5_r5,1790888820000,1790890920000,LIGHT
B_peak2.0_x60_w12_e2_b5_r5,1790890920000,1790891340000,DEEP
B_peak2.0_x60_w12_e2_b5_r5,1790891340000,1790895060000,LIGHT
B_peak2.0_x60_w12_e2_b5_r5,1790895060000,1790896320000,DEEP
B_peak2.0_x60_w12_e2_b5_r5,1790896320000,1790896349427,LIGHT
B_peak2.0_x60_w12_e2_b7_r3,1790875829427,1790880420000,LIGHT
B_peak2.0_x60_w12_e2_b7_r3,1790880420000,1790881140000,DEEP
B_peak2.0_x60_w12_e2_b7_r3,1790881140000,1790881560000,LIGHT
B_peak2.0_x60_w12_e2_b7_r3,1790881560000,1790882100000,DEEP
B_peak2.0_x60_w12_e2_b7_r3,1790882100000,1790886300000,LIGHT
B_peak2.0_x60_w12_e2_b7_r3,1790886300000,1790888820000,DEEP
B_peak2.0_x60_w12_e2_b7_r3,1790888820000,1790895480000,LIGHT
B_peak2.0_x60_w12_e2_b7_r3,1790895480000,1790896320000,DEEP
B_peak2.0_x60_w12_e2_b7_r3,1790896320000,1790896349427,LIGHT
B_peak2.0_x60_w12_e2_b7_r5,1790875829427,1790880360000,LIGHT
B_peak2.0_x60_w12_e2_b7_r5,1790880360000,1790881200000,DEEP
B_peak2.0_x60_w12_e2_b7_r5,1790881200000,1790881620000,LIGHT
B_peak2.0_x60_w12_e2_b7_r5,1790881620000,1790882100000,DEEP
B_peak2.0_x60_w12_e2_b7_r5,1790882100000,1790886300000,LIGHT
B_peak2.0_x60_w12_e2_b7_r5,1790886300000,1790888820000,DEEP
B_peak2.0_x60_w12_e2_b7_r5,1790888820000,1790890920000,LIGHT
B_peak2.0_x60_w12_e2_b7_r5,1790890920000,1790891340000,DEEP
B_peak2.0_x60_w12_e2_b7_r5,1790891340000,1790895060000,LIGHT
B_peak2.0_x60_w12_e2_b7_r5,1790895060000,1790896320000,DEEP
B_peak2.0_x60_w12_e2_b7_r5,1790896320000,1790896349427,LIGHT
B_peak2.0_x60_w15_e1_b5_r3,1790875829427,1790880360000,LIGHT
B_peak2.0_x60_w15_e1_b5_r3,1790880360000,1790881080000,DEEP
B_peak2.0_x60_w15_e1_b5_r3,1790881080000,1790886480000,LIGHT
B_peak2.0_x60_w15_e1_b5_r3,1790886480000,1790888820000,DEEP
B_peak2.0_x60_w15_e1_b5_r3,1790888820000,1790895420000,LIGHT
B_peak2.0_x60_w15_e1_b5_r3,1790895420000,1790896320000,DEEP
B_peak2.0_x60_w15_e1_b5_r3,1790896320000,1790896349427,LIGHT
B_peak2.0_x60_w15_e1_b5_r5,1790875829427,1790880300000,LIGHT
B_peak2.0_x60_w15_e1_b5_r5,1790880300000,1790881140000,DEEP
B_peak2.0_x60_w15_e1_b5_r5,1790881140000,1790881680000,LIGHT
B_peak2.0_x60_w15_e1_b5_r5,1790881680000,1790881980000,DEEP
B_peak2.0_x60_w15_e1_b5_r5,1790881980000,1790886480000,LIGHT
B_peak2.0_x60_w15_e1_b5_r5,1790886480000,1790888820000,DEEP
B_peak2.0_x60_w15_e1_b5_r5,1790888820000,1790895180000,LIGHT
B_peak2.0_x60_w15_e1_b5_r5,1790895180000,1790896320000,DEEP
B_peak2.0_x60_w15_e1_b5_r5,1790896320000,1790896349427,LIGHT
B_peak2.0_x60_w15_e1_b7_r3,1790875829427,1790880360000,LIGHT
B_peak2.0_x60_w15_e1_b7_r3,1790880360000,1790881080000,DEEP
B_peak2.0_x60_w15_e1_b7_r3,1790881080000,1790886480000,LIGHT
B_peak2.0_x60_w15_e1_b7_r3,1790886480000,1790888820000,DEEP
B_peak2.0_x60_w15_e1_b7_r3,1790888820000,1790895420000,LIGHT
B_peak2.0_x60_w15_e1_b7_r3,1790895420000,1790896320000,DEEP
B_peak2.0_x60_w15_e1_b7_r3,1790896320000,1790896349427,LIGHT
B_peak2.0_x60_w15_e1_b7_r5,1790875829427,1790880300000,LIGHT
B_peak2.0_x60_w15_e1_b7_r5,1790880300000,1790881140000,DEEP
B_peak2.0_x60_w15_e1_b7_r5,1790881140000,1790886480000,LIGHT
B_peak2.0_x60_w15_e1_b7_r5,1790886480000,1790888820000,DEEP
B_peak2.0_x60_w15_e1_b7_r5,1790888820000,1790895180000,LIGHT
B_peak2.0_x60_w15_e1_b7_r5,1790895180000,1790896320000,DEEP
B_peak2.0_x60_w15_e1_b7_r5,1790896320000,1790896349427,LIGHT
B_peak2.0_x60_w15_e2_b5_r3,1790875829427,1790880420000,LIGHT
B_peak2.0_x60_w15_e2_b5_r3,1790880420000,1790881140000,DEEP
B_peak2.0_x60_w15_e2_b5_r3,1790881140000,1790881560000,LIGHT
B_peak2.0_x60_w15_e2_b5_r3,1790881560000,1790882100000,DEEP
B_peak2.0_x60_w15_e2_b5_r3,1790882100000,1790886480000,LIGHT
B_peak2.0_x60_w15_e2_b5_r3,1790886480000,1790888820000,DEEP
B_peak2.0_x60_w15_e2_b5_r3,1790888820000,1790895480000,LIGHT
B_peak2.0_x60_w15_e2_b5_r3,1790895480000,1790896320000,DEEP
B_peak2.0_x60_w15_e2_b5_r3,1790896320000,1790896349427,LIGHT
B_peak2.0_x60_w15_e2_b5_r5,1790875829427,1790880360000,LIGHT
B_peak2.0_x60_w15_e2_b5_r5,1790880360000,1790881200000,DEEP
B_peak2.0_x60_w15_e2_b5_r5,1790881200000,1790881620000,LIGHT
B_peak2.0_x60_w15_e2_b5_r5,1790881620000,1790882100000,DEEP
B_peak2.0_x60_w15_e2_b5_r5,1790882100000,1790886480000,LIGHT
B_peak2.0_x60_w15_e2_b5_r5,1790886480000,1790888820000,DEEP
B_peak2.0_x60_w15_e2_b5_r5,1790888820000,1790891040000,LIGHT
B_peak2.0_x60_w15_e2_b5_r5,1790891040000,1790891340000,DEEP
B_peak2.0_x60_w15_e2_b5_r5,1790891340000,1790895180000,LIGHT
B_peak2.0_x60_w15_e2_b5_r5,1790895180000,1790896320000,DEEP
B_peak2.0_x60_w15_e2_b5_r5,1790896320000,1790896349427,LIGHT
B_peak2.0_x60_w15_e2_b7_r3,1790875829427,1790880420000,LIGHT
B_peak2.0_x60_w15_e2_b7_r3,1790880420000,1790881140000,DEEP
B_peak2.0_x60_w15_e2_b7_r3,1790881140000,1790881560000,LIGHT
B_peak2.0_x60_w15_e2_b7_r3,1790881560000,1790882100000,DEEP
B_peak2.0_x60_w15_e2_b7_r3,1790882100000,1790886480000,LIGHT
B_peak2.0_x60_w15_e2_b7_r3,1790886480000,1790888820000,DEEP
B_peak2.0_x60_w15_e2_b7_r3,1790888820000,1790895480000,LIGHT
B_peak2.0_x60_w15_e2_b7_r3,1790895480000,1790896320000,DEEP
B_peak2.0_x60_w15_e2_b7_r3,1790896320000,1790896349427,LIGHT
B_peak2.0_x60_w15_e2_b7_r5,1790875829427,1790880360000,LIGHT
B_peak2.0_x60_w15_e2_b7_r5,1790880360000,1790881200000,DEEP
B_peak2.0_x60_w15_e2_b7_r5,1790881200000,1790881620000,LIGHT
B_peak2.0_x60_w15_e2_b7_r5,1790881620000,1790882100000,DEEP
B_peak2.0_x60_w15_e2_b7_r5,1790882100000,1790886480000,LIGHT
B_peak2.0_x60_w15_e2_b7_r5,1790886480000,1790888820000,DEEP
B_peak2.0_x60_w15_e2_b7_r5,1790888820000,1790895180000,LIGHT
B_peak2.0_x60_w15_e2_b7_r5,1790895180000,1790896320000,DEEP
B_peak2.0_x60_w15_e2_b7_r5,1790896320000,1790896349427,LIGHT
B_peak2.0_x65_w10_e1_b5_r3,1790875829427,1790880060000,LIGHT
B_peak2.0_x65_w10_e1_b5_r3,1790880060000,1790881080000,DEEP
B_peak2.0_x65_w10_e1_b5_r3,1790881080000,1790881260000,LIGHT
B_peak2.0_x65_w10_e1_b5_r3,1790881260000,1790881860000,DEEP
B_peak2.0_x65_w10_e1_b5_r3,1790881860000,1790886300000,LIGHT
B_peak2.0_x65_w10_e1_b5_r3,1790886300000,1790888820000,DEEP
B_peak2.0_x65_w10_e1_b5_r3,1790888820000,1790890860000,LIGHT
B_peak2.0_x65_w10_e1_b5_r3,1790890860000,1790891220000,DEEP
B_peak2.0_x65_w10_e1_b5_r3,1790891220000,1790895060000,LIGHT
B_peak2.0_x65_w10_e1_b5_r3,1790895060000,1790895360000,DEEP
B_peak2.0_x65_w10_e1_b5_r3,1790895360000,1790895420000,LIGHT
B_peak2.0_x65_w10_e1_b5_r3,1790895420000,1790896320000,DEEP
B_peak2.0_x65_w10_e1_b5_r3,1790896320000,1790896349427,LIGHT
B_peak2.0_x65_w10_e1_b5_r5,1790875829427,1790880060000,LIGHT
B_peak2.0_x65_w10_e1_b5_r5,1790880060000,1790881140000,DEEP
B_peak2.0_x65_w10_e1_b5_r5,1790881140000,1790881320000,LIGHT
B_peak2.0_x65_w10_e1_b5_r5,1790881320000,1790882100000,DEEP
B_peak2.0_x65_w10_e1_b5_r5,1790882100000,1790886300000,LIGHT
B_peak2.0_x65_w10_e1_b5_r5,1790886300000,1790888820000,DEEP
B_peak2.0_x65_w10_e1_b5_r5,1790888820000,1790890980000,LIGHT
B_peak2.0_x65_w10_e1_b5_r5,1790890980000,1790891280000,DEEP
B_peak2.0_x65_w10_e1_b5_r5,1790891280000,1790895060000,LIGHT
B_peak2.0_x65_w10_e1_b5_r5,1790895060000,1790896320000,DEEP
B_peak2.0_x65_w10_e1_b5_r5,1790896320000,1790896349427,LIGHT
B_peak2.0_x65_w10_e1_b7_r3,1790875829427,1790880060000,LIGHT
B_peak2.0_x65_w10_e1_b7_r3,1790880060000,1790881080000,DEEP
B_peak2.0_x65_w10_e1_b7_r3,1790881080000,1790881260000,LIGHT
B_peak2.0_x65_w10_e1_b7_r3,1790881260000,1790881860000,DEEP
B_peak2.0_x65_w10_e1_b7_r3,1790881860000,1790886300000,LIGHT
B_peak2.0_x65_w10_e1_b7_r3,1790886300000,1790888820000,DEEP
B_peak2.0_x65_w10_e1_b7_r3,1790888820000,1790895420000,LIGHT
B_peak2.0_x65_w10_e1_b7_r3,1790895420000,1790896320000,DEEP
B_peak2.0_x65_w10_e1_b7_r3,1790896320000,1790896349427,LIGHT
B_peak2.0_x65_w10_e1_b7_r5,1790875829427,1790880060000,LIGHT
B_peak2.0_x65_w10_e1_b7_r5,1790880060000,1790881140000,DEEP
B_peak2.0_x65_w10_e1_b7_r5,1790881140000,1790881320000,LIGHT
B_peak2.0_x65_w10_e1_b7_r5,1790881320000,1790882100000,DEEP
B_peak2.0_x65_w10_e1_b7_r5,1790882100000,1790886300000,LIGHT
B_peak2.0_x65_w10_e1_b7_r5,1790886300000,1790888820000,DEEP
B_peak2.0_x65_w10_e1_b7_r5,1790888820000,1790895060000,LIGHT
B_peak2.0_x65_w10_e1_b7_r5,1790895060000,1790896320000,DEEP
B_peak2.0_x65_w10_e1_b7_r5,1790896320000,1790896349427,LIGHT
B_peak2.0_x65_w10_e2_b5_r3,1790875829427,1790880060000,LIGHT
B_peak2.0_x65_w10_e2_b5_r3,1790880060000,1790881140000,DEEP
B_peak2.0_x65_w10_e2_b5_r3,1790881140000,1790881200000,LIGHT
B_peak2.0_x65_w10_e2_b5_r3,1790881200000,1790882100000,DEEP
B_peak2.0_x65_w10_e2_b5_r3,1790882100000,1790886300000,LIGHT
B_peak2.0_x65_w10_e2_b5_r3,1790886300000,1790888820000,DEEP
B_peak2.0_x65_w10_e2_b5_r3,1790888820000,1790890860000,LIGHT
B_peak2.0_x65_w10_e2_b5_r3,1790890860000,1790891280000,DEEP
B_peak2.0_x65_w10_e2_b5_r3,1790891280000,1790895060000,LIGHT
B_peak2.0_x65_w10_e2_b5_r3,1790895060000,1790895420000,DEEP
B_peak2.0_x65_w10_e2_b5_r3,1790895420000,1790895480000,LIGHT
B_peak2.0_x65_w10_e2_b5_r3,1790895480000,1790896320000,DEEP
B_peak2.0_x65_w10_e2_b5_r3,1790896320000,1790896349427,LIGHT
B_peak2.0_x65_w10_e2_b5_r5,1790875829427,1790880060000,LIGHT
B_peak2.0_x65_w10_e2_b5_r5,1790880060000,1790881200000,DEEP
B_peak2.0_x65_w10_e2_b5_r5,1790881200000,1790881260000,LIGHT
B_peak2.0_x65_w10_e2_b5_r5,1790881260000,1790882100000,DEEP
B_peak2.0_x65_w10_e2_b5_r5,1790882100000,1790886300000,LIGHT
B_peak2.0_x65_w10_e2_b5_r5,1790886300000,1790888820000,DEEP
B_peak2.0_x65_w10_e2_b5_r5,1790888820000,1790890560000,LIGHT
B_peak2.0_x65_w10_e2_b5_r5,1790890560000,1790890860000,DEEP
B_peak2.0_x65_w10_e2_b5_r5,1790890860000,1790890920000,LIGHT
B_peak2.0_x65_w10_e2_b5_r5,1790890920000,1790891340000,DEEP
B_peak2.0_x65_w10_e2_b5_r5,1790891340000,1790895060000,LIGHT
B_peak2.0_x65_w10_e2_b5_r5,1790895060000,1790896320000,DEEP
B_peak2.0_x65_w10_e2_b5_r5,1790896320000,1790896349427,LIGHT
B_peak2.0_x65_w10_e2_b7_r3,1790875829427,1790880060000,LIGHT
B_peak2.0_x65_w10_e2_b7_r3,1790880060000,1790881140000,DEEP
B_peak2.0_x65_w10_e2_b7_r3,1790881140000,1790881200000,LIGHT
B_peak2.0_x65_w10_e2_b7_r3,1790881200000,1790882100000,DEEP
B_peak2.0_x65_w10_e2_b7_r3,1790882100000,1790886300000,LIGHT
B_peak2.0_x65_w10_e2_b7_r3,1790886300000,1790888820000,DEEP
B_peak2.0_x65_w10_e2_b7_r3,1790888820000,1790890860000,LIGHT
B_peak2.0_x65_w10_e2_b7_r3,1790890860000,1790891280000,DEEP
B_peak2.0_x65_w10_e2_b7_r3,1790891280000,1790895480000,LIGHT
B_peak2.0_x65_w10_e2_b7_r3,1790895480000,1790896320000,DEEP
B_peak2.0_x65_w10_e2_b7_r3,1790896320000,1790896349427,LIGHT
B_peak2.0_x65_w10_e2_b7_r5,1790875829427,1790880060000,LIGHT
B_peak2.0_x65_w10_e2_b7_r5,1790880060000,1790881200000,DEEP
B_peak2.0_x65_w10_e2_b7_r5,1790881200000,1790881260000,LIGHT
B_peak2.0_x65_w10_e2_b7_r5,1790881260000,1790882100000,DEEP
B_peak2.0_x65_w10_e2_b7_r5,1790882100000,1790886300000,LIGHT
B_peak2.0_x65_w10_e2_b7_r5,1790886300000,1790888820000,DEEP
B_peak2.0_x65_w10_e2_b7_r5,1790888820000,1790890920000,LIGHT
B_peak2.0_x65_w10_e2_b7_r5,1790890920000,1790891340000,DEEP
B_peak2.0_x65_w10_e2_b7_r5,1790891340000,1790895060000,LIGHT
B_peak2.0_x65_w10_e2_b7_r5,1790895060000,1790896320000,DEEP
B_peak2.0_x65_w10_e2_b7_r5,1790896320000,1790896349427,LIGHT
B_peak2.0_x65_w12_e1_b5_r3,1790875829427,1790880060000,LIGHT
B_peak2.0_x65_w12_e1_b5_r3,1790880060000,1790881080000,DEEP
B_peak2.0_x65_w12_e1_b5_r3,1790881080000,1790881260000,LIGHT
B_peak2.0_x65_w12_e1_b5_r3,1790881260000,1790881860000,DEEP
B_peak2.0_x65_w12_e1_b5_r3,1790881860000,1790886300000,LIGHT
B_peak2.0_x65_w12_e1_b5_r3,1790886300000,1790888820000,DEEP
B_peak2.0_x65_w12_e1_b5_r3,1790888820000,1790890920000,LIGHT
B_peak2.0_x65_w12_e1_b5_r3,1790890920000,1790891220000,DEEP
B_peak2.0_x65_w12_e1_b5_r3,1790891220000,1790895060000,LIGHT
B_peak2.0_x65_w12_e1_b5_r3,1790895060000,1790895360000,DEEP
B_peak2.0_x65_w12_e1_b5_r3,1790895360000,1790895420000,LIGHT
B_peak2.0_x65_w12_e1_b5_r3,1790895420000,1790896320000,DEEP
B_peak2.0_x65_w12_e1_b5_r3,1790896320000,1790896349427,LIGHT
B_peak2.0_x65_w12_e1_b5_r5,1790875829427,1790880060000,LIGHT
B_peak2.0_x65_w12_e1_b5_r5,1790880060000,1790881140000,DEEP
B_peak2.0_x65_w12_e1_b5_r5,1790881140000,1790881320000,LIGHT
B_peak2.0_x65_w12_e1_b5_r5,1790881320000,1790882100000,DEEP
B_peak2.0_x65_w12_e1_b5_r5,1790882100000,1790886300000,LIGHT
B_peak2.0_x65_w12_e1_b5_r5,1790886300000,1790888820000,DEEP
B_peak2.0_x65_w12_e1_b5_r5,1790888820000,1790890920000,LIGHT
B_peak2.0_x65_w12_e1_b5_r5,1790890920000,1790891280000,DEEP
B_peak2.0_x65_w12_e1_b5_r5,1790891280000,1790895060000,LIGHT
B_peak2.0_x65_w12_e1_b5_r5,1790895060000,1790896320000,DEEP
B_peak2.0_x65_w12_e1_b5_r5,1790896320000,1790896349427,LIGHT
B_peak2.0_x65_w12_e1_b7_r3,1790875829427,1790880060000,LIGHT
B_peak2.0_x65_w12_e1_b7_r3,1790880060000,1790881080000,DEEP
B_peak2.0_x65_w12_e1_b7_r3,1790881080000,1790881260000,LIGHT
B_peak2.0_x65_w12_e1_b7_r3,1790881260000,1790881860000,DEEP
B_peak2.0_x65_w12_e1_b7_r3,1790881860000,1790886300000,LIGHT
B_peak2.0_x65_w12_e1_b7_r3,1790886300000,1790888820000,DEEP
B_peak2.0_x65_w12_e1_b7_r3,1790888820000,1790895420000,LIGHT
B_peak2.0_x65_w12_e1_b7_r3,1790895420000,1790896320000,DEEP
B_peak2.0_x65_w12_e1_b7_r3,1790896320000,1790896349427,LIGHT
B_peak2.0_x65_w12_e1_b7_r5,1790875829427,1790880060000,LIGHT
B_peak2.0_x65_w12_e1_b7_r5,1790880060000,1790881140000,DEEP
B_peak2.0_x65_w12_e1_b7_r5,1790881140000,1790881320000,LIGHT
B_peak2.0_x65_w12_e1_b7_r5,1790881320000,1790882100000,DEEP
B_peak2.0_x65_w12_e1_b7_r5,1790882100000,1790886300000,LIGHT
B_peak2.0_x65_w12_e1_b7_r5,1790886300000,1790888820000,DEEP
B_peak2.0_x65_w12_e1_b7_r5,1790888820000,1790895060000,LIGHT
B_peak2.0_x65_w12_e1_b7_r5,1790895060000,1790896320000,DEEP
B_peak2.0_x65_w12_e1_b7_r5,1790896320000,1790896349427,LIGHT
B_peak2.0_x65_w12_e2_b5_r3,1790875829427,1790880060000,LIGHT
B_peak2.0_x65_w12_e2_b5_r3,1790880060000,1790881140000,DEEP
B_peak2.0_x65_w12_e2_b5_r3,1790881140000,1790881200000,LIGHT
B_peak2.0_x65_w12_e2_b5_r3,1790881200000,1790882100000,DEEP
B_peak2.0_x65_w12_e2_b5_r3,1790882100000,1790886300000,LIGHT
B_peak2.0_x65_w12_e2_b5_r3,1790886300000,1790888820000,DEEP
B_peak2.0_x65_w12_e2_b5_r3,1790888820000,1790890920000,LIGHT
B_peak2.0_x65_w12_e2_b5_r3,1790890920000,1790891280000,DEEP
B_peak2.0_x65_w12_e2_b5_r3,1790891280000,1790895060000,LIGHT
B_peak2.0_x65_w12_e2_b5_r3,1790895060000,1790895420000,DEEP
B_peak2.0_x65_w12_e2_b5_r3,1790895420000,1790895480000,LIGHT
B_peak2.0_x65_w12_e2_b5_r3,1790895480000,1790896320000,DEEP
B_peak2.0_x65_w12_e2_b5_r3,1790896320000,1790896349427,LIGHT
B_peak2.0_x65_w12_e2_b5_r5,1790875829427,1790880060000,LIGHT
B_peak2.0_x65_w12_e2_b5_r5,1790880060000,1790881200000,DEEP
B_peak2.0_x65_w12_e2_b5_r5,1790881200000,1790881260000,LIGHT
B_peak2.0_x65_w12_e2_b5_r5,1790881260000,1790882100000,DEEP
B_peak2.0_x65_w12_e2_b5_r5,1790882100000,1790886300000,LIGHT
B_peak2.0_x65_w12_e2_b5_r5,1790886300000,1790888820000,DEEP
B_peak2.0_x65_w12_e2_b5_r5,1790888820000,1790890920000,LIGHT
B_peak2.0_x65_w12_e2_b5_r5,1790890920000,1790891340000,DEEP
B_peak2.0_x65_w12_e2_b5_r5,1790891340000,1790895060000,LIGHT
B_peak2.0_x65_w12_e2_b5_r5,1790895060000,1790896320000,DEEP
B_peak2.0_x65_w12_e2_b5_r5,1790896320000,1790896349427,LIGHT
B_peak2.0_x65_w12_e2_b7_r3,1790875829427,1790880060000,LIGHT
B_peak2.0_x65_w12_e2_b7_r3,1790880060000,1790881140000,DEEP
B_peak2.0_x65_w12_e2_b7_r3,1790881140000,1790881200000,LIGHT
B_peak2.0_x65_w12_e2_b7_r3,1790881200000,1790882100000,DEEP
B_peak2.0_x65_w12_e2_b7_r3,1790882100000,1790886300000,LIGHT
B_peak2.0_x65_w12_e2_b7_r3,1790886300000,1790888820000,DEEP
B_peak2.0_x65_w12_e2_b7_r3,1790888820000,1790895480000,LIGHT
B_peak2.0_x65_w12_e2_b7_r3,1790895480000,1790896320000,DEEP
B_peak2.0_x65_w12_e2_b7_r3,1790896320000,1790896349427,LIGHT
B_peak2.0_x65_w12_e2_b7_r5,1790875829427,1790880060000,LIGHT
B_peak2.0_x65_w12_e2_b7_r5,1790880060000,1790881200000,DEEP
B_peak2.0_x65_w12_e2_b7_r5,1790881200000,1790881260000,LIGHT
B_peak2.0_x65_w12_e2_b7_r5,1790881260000,1790882100000,DEEP
B_peak2.0_x65_w12_e2_b7_r5,1790882100000,1790886300000,LIGHT
B_peak2.0_x65_w12_e2_b7_r5,1790886300000,1790888820000,DEEP
B_peak2.0_x65_w12_e2_b7_r5,1790888820000,1790890920000,LIGHT
B_peak2.0_x65_w12_e2_b7_r5,1790890920000,1790891340000,DEEP
B_peak2.0_x65_w12_e2_b7_r5,1790891340000,1790895060000,LIGHT
B_peak2.0_x65_w12_e2_b7_r5,1790895060000,1790896320000,DEEP
B_peak2.0_x65_w12_e2_b7_r5,1790896320000,1790896349427,LIGHT
B_peak2.0_x65_w15_e1_b5_r3,1790875829427,1790880180000,LIGHT
B_peak2.0_x65_w15_e1_b5_r3,1790880180000,1790881080000,DEEP
B_peak2.0_x65_w15_e1_b5_r3,1790881080000,1790881260000,LIGHT
B_peak2.0_x65_w15_e1_b5_r3,1790881260000,1790881860000,DEEP
B_peak2.0_x65_w15_e1_b5_r3,1790881860000,1790886480000,LIGHT
B_peak2.0_x65_w15_e1_b5_r3,1790886480000,1790888820000,DEEP
B_peak2.0_x65_w15_e1_b5_r3,1790888820000,1790895420000,LIGHT
B_peak2.0_x65_w15_e1_b5_r3,1790895420000,1790896320000,DEEP
B_peak2.0_x65_w15_e1_b5_r3,1790896320000,1790896349427,LIGHT
B_peak2.0_x65_w15_e1_b5_r5,1790875829427,1790880180000,LIGHT
B_peak2.0_x65_w15_e1_b5_r5,1790880180000,1790881140000,DEEP
B_peak2.0_x65_w15_e1_b5_r5,1790881140000,1790881320000,LIGHT
B_peak2.0_x65_w15_e1_b5_r5,1790881320000,1790882100000,DEEP
B_peak2.0_x65_w15_e1_b5_r5,1790882100000,1790886480000,LIGHT
B_peak2.0_x65_w15_e1_b5_r5,1790886480000,1790888820000,DEEP
B_peak2.0_x65_w15_e1_b5_r5,1790888820000,1790895180000,LIGHT
B_peak2.0_x65_w15_e1_b5_r5,1790895180000,1790896320000,DEEP
B_peak2.0_x65_w15_e1_b5_r5,1790896320000,1790896349427,LIGHT
B_peak2.0_x65_w15_e1_b7_r3,1790875829427,1790880180000,LIGHT
B_peak2.0_x65_w15_e1_b7_r3,1790880180000,1790881080000,DEEP
B_peak2.0_x65_w15_e1_b7_r3,1790881080000,1790881260000,LIGHT
B_peak2.0_x65_w15_e1_b7_r3,1790881260000,1790881860000,DEEP
B_peak2.0_x65_w15_e1_b7_r3,1790881860000,1790886480000,LIGHT
B_peak2.0_x65_w15_e1_b7_r3,1790886480000,1790888820000,DEEP
B_peak2.0_x65_w15_e1_b7_r3,1790888820000,1790895420000,LIGHT
B_peak2.0_x65_w15_e1_b7_r3,1790895420000,1790896320000,DEEP
B_peak2.0_x65_w15_e1_b7_r3,1790896320000,1790896349427,LIGHT
B_peak2.0_x65_w15_e1_b7_r5,1790875829427,1790880180000,LIGHT
B_peak2.0_x65_w15_e1_b7_r5,1790880180000,1790881140000,DEEP
B_peak2.0_x65_w15_e1_b7_r5,1790881140000,1790881320000,LIGHT
B_peak2.0_x65_w15_e1_b7_r5,1790881320000,1790882100000,DEEP
B_peak2.0_x65_w15_e1_b7_r5,1790882100000,1790886480000,LIGHT
B_peak2.0_x65_w15_e1_b7_r5,1790886480000,1790888820000,DEEP
B_peak2.0_x65_w15_e1_b7_r5,1790888820000,1790895180000,LIGHT
B_peak2.0_x65_w15_e1_b7_r5,1790895180000,1790896320000,DEEP
B_peak2.0_x65_w15_e1_b7_r5,1790896320000,1790896349427,LIGHT
B_peak2.0_x65_w15_e2_b5_r3,1790875829427,1790880180000,LIGHT
B_peak2.0_x65_w15_e2_b5_r3,1790880180000,1790881140000,DEEP
B_peak2.0_x65_w15_e2_b5_r3,1790881140000,1790881200000,LIGHT
B_peak2.0_x65_w15_e2_b5_r3,1790881200000,1790882100000,DEEP
B_peak2.0_x65_w15_e2_b5_r3,1790882100000,1790886480000,LIGHT
B_peak2.0_x65_w15_e2_b5_r3,1790886480000,1790888820000,DEEP
B_peak2.0_x65_w15_e2_b5_r3,1790888820000,1790895480000,LIGHT
B_peak2.0_x65_w15_e2_b5_r3,1790895480000,1790896320000,DEEP
B_peak2.0_x65_w15_e2_b5_r3,1790896320000,1790896349427,LIGHT
B_peak2.0_x65_w15_e2_b5_r5,1790875829427,1790880180000,LIGHT
B_peak2.0_x65_w15_e2_b5_r5,1790880180000,1790881200000,DEEP
B_peak2.0_x65_w15_e2_b5_r5,1790881200000,1790881260000,LIGHT
B_peak2.0_x65_w15_e2_b5_r5,1790881260000,1790882100000,DEEP
B_peak2.0_x65_w15_e2_b5_r5,1790882100000,1790886480000,LIGHT
B_peak2.0_x65_w15_e2_b5_r5,1790886480000,1790888820000,DEEP
B_peak2.0_x65_w15_e2_b5_r5,1790888820000,1790891040000,LIGHT
B_peak2.0_x65_w15_e2_b5_r5,1790891040000,1790891340000,DEEP
B_peak2.0_x65_w15_e2_b5_r5,1790891340000,1790895180000,LIGHT
B_peak2.0_x65_w15_e2_b5_r5,1790895180000,1790896320000,DEEP
B_peak2.0_x65_w15_e2_b5_r5,1790896320000,1790896349427,LIGHT
B_peak2.0_x65_w15_e2_b7_r3,1790875829427,1790880180000,LIGHT
B_peak2.0_x65_w15_e2_b7_r3,1790880180000,1790881140000,DEEP
B_peak2.0_x65_w15_e2_b7_r3,1790881140000,1790881200000,LIGHT
B_peak2.0_x65_w15_e2_b7_r3,1790881200000,1790882100000,DEEP
B_peak2.0_x65_w15_e2_b7_r3,1790882100000,1790886480000,LIGHT
B_peak2.0_x65_w15_e2_b7_r3,1790886480000,1790888820000,DEEP
B_peak2.0_x65_w15_e2_b7_r3,1790888820000,1790895480000,LIGHT
B_peak2.0_x65_w15_e2_b7_r3,1790895480000,1790896320000,DEEP
B_peak2.0_x65_w15_e2_b7_r3,1790896320000,1790896349427,LIGHT
B_peak2.0_x65_w15_e2_b7_r5,1790875829427,1790880180000,LIGHT
B_peak2.0_x65_w15_e2_b7_r5,1790880180000,1790881200000,DEEP
B_peak2.0_x65_w15_e2_b7_r5,1790881200000,1790881260000,LIGHT
B_peak2.0_x65_w15_e2_b7_r5,1790881260000,1790882100000,DEEP
B_peak2.0_x65_w15_e2_b7_r5,1790882100000,1790886480000,LIGHT
B_peak2.0_x65_w15_e2_b7_r5,1790886480000,1790888820000,DEEP
B_peak2.0_x65_w15_e2_b7_r5,1790888820000,1790895180000,LIGHT
B_peak2.0_x65_w15_e2_b7_r5,1790895180000,1790896320000,DEEP
B_peak2.0_x65_w15_e2_b7_r5,1790896320000,1790896349427,LIGHT
B_peak2.5_x50_w10_e1_b5_r3,1790875829427,1790886300000,LIGHT
B_peak2.5_x50_w10_e1_b5_r3,1790886300000,1790888820000,DEEP
B_peak2.5_x50_w10_e1_b5_r3,1790888820000,1790890860000,LIGHT
B_peak2.5_x50_w10_e1_b5_r3,1790890860000,1790891220000,DEEP
B_peak2.5_x50_w10_e1_b5_r3,1790891220000,1790892900000,LIGHT
B_peak2.5_x50_w10_e1_b5_r3,1790892900000,1790893260000,DEEP
B_peak2.5_x50_w10_e1_b5_r3,1790893260000,1790893560000,LIGHT
B_peak2.5_x50_w10_e1_b5_r3,1790893560000,1790893860000,DEEP
B_peak2.5_x50_w10_e1_b5_r3,1790893860000,1790893920000,LIGHT
B_peak2.5_x50_w10_e1_b5_r3,1790893920000,1790894280000,DEEP
B_peak2.5_x50_w10_e1_b5_r3,1790894280000,1790895960000,LIGHT
B_peak2.5_x50_w10_e1_b5_r3,1790895960000,1790896320000,DEEP
B_peak2.5_x50_w10_e1_b5_r3,1790896320000,1790896349427,LIGHT
B_peak2.5_x50_w10_e1_b7_r3,1790875829427,1790886300000,LIGHT
B_peak2.5_x50_w10_e1_b7_r3,1790886300000,1790888820000,DEEP
B_peak2.5_x50_w10_e1_b7_r3,1790888820000,1790896349427,LIGHT
B_peak2.5_x50_w10_e1_b7_r5,1790875829427,1790886420000,LIGHT
B_peak2.5_x50_w10_e1_b7_r5,1790886420000,1790888820000,DEEP
B_peak2.5_x50_w10_e1_b7_r5,1790888820000,1790892900000,LIGHT
B_peak2.5_x50_w10_e1_b7_r5,1790892900000,1790893320000,DEEP
B_peak2.5_x50_w10_e1_b7_r5,1790893320000,1790893560000,LIGHT
B_peak2.5_x50_w10_e1_b7_r5,1790893560000,1790894340000,DEEP
B_peak2.5_x50_w10_e1_b7_r5,1790894340000,1790896349427,LIGHT
B_peak2.5_x50_w10_e2_b5_r3,1790875829427,1790880840000,LIGHT
B_peak2.5_x50_w10_e2_b5_r3,1790880840000,1790881140000,DEEP
B_peak2.5_x50_w10_e2_b5_r3,1790881140000,1790886300000,LIGHT
B_peak2.5_x50_w10_e2_b5_r3,1790886300000,1790888820000,DEEP
B_peak2.5_x50_w10_e2_b5_r3,1790888820000,1790890860000,LIGHT
B_peak2.5_x50_w10_e2_b5_r3,1790890860000,1790891280000,DEEP
B_peak2.5_x50_w10_e2_b5_r3,1790891280000,1790892900000,LIGHT
B_peak2.5_x50_w10_e2_b5_r3,1790892900000,1790893320000,DEEP
B_peak2.5_x50_w10_e2_b5_r3,1790893320000,1790893560000,LIGHT
B_peak2.5_x50_w10_e2_b5_r3,1790893560000,1790893920000,DEEP
B_peak2.5_x50_w10_e2_b5_r3,1790893920000,1790893980000,LIGHT
B_peak2.5_x50_w10_e2_b5_r3,1790893980000,1790894340000,DEEP
B_peak2.5_x50_w10_e2_b5_r3,1790894340000,1790895420000,LIGHT
B_peak2.5_x50_w10_e2_b5_r3,1790895420000,1790895720000,DEEP
B_peak2.5_x50_w10_e2_b5_r3,1790895720000,1790895960000,LIGHT
B_peak2.5_x50_w10_e2_b5_r3,1790895960000,1790896320000,DEEP
B_peak2.5_x50_w10_e2_b5_r3,1790896320000,1790896349427,LIGHT
B_peak2.5_x50_w10_e2_b5_r5,1790875829427,1790880840000,LIGHT
B_peak2.5_x50_w10_e2_b5_r5,1790880840000,1790881200000,DEEP
B_peak2.5_x50_w10_e2_b5_r5,1790881200000,1790886300000,LIGHT
B_peak2.5_x50_w10_e2_b5_r5,1790886300000,1790888820000,DEEP
B_peak2.5_x50_w10_e2_b5_r5,1790888820000,1790890560000,LIGHT
B_peak2.5_x50_w10_e2_b5_r5,1790890560000,1790890860000,DEEP
B_peak2.5_x50_w10_e2_b5_r5,1790890860000,1790890920000,LIGHT
B_peak2.5_x50_w10_e2_b5_r5,1790890920000,1790891340000,DEEP
B_peak2.5_x50_w10_e2_b5_r5,1790891340000,1790892900000,LIGHT
B_peak2.5_x50_w10_e2_b5_r5,1790892900000,1790893380000,DEEP
B_peak2.5_x50_w10_e2_b5_r5,1790893380000,1790893560000,LIGHT
B_peak2.5_x50_w10_e2_b5_r5,1790893560000,1790894400000,DEEP
B_peak2.5_x50_w10_e2_b5_r5,1790894400000,1790895420000,LIGHT
B_peak2.5_x50_w10_e2_b5_r5,1790895420000,1790895780000,DEEP
B_peak2.5_x50_w10_e2_b5_r5,1790895780000,1790896020000,LIGHT
B_peak2.5_x50_w10_e2_b5_r5,1790896020000,1790896320000,DEEP
B_peak2.5_x50_w10_e2_b5_r5,1790896320000,1790896349427,LIGHT
B_peak2.5_x50_w10_e2_b7_r3,1790875829427,1790886300000,LIGHT
B_peak2.5_x50_w10_e2_b7_r3,1790886300000,1790888820000,DEEP
B_peak2.5_x50_w10_e2_b7_r3,1790888820000,1790890860000,LIGHT
B_peak2.5_x50_w10_e2_b7_r3,1790890860000,1790891280000,DEEP
B_peak2.5_x50_w10_e2_b7_r3,1790891280000,1790892900000,LIGHT
B_peak2.5_x50_w10_e2_b7_r3,1790892900000,1790893320000,DEEP
B_peak2.5_x50_w10_e2_b7_r3,1790893320000,1790896349427,LIGHT
B_peak2.5_x50_w10_e2_b7_r5,1790875829427,1790886300000,LIGHT
B_peak2.5_x50_w10_e2_b7_r5,1790886300000,1790888820000,DEEP
B_peak2.5_x50_w10_e2_b7_r5,1790888820000,1790890920000,LIGHT
B_peak2.5_x50_w10_e2_b7_r5,1790890920000,1790891340000,DEEP
B_peak2.5_x50_w10_e2_b7_r5,1790891340000,1790892900000,LIGHT
B_peak2.5_x50_w10_e2_b7_r5,1790892900000,1790893380000,DEEP
B_peak2.5_x50_w10_e2_b7_r5,1790893380000,1790893560000,LIGHT
B_peak2.5_x50_w10_e2_b7_r5,1790893560000,1790894400000,DEEP
B_peak2.5_x50_w10_e2_b7_r5,1790894400000,1790896349427,LIGHT
B_peak2.5_x50_w12_e1_b5_r3,1790875829427,1790886300000,LIGHT
B_peak2.5_x50_w12_e1_b5_r3,1790886300000,1790888820000,DEEP
B_peak2.5_x50_w12_e1_b5_r3,1790888820000,1790890920000,LIGHT
B_peak2.5_x50_w12_e1_b5_r3,1790890920000,1790891220000,DEEP
B_peak2.5_x50_w12_e1_b5_r3,1790891220000,1790892960000,LIGHT
B_peak2.5_x50_w12_e1_b5_r3,1790892960000,1790893260000,DEEP
B_peak2.5_x50_w12_e1_b5_r3,1790893260000,1790893560000,LIGHT
B_peak2.5_x50_w12_e1_b5_r3,1790893560000,1790893860000,DEEP
B_peak2.5_x50_w12_e1_b5_r3,1790893860000,1790893920000,LIGHT
B_peak2.5_x50_w12_e1_b5_r3,1790893920000,1790894280000,DEEP
B_peak2.5_x50_w12_e1_b5_r3,1790894280000,1790895960000,LIGHT
B_peak2.5_x50_w12_e1_b5_r3,1790895960000,1790896320000,DEEP
B_peak2.5_x50_w12_e1_b5_r3,1790896320000,1790896349427,LIGHT
B_peak2.5_x50_w12_e1_b5_r5,1790875829427,1790886420000,LIGHT
B_peak2.5_x50_w12_e1_b5_r5,1790886420000,1790888820000,DEEP
B_peak2.5_x50_w12_e1_b5_r5,1790888820000,1790890920000,LIGHT
B_peak2.5_x50_w12_e1_b5_r5,1790890920000,1790891280000,DEEP
B_peak2.5_x50_w12_e1_b5_r5,1790891280000,1790892960000,LIGHT
B_peak2.5_x50_w12_e1_b5_r5,1790892960000,1790893320000,DEEP
B_peak2.5_x50_w12_e1_b5_r5,1790893320000,1790893560000,LIGHT
B_peak2.5_x50_w12_e1_b5_r5,1790893560000,1790894340000,DEEP
B_peak2.5_x50_w12_e1_b5_r5,1790894340000,1790896020000,LIGHT
B_peak2.5_x50_w12_e1_b5_r5,1790896020000,1790896320000,DEEP
B_peak2.5_x50_w12_e1_b5_r5,1790896320000,1790896349427,LIGHT
B_peak2.5_x50_w12_e1_b7_r3,1790875829427,1790886300000,LIGHT
B_peak2.5_x50_w12_e1_b7_r3,1790886300000,1790888820000,DEEP
B_peak2.5_x50_w12_e1_b7_r3,1790888820000,1790896349427,LIGHT
B_peak2.5_x50_w12_e1_b7_r5,1790875829427,1790886420000,LIGHT
B_peak2.5_x50_w12_e1_b7_r5,1790886420000,1790888820000,DEEP
B_peak2.5_x50_w12_e1_b7_r5,1790888820000,1790893560000,LIGHT
B_peak2.5_x50_w12_e1_b7_r5,1790893560000,1790894340000,DEEP
B_peak2.5_x50_w12_e1_b7_r5,1790894340000,1790896349427,LIGHT
B_peak2.5_x50_w12_e2_b5_r3,1790875829427,1790886300000,LIGHT
B_peak2.5_x50_w12_e2_b5_r3,1790886300000,1790888820000,DEEP
B_peak2.5_x50_w12_e2_b5_r3,1790888820000,1790890920000,LIGHT
B_peak2.5_x50_w12_e2_b5_r3,1790890920000,1790891280000,DEEP
B_peak2.5_x50_w12_e2_b5_r3,1790891280000,1790892960000,LIGHT
B_peak2.5_x50_w12_e2_b5_r3,1790892960000,1790893320000,DEEP
B_peak2.5_x50_w12_e2_b5_r3,1790893320000,1790893560000,LIGHT
B_peak2.5_x50_w12_e2_b5_r3,1790893560000,1790893920000,DEEP
B_peak2.5_x50_w12_e2_b5_r3,1790893920000,1790893980000,LIGHT
B_peak2.5_x50_w12_e2_b5_r3,1790893980000,1790894340000,DEEP
B_peak2.5_x50_w12_e2_b5_r3,1790894340000,1790895960000,LIGHT
B_peak2.5_x50_w12_e2_b5_r3,1790895960000,1790896320000,DEEP
B_peak2.5_x50_w12_e2_b5_r3,1790896320000,1790896349427,LIGHT
B_peak2.5_x50_w12_e2_b5_r5,1790875829427,1790880900000,LIGHT
B_peak2.5_x50_w12_e2_b5_r5,1790880900000,1790881200000,DEEP
B_peak2.5_x50_w12_e2_b5_r5,1790881200000,1790886300000,LIGHT
B_peak2.5_x50_w12_e2_b5_r5,1790886300000,1790888820000,DEEP
B_peak2.5_x50_w12_e2_b5_r5,1790888820000,1790890920000,LIGHT
B_peak2.5_x50_w12_e2_b5_r5,1790890920000,1790891340000,DEEP
B_peak2.5_x50_w12_e2_b5_r5,1790891340000,1790892960000,LIGHT
B_peak2.5_x50_w12_e2_b5_r5,1790892960000,1790893380000,DEEP
B_peak2.5_x50_w12_e2_b5_r5,1790893380000,1790893560000,LIGHT
B_peak2.5_x50_w12_e2_b5_r5,1790893560000,1790894400000,DEEP
B_peak2.5_x50_w12_e2_b5_r5,1790894400000,1790895480000,LIGHT
B_peak2.5_x50_w12_e2_b5_r5,1790895480000,1790895780000,DEEP
B_peak2.5_x50_w12_e2_b5_r5,1790895780000,1790896020000,LIGHT
B_peak2.5_x50_w12_e2_b5_r5,1790896020000,1790896320000,DEEP
B_peak2.5_x50_w12_e2_b5_r5,1790896320000,1790896349427,LIGHT
B_peak2.5_x50_w12_e2_b7_r3,1790875829427,1790886300000,LIGHT
B_peak2.5_x50_w12_e2_b7_r3,1790886300000,1790888820000,DEEP
B_peak2.5_x50_w12_e2_b7_r3,1790888820000,1790896349427,LIGHT
B_peak2.5_x50_w12_e2_b7_r5,1790875829427,1790886300000,LIGHT
B_peak2.5_x50_w12_e2_b7_r5,1790886300000,1790888820000,DEEP
B_peak2.5_x50_w12_e2_b7_r5,1790888820000,1790890920000,LIGHT
B_peak2.5_x50_w12_e2_b7_r5,1790890920000,1790891340000,DEEP
B_peak2.5_x50_w12_e2_b7_r5,1790891340000,1790892960000,LIGHT
B_peak2.5_x50_w12_e2_b7_r5,1790892960000,1790893380000,DEEP
B_peak2.5_x50_w12_e2_b7_r5,1790893380000,1790893560000,LIGHT
B_peak2.5_x50_w12_e2_b7_r5,1790893560000,1790894400000,DEEP
B_peak2.5_x50_w12_e2_b7_r5,1790894400000,1790896349427,LIGHT
B_peak2.5_x50_w15_e1_b5_r3,1790875829427,1790886480000,LIGHT
B_peak2.5_x50_w15_e1_b5_r3,1790886480000,1790888820000,DEEP
B_peak2.5_x50_w15_e1_b5_r3,1790888820000,1790893560000,LIGHT
B_peak2.5_x50_w15_e1_b5_r3,1790893560000,1790893860000,DEEP
B_peak2.5_x50_w15_e1_b5_r3,1790893860000,1790893920000,LIGHT
B_peak2.5_x50_w15_e1_b5_r3,1790893920000,1790894280000,DEEP
B_peak2.5_x50_w15_e1_b5_r3,1790894280000,1790895960000,LIGHT
B_peak2.5_x50_w15_e1_b5_r3,1790895960000,1790896320000,DEEP
B_peak2.5_x50_w15_e1_b5_r3,1790896320000,1790896349427,LIGHT
B_peak2.5_x50_w15_e1_b5_r5,1790875829427,1790886480000,LIGHT
B_peak2.5_x50_w15_e1_b5_r5,1790886480000,1790888820000,DEEP
B_peak2.5_x50_w15_e1_b5_r5,1790888820000,1790893560000,LIGHT
B_peak2.5_x50_w15_e1_b5_r5,1790893560000,1790894340000,DEEP
B_peak2.5_x50_w15_e1_b5_r5,1790894340000,1790895420000,LIGHT
B_peak2.5_x50_w15_e1_b5_r5,1790895420000,1790895720000,DEEP
B_peak2.5_x50_w15_e1_b5_r5,1790895720000,1790896020000,LIGHT
B_peak2.5_x50_w15_e1_b5_r5,1790896020000,1790896320000,DEEP
B_peak2.5_x50_w15_e1_b5_r5,1790896320000,1790896349427,LIGHT
B_peak2.5_x50_w15_e1_b7_r3,1790875829427,1790886480000,LIGHT
B_peak2.5_x50_w15_e1_b7_r3,1790886480000,1790888820000,DEEP
B_peak2.5_x50_w15_e1_b7_r3,1790888820000,1790896349427,LIGHT
B_peak2.5_x50_w15_e1_b7_r5,1790875829427,1790886480000,LIGHT
B_peak2.5_x50_w15_e1_b7_r5,1790886480000,1790888820000,DEEP
B_peak2.5_x50_w15_e1_b7_r5,1790888820000,1790893560000,LIGHT
B_peak2.5_x50_w15_e1_b7_r5,1790893560000,1790894340000,DEEP
B_peak2.5_x50_w15_e1_b7_r5,1790894340000,1790896349427,LIGHT
B_peak2.5_x50_w15_e2_b5_r3,1790875829427,1790886480000,LIGHT
B_peak2.5_x50_w15_e2_b5_r3,1790886480000,1790888820000,DEEP
B_peak2.5_x50_w15_e2_b5_r3,1790888820000,1790893560000,LIGHT
B_peak2.5_x50_w15_e2_b5_r3,1790893560000,1790893920000,DEEP
B_peak2.5_x50_w15_e2_b5_r3,1790893920000,1790893980000,LIGHT
B_peak2.5_x50_w15_e2_b5_r3,1790893980000,1790894340000,DEEP
B_peak2.5_x50_w15_e2_b5_r3,1790894340000,1790895360000,LIGHT
B_peak2.5_x50_w15_e2_b5_r3,1790895360000,1790895720000,DEEP
B_peak2.5_x50_w15_e2_b5_r3,1790895720000,1790895960000,LIGHT
B_peak2.5_x50_w15_e2_b5_r3,1790895960000,1790896320000,DEEP
B_peak2.5_x50_w15_e2_b5_r3,1790896320000,1790896349427,LIGHT
B_peak2.5_x50_w15_e2_b5_r5,1790875829427,1790880900000,LIGHT
B_peak2.5_x50_w15_e2_b5_r5,1790880900000,1790881200000,DEEP
B_peak2.5_x50_w15_e2_b5_r5,1790881200000,1790886480000,LIGHT
B_peak2.5_x50_w15_e2_b5_r5,1790886480000,1790888820000,DEEP
B_peak2.5_x50_w15_e2_b5_r5,1790888820000,1790891040000,LIGHT
B_peak2.5_x50_w15_e2_b5_r5,1790891040000,1790891340000,DEEP
B_peak2.5_x50_w15_e2_b5_r5,1790891340000,1790893080000,LIGHT
B_peak2.5_x50_w15_e2_b5_r5,1790893080000,1790893380000,DEEP
B_peak2.5_x50_w15_e2_b5_r5,1790893380000,1790893560000,LIGHT
B_peak2.5_x50_w15_e2_b5_r5,1790893560000,1790894400000,DEEP
B_peak2.5_x50_w15_e2_b5_r5,1790894400000,1790895360000,LIGHT
B_peak2.5_x50_w15_e2_b5_r5,1790895360000,1790895780000,DEEP
B_peak2.5_x50_w15_e2_b5_r5,1790895780000,1790896020000,LIGHT
B_peak2.5_x50_w15_e2_b5_r5,1790896020000,1790896320000,DEEP
B_peak2.5_x50_w15_e2_b5_r5,1790896320000,1790896349427,LIGHT
B_peak2.5_x50_w15_e2_b7_r3,1790875829427,1790886480000,LIGHT
B_peak2.5_x50_w15_e2_b7_r3,1790886480000,1790888820000,DEEP
B_peak2.5_x50_w15_e2_b7_r3,1790888820000,1790896349427,LIGHT
B_peak2.5_x50_w15_e2_b7_r5,1790875829427,1790886480000,LIGHT
B_peak2.5_x50_w15_e2_b7_r5,1790886480000,1790888820000,DEEP
B_peak2.5_x50_w15_e2_b7_r5,1790888820000,1790893560000,LIGHT
B_peak2.5_x50_w15_e2_b7_r5,1790893560000,1790894400000,DEEP
B_peak2.5_x50_w15_e2_b7_r5,1790894400000,1790895360000,LIGHT
B_peak2.5_x50_w15_e2_b7_r5,1790895360000,1790895780000,DEEP
B_peak2.5_x50_w15_e2_b7_r5,1790895780000,1790896349427,LIGHT
B_peak2.5_x55_w10_e1_b5_r3,1790875829427,1790880780000,LIGHT
B_peak2.5_x55_w10_e1_b5_r3,1790880780000,1790881080000,DEEP
B_peak2.5_x55_w10_e1_b5_r3,1790881080000,1790886300000,LIGHT
B_peak2.5_x55_w10_e1_b5_r3,1790886300000,1790888820000,DEEP
B_peak2.5_x55_w10_e1_b5_r3,1790888820000,1790890860000,LIGHT
B_peak2.5_x55_w10_e1_b5_r3,1790890860000,1790891220000,DEEP
B_peak2.5_x55_w10_e1_b5_r3,1790891220000,1790892900000,LIGHT
B_peak2.5_x55_w10_e1_b5_r3,1790892900000,1790893260000,DEEP
B_peak2.5_x55_w10_e1_b5_r3,1790893260000,1790893560000,LIGHT
B_peak2.5_x55_w10_e1_b5_r3,1790893560000,1790893860000,DEEP
B_peak2.5_x55_w10_e1_b5_r3,1790893860000,1790893920000,LIGHT
B_peak2.5_x55_w10_e1_b5_r3,1790893920000,1790894280000,DEEP
B_peak2.5_x55_w10_e1_b5_r3,1790894280000,1790895420000,LIGHT
B_peak2.5_x55_w10_e1_b5_r3,1790895420000,1790895840000,DEEP
B_peak2.5_x55_w10_e1_b5_r3,1790895840000,1790895900000,LIGHT
B_peak2.5_x55_w10_e1_b5_r3,1790895900000,1790896320000,DEEP
B_peak2.5_x55_w10_e1_b5_r3,1790896320000,1790896349427,LIGHT
B_peak2.5_x55_w10_e1_b5_r5,1790875829427,1790880420000,LIGHT
B_peak2.5_x55_w10_e1_b5_r5,1790880420000,1790880720000,DEEP
B_peak2.5_x55_w10_e1_b5_r5,1790880720000,1790880780000,LIGHT
B_peak2.5_x55_w10_e1_b5_r5,1790880780000,1790881140000,DEEP
B_peak2.5_x55_w10_e1_b5_r5,1790881140000,1790886420000,LIGHT
B_peak2.5_x55_w10_e1_b5_r5,1790886420000,1790888820000,DEEP
B_peak2.5_x55_w10_e1_b5_r5,1790888820000,1790890980000,LIGHT
B_peak2.5_x55_w10_e1_b5_r5,1790890980000,1790891280000,DEEP
B_peak2.5_x55_w10_e1_b5_r5,1790891280000,1790892900000,LIGHT
B_peak2.5_x55_w10_e1_b5_r5,1790892900000,1790893320000,DEEP
B_peak2.5_x55_w10_e1_b5_r5,1790893320000,1790893560000,LIGHT
B_peak2.5_x55_w10_e1_b5_r5,1790893560000,1790894340000,DEEP
B_peak2.5_x55_w10_e1_b5_r5,1790894340000,1790895420000,LIGHT
B_peak2.5_x55_w10_e1_b5_r5,1790895420000,1790895840000,DEEP
B_peak2.5_x55_w10_e1_b5_r5,1790895840000,1790895900000,LIGHT
B_peak2.5_x55_w10_e1_b5_r5,1790895900000,1790896320000,DEEP
B_peak2.5_x55_w10_e1_b5_r5,1790896320000,1790896349427,LIGHT
B_peak2.5_x55_w10_e1_b7_r3,1790875829427,1790886300000,LIGHT
B_peak2.5_x55_w10_e1_b7_r3,1790886300000,1790888820000,DEEP
B_peak2.5_x55_w10_e1_b7_r3,1790888820000,1790895420000,LIGHT
B_peak2.5_x55_w10_e1_b7_r3,1790895420000,1790895840000,DEEP
B_peak2.5_x55_w10_e1_b7_r3,1790895840000,1790895900000,LIGHT
B_peak2.5_x55_w10_e1_b7_r3,1790895900000,1790896320000,DEEP
B_peak2.5_x55_w10_e1_b7_r3,1790896320000,1790896349427,LIGHT
B_peak2.5_x55_w10_e1_b7_r5,1790875829427,1790886420000,LIGHT
B_peak2.5_x55_w10_e1_b7_r5,1790886420000,1790888820000,DEEP
B_peak2.5_x55_w10_e1_b7_r5,1790888820000,1790892900000,LIGHT
B_peak2.5_x55_w10_e1_b7_r5,1790892900000,1790893320000,DEEP
B_peak2.5_x55_w10_e1_b7_r5,1790893320000,1790893560000,LIGHT
B_peak2.5_x55_w10_e1_b7_r5,1790893560000,1790894340000,DEEP
B_peak2.5_x55_w10_e1_b7_r5,1790894340000,1790895420000,LIGHT
B_peak2.5_x55_w10_e1_b7_r5,1790895420000,1790895840000,DEEP
B_peak2.5_x55_w10_e1_b7_r5,1790895840000,1790895900000,LIGHT
B_peak2.5_x55_w10_e1_b7_r5,1790895900000,1790896320000,DEEP
B_peak2.5_x55_w10_e1_b7_r5,1790896320000,1790896349427,LIGHT
B_peak2.5_x55_w10_e2_b5_r3,1790875829427,1790880300000,LIGHT
B_peak2.5_x55_w10_e2_b5_r3,1790880300000,1790880660000,DEEP
B_peak2.5_x55_w10_e2_b5_r3,1790880660000,1790880720000,LIGHT
B_peak2.5_x55_w10_e2_b5_r3,1790880720000,1790881140000,DEEP
B_peak2.5_x55_w10_e2_b5_r3,1790881140000,1790881560000,LIGHT
B_peak2.5_x55_w10_e2_b5_r3,1790881560000,1790881860000,DEEP
B_peak2.5_x55_w10_e2_b5_r3,1790881860000,1790886300000,LIGHT
B_peak2.5_x55_w10_e2_b5_r3,1790886300000,1790888820000,DEEP
B_peak2.5_x55_w10_e2_b5_r3,1790888820000,1790890860000,LIGHT
B_peak2.5_x55_w10_e2_b5_r3,1790890860000,1790891280000,DEEP
B_peak2.5_x55_w10_e2_b5_r3,1790891280000,1790892900000,LIGHT
B_peak2.5_x55_w10_e2_b5_r3,1790892900000,1790893320000,DEEP
B_peak2.5_x55_w10_e2_b5_r3,1790893320000,1790893560000,LIGHT
B_peak2.5_x55_w10_e2_b5_r3,1790893560000,1790893920000,DEEP
B_peak2.5_x55_w10_e2_b5_r3,1790893920000,1790893980000,LIGHT
B_peak2.5_x55_w10_e2_b5_r3,1790893980000,1790894340000,DEEP
B_peak2.5_x55_w10_e2_b5_r3,1790894340000,1790895420000,LIGHT
B_peak2.5_x55_w10_e2_b5_r3,1790895420000,1790895900000,DEEP
B_peak2.5_x55_w10_e2_b5_r3,1790895900000,1790895960000,LIGHT
B_peak2.5_x55_w10_e2_b5_r3,1790895960000,1790896320000,DEEP
B_peak2.5_x55_w10_e2_b5_r3,1790896320000,1790896349427,LIGHT
B_peak2.5_x55_w10_e2_b5_r5,1790875829427,1790880480000,LIGHT
B_peak2.5_x55_w10_e2_b5_r5,1790880480000,1790880780000,DEEP
B_peak2.5_x55_w10_e2_b5_r5,1790880780000,1790880840000,LIGHT
B_peak2.5_x55_w10_e2_b5_r5,1790880840000,1790881200000,DEEP
B_peak2.5_x55_w10_e2_b5_r5,1790881200000,1790881620000,LIGHT
B_peak2.5_x55_w10_e2_b5_r5,1790881620000,1790881920000,DEEP
B_peak2.5_x55_w10_e2_b5_r5,1790881920000,1790886300000,LIGHT
B_peak2.5_x55_w10_e2_b5_r5,1790886300000,1790888820000,DEEP
B_peak2.5_x55_w10_e2_b5_r5,1790888820000,1790890560000,LIGHT
B_peak2.5_x55_w10_e2_b5_r5,1790890560000,1790890860000,DEEP
B_peak2.5_x55_w10_e2_b5_r5,1790890860000,1790890920000,LIGHT
B_peak2.5_x55_w10_e2_b5_r5,1790890920000,1790891340000,DEEP
B_peak2.5_x55_w10_e2_b5_r5,1790891340000,1790892900000,LIGHT
B_peak2.5_x55_w10_e2_b5_r5,1790892900000,1790893380000,DEEP
B_peak2.5_x55_w10_e2_b5_r5,1790893380000,1790893560000,LIGHT
B_peak2.5_x55_w10_e2_b5_r5,1790893560000,1790894400000,DEEP
B_peak2.5_x55_w10_e2_b5_r5,1790894400000,1790895420000,LIGHT
B_peak2.5_x55_w10_e2_b5_r5,1790895420000,1790896320000,DEEP
B_peak2.5_x55_w10_e2_b5_r5,1790896320000,1790896349427,LIGHT
B_peak2.5_x55_w10_e2_b7_r3,1790875829427,1790880720000,LIGHT
B_peak2.5_x55_w10_e2_b7_r3,1790880720000,1790881140000,DEEP
B_peak2.5_x55_w10_e2_b7_r3,1790881140000,1790886300000,LIGHT
B_peak2.5_x55_w10_e2_b7_r3,1790886300000,1790888820000,DEEP
B_peak2.5_x55_w10_e2_b7_r3,1790888820000,1790890860000,LIGHT
B_peak2.5_x55_w10_e2_b7_r3,1790890860000,1790891280000,DEEP
B_peak2.5_x55_w10_e2_b7_r3,1790891280000,1790892900000,LIGHT
B_peak2.5_x55_w10_e2_b7_r3,1790892900000,1790893320000,DEEP
B_peak2.5_x55_w10_e2_b7_r3,1790893320000,1790895420000,LIGHT
B_peak2.5_x55_w10_e2_b7_r3,1790895420000,1790895900000,DEEP
B_peak2.5_x55_w10_e2_b7_r3,1790895900000,1790896349427,LIGHT
B_peak2.5_x55_w10_e2_b7_r5,1790875829427,1790886300000,LIGHT
B_peak2.5_x55_w10_e2_b7_r5,1790886300000,1790888820000,DEEP
B_peak2.5_x55_w10_e2_b7_r5,1790888820000,1790890920000,LIGHT
B_peak2.5_x55_w10_e2_b7_r5,1790890920000,1790891340000,DEEP
B_peak2.5_x55_w10_e2_b7_r5,1790891340000,1790892900000,LIGHT
B_peak2.5_x55_w10_e2_b7_r5,1790892900000,1790893380000,DEEP
B_peak2.5_x55_w10_e2_b7_r5,1790893380000,1790893560000,LIGHT
B_peak2.5_x55_w10_e2_b7_r5,1790893560000,1790894400000,DEEP
B_peak2.5_x55_w10_e2_b7_r5,1790894400000,1790895420000,LIGHT
B_peak2.5_x55_w10_e2_b7_r5,1790895420000,1790896320000,DEEP
B_peak2.5_x55_w10_e2_b7_r5,1790896320000,1790896349427,LIGHT
B_peak2.5_x55_w12_e1_b5_r3,1790875829427,1790880780000,LIGHT
B_peak2.5_x55_w12_e1_b5_r3,1790880780000,1790881080000,DEEP
B_peak2.5_x55_w12_e1_b5_r3,1790881080000,1790886300000,LIGHT
B_peak2.5_x55_w12_e1_b5_r3,1790886300000,1790888820000,DEEP
B_peak2.5_x55_w12_e1_b5_r3,1790888820000,1790890920000,LIGHT
B_peak2.5_x55_w12_e1_b5_r3,1790890920000,1790891220000,DEEP
B_peak2.5_x55_w12_e1_b5_r3,1790891220000,1790892960000,LIGHT
B_peak2.5_x55_w12_e1_b5_r3,1790892960000,1790893260000,DEEP
B_peak2.5_x55_w12_e1_b5_r3,1790893260000,1790893560000,LIGHT
B_peak2.5_x55_w12_e1_b5_r3,1790893560000,1790893860000,DEEP
B_peak2.5_x55_w12_e1_b5_r3,1790893860000,1790893920000,LIGHT
B_peak2.5_x55_w12_e1_b5_r3,1790893920000,1790894280000,DEEP
B_peak2.5_x55_w12_e1_b5_r3,1790894280000,1790895480000,LIGHT
B_peak2.5_x55_w12_e1_b5_r3,1790895480000,1790895840000,DEEP
B_peak2.5_x55_w12_e1_b5_r3,1790895840000,1790895900000,LIGHT
B_peak2.5_x55_w12_e1_b5_r3,1790895900000,1790896320000,DEEP
B_peak2.5_x55_w12_e1_b5_r3,1790896320000,1790896349427,LIGHT
B_peak2.5_x55_w12_e1_b5_r5,1790875829427,1790880780000,LIGHT
B_peak2.5_x55_w12_e1_b5_r5,1790880780000,1790881140000,DEEP
B_peak2.5_x55_w12_e1_b5_r5,1790881140000,1790886420000,LIGHT
B_peak2.5_x55_w12_e1_b5_r5,1790886420000,1790888820000,DEEP
B_peak2.5_x55_w12_e1_b5_r5,1790888820000,1790890920000,LIGHT
B_peak2.5_x55_w12_e1_b5_r5,1790890920000,1790891280000,DEEP
B_peak2.5_x55_w12_e1_b5_r5,1790891280000,1790892960000,LIGHT
B_peak2.5_x55_w12_e1_b5_r5,1790892960000,1790893320000,DEEP
B_peak2.5_x55_w12_e1_b5_r5,1790893320000,1790893560000,LIGHT
B_peak2.5_x55_w12_e1_b5_r5,1790893560000,1790894340000,DEEP
B_peak2.5_x55_w12_e1_b5_r5,1790894340000,1790895480000,LIGHT
B_peak2.5_x55_w12_e1_b5_r5,1790895480000,1790895840000,DEEP
B_peak2.5_x55_w12_e1_b5_r5,1790895840000,1790895900000,LIGHT
B_peak2.5_x55_w12_e1_b5_r5,1790895900000,1790896320000,DEEP
B_peak2.5_x55_w12_e1_b5_r5,1790896320000,1790896349427,LIGHT
B_peak2.5_x55_w12_e1_b7_r3,1790875829427,1790886300000,LIGHT
B_peak2.5_x55_w12_e1_b7_r3,1790886300000,1790888820000,DEEP
B_peak2.5_x55_w12_e1_b7_r3,1790888820000,1790895900000,LIGHT
B_peak2.5_x55_w12_e1_b7_r3,1790895900000,1790896320000,DEEP
B_peak2.5_x55_w12_e1_b7_r3,1790896320000,1790896349427,LIGHT
B_peak2.5_x55_w12_e1_b7_r5,1790875829427,1790886420000,LIGHT
B_peak2.5_x55_w12_e1_b7_r5,1790886420000,1790888820000,DEEP
B_peak2.5_x55_w12_e1_b7_r5,1790888820000,1790893560000,LIGHT
B_peak2.5_x55_w12_e1_b7_r5,1790893560000,1790894340000,DEEP
B_peak2.5_x55_w12_e1_b7_r5,1790894340000,1790895900000,LIGHT
B_peak2.5_x55_w12_e1_b7_r5,1790895900000,1790896320000,DEEP
B_peak2.5_x55_w12_e1_b7_r5,1790896320000,1790896349427,LIGHT
B_peak2.5_x55_w12_e2_b5_r3,1790875829427,1790880360000,LIGHT
B_peak2.5_x55_w12_e2_b5_r3,1790880360000,1790880660000,DEEP
B_peak2.5_x55_w12_e2_b5_r3,1790880660000,1790880720000,LIGHT
B_peak2.5_x55_w12_e2_b5_r3,1790880720000,1790881140000,DEEP
B_peak2.5_x55_w12_e2_b5_r3,1790881140000,1790881560000,LIGHT
B_peak2.5_x55_w12_e2_b5_r3,1790881560000,1790881860000,DEEP
B_peak2.5_x55_w12_e2_b5_r3,1790881860000,1790886300000,LIGHT
B_peak2.5_x55_w12_e2_b5_r3,1790886300000,1790888820000,DEEP
B_peak2.5_x55_w12_e2_b5_r3,1790888820000,1790890920000,LIGHT
B_peak2.5_x55_w12_e2_b5_r3,1790890920000,1790891280000,DEEP
B_peak2.5_x55_w12_e2_b5_r3,1790891280000,1790892960000,LIGHT
B_peak2.5_x55_w12_e2_b5_r3,1790892960000,1790893320000,DEEP
B_peak2.5_x55_w12_e2_b5_r3,1790893320000,1790893560000,LIGHT
B_peak2.5_x55_w12_e2_b5_r3,1790893560000,1790893920000,DEEP
B_peak2.5_x55_w12_e2_b5_r3,1790893920000,1790893980000,LIGHT
B_peak2.5_x55_w12_e2_b5_r3,1790893980000,1790894340000,DEEP
B_peak2.5_x55_w12_e2_b5_r3,1790894340000,1790895480000,LIGHT
B_peak2.5_x55_w12_e2_b5_r3,1790895480000,1790895900000,DEEP
B_peak2.5_x55_w12_e2_b5_r3,1790895900000,1790895960000,LIGHT
B_peak2.5_x55_w12_e2_b5_r3,1790895960000,1790896320000,DEEP
B_peak2.5_x55_w12_e2_b5_r3,1790896320000,1790896349427,LIGHT
B_peak2.5_x55_w12_e2_b5_r5,1790875829427,1790880360000,LIGHT
B_peak2.5_x55_w12_e2_b5_r5,1790880360000,1790880780000,DEEP
B_peak2.5_x55_w12_e2_b5_r5,1790880780000,1790880840000,LIGHT
B_peak2.5_x55_w12_e2_b5_r5,1790880840000,1790881200000,DEEP
B_peak2.5_x55_w12_e2_b5_r5,1790881200000,1790881620000,LIGHT
B_peak2.5_x55_w12_e2_b5_r5,1790881620000,1790881920000,DEEP
B_peak2.5_x55_w12_e2_b5_r5,1790881920000,1790886300000,LIGHT
B_peak2.5_x55_w12_e2_b5_r5,1790886300000,1790888820000,DEEP
B_peak2.5_x55_w12_e2_b5_r5,1790888820000,1790890920000,LIGHT
B_peak2.5_x55_w12_e2_b5_r5,1790890920000,1790891340000,DEEP
B_peak2.5_x55_w12_e2_b5_r5,1790891340000,1790892960000,LIGHT
B_peak2.5_x55_w12_e2_b5_r5,1790892960000,1790893380000,DEEP
B_peak2.5_x55_w12_e2_b5_r5,1790893380000,1790893560000,LIGHT
B_peak2.5_x55_w12_e2_b5_r5,1790893560000,1790894400000,DEEP
B_peak2.5_x55_w12_e2_b5_r5,1790894400000,1790895480000,LIGHT
B_peak2.5_x55_w12_e2_b5_r5,1790895480000,1790896320000,DEEP
B_peak2.5_x55_w12_e2_b5_r5,1790896320000,1790896349427,LIGHT
B_peak2.5_x55_w12_e2_b7_r3,1790875829427,1790880720000,LIGHT
B_peak2.5_x55_w12_e2_b7_r3,1790880720000,1790881140000,DEEP
B_peak2.5_x55_w12_e2_b7_r3,1790881140000,1790886300000,LIGHT
B_peak2.5_x55_w12_e2_b7_r3,1790886300000,1790888820000,DEEP
B_peak2.5_x55_w12_e2_b7_r3,1790888820000,1790895480000,LIGHT
B_peak2.5_x55_w12_e2_b7_r3,1790895480000,1790895900000,DEEP
B_peak2.5_x55_w12_e2_b7_r3,1790895900000,1790896349427,LIGHT
B_peak2.5_x55_w12_e2_b7_r5,1790875829427,1790880360000,LIGHT
B_peak2.5_x55_w12_e2_b7_r5,1790880360000,1790880780000,DEEP
B_peak2.5_x55_w12_e2_b7_r5,1790880780000,1790886300000,LIGHT
B_peak2.5_x55_w12_e2_b7_r5,1790886300000,1790888820000,DEEP
B_peak2.5_x55_w12_e2_b7_r5,1790888820000,1790890920000,LIGHT
B_peak2.5_x55_w12_e2_b7_r5,1790890920000,1790891340000,DEEP
B_peak2.5_x55_w12_e2_b7_r5,1790891340000,1790892960000,LIGHT
B_peak2.5_x55_w12_e2_b7_r5,1790892960000,1790893380000,DEEP
B_peak2.5_x55_w12_e2_b7_r5,1790893380000,1790893560000,LIGHT
B_peak2.5_x55_w12_e2_b7_r5,1790893560000,1790894400000,DEEP
B_peak2.5_x55_w12_e2_b7_r5,1790894400000,1790895480000,LIGHT
B_peak2.5_x55_w12_e2_b7_r5,1790895480000,1790896320000,DEEP
B_peak2.5_x55_w12_e2_b7_r5,1790896320000,1790896349427,LIGHT
B_peak2.5_x55_w15_e1_b5_r3,1790875829427,1790880780000,LIGHT
B_peak2.5_x55_w15_e1_b5_r3,1790880780000,1790881080000,DEEP
B_peak2.5_x55_w15_e1_b5_r3,1790881080000,1790886480000,LIGHT
B_peak2.5_x55_w15_e1_b5_r3,1790886480000,1790888820000,DEEP
B_peak2.5_x55_w15_e1_b5_r3,1790888820000,1790893560000,LIGHT
B_peak2.5_x55_w15_e1_b5_r3,1790893560000,1790893860000,DEEP
B_peak2.5_x55_w15_e1_b5_r3,1790893860000,1790893920000,LIGHT
B_peak2.5_x55_w15_e1_b5_r3,1790893920000,1790894280000,DEEP
B_peak2.5_x55_w15_e1_b5_r3,1790894280000,1790895420000,LIGHT
B_peak2.5_x55_w15_e1_b5_r3,1790895420000,1790895840000,DEEP
B_peak2.5_x55_w15_e1_b5_r3,1790895840000,1790895900000,LIGHT
B_peak2.5_x55_w15_e1_b5_r3,1790895900000,1790896320000,DEEP
B_peak2.5_x55_w15_e1_b5_r3,1790896320000,1790896349427,LIGHT
B_peak2.5_x55_w15_e1_b5_r5,1790875829427,1790880420000,LIGHT
B_peak2.5_x55_w15_e1_b5_r5,1790880420000,1790880720000,DEEP
B_peak2.5_x55_w15_e1_b5_r5,1790880720000,1790880780000,LIGHT
B_peak2.5_x55_w15_e1_b5_r5,1790880780000,1790881140000,DEEP
B_peak2.5_x55_w15_e1_b5_r5,1790881140000,1790886480000,LIGHT
B_peak2.5_x55_w15_e1_b5_r5,1790886480000,1790888820000,DEEP
B_peak2.5_x55_w15_e1_b5_r5,1790888820000,1790893560000,LIGHT
B_peak2.5_x55_w15_e1_b5_r5,1790893560000,1790894340000,DEEP
B_peak2.5_x55_w15_e1_b5_r5,1790894340000,1790895420000,LIGHT
B_peak2.5_x55_w15_e1_b5_r5,1790895420000,1790895840000,DEEP
B_peak2.5_x55_w15_e1_b5_r5,1790895840000,1790895900000,LIGHT
B_peak2.5_x55_w15_e1_b5_r5,1790895900000,1790896320000,DEEP
B_peak2.5_x55_w15_e1_b5_r5,1790896320000,1790896349427,LIGHT
B_peak2.5_x55_w15_e1_b7_r3,1790875829427,1790886480000,LIGHT
B_peak2.5_x55_w15_e1_b7_r3,1790886480000,1790888820000,DEEP
B_peak2.5_x55_w15_e1_b7_r3,1790888820000,1790895420000,LIGHT
B_peak2.5_x55_w15_e1_b7_r3,1790895420000,1790895840000,DEEP
B_peak2.5_x55_w15_e1_b7_r3,1790895840000,1790895900000,LIGHT
B_peak2.5_x55_w15_e1_b7_r3,1790895900000,1790896320000,DEEP
B_peak2.5_x55_w15_e1_b7_r3,1790896320000,1790896349427,LIGHT
B_peak2.5_x55_w15_e1_b7_r5,1790875829427,1790886480000,LIGHT
B_peak2.5_x55_w15_e1_b7_r5,1790886480000,1790888820000,DEEP
B_peak2.5_x55_w15_e1_b7_r5,1790888820000,1790893560000,LIGHT
B_peak2.5_x55_w15_e1_b7_r5,1790893560000,1790894340000,DEEP
B_peak2.5_x55_w15_e1_b7_r5,1790894340000,1790895420000,LIGHT
B_peak2.5_x55_w15_e1_b7_r5,1790895420000,1790895840000,DEEP
B_peak2.5_x55_w15_e1_b7_r5,1790895840000,1790895900000,LIGHT
B_peak2.5_x55_w15_e1_b7_r5,1790895900000,1790896320000,DEEP
B_peak2.5_x55_w15_e1_b7_r5,1790896320000,1790896349427,LIGHT
B_peak2.5_x55_w15_e2_b5_r3,1790875829427,1790880360000,LIGHT
B_peak2.5_x55_w15_e2_b5_r3,1790880360000,1790880660000,DEEP
B_peak2.5_x55_w15_e2_b5_r3,1790880660000,1790880720000,LIGHT
B_peak2.5_x55_w15_e2_b5_r3,1790880720000,1790881140000,DEEP
B_peak2.5_x55_w15_e2_b5_r3,1790881140000,1790881560000,LIGHT
B_peak2.5_x55_w15_e2_b5_r3,1790881560000,1790881860000,DEEP
B_peak2.5_x55_w15_e2_b5_r3,1790881860000,1790886480000,LIGHT
B_peak2.5_x55_w15_e2_b5_r3,1790886480000,1790888820000,DEEP
B_peak2.5_x55_w15_e2_b5_r3,1790888820000,1790893560000,LIGHT
B_peak2.5_x55_w15_e2_b5_r3,1790893560000,1790893920000,DEEP
B_peak2.5_x55_w15_e2_b5_r3,1790893920000,1790893980000,LIGHT
B_peak2.5_x55_w15_e2_b5_r3,1790893980000,1790894340000,DEEP
B_peak2.5_x55_w15_e2_b5_r3,1790894340000,1790895360000,LIGHT
B_peak2.5_x55_w15_e2_b5_r3,1790895360000,1790895900000,DEEP
B_peak2.5_x55_w15_e2_b5_r3,1790895900000,1790895960000,LIGHT
B_peak2.5_x55_w15_e2_b5_r3,1790895960000,1790896320000,DEEP
B_peak2.5_x55_w15_e2_b5_r3,1790896320000,1790896349427,LIGHT
B_peak2.5_x55_w15_e2_b5_r5,1790875829427,1790880360000,LIGHT
B_peak2.5_x55_w15_e2_b5_r5,1790880360000,1790880780000,DEEP
B_peak2.5_x55_w15_e2_b5_r5,1790880780000,1790880840000,LIGHT
B_peak2.5_x55_w15_e2_b5_r5,1790880840000,1790881200000,DEEP
B_peak2.5_x55_w15_e2_b5_r5,1790881200000,1790881620000,LIGHT
B_peak2.5_x55_w15_e2_b5_r5,1790881620000,1790881920000,DEEP
B_peak2.5_x55_w15_e2_b5_r5,1790881920000,1790886480000,LIGHT
B_peak2.5_x55_w15_e2_b5_r5,1790886480000,1790888820000,DEEP
B_peak2.5_x55_w15_e2_b5_r5,1790888820000,1790891040000,LIGHT
B_peak2.5_x55_w15_e2_b5_r5,1790891040000,1790891340000,DEEP
B_peak2.5_x55_w15_e2_b5_r5,1790891340000,1790893080000,LIGHT
B_peak2.5_x55_w15_e2_b5_r5,1790893080000,1790893380000,DEEP
B_peak2.5_x55_w15_e2_b5_r5,1790893380000,1790893560000,LIGHT
B_peak2.5_x55_w15_e2_b5_r5,1790893560000,1790894400000,DEEP
B_peak2.5_x55_w15_e2_b5_r5,1790894400000,1790895360000,LIGHT
B_peak2.5_x55_w15_e2_b5_r5,1790895360000,1790896320000,DEEP
B_peak2.5_x55_w15_e2_b5_r5,1790896320000,1790896349427,LIGHT
B_peak2.5_x55_w15_e2_b7_r3,1790875829427,1790880720000,LIGHT
B_peak2.5_x55_w15_e2_b7_r3,1790880720000,1790881140000,DEEP
B_peak2.5_x55_w15_e2_b7_r3,1790881140000,1790886480000,LIGHT
B_peak2.5_x55_w15_e2_b7_r3,1790886480000,1790888820000,DEEP
B_peak2.5_x55_w15_e2_b7_r3,1790888820000,1790895360000,LIGHT
B_peak2.5_x55_w15_e2_b7_r3,1790895360000,1790895900000,DEEP
B_peak2.5_x55_w15_e2_b7_r3,1790895900000,1790896349427,LIGHT
B_peak2.5_x55_w15_e2_b7_r5,1790875829427,1790880360000,LIGHT
B_peak2.5_x55_w15_e2_b7_r5,1790880360000,1790880780000,DEEP
B_peak2.5_x55_w15_e2_b7_r5,1790880780000,1790886480000,LIGHT
B_peak2.5_x55_w15_e2_b7_r5,1790886480000,1790888820000,DEEP
B_peak2.5_x55_w15_e2_b7_r5,1790888820000,1790893560000,LIGHT
B_peak2.5_x55_w15_e2_b7_r5,1790893560000,1790894400000,DEEP
B_peak2.5_x55_w15_e2_b7_r5,1790894400000,1790895360000,LIGHT
B_peak2.5_x55_w15_e2_b7_r5,1790895360000,1790896320000,DEEP
B_peak2.5_x55_w15_e2_b7_r5,1790896320000,1790896349427,LIGHT
B_peak2.5_x60_w10_e1_b5_r3,1790875829427,1790880420000,LIGHT
B_peak2.5_x60_w10_e1_b5_r3,1790880420000,1790880720000,DEEP
B_peak2.5_x60_w10_e1_b5_r3,1790880720000,1790880780000,LIGHT
B_peak2.5_x60_w10_e1_b5_r3,1790880780000,1790881080000,DEEP
B_peak2.5_x60_w10_e1_b5_r3,1790881080000,1790886300000,LIGHT
B_peak2.5_x60_w10_e1_b5_r3,1790886300000,1790888820000,DEEP
B_peak2.5_x60_w10_e1_b5_r3,1790888820000,1790890860000,LIGHT
B_peak2.5_x60_w10_e1_b5_r3,1790890860000,1790891220000,DEEP
B_peak2.5_x60_w10_e1_b5_r3,1790891220000,1790892900000,LIGHT
B_peak2.5_x60_w10_e1_b5_r3,1790892900000,1790893260000,DEEP
B_peak2.5_x60_w10_e1_b5_r3,1790893260000,1790893560000,LIGHT
B_peak2.5_x60_w10_e1_b5_r3,1790893560000,1790893860000,DEEP
B_peak2.5_x60_w10_e1_b5_r3,1790893860000,1790893920000,LIGHT
B_peak2.5_x60_w10_e1_b5_r3,1790893920000,1790894280000,DEEP
B_peak2.5_x60_w10_e1_b5_r3,1790894280000,1790895420000,LIGHT
B_peak2.5_x60_w10_e1_b5_r3,1790895420000,1790895840000,DEEP
B_peak2.5_x60_w10_e1_b5_r3,1790895840000,1790895900000,LIGHT
B_peak2.5_x60_w10_e1_b5_r3,1790895900000,1790896320000,DEEP
B_peak2.5_x60_w10_e1_b5_r3,1790896320000,1790896349427,LIGHT
B_peak2.5_x60_w10_e1_b5_r5,1790875829427,1790880300000,LIGHT
B_peak2.5_x60_w10_e1_b5_r5,1790880300000,1790881140000,DEEP
B_peak2.5_x60_w10_e1_b5_r5,1790881140000,1790881680000,LIGHT
B_peak2.5_x60_w10_e1_b5_r5,1790881680000,1790881980000,DEEP
B_peak2.5_x60_w10_e1_b5_r5,1790881980000,1790886300000,LIGHT
B_peak2.5_x60_w10_e1_b5_r5,1790886300000,1790888820000,DEEP
B_peak2.5_x60_w10_e1_b5_r5,1790888820000,1790890980000,LIGHT
B_peak2.5_x60_w10_e1_b5_r5,1790890980000,1790891280000,DEEP
B_peak2.5_x60_w10_e1_b5_r5,1790891280000,1790892900000,LIGHT
B_peak2.5_x60_w10_e1_b5_r5,1790892900000,1790893320000,DEEP
B_peak2.5_x60_w10_e1_b5_r5,1790893320000,1790893560000,LIGHT
B_peak2.5_x60_w10_e1_b5_r5,1790893560000,1790894340000,DEEP
B_peak2.5_x60_w10_e1_b5_r5,1790894340000,1790895420000,LIGHT
B_peak2.5_x60_w10_e1_b5_r5,1790895420000,1790895840000,DEEP
B_peak2.5_x60_w10_e1_b5_r5,1790895840000,1790895900000,LIGHT
B_peak2.5_x60_w10_e1_b5_r5,1790895900000,1790896320000,DEEP
B_peak2.5_x60_w10_e1_b5_r5,1790896320000,1790896349427,LIGHT
B_peak2.5_x60_w10_e1_b7_r3,1790875829427,1790886300000,LIGHT
B_peak2.5_x60_w10_e1_b7_r3,1790886300000,1790888820000,DEEP
B_peak2.5_x60_w10_e1_b7_r3,1790888820000,1790895420000,LIGHT
B_peak2.5_x60_w10_e1_b7_r3,1790895420000,1790895840000,DEEP
B_peak2.5_x60_w10_e1_b7_r3,1790895840000,1790895900000,LIGHT
B_peak2.5_x60_w10_e1_b7_r3,1790895900000,1790896320000,DEEP
B_peak2.5_x60_w10_e1_b7_r3,1790896320000,1790896349427,LIGHT
B_peak2.5_x60_w10_e1_b7_r5,1790875829427,1790880300000,LIGHT
B_peak2.5_x60_w10_e1_b7_r5,1790880300000,1790881140000,DEEP
B_peak2.5_x60_w10_e1_b7_r5,1790881140000,1790886300000,LIGHT
B_peak2.5_x60_w10_e1_b7_r5,1790886300000,1790888820000,DEEP
B_peak2.5_x60_w10_e1_b7_r5,1790888820000,1790892900000,LIGHT
B_peak2.5_x60_w10_e1_b7_r5,1790892900000,1790893320000,DEEP
B_peak2.5_x60_w10_e1_b7_r5,1790893320000,1790893560000,LIGHT
B_peak2.5_x60_w10_e1_b7_r5,1790893560000,1790894340000,DEEP
B_peak2.5_x60_w10_e1_b7_r5,1790894340000,1790895420000,LIGHT
B_peak2.5_x60_w10_e1_b7_r5,1790895420000,1790895840000,DEEP
B_peak2.5_x60_w10_e1_b7_r5,1790895840000,1790895900000,LIGHT
B_peak2.5_x60_w10_e1_b7_r5,1790895900000,1790896320000,DEEP
B_peak2.5_x60_w10_e1_b7_r5,1790896320000,1790896349427,LIGHT
B_peak2.5_x60_w10_e2_b5_r3,1790875829427,1790880300000,LIGHT
B_peak2.5_x60_w10_e2_b5_r3,1790880300000,1790881140000,DEEP
B_peak2.5_x60_w10_e2_b5_r3,1790881140000,1790881560000,LIGHT
B_peak2.5_x60_w10_e2_b5_r3,1790881560000,1790882100000,DEEP
B_peak2.5_x60_w10_e2_b5_r3,1790882100000,1790886300000,LIGHT
B_peak2.5_x60_w10_e2_b5_r3,1790886300000,1790888820000,DEEP
B_peak2.5_x60_w10_e2_b5_r3,1790888820000,1790890860000,LIGHT
B_peak2.5_x60_w10_e2_b5_r3,1790890860000,1790891280000,DEEP
B_peak2.5_x60_w10_e2_b5_r3,1790891280000,1790892900000,LIGHT
B_peak2.5_x60_w10_e2_b5_r3,1790892900000,1790893320000,DEEP
B_peak2.5_x60_w10_e2_b5_r3,1790893320000,1790893560000,LIGHT
B_peak2.5_x60_w10_e2_b5_r3,1790893560000,1790893920000,DEEP
B_peak2.5_x60_w10_e2_b5_r3,1790893920000,1790893980000,LIGHT
B_peak2.5_x60_w10_e2_b5_r3,1790893980000,1790894340000,DEEP
B_peak2.5_x60_w10_e2_b5_r3,1790894340000,1790895420000,LIGHT
B_peak2.5_x60_w10_e2_b5_r3,1790895420000,1790895900000,DEEP
B_peak2.5_x60_w10_e2_b5_r3,1790895900000,1790895960000,LIGHT
B_peak2.5_x60_w10_e2_b5_r3,1790895960000,1790896320000,DEEP
B_peak2.5_x60_w10_e2_b5_r3,1790896320000,1790896349427,LIGHT
B_peak2.5_x60_w10_e2_b5_r5,1790875829427,1790880300000,LIGHT
B_peak2.5_x60_w10_e2_b5_r5,1790880300000,1790881200000,DEEP
B_peak2.5_x60_w10_e2_b5_r5,1790881200000,1790881620000,LIGHT
B_peak2.5_x60_w10_e2_b5_r5,1790881620000,1790882100000,DEEP
B_peak2.5_x60_w10_e2_b5_r5,1790882100000,1790886300000,LIGHT
B_peak2.5_x60_w10_e2_b5_r5,1790886300000,1790888820000,DEEP
B_peak2.5_x60_w10_e2_b5_r5,1790888820000,1790890560000,LIGHT
B_peak2.5_x60_w10_e2_b5_r5,1790890560000,1790890860000,DEEP
B_peak2.5_x60_w10_e2_b5_r5,1790890860000,1790890920000,LIGHT
B_peak2.5_x60_w10_e2_b5_r5,1790890920000,1790891340000,DEEP
B_peak2.5_x60_w10_e2_b5_r5,1790891340000,1790892900000,LIGHT
B_peak2.5_x60_w10_e2_b5_r5,1790892900000,1790893380000,DEEP
B_peak2.5_x60_w10_e2_b5_r5,1790893380000,1790893560000,LIGHT
B_peak2.5_x60_w10_e2_b5_r5,1790893560000,1790894400000,DEEP
B_peak2.5_x60_w10_e2_b5_r5,1790894400000,1790894580000,LIGHT
B_peak2.5_x60_w10_e2_b5_r5,1790894580000,1790894880000,DEEP
B_peak2.5_x60_w10_e2_b5_r5,1790894880000,1790895420000,LIGHT
B_peak2.5_x60_w10_e2_b5_r5,1790895420000,1790896320000,DEEP
B_peak2.5_x60_w10_e2_b5_r5,1790896320000,1790896349427,LIGHT
B_peak2.5_x60_w10_e2_b7_r3,1790875829427,1790880300000,LIGHT
B_peak2.5_x60_w10_e2_b7_r3,1790880300000,1790881140000,DEEP
B_peak2.5_x60_w10_e2_b7_r3,1790881140000,1790881560000,LIGHT
B_peak2.5_x60_w10_e2_b7_r3,1790881560000,1790882100000,DEEP
B_peak2.5_x60_w10_e2_b7_r3,1790882100000,1790886300000,LIGHT
B_peak2.5_x60_w10_e2_b7_r3,1790886300000,1790888820000,DEEP
B_peak2.5_x60_w10_e2_b7_r3,1790888820000,1790890860000,LIGHT
B_peak2.5_x60_w10_e2_b7_r3,1790890860000,1790891280000,DEEP
B_peak2.5_x60_w10_e2_b7_r3,1790891280000,1790892900000,LIGHT
B_peak2.5_x60_w10_e2_b7_r3,1790892900000,1790893320000,DEEP
B_peak2.5_x60_w10_e2_b7_r3,1790893320000,1790895420000,LIGHT
B_peak2.5_x60_w10_e2_b7_r3,1790895420000,1790895900000,DEEP
B_peak2.5_x60_w10_e2_b7_r3,1790895900000,1790896349427,LIGHT
B_peak2.5_x60_w10_e2_b7_r5,1790875829427,1790880300000,LIGHT
B_peak2.5_x60_w10_e2_b7_r5,1790880300000,1790881200000,DEEP
B_peak2.5_x60_w10_e2_b7_r5,1790881200000,1790881620000,LIGHT
B_peak2.5_x60_w10_e2_b7_r5,1790881620000,1790882100000,DEEP
B_peak2.5_x60_w10_e2_b7_r5,1790882100000,1790886300000,LIGHT
B_peak2.5_x60_w10_e2_b7_r5,1790886300000,1790888820000,DEEP
B_peak2.5_x60_w10_e2_b7_r5,1790888820000,1790890920000,LIGHT
B_peak2.5_x60_w10_e2_b7_r5,1790890920000,1790891340000,DEEP
B_peak2.5_x60_w10_e2_b7_r5,1790891340000,1790892900000,LIGHT
B_peak2.5_x60_w10_e2_b7_r5,1790892900000,1790893380000,DEEP
B_peak2.5_x60_w10_e2_b7_r5,1790893380000,1790893560000,LIGHT
B_peak2.5_x60_w10_e2_b7_r5,1790893560000,1790894400000,DEEP
B_peak2.5_x60_w10_e2_b7_r5,1790894400000,1790895420000,LIGHT
B_peak2.5_x60_w10_e2_b7_r5,1790895420000,1790896320000,DEEP
B_peak2.5_x60_w10_e2_b7_r5,1790896320000,1790896349427,LIGHT
B_peak2.5_x60_w12_e1_b5_r3,1790875829427,1790880360000,LIGHT
B_peak2.5_x60_w12_e1_b5_r3,1790880360000,1790880720000,DEEP
B_peak2.5_x60_w12_e1_b5_r3,1790880720000,1790880780000,LIGHT
B_peak2.5_x60_w12_e1_b5_r3,1790880780000,1790881080000,DEEP
B_peak2.5_x60_w12_e1_b5_r3,1790881080000,1790886300000,LIGHT
B_peak2.5_x60_w12_e1_b5_r3,1790886300000,1790888820000,DEEP
B_peak2.5_x60_w12_e1_b5_r3,1790888820000,1790890920000,LIGHT
B_peak2.5_x60_w12_e1_b5_r3,1790890920000,1790891220000,DEEP
B_peak2.5_x60_w12_e1_b5_r3,1790891220000,1790892960000,LIGHT
B_peak2.5_x60_w12_e1_b5_r3,1790892960000,1790893260000,DEEP
B_peak2.5_x60_w12_e1_b5_r3,1790893260000,1790893560000,LIGHT
B_peak2.5_x60_w12_e1_b5_r3,1790893560000,1790893860000,DEEP
B_peak2.5_x60_w12_e1_b5_r3,1790893860000,1790893920000,LIGHT
B_peak2.5_x60_w12_e1_b5_r3,1790893920000,1790894280000,DEEP
B_peak2.5_x60_w12_e1_b5_r3,1790894280000,1790895480000,LIGHT
B_peak2.5_x60_w12_e1_b5_r3,1790895480000,1790895840000,DEEP
B_peak2.5_x60_w12_e1_b5_r3,1790895840000,1790895900000,LIGHT
B_peak2.5_x60_w12_e1_b5_r3,1790895900000,1790896320000,DEEP
B_peak2.5_x60_w12_e1_b5_r3,1790896320000,1790896349427,LIGHT
B_peak2.5_x60_w12_e1_b5_r5,1790875829427,1790880360000,LIGHT
B_peak2.5_x60_w12_e1_b5_r5,1790880360000,1790881140000,DEEP
B_peak2.5_x60_w12_e1_b5_r5,1790881140000,1790881680000,LIGHT
B_peak2.5_x60_w12_e1_b5_r5,1790881680000,1790881980000,DEEP
B_peak2.5_x60_w12_e1_b5_r5,1790881980000,1790886300000,LIGHT
B_peak2.5_x60_w12_e1_b5_r5,1790886300000,1790888820000,DEEP
B_peak2.5_x60_w12_e1_b5_r5,1790888820000,1790890920000,LIGHT
B_peak2.5_x60_w12_e1_b5_r5,1790890920000,1790891280000,DEEP
B_peak2.5_x60_w12_e1_b5_r5,1790891280000,1790892960000,LIGHT
B_peak2.5_x60_w12_e1_b5_r5,1790892960000,1790893320000,DEEP
B_peak2.5_x60_w12_e1_b5_r5,1790893320000,1790893560000,LIGHT
B_peak2.5_x60_w12_e1_b5_r5,1790893560000,1790894340000,DEEP
B_peak2.5_x60_w12_e1_b5_r5,1790894340000,1790895120000,LIGHT
B_peak2.5_x60_w12_e1_b5_r5,1790895120000,1790895840000,DEEP
B_peak2.5_x60_w12_e1_b5_r5,1790895840000,1790895900000,LIGHT
B_peak2.5_x60_w12_e1_b5_r5,1790895900000,1790896320000,DEEP
B_peak2.5_x60_w12_e1_b5_r5,1790896320000,1790896349427,LIGHT
B_peak2.5_x60_w12_e1_b7_r3,1790875829427,1790886300000,LIGHT
B_peak2.5_x60_w12_e1_b7_r3,1790886300000,1790888820000,DEEP
B_peak2.5_x60_w12_e1_b7_r3,1790888820000,1790895900000,LIGHT
B_peak2.5_x60_w12_e1_b7_r3,1790895900000,1790896320000,DEEP
B_peak2.5_x60_w12_e1_b7_r3,1790896320000,1790896349427,LIGHT
B_peak2.5_x60_w12_e1_b7_r5,1790875829427,1790880360000,LIGHT
B_peak2.5_x60_w12_e1_b7_r5,1790880360000,1790881140000,DEEP
B_peak2.5_x60_w12_e1_b7_r5,1790881140000,1790886300000,LIGHT
B_peak2.5_x60_w12_e1_b7_r5,1790886300000,1790888820000,DEEP
B_peak2.5_x60_w12_e1_b7_r5,1790888820000,1790893560000,LIGHT
B_peak2.5_x60_w12_e1_b7_r5,1790893560000,1790894340000,DEEP
B_peak2.5_x60_w12_e1_b7_r5,1790894340000,1790895120000,LIGHT
B_peak2.5_x60_w12_e1_b7_r5,1790895120000,1790895840000,DEEP
B_peak2.5_x60_w12_e1_b7_r5,1790895840000,1790895900000,LIGHT
B_peak2.5_x60_w12_e1_b7_r5,1790895900000,1790896320000,DEEP
B_peak2.5_x60_w12_e1_b7_r5,1790896320000,1790896349427,LIGHT
B_peak2.5_x60_w12_e2_b5_r3,1790875829427,1790880060000,LIGHT
B_peak2.5_x60_w12_e2_b5_r3,1790880060000,1790880360000,DEEP
B_peak2.5_x60_w12_e2_b5_r3,1790880360000,1790880420000,LIGHT
B_peak2.5_x60_w12_e2_b5_r3,1790880420000,1790881140000,DEEP
B_peak2.5_x60_w12_e2_b5_r3,1790881140000,1790881560000,LIGHT
B_peak2.5_x60_w12_e2_b5_r3,1790881560000,1790882100000,DEEP
B_peak2.5_x60_w12_e2_b5_r3,1790882100000,1790886300000,LIGHT
B_peak2.5_x60_w12_e2_b5_r3,1790886300000,1790888820000,DEEP
B_peak2.5_x60_w12_e2_b5_r3,1790888820000,1790890920000,LIGHT
B_peak2.5_x60_w12_e2_b5_r3,1790890920000,1790891280000,DEEP
B_peak2.5_x60_w12_e2_b5_r3,1790891280000,1790892960000,LIGHT
B_peak2.5_x60_w12_e2_b5_r3,1790892960000,1790893320000,DEEP
B_peak2.5_x60_w12_e2_b5_r3,1790893320000,1790893560000,LIGHT
B_peak2.5_x60_w12_e2_b5_r3,1790893560000,1790893920000,DEEP
B_peak2.5_x60_w12_e2_b5_r3,1790893920000,1790893980000,LIGHT
B_peak2.5_x60_w12_e2_b5_r3,1790893980000,1790894340000,DEEP
B_peak2.5_x60_w12_e2_b5_r3,1790894340000,1790895120000,LIGHT
B_peak2.5_x60_w12_e2_b5_r3,1790895120000,1790895420000,DEEP
B_peak2.5_x60_w12_e2_b5_r3,1790895420000,1790895480000,LIGHT
B_peak2.5_x60_w12_e2_b5_r3,1790895480000,1790895900000,DEEP
B_peak2.5_x60_w12_e2_b5_r3,1790895900000,1790895960000,LIGHT
B_peak2.5_x60_w12_e2_b5_r3,1790895960000,1790896320000,DEEP
B_peak2.5_x60_w12_e2_b5_r3,1790896320000,1790896349427,LIGHT
B_peak2.5_x60_w12_e2_b5_r5,1790875829427,1790880360000,LIGHT
B_peak2.5_x60_w12_e2_b5_r5,1790880360000,1790881200000,DEEP
B_peak2.5_x60_w12_e2_b5_r5,1790881200000,1790881620000,LIGHT
B_peak2.5_x60_w12_e2_b5_r5,1790881620000,1790882100000,DEEP
B_peak2.5_x60_w12_e2_b5_r5,1790882100000,1790886300000,LIGHT
B_peak2.5_x60_w12_e2_b5_r5,1790886300000,1790888820000,DEEP
B_peak2.5_x60_w12_e2_b5_r5,1790888820000,1790890920000,LIGHT
B_peak2.5_x60_w12_e2_b5_r5,1790890920000,1790891340000,DEEP
B_peak2.5_x60_w12_e2_b5_r5,1790891340000,1790892960000,LIGHT
B_peak2.5_x60_w12_e2_b5_r5,1790892960000,1790893380000,DEEP
B_peak2.5_x60_w12_e2_b5_r5,1790893380000,1790893560000,LIGHT
B_peak2.5_x60_w12_e2_b5_r5,1790893560000,1790894400000,DEEP
B_peak2.5_x60_w12_e2_b5_r5,1790894400000,1790894580000,LIGHT
B_peak2.5_x60_w12_e2_b5_r5,1790894580000,1790894880000,DEEP
B_peak2.5_x60_w12_e2_b5_r5,1790894880000,1790895120000,LIGHT
B_peak2.5_x60_w12_e2_b5_r5,1790895120000,1790896320000,DEEP
B_peak2.5_x60_w12_e2_b5_r5,1790896320000,1790896349427,LIGHT
B_peak2.5_x60_w12_e2_b7_r3,1790875829427,1790880420000,LIGHT
B_peak2.5_x60_w12_e2_b7_r3,1790880420000,1790881140000,DEEP
B_peak2.5_x60_w12_e2_b7_r3,1790881140000,1790881560000,LIGHT
B_peak2.5_x60_w12_e2_b7_r3,1790881560000,1790882100000,DEEP
B_peak2.5_x60_w12_e2_b7_r3,1790882100000,1790886300000,LIGHT
B_peak2.5_x60_w12_e2_b7_r3,1790886300000,1790888820000,DEEP
B_peak2.5_x60_w12_e2_b7_r3,1790888820000,1790895480000,LIGHT
B_peak2.5_x60_w12_e2_b7_r3,1790895480000,1790895900000,DEEP
B_peak2.5_x60_w12_e2_b7_r3,1790895900000,1790896349427,LIGHT
B_peak2.5_x60_w12_e2_b7_r5,1790875829427,1790880360000,LIGHT
B_peak2.5_x60_w12_e2_b7_r5,1790880360000,1790881200000,DEEP
B_peak2.5_x60_w12_e2_b7_r5,1790881200000,1790881620000,LIGHT
B_peak2.5_x60_w12_e2_b7_r5,1790881620000,1790882100000,DEEP
B_peak2.5_x60_w12_e2_b7_r5,1790882100000,1790886300000,LIGHT
B_peak2.5_x60_w12_e2_b7_r5,1790886300000,1790888820000,DEEP
B_peak2.5_x60_w12_e2_b7_r5,1790888820000,1790890920000,LIGHT
B_peak2.5_x60_w12_e2_b7_r5,1790890920000,1790891340000,DEEP
B_peak2.5_x60_w12_e2_b7_r5,1790891340000,1790892960000,LIGHT
B_peak2.5_x60_w12_e2_b7_r5,1790892960000,1790893380000,DEEP
B_peak2.5_x60_w12_e2_b7_r5,1790893380000,1790893560000,LIGHT
B_peak2.5_x60_w12_e2_b7_r5,1790893560000,1790894400000,DEEP
B_peak2.5_x60_w12_e2_b7_r5,1790894400000,1790895120000,LIGHT
B_peak2.5_x60_w12_e2_b7_r5,1790895120000,1790896320000,DEEP
B_peak2.5_x60_w12_e2_b7_r5,1790896320000,1790896349427,LIGHT
B_peak2.5_x60_w15_e1_b5_r3,1790875829427,1790880360000,LIGHT
B_peak2.5_x60_w15_e1_b5_r3,1790880360000,1790880720000,DEEP
B_peak2.5_x60_w15_e1_b5_r3,1790880720000,1790880780000,LIGHT
B_peak2.5_x60_w15_e1_b5_r3,1790880780000,1790881080000,DEEP
B_peak2.5_x60_w15_e1_b5_r3,1790881080000,1790886480000,LIGHT
B_peak2.5_x60_w15_e1_b5_r3,1790886480000,1790888820000,DEEP
B_peak2.5_x60_w15_e1_b5_r3,1790888820000,1790893560000,LIGHT
B_peak2.5_x60_w15_e1_b5_r3,1790893560000,1790893860000,DEEP
B_peak2.5_x60_w15_e1_b5_r3,1790893860000,1790893920000,LIGHT
B_peak2.5_x60_w15_e1_b5_r3,1790893920000,1790894280000,DEEP
B_peak2.5_x60_w15_e1_b5_r3,1790894280000,1790895420000,LIGHT
B_peak2.5_x60_w15_e1_b5_r3,1790895420000,1790895840000,DEEP
B_peak2.5_x60_w15_e1_b5_r3,1790895840000,1790895900000,LIGHT
B_peak2.5_x60_w15_e1_b5_r3,1790895900000,1790896320000,DEEP
B_peak2.5_x60_w15_e1_b5_r3,1790896320000,1790896349427,LIGHT
B_peak2.5_x60_w15_e1_b5_r5,1790875829427,1790880300000,LIGHT
B_peak2.5_x60_w15_e1_b5_r5,1790880300000,1790881140000,DEEP
B_peak2.5_x60_w15_e1_b5_r5,1790881140000,1790881680000,LIGHT
B_peak2.5_x60_w15_e1_b5_r5,1790881680000,1790881980000,DEEP
B_peak2.5_x60_w15_e1_b5_r5,1790881980000,1790886480000,LIGHT
B_peak2.5_x60_w15_e1_b5_r5,1790886480000,1790888820000,DEEP
B_peak2.5_x60_w15_e1_b5_r5,1790888820000,1790893560000,LIGHT
B_peak2.5_x60_w15_e1_b5_r5,1790893560000,1790894340000,DEEP
B_peak2.5_x60_w15_e1_b5_r5,1790894340000,1790895180000,LIGHT
B_peak2.5_x60_w15_e1_b5_r5,1790895180000,1790895840000,DEEP
B_peak2.5_x60_w15_e1_b5_r5,1790895840000,1790895900000,LIGHT
B_peak2.5_x60_w15_e1_b5_r5,1790895900000,1790896320000,DEEP
B_peak2.5_x60_w15_e1_b5_r5,1790896320000,1790896349427,LIGHT
B_peak2.5_x60_w15_e1_b7_r3,1790875829427,1790886480000,LIGHT
B_peak2.5_x60_w15_e1_b7_r3,1790886480000,1790888820000,DEEP
B_peak2.5_x60_w15_e1_b7_r3,1790888820000,1790895420000,LIGHT
B_peak2.5_x60_w15_e1_b7_r3,1790895420000,1790895840000,DEEP
B_peak2.5_x60_w15_e1_b7_r3,1790895840000,1790895900000,LIGHT
B_peak2.5_x60_w15_e1_b7_r3,1790895900000,1790896320000,DEEP
B_peak2.5_x60_w15_e1_b7_r3,1790896320000,1790896349427,LIGHT
B_peak2.5_x60_w15_e1_b7_r5,1790875829427,1790880300000,LIGHT
B_peak2.5_x60_w15_e1_b7_r5,1790880300000,1790881140000,DEEP
B_peak2.5_x60_w15_e1_b7_r5,1790881140000,1790886480000,LIGHT
B_peak2.5_x60_w15_e1_b7_r5,1790886480000,1790888820000,DEEP
B_peak2.5_x60_w15_e1_b7_r5,1790888820000,1790893560000,LIGHT
B_peak2.5_x60_w15_e1_b7_r5,1790893560000,1790894340000,DEEP
B_peak2.5_x60_w15_e1_b7_r5,1790894340000,1790895180000,LIGHT
B_peak2.5_x60_w15_e1_b7_r5,1790895180000,1790895840000,DEEP
B_peak2.5_x60_w15_e1_b7_r5,1790895840000,1790895900000,LIGHT
B_peak2.5_x60_w15_e1_b7_r5,1790895900000,1790896320000,DEEP
B_peak2.5_x60_w15_e1_b7_r5,1790896320000,1790896349427,LIGHT
B_peak2.5_x60_w15_e2_b5_r3,1790875829427,1790880420000,LIGHT
B_peak2.5_x60_w15_e2_b5_r3,1790880420000,1790881140000,DEEP
B_peak2.5_x60_w15_e2_b5_r3,1790881140000,1790881560000,LIGHT
B_peak2.5_x60_w15_e2_b5_r3,1790881560000,1790882100000,DEEP
B_peak2.5_x60_w15_e2_b5_r3,1790882100000,1790886480000,LIGHT
B_peak2.5_x60_w15_e2_b5_r3,1790886480000,1790888820000,DEEP
B_peak2.5_x60_w15_e2_b5_r3,1790888820000,1790893560000,LIGHT
B_peak2.5_x60_w15_e2_b5_r3,1790893560000,1790893920000,DEEP
B_peak2.5_x60_w15_e2_b5_r3,1790893920000,1790893980000,LIGHT
B_peak2.5_x60_w15_e2_b5_r3,1790893980000,1790894340000,DEEP
B_peak2.5_x60_w15_e2_b5_r3,1790894340000,1790895480000,LIGHT
B_peak2.5_x60_w15_e2_b5_r3,1790895480000,1790895900000,DEEP
B_peak2.5_x60_w15_e2_b5_r3,1790895900000,1790895960000,LIGHT
B_peak2.5_x60_w15_e2_b5_r3,1790895960000,1790896320000,DEEP
B_peak2.5_x60_w15_e2_b5_r3,1790896320000,1790896349427,LIGHT
B_peak2.5_x60_w15_e2_b5_r5,1790875829427,1790880360000,LIGHT
B_peak2.5_x60_w15_e2_b5_r5,1790880360000,1790881200000,DEEP
B_peak2.5_x60_w15_e2_b5_r5,1790881200000,1790881620000,LIGHT
B_peak2.5_x60_w15_e2_b5_r5,1790881620000,1790882100000,DEEP
B_peak2.5_x60_w15_e2_b5_r5,1790882100000,1790886480000,LIGHT
B_peak2.5_x60_w15_e2_b5_r5,1790886480000,1790888820000,DEEP
B_peak2.5_x60_w15_e2_b5_r5,1790888820000,1790891040000,LIGHT
B_peak2.5_x60_w15_e2_b5_r5,1790891040000,1790891340000,DEEP
B_peak2.5_x60_w15_e2_b5_r5,1790891340000,1790893080000,LIGHT
B_peak2.5_x60_w15_e2_b5_r5,1790893080000,1790893380000,DEEP
B_peak2.5_x60_w15_e2_b5_r5,1790893380000,1790893560000,LIGHT
B_peak2.5_x60_w15_e2_b5_r5,1790893560000,1790894400000,DEEP
B_peak2.5_x60_w15_e2_b5_r5,1790894400000,1790894580000,LIGHT
B_peak2.5_x60_w15_e2_b5_r5,1790894580000,1790894880000,DEEP
B_peak2.5_x60_w15_e2_b5_r5,1790894880000,1790895180000,LIGHT
B_peak2.5_x60_w15_e2_b5_r5,1790895180000,1790896320000,DEEP
B_peak2.5_x60_w15_e2_b5_r5,1790896320000,1790896349427,LIGHT
B_peak2.5_x60_w15_e2_b7_r3,1790875829427,1790880420000,LIGHT
B_peak2.5_x60_w15_e2_b7_r3,1790880420000,1790881140000,DEEP
B_peak2.5_x60_w15_e2_b7_r3,1790881140000,1790881560000,LIGHT
B_peak2.5_x60_w15_e2_b7_r3,1790881560000,1790882100000,DEEP
B_peak2.5_x60_w15_e2_b7_r3,1790882100000,1790886480000,LIGHT
B_peak2.5_x60_w15_e2_b7_r3,1790886480000,1790888820000,DEEP
B_peak2.5_x60_w15_e2_b7_r3,1790888820000,1790895480000,LIGHT
B_peak2.5_x60_w15_e2_b7_r3,1790895480000,1790895900000,DEEP
B_peak2.5_x60_w15_e2_b7_r3,1790895900000,1790896349427,LIGHT
B_peak2.5_x60_w15_e2_b7_r5,1790875829427,1790880360000,LIGHT
B_peak2.5_x60_w15_e2_b7_r5,1790880360000,1790881200000,DEEP
B_peak2.5_x60_w15_e2_b7_r5,1790881200000,1790881620000,LIGHT
B_peak2.5_x60_w15_e2_b7_r5,1790881620000,1790882100000,DEEP
B_peak2.5_x60_w15_e2_b7_r5,1790882100000,1790886480000,LIGHT
B_peak2.5_x60_w15_e2_b7_r5,1790886480000,1790888820000,DEEP
B_peak2.5_x60_w15_e2_b7_r5,1790888820000,1790893560000,LIGHT
B_peak2.5_x60_w15_e2_b7_r5,1790893560000,1790894400000,DEEP
B_peak2.5_x60_w15_e2_b7_r5,1790894400000,1790895180000,LIGHT
B_peak2.5_x60_w15_e2_b7_r5,1790895180000,1790896320000,DEEP
B_peak2.5_x60_w15_e2_b7_r5,1790896320000,1790896349427,LIGHT
B_peak2.5_x65_w10_e1_b5_r3,1790875829427,1790880300000,LIGHT
B_peak2.5_x65_w10_e1_b5_r3,1790880300000,1790881080000,DEEP
B_peak2.5_x65_w10_e1_b5_r3,1790881080000,1790881440000,LIGHT
B_peak2.5_x65_w10_e1_b5_r3,1790881440000,1790881860000,DEEP
B_peak2.5_x65_w10_e1_b5_r3,1790881860000,1790886300000,LIGHT
B_peak2.5_x65_w10_e1_b5_r3,1790886300000,1790888820000,DEEP
B_peak2.5_x65_w10_e1_b5_r3,1790888820000,1790890860000,LIGHT
B_peak2.5_x65_w10_e1_b5_r3,1790890860000,1790891220000,DEEP
B_peak2.5_x65_w10_e1_b5_r3,1790891220000,1790892900000,LIGHT
B_peak2.5_x65_w10_e1_b5_r3,1790892900000,1790893260000,DEEP
B_peak2.5_x65_w10_e1_b5_r3,1790893260000,1790893560000,LIGHT
B_peak2.5_x65_w10_e1_b5_r3,1790893560000,1790893860000,DEEP
B_peak2.5_x65_w10_e1_b5_r3,1790893860000,1790893920000,LIGHT
B_peak2.5_x65_w10_e1_b5_r3,1790893920000,1790894280000,DEEP
B_peak2.5_x65_w10_e1_b5_r3,1790894280000,1790895420000,LIGHT
B_peak2.5_x65_w10_e1_b5_r3,1790895420000,1790896320000,DEEP
B_peak2.5_x65_w10_e1_b5_r3,1790896320000,1790896349427,LIGHT
B_peak2.5_x65_w10_e1_b5_r5,1790875829427,1790880300000,LIGHT
B_peak2.5_x65_w10_e1_b5_r5,1790880300000,1790881140000,DEEP
B_peak2.5_x65_w10_e1_b5_r5,1790881140000,1790881440000,LIGHT
B_peak2.5_x65_w10_e1_b5_r5,1790881440000,1790882100000,DEEP
B_peak2.5_x65_w10_e1_b5_r5,1790882100000,1790886300000,LIGHT
B_peak2.5_x65_w10_e1_b5_r5,1790886300000,1790888820000,DEEP
B_peak2.5_x65_w10_e1_b5_r5,1790888820000,1790890980000,LIGHT
B_peak2.5_x65_w10_e1_b5_r5,1790890980000,1790891280000,DEEP
B_peak2.5_x65_w10_e1_b5_r5,1790891280000,1790892900000,LIGHT
B_peak2.5_x65_w10_e1_b5_r5,1790892900000,1790893320000,DEEP
B_peak2.5_x65_w10_e1_b5_r5,1790893320000,1790893560000,LIGHT
B_peak2.5_x65_w10_e1_b5_r5,1790893560000,1790894340000,DEEP
B_peak2.5_x65_w10_e1_b5_r5,1790894340000,1790895420000,LIGHT
B_peak2.5_x65_w10_e1_b5_r5,1790895420000,1790896320000,DEEP
B_peak2.5_x65_w10_e1_b5_r5,1790896320000,1790896349427,LIGHT
B_peak2.5_x65_w10_e1_b7_r3,1790875829427,1790880300000,LIGHT
B_peak2.5_x65_w10_e1_b7_r3,1790880300000,1790881080000,DEEP
B_peak2.5_x65_w10_e1_b7_r3,1790881080000,1790881440000,LIGHT
B_peak2.5_x65_w10_e1_b7_r3,1790881440000,1790881860000,DEEP
B_peak2.5_x65_w10_e1_b7_r3,1790881860000,1790886300000,LIGHT
B_peak2.5_x65_w10_e1_b7_r3,1790886300000,1790888820000,DEEP
B_peak2.5_x65_w10_e1_b7_r3,1790888820000,1790895420000,LIGHT
B_peak2.5_x65_w10_e1_b7_r3,1790895420000,1790896320000,DEEP
B_peak2.5_x65_w10_e1_b7_r3,1790896320000,1790896349427,LIGHT
B_peak2.5_x65_w10_e1_b7_r5,1790875829427,1790880300000,LIGHT
B_peak2.5_x65_w10_e1_b7_r5,1790880300000,1790881140000,DEEP
B_peak2.5_x65_w10_e1_b7_r5,1790881140000,1790881440000,LIGHT
B_peak2.5_x65_w10_e1_b7_r5,1790881440000,1790882100000,DEEP
B_peak2.5_x65_w10_e1_b7_r5,1790882100000,1790886300000,LIGHT
B_peak2.5_x65_w10_e1_b7_r5,1790886300000,1790888820000,DEEP
B_peak2.5_x65_w10_e1_b7_r5,1790888820000,1790892900000,LIGHT
B_peak2.5_x65_w10_e1_b7_r5,1790892900000,1790893320000,DEEP
B_peak2.5_x65_w10_e1_b7_r5,1790893320000,1790893560000,LIGHT
B_peak2.5_x65_w10_e1_b7_r5,1790893560000,1790894340000,DEEP
B_peak2.5_x65_w10_e1_b7_r5,1790894340000,1790895420000,LIGHT
B_peak2.5_x65_w10_e1_b7_r5,1790895420000,1790896320000,DEEP
B_peak2.5_x65_w10_e1_b7_r5,1790896320000,1790896349427,LIGHT
B_peak2.5_x65_w10_e2_b5_r3,1790875829427,1790880300000,LIGHT
B_peak2.5_x65_w10_e2_b5_r3,1790880300000,1790881140000,DEEP
B_peak2.5_x65_w10_e2_b5_r3,1790881140000,1790881200000,LIGHT
B_peak2.5_x65_w10_e2_b5_r3,1790881200000,1790882100000,DEEP
B_peak2.5_x65_w10_e2_b5_r3,1790882100000,1790886300000,LIGHT
B_peak2.5_x65_w10_e2_b5_r3,1790886300000,1790888820000,DEEP
B_peak2.5_x65_w10_e2_b5_r3,1790888820000,1790890860000,LIGHT
B_peak2.5_x65_w10_e2_b5_r3,1790890860000,1790891280000,DEEP
B_peak2.5_x65_w10_e2_b5_r3,1790891280000,1790892900000,LIGHT
B_peak2.5_x65_w10_e2_b5_r3,1790892900000,1790893320000,DEEP
B_peak2.5_x65_w10_e2_b5_r3,1790893320000,1790893560000,LIGHT
B_peak2.5_x65_w10_e2_b5_r3,1790893560000,1790893920000,DEEP
B_peak2.5_x65_w10_e2_b5_r3,1790893920000,1790893980000,LIGHT
B_peak2.5_x65_w10_e2_b5_r3,1790893980000,1790894340000,DEEP
B_peak2.5_x65_w10_e2_b5_r3,1790894340000,1790895420000,LIGHT
B_peak2.5_x65_w10_e2_b5_r3,1790895420000,1790896320000,DEEP
B_peak2.5_x65_w10_e2_b5_r3,1790896320000,1790896349427,LIGHT
B_peak2.5_x65_w10_e2_b5_r5,1790875829427,1790880300000,LIGHT
B_peak2.5_x65_w10_e2_b5_r5,1790880300000,1790881200000,DEEP
B_peak2.5_x65_w10_e2_b5_r5,1790881200000,1790881440000,LIGHT
B_peak2.5_x65_w10_e2_b5_r5,1790881440000,1790882100000,DEEP
B_peak2.5_x65_w10_e2_b5_r5,1790882100000,1790886300000,LIGHT
B_peak2.5_x65_w10_e2_b5_r5,1790886300000,1790888820000,DEEP
B_peak2.5_x65_w10_e2_b5_r5,1790888820000,1790890560000,LIGHT
B_peak2.5_x65_w10_e2_b5_r5,1790890560000,1790890860000,DEEP
B_peak2.5_x65_w10_e2_b5_r5,1790890860000,1790890920000,LIGHT
B_peak2.5_x65_w10_e2_b5_r5,1790890920000,1790891340000,DEEP
B_peak2.5_x65_w10_e2_b5_r5,1790891340000,1790892900000,LIGHT
B_peak2.5_x65_w10_e2_b5_r5,1790892900000,1790893380000,DEEP
B_peak2.5_x65_w10_e2_b5_r5,1790893380000,1790893560000,LIGHT
B_peak2.5_x65_w10_e2_b5_r5,1790893560000,1790894400000,DEEP
B_peak2.5_x65_w10_e2_b5_r5,1790894400000,1790894580000,LIGHT
B_peak2.5_x65_w10_e2_b5_r5,1790894580000,1790894880000,DEEP
B_peak2.5_x65_w10_e2_b5_r5,1790894880000,1790895420000,LIGHT
B_peak2.5_x65_w10_e2_b5_r5,1790895420000,1790896320000,DEEP
B_peak2.5_x65_w10_e2_b5_r5,1790896320000,1790896349427,LIGHT
B_peak2.5_x65_w10_e2_b7_r3,1790875829427,1790880300000,LIGHT
B_peak2.5_x65_w10_e2_b7_r3,1790880300000,1790881140000,DEEP
B_peak2.5_x65_w10_e2_b7_r3,1790881140000,1790881200000,LIGHT
B_peak2.5_x65_w10_e2_b7_r3,1790881200000,1790882100000,DEEP
B_peak2.5_x65_w10_e2_b7_r3,1790882100000,1790886300000,LIGHT
B_peak2.5_x65_w10_e2_b7_r3,1790886300000,1790888820000,DEEP
B_peak2.5_x65_w10_e2_b7_r3,1790888820000,1790890860000,LIGHT
B_peak2.5_x65_w10_e2_b7_r3,1790890860000,1790891280000,DEEP
B_peak2.5_x65_w10_e2_b7_r3,1790891280000,1790892900000,LIGHT
B_peak2.5_x65_w10_e2_b7_r3,1790892900000,1790893320000,DEEP
B_peak2.5_x65_w10_e2_b7_r3,1790893320000,1790895420000,LIGHT
B_peak2.5_x65_w10_e2_b7_r3,1790895420000,1790896320000,DEEP
B_peak2.5_x65_w10_e2_b7_r3,1790896320000,1790896349427,LIGHT
B_peak2.5_x65_w10_e2_b7_r5,1790875829427,1790880300000,LIGHT
B_peak2.5_x65_w10_e2_b7_r5,1790880300000,1790881200000,DEEP
B_peak2.5_x65_w10_e2_b7_r5,1790881200000,1790881440000,LIGHT
B_peak2.5_x65_w10_e2_b7_r5,1790881440000,1790882100000,DEEP
B_peak2.5_x65_w10_e2_b7_r5,1790882100000,1790886300000,LIGHT
B_peak2.5_x65_w10_e2_b7_r5,1790886300000,1790888820000,DEEP
B_peak2.5_x65_w10_e2_b7_r5,1790888820000,1790890920000,LIGHT
B_peak2.5_x65_w10_e2_b7_r5,1790890920000,1790891340000,DEEP
B_peak2.5_x65_w10_e2_b7_r5,1790891340000,1790892900000,LIGHT
B_peak2.5_x65_w10_e2_b7_r5,1790892900000,1790893380000,DEEP
B_peak2.5_x65_w10_e2_b7_r5,1790893380000,1790893560000,LIGHT
B_peak2.5_x65_w10_e2_b7_r5,1790893560000,1790894400000,DEEP
B_peak2.5_x65_w10_e2_b7_r5,1790894400000,1790895420000,LIGHT
B_peak2.5_x65_w10_e2_b7_r5,1790895420000,1790896320000,DEEP
B_peak2.5_x65_w10_e2_b7_r5,1790896320000,1790896349427,LIGHT
B_peak2.5_x65_w12_e1_b5_r3,1790875829427,1790880060000,LIGHT
B_peak2.5_x65_w12_e1_b5_r3,1790880060000,1790881080000,DEEP
B_peak2.5_x65_w12_e1_b5_r3,1790881080000,1790881440000,LIGHT
B_peak2.5_x65_w12_e1_b5_r3,1790881440000,1790881860000,DEEP
B_peak2.5_x65_w12_e1_b5_r3,1790881860000,1790886300000,LIGHT
B_peak2.5_x65_w12_e1_b5_r3,1790886300000,1790888820000,DEEP
B_peak2.5_x65_w12_e1_b5_r3,1790888820000,1790890920000,LIGHT
B_peak2.5_x65_w12_e1_b5_r3,1790890920000,1790891220000,DEEP
B_peak2.5_x65_w12_e1_b5_r3,1790891220000,1790892960000,LIGHT
B_peak2.5_x65_w12_e1_b5_r3,1790892960000,1790893260000,DEEP
B_peak2.5_x65_w12_e1_b5_r3,1790893260000,1790893560000,LIGHT
B_peak2.5_x65_w12_e1_b5_r3,1790893560000,1790893860000,DEEP
B_peak2.5_x65_w12_e1_b5_r3,1790893860000,1790893920000,LIGHT
B_peak2.5_x65_w12_e1_b5_r3,1790893920000,1790894280000,DEEP
B_peak2.5_x65_w12_e1_b5_r3,1790894280000,1790895480000,LIGHT
B_peak2.5_x65_w12_e1_b5_r3,1790895480000,1790896320000,DEEP
B_peak2.5_x65_w12_e1_b5_r3,1790896320000,1790896349427,LIGHT
B_peak2.5_x65_w12_e1_b5_r5,1790875829427,1790880060000,LIGHT
B_peak2.5_x65_w12_e1_b5_r5,1790880060000,1790881140000,DEEP
B_peak2.5_x65_w12_e1_b5_r5,1790881140000,1790881440000,LIGHT
B_peak2.5_x65_w12_e1_b5_r5,1790881440000,1790882100000,DEEP
B_peak2.5_x65_w12_e1_b5_r5,1790882100000,1790886300000,LIGHT
B_peak2.5_x65_w12_e1_b5_r5,1790886300000,1790888820000,DEEP
B_peak2.5_x65_w12_e1_b5_r5,1790888820000,1790890920000,LIGHT
B_peak2.5_x65_w12_e1_b5_r5,1790890920000,1790891280000,DEEP
B_peak2.5_x65_w12_e1_b5_r5,1790891280000,1790892960000,LIGHT
B_peak2.5_x65_w12_e1_b5_r5,1790892960000,1790893320000,DEEP
B_peak2.5_x65_w12_e1_b5_r5,1790893320000,1790893560000,LIGHT
B_peak2.5_x65_w12_e1_b5_r5,1790893560000,1790894340000,DEEP
B_peak2.5_x65_w12_e1_b5_r5,1790894340000,1790895120000,LIGHT
B_peak2.5_x65_w12_e1_b5_r5,1790895120000,1790896320000,DEEP
B_peak2.5_x65_w12_e1_b5_r5,1790896320000,1790896349427,LIGHT
B_peak2.5_x65_w12_e1_b7_r3,1790875829427,1790880060000,LIGHT
B_peak2.5_x65_w12_e1_b7_r3,1790880060000,1790881080000,DEEP
B_peak2.5_x65_w12_e1_b7_r3,1790881080000,1790881440000,LIGHT
B_peak2.5_x65_w12_e1_b7_r3,1790881440000,1790881860000,DEEP
B_peak2.5_x65_w12_e1_b7_r3,1790881860000,1790886300000,LIGHT
B_peak2.5_x65_w12_e1_b7_r3,1790886300000,1790888820000,DEEP
B_peak2.5_x65_w12_e1_b7_r3,1790888820000,1790895480000,LIGHT
B_peak2.5_x65_w12_e1_b7_r3,1790895480000,1790896320000,DEEP
B_peak2.5_x65_w12_e1_b7_r3,1790896320000,1790896349427,LIGHT
B_peak2.5_x65_w12_e1_b7_r5,1790875829427,1790880060000,LIGHT
B_peak2.5_x65_w12_e1_b7_r5,1790880060000,1790881140000,DEEP
B_peak2.5_x65_w12_e1_b7_r5,1790881140000,1790881440000,LIGHT
B_peak2.5_x65_w12_e1_b7_r5,1790881440000,1790882100000,DEEP
B_peak2.5_x65_w12_e1_b7_r5,1790882100000,1790886300000,LIGHT
B_peak2.5_x65_w12_e1_b7_r5,1790886300000,1790888820000,DEEP
B_peak2.5_x65_w12_e1_b7_r5,1790888820000,1790893560000,LIGHT
B_peak2.5_x65_w12_e1_b7_r5,1790893560000,1790894340000,DEEP
B_peak2.5_x65_w12_e1_b7_r5,1790894340000,1790895120000,LIGHT
B_peak2.5_x65_w12_e1_b7_r5,1790895120000,1790896320000,DEEP
B_peak2.5_x65_w12_e1_b7_r5,1790896320000,1790896349427,LIGHT
B_peak2.5_x65_w12_e2_b5_r3,1790875829427,1790880060000,LIGHT
B_peak2.5_x65_w12_e2_b5_r3,1790880060000,1790881140000,DEEP
B_peak2.5_x65_w12_e2_b5_r3,1790881140000,1790881200000,LIGHT
B_peak2.5_x65_w12_e2_b5_r3,1790881200000,1790882100000,DEEP
B_peak2.5_x65_w12_e2_b5_r3,1790882100000,1790886300000,LIGHT
B_peak2.5_x65_w12_e2_b5_r3,1790886300000,1790888820000,DEEP
B_peak2.5_x65_w12_e2_b5_r3,1790888820000,1790890920000,LIGHT
B_peak2.5_x65_w12_e2_b5_r3,1790890920000,1790891280000,DEEP
B_peak2.5_x65_w12_e2_b5_r3,1790891280000,1790892960000,LIGHT
B_peak2.5_x65_w12_e2_b5_r3,1790892960000,1790893320000,DEEP
B_peak2.5_x65_w12_e2_b5_r3,1790893320000,1790893560000,LIGHT
B_peak2.5_x65_w12_e2_b5_r3,1790893560000,1790893920000,DEEP
B_peak2.5_x65_w12_e2_b5_r3,1790893920000,1790893980000,LIGHT
B_peak2.5_x65_w12_e2_b5_r3,1790893980000,1790894340000,DEEP
B_peak2.5_x65_w12_e2_b5_r3,1790894340000,1790895120000,LIGHT
B_peak2.5_x65_w12_e2_b5_r3,1790895120000,1790895420000,DEEP
B_peak2.5_x65_w12_e2_b5_r3,1790895420000,1790895480000,LIGHT
B_peak2.5_x65_w12_e2_b5_r3,1790895480000,1790896320000,DEEP
B_peak2.5_x65_w12_e2_b5_r3,1790896320000,1790896349427,LIGHT
B_peak2.5_x65_w12_e2_b5_r5,1790875829427,1790880060000,LIGHT
B_peak2.5_x65_w12_e2_b5_r5,1790880060000,1790881200000,DEEP
B_peak2.5_x65_w12_e2_b5_r5,1790881200000,1790881440000,LIGHT
B_peak2.5_x65_w12_e2_b5_r5,1790881440000,1790882100000,DEEP
B_peak2.5_x65_w12_e2_b5_r5,1790882100000,1790886300000,LIGHT
B_peak2.5_x65_w12_e2_b5_r5,1790886300000,1790888820000,DEEP
B_peak2.5_x65_w12_e2_b5_r5,1790888820000,1790890920000,LIGHT
B_peak2.5_x65_w12_e2_b5_r5,1790890920000,1790891340000,DEEP
B_peak2.5_x65_w12_e2_b5_r5,1790891340000,1790892960000,LIGHT
B_peak2.5_x65_w12_e2_b5_r5,1790892960000,1790893380000,DEEP
B_peak2.5_x65_w12_e2_b5_r5,1790893380000,1790893560000,LIGHT
B_peak2.5_x65_w12_e2_b5_r5,1790893560000,1790894400000,DEEP
B_peak2.5_x65_w12_e2_b5_r5,1790894400000,1790894580000,LIGHT
B_peak2.5_x65_w12_e2_b5_r5,1790894580000,1790894880000,DEEP
B_peak2.5_x65_w12_e2_b5_r5,1790894880000,1790895120000,LIGHT
B_peak2.5_x65_w12_e2_b5_r5,1790895120000,1790896320000,DEEP
B_peak2.5_x65_w12_e2_b5_r5,1790896320000,1790896349427,LIGHT
B_peak2.5_x65_w12_e2_b7_r3,1790875829427,1790880060000,LIGHT
B_peak2.5_x65_w12_e2_b7_r3,1790880060000,1790881140000,DEEP
B_peak2.5_x65_w12_e2_b7_r3,1790881140000,1790881200000,LIGHT
B_peak2.5_x65_w12_e2_b7_r3,1790881200000,1790882100000,DEEP
B_peak2.5_x65_w12_e2_b7_r3,1790882100000,1790886300000,LIGHT
B_peak2.5_x65_w12_e2_b7_r3,1790886300000,1790888820000,DEEP
B_peak2.5_x65_w12_e2_b7_r3,1790888820000,1790895480000,LIGHT
B_peak2.5_x65_w12_e2_b7_r3,1790895480000,1790896320000,DEEP
B_peak2.5_x65_w12_e2_b7_r3,1790896320000,1790896349427,LIGHT
B_peak2.5_x65_w12_e2_b7_r5,1790875829427,1790880060000,LIGHT
B_peak2.5_x65_w12_e2_b7_r5,1790880060000,1790881200000,DEEP
B_peak2.5_x65_w12_e2_b7_r5,1790881200000,1790881440000,LIGHT
B_peak2.5_x65_w12_e2_b7_r5,1790881440000,1790882100000,DEEP
B_peak2.5_x65_w12_e2_b7_r5,1790882100000,1790886300000,LIGHT
B_peak2.5_x65_w12_e2_b7_r5,1790886300000,1790888820000,DEEP
B_peak2.5_x65_w12_e2_b7_r5,1790888820000,1790890920000,LIGHT
B_peak2.5_x65_w12_e2_b7_r5,1790890920000,1790891340000,DEEP
B_peak2.5_x65_w12_e2_b7_r5,1790891340000,1790892960000,LIGHT
B_peak2.5_x65_w12_e2_b7_r5,1790892960000,1790893380000,DEEP
B_peak2.5_x65_w12_e2_b7_r5,1790893380000,1790893560000,LIGHT
B_peak2.5_x65_w12_e2_b7_r5,1790893560000,1790894400000,DEEP
B_peak2.5_x65_w12_e2_b7_r5,1790894400000,1790895120000,LIGHT
B_peak2.5_x65_w12_e2_b7_r5,1790895120000,1790896320000,DEEP
B_peak2.5_x65_w12_e2_b7_r5,1790896320000,1790896349427,LIGHT
B_peak2.5_x65_w15_e1_b5_r3,1790875829427,1790880180000,LIGHT
B_peak2.5_x65_w15_e1_b5_r3,1790880180000,1790881080000,DEEP
B_peak2.5_x65_w15_e1_b5_r3,1790881080000,1790881440000,LIGHT
B_peak2.5_x65_w15_e1_b5_r3,1790881440000,1790881860000,DEEP
B_peak2.5_x65_w15_e1_b5_r3,1790881860000,1790886480000,LIGHT
B_peak2.5_x65_w15_e1_b5_r3,1790886480000,1790888820000,DEEP
B_peak2.5_x65_w15_e1_b5_r3,1790888820000,1790893560000,LIGHT
B_peak2.5_x65_w15_e1_b5_r3,1790893560000,1790893860000,DEEP
B_peak2.5_x65_w15_e1_b5_r3,1790893860000,1790893920000,LIGHT
B_peak2.5_x65_w15_e1_b5_r3,1790893920000,1790894280000,DEEP
B_peak2.5_x65_w15_e1_b5_r3,1790894280000,1790895420000,LIGHT
B_peak2.5_x65_w15_e1_b5_r3,1790895420000,1790896320000,DEEP
B_peak2.5_x65_w15_e1_b5_r3,1790896320000,1790896349427,LIGHT
B_peak2.5_x65_w15_e1_b5_r5,1790875829427,1790880180000,LIGHT
B_peak2.5_x65_w15_e1_b5_r5,1790880180000,1790881140000,DEEP
B_peak2.5_x65_w15_e1_b5_r5,1790881140000,1790881440000,LIGHT
B_peak2.5_x65_w15_e1_b5_r5,1790881440000,1790882100000,DEEP
B_peak2.5_x65_w15_e1_b5_r5,1790882100000,1790886480000,LIGHT
B_peak2.5_x65_w15_e1_b5_r5,1790886480000,1790888820000,DEEP
B_peak2.5_x65_w15_e1_b5_r5,1790888820000,1790893560000,LIGHT
B_peak2.5_x65_w15_e1_b5_r5,1790893560000,1790894340000,DEEP
B_peak2.5_x65_w15_e1_b5_r5,1790894340000,1790895180000,LIGHT
B_peak2.5_x65_w15_e1_b5_r5,1790895180000,1790896320000,DEEP
B_peak2.5_x65_w15_e1_b5_r5,1790896320000,1790896349427,LIGHT
B_peak2.5_x65_w15_e1_b7_r3,1790875829427,1790880180000,LIGHT
B_peak2.5_x65_w15_e1_b7_r3,1790880180000,1790881080000,DEEP
B_peak2.5_x65_w15_e1_b7_r3,1790881080000,1790881440000,LIGHT
B_peak2.5_x65_w15_e1_b7_r3,1790881440000,1790881860000,DEEP
B_peak2.5_x65_w15_e1_b7_r3,1790881860000,1790886480000,LIGHT
B_peak2.5_x65_w15_e1_b7_r3,1790886480000,1790888820000,DEEP
B_peak2.5_x65_w15_e1_b7_r3,1790888820000,1790895420000,LIGHT
B_peak2.5_x65_w15_e1_b7_r3,1790895420000,1790896320000,DEEP
B_peak2.5_x65_w15_e1_b7_r3,1790896320000,1790896349427,LIGHT
B_peak2.5_x65_w15_e1_b7_r5,1790875829427,1790880180000,LIGHT
B_peak2.5_x65_w15_e1_b7_r5,1790880180000,1790881140000,DEEP
B_peak2.5_x65_w15_e1_b7_r5,1790881140000,1790881440000,LIGHT
B_peak2.5_x65_w15_e1_b7_r5,1790881440000,1790882100000,DEEP
B_peak2.5_x65_w15_e1_b7_r5,1790882100000,1790886480000,LIGHT
B_peak2.5_x65_w15_e1_b7_r5,1790886480000,1790888820000,DEEP
B_peak2.5_x65_w15_e1_b7_r5,1790888820000,1790893560000,LIGHT
B_peak2.5_x65_w15_e1_b7_r5,1790893560000,1790894340000,DEEP
B_peak2.5_x65_w15_e1_b7_r5,1790894340000,1790895180000,LIGHT
B_peak2.5_x65_w15_e1_b7_r5,1790895180000,1790896320000,DEEP
B_peak2.5_x65_w15_e1_b7_r5,1790896320000,1790896349427,LIGHT
B_peak2.5_x65_w15_e2_b5_r3,1790875829427,1790880180000,LIGHT
B_peak2.5_x65_w15_e2_b5_r3,1790880180000,1790881140000,DEEP
B_peak2.5_x65_w15_e2_b5_r3,1790881140000,1790881200000,LIGHT
B_peak2.5_x65_w15_e2_b5_r3,1790881200000,1790882100000,DEEP
B_peak2.5_x65_w15_e2_b5_r3,1790882100000,1790886480000,LIGHT
B_peak2.5_x65_w15_e2_b5_r3,1790886480000,1790888820000,DEEP
B_peak2.5_x65_w15_e2_b5_r3,1790888820000,1790893560000,LIGHT
B_peak2.5_x65_w15_e2_b5_r3,1790893560000,1790893920000,DEEP
B_peak2.5_x65_w15_e2_b5_r3,1790893920000,1790893980000,LIGHT
B_peak2.5_x65_w15_e2_b5_r3,1790893980000,1790894340000,DEEP
B_peak2.5_x65_w15_e2_b5_r3,1790894340000,1790895480000,LIGHT
B_peak2.5_x65_w15_e2_b5_r3,1790895480000,1790896320000,DEEP
B_peak2.5_x65_w15_e2_b5_r3,1790896320000,1790896349427,LIGHT
B_peak2.5_x65_w15_e2_b5_r5,1790875829427,1790880180000,LIGHT
B_peak2.5_x65_w15_e2_b5_r5,1790880180000,1790881200000,DEEP
B_peak2.5_x65_w15_e2_b5_r5,1790881200000,1790881440000,LIGHT
B_peak2.5_x65_w15_e2_b5_r5,1790881440000,1790882100000,DEEP
B_peak2.5_x65_w15_e2_b5_r5,1790882100000,1790886480000,LIGHT
B_peak2.5_x65_w15_e2_b5_r5,1790886480000,1790888820000,DEEP
B_peak2.5_x65_w15_e2_b5_r5,1790888820000,1790891040000,LIGHT
B_peak2.5_x65_w15_e2_b5_r5,1790891040000,1790891340000,DEEP
B_peak2.5_x65_w15_e2_b5_r5,1790891340000,1790893080000,LIGHT
B_peak2.5_x65_w15_e2_b5_r5,1790893080000,1790893380000,DEEP
B_peak2.5_x65_w15_e2_b5_r5,1790893380000,1790893560000,LIGHT
B_peak2.5_x65_w15_e2_b5_r5,1790893560000,1790894400000,DEEP
B_peak2.5_x65_w15_e2_b5_r5,1790894400000,1790894580000,LIGHT
B_peak2.5_x65_w15_e2_b5_r5,1790894580000,1790894880000,DEEP
B_peak2.5_x65_w15_e2_b5_r5,1790894880000,1790895180000,LIGHT
B_peak2.5_x65_w15_e2_b5_r5,1790895180000,1790896320000,DEEP
B_peak2.5_x65_w15_e2_b5_r5,1790896320000,1790896349427,LIGHT
B_peak2.5_x65_w15_e2_b7_r3,1790875829427,1790880180000,LIGHT
B_peak2.5_x65_w15_e2_b7_r3,1790880180000,1790881140000,DEEP
B_peak2.5_x65_w15_e2_b7_r3,1790881140000,1790881200000,LIGHT
B_peak2.5_x65_w15_e2_b7_r3,1790881200000,1790882100000,DEEP
B_peak2.5_x65_w15_e2_b7_r3,1790882100000,1790886480000,LIGHT
B_peak2.5_x65_w15_e2_b7_r3,1790886480000,1790888820000,DEEP
B_peak2.5_x65_w15_e2_b7_r3,1790888820000,1790895480000,LIGHT
B_peak2.5_x65_w15_e2_b7_r3,1790895480000,1790896320000,DEEP
B_peak2.5_x65_w15_e2_b7_r3,1790896320000,1790896349427,LIGHT
B_peak2.5_x65_w15_e2_b7_r5,1790875829427,1790880180000,LIGHT
B_peak2.5_x65_w15_e2_b7_r5,1790880180000,1790881200000,DEEP
B_peak2.5_x65_w15_e2_b7_r5,1790881200000,1790881440000,LIGHT
B_peak2.5_x65_w15_e2_b7_r5,1790881440000,1790882100000,DEEP
B_peak2.5_x65_w15_e2_b7_r5,1790882100000,1790886480000,LIGHT
B_peak2.5_x65_w15_e2_b7_r5,1790886480000,1790888820000,DEEP
B_peak2.5_x65_w15_e2_b7_r5,1790888820000,1790893560000,LIGHT
B_peak2.5_x65_w15_e2_b7_r5,1790893560000,1790894400000,DEEP
B_peak2.5_x65_w15_e2_b7_r5,1790894400000,1790895180000,LIGHT
B_peak2.5_x65_w15_e2_b7_r5,1790895180000,1790896320000,DEEP
B_peak2.5_x65_w15_e2_b7_r5,1790896320000,1790896349427,LIGHT
B_peak3.0_x50_w10_e1_b7_r3,1790875829427,1790886300000,LIGHT
B_peak3.0_x50_w10_e1_b7_r3,1790886300000,1790889720000,DEEP
B_peak3.0_x50_w10_e1_b7_r3,1790889720000,1790896349427,LIGHT
B_peak3.0_x50_w10_e2_b5_r3,1790875829427,1790880840000,LIGHT
B_peak3.0_x50_w10_e2_b5_r3,1790880840000,1790881140000,DEEP
B_peak3.0_x50_w10_e2_b5_r3,1790881140000,1790885160000,LIGHT
B_peak3.0_x50_w10_e2_b5_r3,1790885160000,1790885520000,DEEP
B_peak3.0_x50_w10_e2_b5_r3,1790885520000,1790885820000,LIGHT
B_peak3.0_x50_w10_e2_b5_r3,1790885820000,1790886120000,DEEP
B_peak3.0_x50_w10_e2_b5_r3,1790886120000,1790886300000,LIGHT
B_peak3.0_x50_w10_e2_b5_r3,1790886300000,1790889780000,DEEP
B_peak3.0_x50_w10_e2_b5_r3,1790889780000,1790889900000,LIGHT
B_peak3.0_x50_w10_e2_b5_r3,1790889900000,1790890260000,DEEP
B_peak3.0_x50_w10_e2_b5_r3,1790890260000,1790890860000,LIGHT
B_peak3.0_x50_w10_e2_b5_r3,1790890860000,1790891280000,DEEP
B_peak3.0_x50_w10_e2_b5_r3,1790891280000,1790892900000,LIGHT
B_peak3.0_x50_w10_e2_b5_r3,1790892900000,1790893320000,DEEP
B_peak3.0_x50_w10_e2_b5_r3,1790893320000,1790893560000,LIGHT
B_peak3.0_x50_w10_e2_b5_r3,1790893560000,1790893920000,DEEP
B_peak3.0_x50_w10_e2_b5_r3,1790893920000,1790893980000,LIGHT
B_peak3.0_x50_w10_e2_b5_r3,1790893980000,1790894340000,DEEP
B_peak3.0_x50_w10_e2_b5_r3,1790894340000,1790895420000,LIGHT
B_peak3.0_x50_w10_e2_b5_r3,1790895420000,1790895720000,DEEP
B_peak3.0_x50_w10_e2_b5_r3,1790895720000,1790895960000,LIGHT
B_peak3.0_x50_w10_e2_b5_r3,1790895960000,1790896320000,DEEP
B_peak3.0_x50_w10_e2_b5_r3,1790896320000,1790896349427,LIGHT
B_peak3.0_x50_w10_e2_b7_r3,1790875829427,1790886300000,LIGHT
B_peak3.0_x50_w10_e2_b7_r3,1790886300000,1790889780000,DEEP
B_peak3.0_x50_w10_e2_b7_r3,1790889780000,1790890860000,LIGHT
B_peak3.0_x50_w10_e2_b7_r3,1790890860000,1790891280000,DEEP
B_peak3.0_x50_w10_e2_b7_r3,1790891280000,1790892900000,LIGHT
B_peak3.0_x50_w10_e2_b7_r3,1790892900000,1790893320000,DEEP
B_peak3.0_x50_w10_e2_b7_r3,1790893320000,1790896349427,LIGHT
B_peak3.0_x50_w10_e2_b7_r5,1790875829427,1790886300000,LIGHT
B_peak3.0_x50_w10_e2_b7_r5,1790886300000,1790889840000,DEEP
B_peak3.0_x50_w10_e2_b7_r5,1790889840000,1790889900000,LIGHT
B_peak3.0_x50_w10_e2_b7_r5,1790889900000,1790890320000,DEEP
B_peak3.0_x50_w10_e2_b7_r5,1790890320000,1790890920000,LIGHT
B_peak3.0_x50_w10_e2_b7_r5,1790890920000,1790891340000,DEEP
B_peak3.0_x50_w10_e2_b7_r5,1790891340000,1790892900000,LIGHT
B_peak3.0_x50_w10_e2_b7_r5,1790892900000,1790893380000,DEEP
B_peak3.0_x50_w10_e2_b7_r5,1790893380000,1790893560000,LIGHT
B_peak3.0_x50_w10_e2_b7_r5,1790893560000,1790894400000,DEEP
B_peak3.0_x50_w10_e2_b7_r5,1790894400000,1790896349427,LIGHT
B_peak3.0_x50_w12_e1_b5_r3,1790875829427,1790886300000,LIGHT
B_peak3.0_x50_w12_e1_b5_r3,1790886300000,1790889720000,DEEP
B_peak3.0_x50_w12_e1_b5_r3,1790889720000,1790889900000,LIGHT
B_peak3.0_x50_w12_e1_b5_r3,1790889900000,1790890200000,DEEP
B_peak3.0_x50_w12_e1_b5_r3,1790890200000,1790890920000,LIGHT
B_peak3.0_x50_w12_e1_b5_r3,1790890920000,1790891220000,DEEP
B_peak3.0_x50_w12_e1_b5_r3,1790891220000,1790892960000,LIGHT
B_peak3.0_x50_w12_e1_b5_r3,1790892960000,1790893260000,DEEP
B_peak3.0_x50_w12_e1_b5_r3,1790893260000,1790893560000,LIGHT
B_peak3.0_x50_w12_e1_b5_r3,1790893560000,1790893860000,DEEP
B_peak3.0_x50_w12_e1_b5_r3,1790893860000,1790893920000,LIGHT
B_peak3.0_x50_w12_e1_b5_r3,1790893920000,1790894280000,DEEP
B_peak3.0_x50_w12_e1_b5_r3,1790894280000,1790895960000,LIGHT
B_peak3.0_x50_w12_e1_b5_r3,1790895960000,1790896320000,DEEP
B_peak3.0_x50_w12_e1_b5_r3,1790896320000,1790896349427,LIGHT
B_peak3.0_x50_w12_e1_b7_r3,1790875829427,1790886300000,LIGHT
B_peak3.0_x50_w12_e1_b7_r3,1790886300000,1790889720000,DEEP
B_peak3.0_x50_w12_e1_b7_r3,1790889720000,1790896349427,LIGHT
B_peak3.0_x50_w12_e1_b7_r5,1790875829427,1790886420000,LIGHT
B_peak3.0_x50_w12_e1_b7_r5,1790886420000,1790889780000,DEEP
B_peak3.0_x50_w12_e1_b7_r5,1790889780000,1790893560000,LIGHT
B_peak3.0_x50_w12_e1_b7_r5,1790893560000,1790894340000,DEEP
B_peak3.0_x50_w12_e1_b7_r5,1790894340000,1790896349427,LIGHT
B_peak3.0_x50_w12_e2_b5_r3,1790875829427,1790885820000,LIGHT
B_peak3.0_x50_w12_e2_b5_r3,1790885820000,1790886120000,DEEP
B_peak3.0_x50_w12_e2_b5_r3,1790886120000,1790886300000,LIGHT
B_peak3.0_x50_w12_e2_b5_r3,1790886300000,1790889780000,DEEP
B_peak3.0_x50_w12_e2_b5_r3,1790889780000,1790889900000,LIGHT
B_peak3.0_x50_w12_e2_b5_r3,1790889900000,1790890260000,DEEP
B_peak3.0_x50_w12_e2_b5_r3,1790890260000,1790890920000,LIGHT
B_peak3.0_x50_w12_e2_b5_r3,1790890920000,1790891280000,DEEP
B_peak3.0_x50_w12_e2_b5_r3,1790891280000,1790892960000,LIGHT
B_peak3.0_x50_w12_e2_b5_r3,1790892960000,1790893320000,DEEP
B_peak3.0_x50_w12_e2_b5_r3,1790893320000,1790893560000,LIGHT
B_peak3.0_x50_w12_e2_b5_r3,1790893560000,1790893920000,DEEP
B_peak3.0_x50_w12_e2_b5_r3,1790893920000,1790893980000,LIGHT
B_peak3.0_x50_w12_e2_b5_r3,1790893980000,1790894340000,DEEP
B_peak3.0_x50_w12_e2_b5_r3,1790894340000,1790895420000,LIGHT
B_peak3.0_x50_w12_e2_b5_r3,1790895420000,1790895720000,DEEP
B_peak3.0_x50_w12_e2_b5_r3,1790895720000,1790895960000,LIGHT
B_peak3.0_x50_w12_e2_b5_r3,1790895960000,1790896320000,DEEP
B_peak3.0_x50_w12_e2_b5_r3,1790896320000,1790896349427,LIGHT
B_peak3.0_x50_w12_e2_b5_r5,1790875829427,1790880900000,LIGHT
B_peak3.0_x50_w12_e2_b5_r5,1790880900000,1790881200000,DEEP
B_peak3.0_x50_w12_e2_b5_r5,1790881200000,1790885820000,LIGHT
B_peak3.0_x50_w12_e2_b5_r5,1790885820000,1790886180000,DEEP
B_peak3.0_x50_w12_e2_b5_r5,1790886180000,1790886300000,LIGHT
B_peak3.0_x50_w12_e2_b5_r5,1790886300000,1790889840000,DEEP
B_peak3.0_x50_w12_e2_b5_r5,1790889840000,1790889900000,LIGHT
B_peak3.0_x50_w12_e2_b5_r5,1790889900000,1790890320000,DEEP
B_peak3.0_x50_w12_e2_b5_r5,1790890320000,1790890560000,LIGHT
B_peak3.0_x50_w12_e2_b5_r5,1790890560000,1790890860000,DEEP
B_peak3.0_x50_w12_e2_b5_r5,1790890860000,1790890920000,LIGHT
B_peak3.0_x50_w12_e2_b5_r5,1790890920000,1790891340000,DEEP
B_peak3.0_x50_w12_e2_b5_r5,1790891340000,1790892960000,LIGHT
B_peak3.0_x50_w12_e2_b5_r5,1790892960000,1790893380000,DEEP
B_peak3.0_x50_w12_e2_b5_r5,1790893380000,1790893560000,LIGHT
B_peak3.0_x50_w12_e2_b5_r5,1790893560000,1790894400000,DEEP
B_peak3.0_x50_w12_e2_b5_r5,1790894400000,1790895420000,LIGHT
B_peak3.0_x50_w12_e2_b5_r5,1790895420000,1790895780000,DEEP
B_peak3.0_x50_w12_e2_b5_r5,1790895780000,1790896020000,LIGHT
B_peak3.0_x50_w12_e2_b5_r5,1790896020000,1790896320000,DEEP
B_peak3.0_x50_w12_e2_b5_r5,1790896320000,1790896349427,LIGHT
B_peak3.0_x50_w12_e2_b7_r3,1790875829427,1790886300000,LIGHT
B_peak3.0_x50_w12_e2_b7_r3,1790886300000,1790889780000,DEEP
B_peak3.0_x50_w12_e2_b7_r3,1790889780000,1790896349427,LIGHT
B_peak3.0_x50_w12_e2_b7_r5,1790875829427,1790886300000,LIGHT
B_peak3.0_x50_w12_e2_b7_r5,1790886300000,1790889840000,DEEP
B_peak3.0_x50_w12_e2_b7_r5,1790889840000,1790889900000,LIGHT
B_peak3.0_x50_w12_e2_b7_r5,1790889900000,1790890320000,DEEP
B_peak3.0_x50_w12_e2_b7_r5,1790890320000,1790890920000,LIGHT
B_peak3.0_x50_w12_e2_b7_r5,1790890920000,1790891340000,DEEP
B_peak3.0_x50_w12_e2_b7_r5,1790891340000,1790892960000,LIGHT
B_peak3.0_x50_w12_e2_b7_r5,1790892960000,1790893380000,DEEP
B_peak3.0_x50_w12_e2_b7_r5,1790893380000,1790893560000,LIGHT
B_peak3.0_x50_w12_e2_b7_r5,1790893560000,1790894400000,DEEP
B_peak3.0_x50_w12_e2_b7_r5,1790894400000,1790896349427,LIGHT
B_peak3.0_x50_w15_e1_b5_r3,1790875829427,1790886300000,LIGHT
B_peak3.0_x50_w15_e1_b5_r3,1790886300000,1790889720000,DEEP
B_peak3.0_x50_w15_e1_b5_r3,1790889720000,1790889900000,LIGHT
B_peak3.0_x50_w15_e1_b5_r3,1790889900000,1790890200000,DEEP
B_peak3.0_x50_w15_e1_b5_r3,1790890200000,1790893560000,LIGHT
B_peak3.0_x50_w15_e1_b5_r3,1790893560000,1790893860000,DEEP
B_peak3.0_x50_w15_e1_b5_r3,1790893860000,1790893920000,LIGHT
B_peak3.0_x50_w15_e1_b5_r3,1790893920000,1790894280000,DEEP
B_peak3.0_x50_w15_e1_b5_r3,1790894280000,1790895960000,LIGHT
B_peak3.0_x50_w15_e1_b5_r3,1790895960000,1790896320000,DEEP
B_peak3.0_x50_w15_e1_b5_r3,1790896320000,1790896349427,LIGHT
B_peak3.0_x50_w15_e1_b7_r3,1790875829427,1790886300000,LIGHT
B_peak3.0_x50_w15_e1_b7_r3,1790886300000,1790889720000,DEEP
B_peak3.0_x50_w15_e1_b7_r3,1790889720000,1790896349427,LIGHT
B_peak3.0_x50_w15_e1_b7_r5,1790875829427,1790886420000,LIGHT
B_peak3.0_x50_w15_e1_b7_r5,1790886420000,1790889780000,DEEP
B_peak3.0_x50_w15_e1_b7_r5,1790889780000,1790893560000,LIGHT
B_peak3.0_x50_w15_e1_b7_r5,1790893560000,1790894340000,DEEP
B_peak3.0_x50_w15_e1_b7_r5,1790894340000,1790896349427,LIGHT
B_peak3.0_x50_w15_e2_b5_r3,1790875829427,1790885820000,LIGHT
B_peak3.0_x50_w15_e2_b5_r3,1790885820000,1790886120000,DEEP
B_peak3.0_x50_w15_e2_b5_r3,1790886120000,1790886300000,LIGHT
B_peak3.0_x50_w15_e2_b5_r3,1790886300000,1790889780000,DEEP
B_peak3.0_x50_w15_e2_b5_r3,1790889780000,1790889900000,LIGHT
B_peak3.0_x50_w15_e2_b5_r3,1790889900000,1790890260000,DEEP
B_peak3.0_x50_w15_e2_b5_r3,1790890260000,1790893560000,LIGHT
B_peak3.0_x50_w15_e2_b5_r3,1790893560000,1790893920000,DEEP
B_peak3.0_x50_w15_e2_b5_r3,1790893920000,1790893980000,LIGHT
B_peak3.0_x50_w15_e2_b5_r3,1790893980000,1790894340000,DEEP
B_peak3.0_x50_w15_e2_b5_r3,1790894340000,1790895360000,LIGHT
B_peak3.0_x50_w15_e2_b5_r3,1790895360000,1790895720000,DEEP
B_peak3.0_x50_w15_e2_b5_r3,1790895720000,1790895960000,LIGHT
B_peak3.0_x50_w15_e2_b5_r3,1790895960000,1790896320000,DEEP
B_peak3.0_x50_w15_e2_b5_r3,1790896320000,1790896349427,LIGHT
B_peak3.0_x50_w15_e2_b5_r5,1790875829427,1790880900000,LIGHT
B_peak3.0_x50_w15_e2_b5_r5,1790880900000,1790881200000,DEEP
B_peak3.0_x50_w15_e2_b5_r5,1790881200000,1790885820000,LIGHT
B_peak3.0_x50_w15_e2_b5_r5,1790885820000,1790886180000,DEEP
B_peak3.0_x50_w15_e2_b5_r5,1790886180000,1790886300000,LIGHT
B_peak3.0_x50_w15_e2_b5_r5,1790886300000,1790889840000,DEEP
B_peak3.0_x50_w15_e2_b5_r5,1790889840000,1790889900000,LIGHT
B_peak3.0_x50_w15_e2_b5_r5,1790889900000,1790890320000,DEEP
B_peak3.0_x50_w15_e2_b5_r5,1790890320000,1790890560000,LIGHT
B_peak3.0_x50_w15_e2_b5_r5,1790890560000,1790890860000,DEEP
B_peak3.0_x50_w15_e2_b5_r5,1790890860000,1790891040000,LIGHT
B_peak3.0_x50_w15_e2_b5_r5,1790891040000,1790891340000,DEEP
B_peak3.0_x50_w15_e2_b5_r5,1790891340000,1790893080000,LIGHT
B_peak3.0_x50_w15_e2_b5_r5,1790893080000,1790893380000,DEEP
B_peak3.0_x50_w15_e2_b5_r5,1790893380000,1790893560000,LIGHT
B_peak3.0_x50_w15_e2_b5_r5,1790893560000,1790894400000,DEEP
B_peak3.0_x50_w15_e2_b5_r5,1790894400000,1790895360000,LIGHT
B_peak3.0_x50_w15_e2_b5_r5,1790895360000,1790895780000,DEEP
B_peak3.0_x50_w15_e2_b5_r5,1790895780000,1790896020000,LIGHT
B_peak3.0_x50_w15_e2_b5_r5,1790896020000,1790896320000,DEEP
B_peak3.0_x50_w15_e2_b5_r5,1790896320000,1790896349427,LIGHT
B_peak3.0_x50_w15_e2_b7_r3,1790875829427,1790886300000,LIGHT
B_peak3.0_x50_w15_e2_b7_r3,1790886300000,1790889780000,DEEP
B_peak3.0_x50_w15_e2_b7_r3,1790889780000,1790896349427,LIGHT
B_peak3.0_x50_w15_e2_b7_r5,1790875829427,1790886300000,LIGHT
B_peak3.0_x50_w15_e2_b7_r5,1790886300000,1790889840000,DEEP
B_peak3.0_x50_w15_e2_b7_r5,1790889840000,1790889900000,LIGHT
B_peak3.0_x50_w15_e2_b7_r5,1790889900000,1790890320000,DEEP
B_peak3.0_x50_w15_e2_b7_r5,1790890320000,1790893560000,LIGHT
B_peak3.0_x50_w15_e2_b7_r5,1790893560000,1790894400000,DEEP
B_peak3.0_x50_w15_e2_b7_r5,1790894400000,1790895360000,LIGHT
B_peak3.0_x50_w15_e2_b7_r5,1790895360000,1790895780000,DEEP
B_peak3.0_x50_w15_e2_b7_r5,1790895780000,1790896349427,LIGHT
B_peak3.0_x55_w10_e1_b5_r3,1790875829427,1790880780000,LIGHT
B_peak3.0_x55_w10_e1_b5_r3,1790880780000,1790881080000,DEEP
B_peak3.0_x55_w10_e1_b5_r3,1790881080000,1790885160000,LIGHT
B_peak3.0_x55_w10_e1_b5_r3,1790885160000,1790885460000,DEEP
B_peak3.0_x55_w10_e1_b5_r3,1790885460000,1790886300000,LIGHT
B_peak3.0_x55_w10_e1_b5_r3,1790886300000,1790889720000,DEEP
B_peak3.0_x55_w10_e1_b5_r3,1790889720000,1790889900000,LIGHT
B_peak3.0_x55_w10_e1_b5_r3,1790889900000,1790890200000,DEEP
B_peak3.0_x55_w10_e1_b5_r3,1790890200000,1790890860000,LIGHT
B_peak3.0_x55_w10_e1_b5_r3,1790890860000,1790891220000,DEEP
B_peak3.0_x55_w10_e1_b5_r3,1790891220000,1790892900000,LIGHT
B_peak3.0_x55_w10_e1_b5_r3,1790892900000,1790893260000,DEEP
B_peak3.0_x55_w10_e1_b5_r3,1790893260000,1790893560000,LIGHT
B_peak3.0_x55_w10_e1_b5_r3,1790893560000,1790893860000,DEEP
B_peak3.0_x55_w10_e1_b5_r3,1790893860000,1790893920000,LIGHT
B_peak3.0_x55_w10_e1_b5_r3,1790893920000,1790894280000,DEEP
B_peak3.0_x55_w10_e1_b5_r3,1790894280000,1790895420000,LIGHT
B_peak3.0_x55_w10_e1_b5_r3,1790895420000,1790895840000,DEEP
B_peak3.0_x55_w10_e1_b5_r3,1790895840000,1790895900000,LIGHT
B_peak3.0_x55_w10_e1_b5_r3,1790895900000,1790896320000,DEEP
B_peak3.0_x55_w10_e1_b5_r3,1790896320000,1790896349427,LIGHT
B_peak3.0_x55_w10_e1_b7_r3,1790875829427,1790886300000,LIGHT
B_peak3.0_x55_w10_e1_b7_r3,1790886300000,1790889720000,DEEP
B_peak3.0_x55_w10_e1_b7_r3,1790889720000,1790895420000,LIGHT
B_peak3.0_x55_w10_e1_b7_r3,1790895420000,1790895840000,DEEP
B_peak3.0_x55_w10_e1_b7_r3,1790895840000,1790895900000,LIGHT
B_peak3.0_x55_w10_e1_b7_r3,1790895900000,1790896320000,DEEP
B_peak3.0_x55_w10_e1_b7_r3,1790896320000,1790896349427,LIGHT
B_peak3.0_x55_w10_e1_b7_r5,1790875829427,1790886420000,LIGHT
B_peak3.0_x55_w10_e1_b7_r5,1790886420000,1790889780000,DEEP
B_peak3.0_x55_w10_e1_b7_r5,1790889780000,1790892900000,LIGHT
B_peak3.0_x55_w10_e1_b7_r5,1790892900000,1790893320000,DEEP
B_peak3.0_x55_w10_e1_b7_r5,1790893320000,1790893560000,LIGHT
B_peak3.0_x55_w10_e1_b7_r5,1790893560000,1790894340000,DEEP
B_peak3.0_x55_w10_e1_b7_r5,1790894340000,1790895420000,LIGHT
B_peak3.0_x55_w10_e1_b7_r5,1790895420000,1790895840000,DEEP
B_peak3.0_x55_w10_e1_b7_r5,1790895840000,1790895900000,LIGHT
B_peak3.0_x55_w10_e1_b7_r5,1790895900000,1790896320000,DEEP
B_peak3.0_x55_w10_e1_b7_r5,1790896320000,1790896349427,LIGHT
B_peak3.0_x55_w10_e2_b5_r3,1790875829427,1790880300000,LIGHT
B_peak3.0_x55_w10_e2_b5_r3,1790880300000,1790880660000,DEEP
B_peak3.0_x55_w10_e2_b5_r3,1790880660000,1790880720000,LIGHT
B_peak3.0_x55_w10_e2_b5_r3,1790880720000,1790881140000,DEEP
B_peak3.0_x55_w10_e2_b5_r3,1790881140000,1790881560000,LIGHT
B_peak3.0_x55_w10_e2_b5_r3,1790881560000,1790881860000,DEEP
B_peak3.0_x55_w10_e2_b5_r3,1790881860000,1790885160000,LIGHT
B_peak3.0_x55_w10_e2_b5_r3,1790885160000,1790885520000,DEEP
B_peak3.0_x55_w10_e2_b5_r3,1790885520000,1790885820000,LIGHT
B_peak3.0_x55_w10_e2_b5_r3,1790885820000,1790886120000,DEEP
B_peak3.0_x55_w10_e2_b5_r3,1790886120000,1790886300000,LIGHT
B_peak3.0_x55_w10_e2_b5_r3,1790886300000,1790889780000,DEEP
B_peak3.0_x55_w10_e2_b5_r3,1790889780000,1790889900000,LIGHT
B_peak3.0_x55_w10_e2_b5_r3,1790889900000,1790890260000,DEEP
B_peak3.0_x55_w10_e2_b5_r3,1790890260000,1790890860000,LIGHT
B_peak3.0_x55_w10_e2_b5_r3,1790890860000,1790891280000,DEEP
B_peak3.0_x55_w10_e2_b5_r3,1790891280000,1790892900000,LIGHT
B_peak3.0_x55_w10_e2_b5_r3,1790892900000,1790893320000,DEEP
B_peak3.0_x55_w10_e2_b5_r3,1790893320000,1790893560000,LIGHT
B_peak3.0_x55_w10_e2_b5_r3,1790893560000,1790893920000,DEEP
B_peak3.0_x55_w10_e2_b5_r3,1790893920000,1790893980000,LIGHT
B_peak3.0_x55_w10_e2_b5_r3,1790893980000,1790894340000,DEEP
B_peak3.0_x55_w10_e2_b5_r3,1790894340000,1790895420000,LIGHT
B_peak3.0_x55_w10_e2_b5_r3,1790895420000,1790895900000,DEEP
B_peak3.0_x55_w10_e2_b5_r3,1790895900000,1790895960000,LIGHT
B_peak3.0_x55_w10_e2_b5_r3,1790895960000,1790896320000,DEEP
B_peak3.0_x55_w10_e2_b5_r3,1790896320000,1790896349427,LIGHT
B_peak3.0_x55_w10_e2_b5_r5,1790875829427,1790880480000,LIGHT
B_peak3.0_x55_w10_e2_b5_r5,1790880480000,1790880780000,DEEP
B_peak3.0_x55_w10_e2_b5_r5,1790880780000,1790880840000,LIGHT
B_peak3.0_x55_w10_e2_b5_r5,1790880840000,1790881200000,DEEP
B_peak3.0_x55_w10_e2_b5_r5,1790881200000,1790881620000,LIGHT
B_peak3.0_x55_w10_e2_b5_r5,1790881620000,1790881920000,DEEP
B_peak3.0_x55_w10_e2_b5_r5,1790881920000,1790885160000,LIGHT
B_peak3.0_x55_w10_e2_b5_r5,1790885160000,1790885520000,DEEP
B_peak3.0_x55_w10_e2_b5_r5,1790885520000,1790885820000,LIGHT
B_peak3.0_x55_w10_e2_b5_r5,1790885820000,1790886180000,DEEP
B_peak3.0_x55_w10_e2_b5_r5,1790886180000,1790886300000,LIGHT
B_peak3.0_x55_w10_e2_b5_r5,1790886300000,1790889840000,DEEP
B_peak3.0_x55_w10_e2_b5_r5,1790889840000,1790889900000,LIGHT
B_peak3.0_x55_w10_e2_b5_r5,1790889900000,1790890320000,DEEP
B_peak3.0_x55_w10_e2_b5_r5,1790890320000,1790890560000,LIGHT
B_peak3.0_x55_w10_e2_b5_r5,1790890560000,1790890860000,DEEP
B_peak3.0_x55_w10_e2_b5_r5,1790890860000,1790890920000,LIGHT
B_peak3.0_x55_w10_e2_b5_r5,1790890920000,1790891340000,DEEP
B_peak3.0_x55_w10_e2_b5_r5,1790891340000,1790892900000,LIGHT
B_peak3.0_x55_w10_e2_b5_r5,1790892900000,1790893380000,DEEP
B_peak3.0_x55_w10_e2_b5_r5,1790893380000,1790893560000,LIGHT
B_peak3.0_x55_w10_e2_b5_r5,1790893560000,1790894400000,DEEP
B_peak3.0_x55_w10_e2_b5_r5,1790894400000,1790895420000,LIGHT
B_peak3.0_x55_w10_e2_b5_r5,1790895420000,1790896320000,DEEP
B_peak3.0_x55_w10_e2_b5_r5,1790896320000,1790896349427,LIGHT
B_peak3.0_x55_w10_e2_b7_r3,1790875829427,1790880720000,LIGHT
B_peak3.0_x55_w10_e2_b7_r3,1790880720000,1790881140000,DEEP
B_peak3.0_x55_w10_e2_b7_r3,1790881140000,1790886300000,LIGHT
B_peak3.0_x55_w10_e2_b7_r3,1790886300000,1790889780000,DEEP
B_peak3.0_x55_w10_e2_b7_r3,1790889780000,1790890860000,LIGHT
B_peak3.0_x55_w10_e2_b7_r3,1790890860000,1790891280000,DEEP
B_peak3.0_x55_w10_e2_b7_r3,1790891280000,1790892900000,LIGHT
B_peak3.0_x55_w10_e2_b7_r3,1790892900000,1790893320000,DEEP
B_peak3.0_x55_w10_e2_b7_r3,1790893320000,1790895420000,LIGHT
B_peak3.0_x55_w10_e2_b7_r3,1790895420000,1790895900000,DEEP
B_peak3.0_x55_w10_e2_b7_r3,1790895900000,1790896349427,LIGHT
B_peak3.0_x55_w10_e2_b7_r5,1790875829427,1790886300000,LIGHT
B_peak3.0_x55_w10_e2_b7_r5,1790886300000,1790889840000,DEEP
B_peak3.0_x55_w10_e2_b7_r5,1790889840000,1790889900000,LIGHT
B_peak3.0_x55_w10_e2_b7_r5,1790889900000,1790890320000,DEEP
B_peak3.0_x55_w10_e2_b7_r5,1790890320000,1790890920000,LIGHT
B_peak3.0_x55_w10_e2_b7_r5,1790890920000,1790891340000,DEEP
B_peak3.0_x55_w10_e2_b7_r5,1790891340000,1790892900000,LIGHT
B_peak3.0_x55_w10_e2_b7_r5,1790892900000,1790893380000,DEEP
B_peak3.0_x55_w10_e2_b7_r5,1790893380000,1790893560000,LIGHT
B_peak3.0_x55_w10_e2_b7_r5,1790893560000,1790894400000,DEEP
B_peak3.0_x55_w10_e2_b7_r5,1790894400000,1790895420000,LIGHT
B_peak3.0_x55_w10_e2_b7_r5,1790895420000,1790896320000,DEEP
B_peak3.0_x55_w10_e2_b7_r5,1790896320000,1790896349427,LIGHT
B_peak3.0_x55_w12_e1_b5_r3,1790875829427,1790880780000,LIGHT
B_peak3.0_x55_w12_e1_b5_r3,1790880780000,1790881080000,DEEP
B_peak3.0_x55_w12_e1_b5_r3,1790881080000,1790886300000,LIGHT
B_peak3.0_x55_w12_e1_b5_r3,1790886300000,1790889720000,DEEP
B_peak3.0_x55_w12_e1_b5_r3,1790889720000,1790889900000,LIGHT
B_peak3.0_x55_w12_e1_b5_r3,1790889900000,1790890200000,DEEP
B_peak3.0_x55_w12_e1_b5_r3,1790890200000,1790890920000,LIGHT
B_peak3.0_x55_w12_e1_b5_r3,1790890920000,1790891220000,DEEP
B_peak3.0_x55_w12_e1_b5_r3,1790891220000,1790892960000,LIGHT
B_peak3.0_x55_w12_e1_b5_r3,1790892960000,1790893260000,DEEP
B_peak3.0_x55_w12_e1_b5_r3,1790893260000,1790893560000,LIGHT
B_peak3.0_x55_w12_e1_b5_r3,1790893560000,1790893860000,DEEP
B_peak3.0_x55_w12_e1_b5_r3,1790893860000,1790893920000,LIGHT
B_peak3.0_x55_w12_e1_b5_r3,1790893920000,1790894280000,DEEP
B_peak3.0_x55_w12_e1_b5_r3,1790894280000,1790895420000,LIGHT
B_peak3.0_x55_w12_e1_b5_r3,1790895420000,1790895840000,DEEP
B_peak3.0_x55_w12_e1_b5_r3,1790895840000,1790895900000,LIGHT
B_peak3.0_x55_w12_e1_b5_r3,1790895900000,1790896320000,DEEP
B_peak3.0_x55_w12_e1_b5_r3,1790896320000,1790896349427,LIGHT
B_peak3.0_x55_w12_e1_b5_r5,1790875829427,1790880780000,LIGHT
B_peak3.0_x55_w12_e1_b5_r5,1790880780000,1790881140000,DEEP
B_peak3.0_x55_w12_e1_b5_r5,1790881140000,1790885820000,LIGHT
B_peak3.0_x55_w12_e1_b5_r5,1790885820000,1790886120000,DEEP
B_peak3.0_x55_w12_e1_b5_r5,1790886120000,1790886420000,LIGHT
B_peak3.0_x55_w12_e1_b5_r5,1790886420000,1790889780000,DEEP
B_peak3.0_x55_w12_e1_b5_r5,1790889780000,1790890920000,LIGHT
B_peak3.0_x55_w12_e1_b5_r5,1790890920000,1790891280000,DEEP
B_peak3.0_x55_w12_e1_b5_r5,1790891280000,1790892960000,LIGHT
B_peak3.0_x55_w12_e1_b5_r5,1790892960000,1790893320000,DEEP
B_peak3.0_x55_w12_e1_b5_r5,1790893320000,1790893560000,LIGHT
B_peak3.0_x55_w12_e1_b5_r5,1790893560000,1790894340000,DEEP
B_peak3.0_x55_w12_e1_b5_r5,1790894340000,1790895420000,LIGHT
B_peak3.0_x55_w12_e1_b5_r5,1790895420000,1790895840000,DEEP
B_peak3.0_x55_w12_e1_b5_r5,1790895840000,1790895900000,LIGHT
B_peak3.0_x55_w12_e1_b5_r5,1790895900000,1790896320000,DEEP
B_peak3.0_x55_w12_e1_b5_r5,1790896320000,1790896349427,LIGHT
B_peak3.0_x55_w12_e1_b7_r3,1790875829427,1790886300000,LIGHT
B_peak3.0_x55_w12_e1_b7_r3,1790886300000,1790889720000,DEEP
B_peak3.0_x55_w12_e1_b7_r3,1790889720000,1790895420000,LIGHT
B_peak3.0_x55_w12_e1_b7_r3,1790895420000,1790895840000,DEEP
B_peak3.0_x55_w12_e1_b7_r3,1790895840000,1790895900000,LIGHT
B_peak3.0_x55_w12_e1_b7_r3,1790895900000,1790896320000,DEEP
B_peak3.0_x55_w12_e1_b7_r3,1790896320000,1790896349427,LIGHT
B_peak3.0_x55_w12_e1_b7_r5,1790875829427,1790886420000,LIGHT
B_peak3.0_x55_w12_e1_b7_r5,1790886420000,1790889780000,DEEP
B_peak3.0_x55_w12_e1_b7_r5,1790889780000,1790893560000,LIGHT
B_peak3.0_x55_w12_e1_b7_r5,1790893560000,1790894340000,DEEP
B_peak3.0_x55_w12_e1_b7_r5,1790894340000,1790895420000,LIGHT
B_peak3.0_x55_w12_e1_b7_r5,1790895420000,1790895840000,DEEP
B_peak3.0_x55_w12_e1_b7_r5,1790895840000,1790895900000,LIGHT
B_peak3.0_x55_w12_e1_b7_r5,1790895900000,1790896320000,DEEP
B_peak3.0_x55_w12_e1_b7_r5,1790896320000,1790896349427,LIGHT
B_peak3.0_x55_w12_e2_b5_r3,1790875829427,1790880360000,LIGHT
B_peak3.0_x55_w12_e2_b5_r3,1790880360000,1790880660000,DEEP
B_peak3.0_x55_w12_e2_b5_r3,1790880660000,1790880720000,LIGHT
B_peak3.0_x55_w12_e2_b5_r3,1790880720000,1790881140000,DEEP
B_peak3.0_x55_w12_e2_b5_r3,1790881140000,1790881560000,LIGHT
B_peak3.0_x55_w12_e2_b5_r3,1790881560000,1790881860000,DEEP
B_peak3.0_x55_w12_e2_b5_r3,1790881860000,1790885820000,LIGHT
B_peak3.0_x55_w12_e2_b5_r3,1790885820000,1790886120000,DEEP
B_peak3.0_x55_w12_e2_b5_r3,1790886120000,1790886300000,LIGHT
B_peak3.0_x55_w12_e2_b5_r3,1790886300000,1790889780000,DEEP
B_peak3.0_x55_w12_e2_b5_r3,1790889780000,1790889900000,LIGHT
B_peak3.0_x55_w12_e2_b5_r3,1790889900000,1790890260000,DEEP
B_peak3.0_x55_w12_e2_b5_r3,1790890260000,1790890920000,LIGHT
B_peak3.0_x55_w12_e2_b5_r3,1790890920000,1790891280000,DEEP
B_peak3.0_x55_w12_e2_b5_r3,1790891280000,1790892960000,LIGHT
B_peak3.0_x55_w12_e2_b5_r3,1790892960000,1790893320000,DEEP
B_peak3.0_x55_w12_e2_b5_r3,1790893320000,1790893560000,LIGHT
B_peak3.0_x55_w12_e2_b5_r3,1790893560000,1790893920000,DEEP
B_peak3.0_x55_w12_e2_b5_r3,1790893920000,1790893980000,LIGHT
B_peak3.0_x55_w12_e2_b5_r3,1790893980000,1790894340000,DEEP
B_peak3.0_x55_w12_e2_b5_r3,1790894340000,1790895420000,LIGHT
B_peak3.0_x55_w12_e2_b5_r3,1790895420000,1790895900000,DEEP
B_peak3.0_x55_w12_e2_b5_r3,1790895900000,1790895960000,LIGHT
B_peak3.0_x55_w12_e2_b5_r3,1790895960000,1790896320000,DEEP
B_peak3.0_x55_w12_e2_b5_r3,1790896320000,1790896349427,LIGHT
B_peak3.0_x55_w12_e2_b5_r5,1790875829427,1790880360000,LIGHT
B_peak3.0_x55_w12_e2_b5_r5,1790880360000,1790880780000,DEEP
B_peak3.0_x55_w12_e2_b5_r5,1790880780000,1790880840000,LIGHT
B_peak3.0_x55_w12_e2_b5_r5,1790880840000,1790881200000,DEEP
B_peak3.0_x55_w12_e2_b5_r5,1790881200000,1790881620000,LIGHT
B_peak3.0_x55_w12_e2_b5_r5,1790881620000,1790881920000,DEEP
B_peak3.0_x55_w12_e2_b5_r5,1790881920000,1790885820000,LIGHT
B_peak3.0_x55_w12_e2_b5_r5,1790885820000,1790886180000,DEEP
B_peak3.0_x55_w12_e2_b5_r5,1790886180000,1790886300000,LIGHT
B_peak3.0_x55_w12_e2_b5_r5,1790886300000,1790889840000,DEEP
B_peak3.0_x55_w12_e2_b5_r5,1790889840000,1790889900000,LIGHT
B_peak3.0_x55_w12_e2_b5_r5,1790889900000,1790890320000,DEEP
B_peak3.0_x55_w12_e2_b5_r5,1790890320000,1790890560000,LIGHT
B_peak3.0_x55_w12_e2_b5_r5,1790890560000,1790890860000,DEEP
B_peak3.0_x55_w12_e2_b5_r5,1790890860000,1790890920000,LIGHT
B_peak3.0_x55_w12_e2_b5_r5,1790890920000,1790891340000,DEEP
B_peak3.0_x55_w12_e2_b5_r5,1790891340000,1790892960000,LIGHT
B_peak3.0_x55_w12_e2_b5_r5,1790892960000,1790893380000,DEEP
B_peak3.0_x55_w12_e2_b5_r5,1790893380000,1790893560000,LIGHT
B_peak3.0_x55_w12_e2_b5_r5,1790893560000,1790894400000,DEEP
B_peak3.0_x55_w12_e2_b5_r5,1790894400000,1790895420000,LIGHT
B_peak3.0_x55_w12_e2_b5_r5,1790895420000,1790896320000,DEEP
B_peak3.0_x55_w12_e2_b5_r5,1790896320000,1790896349427,LIGHT
B_peak3.0_x55_w12_e2_b7_r3,1790875829427,1790880720000,LIGHT
B_peak3.0_x55_w12_e2_b7_r3,1790880720000,1790881140000,DEEP
B_peak3.0_x55_w12_e2_b7_r3,1790881140000,1790886300000,LIGHT
B_peak3.0_x55_w12_e2_b7_r3,1790886300000,1790889780000,DEEP
B_peak3.0_x55_w12_e2_b7_r3,1790889780000,1790895420000,LIGHT
B_peak3.0_x55_w12_e2_b7_r3,1790895420000,1790895900000,DEEP
B_peak3.0_x55_w12_e2_b7_r3,1790895900000,1790896349427,LIGHT
B_peak3.0_x55_w12_e2_b7_r5,1790875829427,1790880360000,LIGHT
B_peak3.0_x55_w12_e2_b7_r5,1790880360000,1790880780000,DEEP
B_peak3.0_x55_w12_e2_b7_r5,1790880780000,1790886300000,LIGHT
B_peak3.0_x55_w12_e2_b7_r5,1790886300000,1790889840000,DEEP
B_peak3.0_x55_w12_e2_b7_r5,1790889840000,1790889900000,LIGHT
B_peak3.0_x55_w12_e2_b7_r5,1790889900000,1790890320000,DEEP
B_peak3.0_x55_w12_e2_b7_r5,1790890320000,1790890920000,LIGHT
B_peak3.0_x55_w12_e2_b7_r5,1790890920000,1790891340000,DEEP
B_peak3.0_x55_w12_e2_b7_r5,1790891340000,1790892960000,LIGHT
B_peak3.0_x55_w12_e2_b7_r5,1790892960000,1790893380000,DEEP
B_peak3.0_x55_w12_e2_b7_r5,1790893380000,1790893560000,LIGHT
B_peak3.0_x55_w12_e2_b7_r5,1790893560000,1790894400000,DEEP
B_peak3.0_x55_w12_e2_b7_r5,1790894400000,1790895420000,LIGHT
B_peak3.0_x55_w12_e2_b7_r5,1790895420000,1790896320000,DEEP
B_peak3.0_x55_w12_e2_b7_r5,1790896320000,1790896349427,LIGHT
B_peak3.0_x55_w15_e1_b5_r3,1790875829427,1790880780000,LIGHT
B_peak3.0_x55_w15_e1_b5_r3,1790880780000,1790881080000,DEEP
B_peak3.0_x55_w15_e1_b5_r3,1790881080000,1790886300000,LIGHT
B_peak3.0_x55_w15_e1_b5_r3,1790886300000,1790889720000,DEEP
B_peak3.0_x55_w15_e1_b5_r3,1790889720000,1790889900000,LIGHT
B_peak3.0_x55_w15_e1_b5_r3,1790889900000,1790890200000,DEEP
B_peak3.0_x55_w15_e1_b5_r3,1790890200000,1790893560000,LIGHT
B_peak3.0_x55_w15_e1_b5_r3,1790893560000,1790893860000,DEEP
B_peak3.0_x55_w15_e1_b5_r3,1790893860000,1790893920000,LIGHT
B_peak3.0_x55_w15_e1_b5_r3,1790893920000,1790894280000,DEEP
B_peak3.0_x55_w15_e1_b5_r3,1790894280000,1790895420000,LIGHT
B_peak3.0_x55_w15_e1_b5_r3,1790895420000,1790895840000,DEEP
B_peak3.0_x55_w15_e1_b5_r3,1790895840000,1790895900000,LIGHT
B_peak3.0_x55_w15_e1_b5_r3,1790895900000,1790896320000,DEEP
B_peak3.0_x55_w15_e1_b5_r3,1790896320000,1790896349427,LIGHT
B_peak3.0_x55_w15_e1_b5_r5,1790875829427,1790880420000,LIGHT
B_peak3.0_x55_w15_e1_b5_r5,1790880420000,1790880720000,DEEP
B_peak3.0_x55_w15_e1_b5_r5,1790880720000,1790880780000,LIGHT
B_peak3.0_x55_w15_e1_b5_r5,1790880780000,1790881140000,DEEP
B_peak3.0_x55_w15_e1_b5_r5,1790881140000,1790885820000,LIGHT
B_peak3.0_x55_w15_e1_b5_r5,1790885820000,1790886120000,DEEP
B_peak3.0_x55_w15_e1_b5_r5,1790886120000,1790886420000,LIGHT
B_peak3.0_x55_w15_e1_b5_r5,1790886420000,1790889780000,DEEP
B_peak3.0_x55_w15_e1_b5_r5,1790889780000,1790893560000,LIGHT
B_peak3.0_x55_w15_e1_b5_r5,1790893560000,1790894340000,DEEP
B_peak3.0_x55_w15_e1_b5_r5,1790894340000,1790895420000,LIGHT
B_peak3.0_x55_w15_e1_b5_r5,1790895420000,1790895840000,DEEP
B_peak3.0_x55_w15_e1_b5_r5,1790895840000,1790895900000,LIGHT
B_peak3.0_x55_w15_e1_b5_r5,1790895900000,1790896320000,DEEP
B_peak3.0_x55_w15_e1_b5_r5,1790896320000,1790896349427,LIGHT
B_peak3.0_x55_w15_e1_b7_r3,1790875829427,1790886300000,LIGHT
B_peak3.0_x55_w15_e1_b7_r3,1790886300000,1790889720000,DEEP
B_peak3.0_x55_w15_e1_b7_r3,1790889720000,1790895420000,LIGHT
B_peak3.0_x55_w15_e1_b7_r3,1790895420000,1790895840000,DEEP
B_peak3.0_x55_w15_e1_b7_r3,1790895840000,1790895900000,LIGHT
B_peak3.0_x55_w15_e1_b7_r3,1790895900000,1790896320000,DEEP
B_peak3.0_x55_w15_e1_b7_r3,1790896320000,1790896349427,LIGHT
B_peak3.0_x55_w15_e1_b7_r5,1790875829427,1790886420000,LIGHT
B_peak3.0_x55_w15_e1_b7_r5,1790886420000,1790889780000,DEEP
B_peak3.0_x55_w15_e1_b7_r5,1790889780000,1790893560000,LIGHT
B_peak3.0_x55_w15_e1_b7_r5,1790893560000,1790894340000,DEEP
B_peak3.0_x55_w15_e1_b7_r5,1790894340000,1790895420000,LIGHT
B_peak3.0_x55_w15_e1_b7_r5,1790895420000,1790895840000,DEEP
B_peak3.0_x55_w15_e1_b7_r5,1790895840000,1790895900000,LIGHT
B_peak3.0_x55_w15_e1_b7_r5,1790895900000,1790896320000,DEEP
B_peak3.0_x55_w15_e1_b7_r5,1790896320000,1790896349427,LIGHT
B_peak3.0_x55_w15_e2_b5_r3,1790875829427,1790880360000,LIGHT
B_peak3.0_x55_w15_e2_b5_r3,1790880360000,1790880660000,DEEP
B_peak3.0_x55_w15_e2_b5_r3,1790880660000,1790880720000,LIGHT
B_peak3.0_x55_w15_e2_b5_r3,1790880720000,1790881140000,DEEP
B_peak3.0_x55_w15_e2_b5_r3,1790881140000,1790881560000,LIGHT
B_peak3.0_x55_w15_e2_b5_r3,1790881560000,1790881860000,DEEP
B_peak3.0_x55_w15_e2_b5_r3,1790881860000,1790885820000,LIGHT
B_peak3.0_x55_w15_e2_b5_r3,1790885820000,1790886120000,DEEP
B_peak3.0_x55_w15_e2_b5_r3,1790886120000,1790886300000,LIGHT
B_peak3.0_x55_w15_e2_b5_r3,1790886300000,1790889780000,DEEP
B_peak3.0_x55_w15_e2_b5_r3,1790889780000,1790889900000,LIGHT
B_peak3.0_x55_w15_e2_b5_r3,1790889900000,1790890260000,DEEP
B_peak3.0_x55_w15_e2_b5_r3,1790890260000,1790893560000,LIGHT
B_peak3.0_x55_w15_e2_b5_r3,1790893560000,1790893920000,DEEP
B_peak3.0_x55_w15_e2_b5_r3,1790893920000,1790893980000,LIGHT
B_peak3.0_x55_w15_e2_b5_r3,1790893980000,1790894340000,DEEP
B_peak3.0_x55_w15_e2_b5_r3,1790894340000,1790895360000,LIGHT
B_peak3.0_x55_w15_e2_b5_r3,1790895360000,1790895900000,DEEP
B_peak3.0_x55_w15_e2_b5_r3,1790895900000,1790895960000,LIGHT
B_peak3.0_x55_w15_e2_b5_r3,1790895960000,1790896320000,DEEP
B_peak3.0_x55_w15_e2_b5_r3,1790896320000,1790896349427,LIGHT
B_peak3.0_x55_w15_e2_b5_r5,1790875829427,1790880360000,LIGHT
B_peak3.0_x55_w15_e2_b5_r5,1790880360000,1790880780000,DEEP
B_peak3.0_x55_w15_e2_b5_r5,1790880780000,1790880840000,LIGHT
B_peak3.0_x55_w15_e2_b5_r5,1790880840000,1790881200000,DEEP
B_peak3.0_x55_w15_e2_b5_r5,1790881200000,1790881620000,LIGHT
B_peak3.0_x55_w15_e2_b5_r5,1790881620000,1790881920000,DEEP
B_peak3.0_x55_w15_e2_b5_r5,1790881920000,1790885820000,LIGHT
B_peak3.0_x55_w15_e2_b5_r5,1790885820000,1790886180000,DEEP
B_peak3.0_x55_w15_e2_b5_r5,1790886180000,1790886300000,LIGHT
B_peak3.0_x55_w15_e2_b5_r5,1790886300000,1790889840000,DEEP
B_peak3.0_x55_w15_e2_b5_r5,1790889840000,1790889900000,LIGHT
B_peak3.0_x55_w15_e2_b5_r5,1790889900000,1790890320000,DEEP
B_peak3.0_x55_w15_e2_b5_r5,1790890320000,1790890560000,LIGHT
B_peak3.0_x55_w15_e2_b5_r5,1790890560000,1790890860000,DEEP
B_peak3.0_x55_w15_e2_b5_r5,1790890860000,1790891040000,LIGHT
B_peak3.0_x55_w15_e2_b5_r5,1790891040000,1790891340000,DEEP
B_peak3.0_x55_w15_e2_b5_r5,1790891340000,1790893080000,LIGHT
B_peak3.0_x55_w15_e2_b5_r5,1790893080000,1790893380000,DEEP
B_peak3.0_x55_w15_e2_b5_r5,1790893380000,1790893560000,LIGHT
B_peak3.0_x55_w15_e2_b5_r5,1790893560000,1790894400000,DEEP
B_peak3.0_x55_w15_e2_b5_r5,1790894400000,1790895360000,LIGHT
B_peak3.0_x55_w15_e2_b5_r5,1790895360000,1790896320000,DEEP
B_peak3.0_x55_w15_e2_b5_r5,1790896320000,1790896349427,LIGHT
B_peak3.0_x55_w15_e2_b7_r3,1790875829427,1790880720000,LIGHT
B_peak3.0_x55_w15_e2_b7_r3,1790880720000,1790881140000,DEEP
B_peak3.0_x55_w15_e2_b7_r3,1790881140000,1790886300000,LIGHT
B_peak3.0_x55_w15_e2_b7_r3,1790886300000,1790889780000,DEEP
B_peak3.0_x55_w15_e2_b7_r3,1790889780000,1790895360000,LIGHT
B_peak3.0_x55_w15_e2_b7_r3,1790895360000,1790895900000,DEEP
B_peak3.0_x55_w15_e2_b7_r3,1790895900000,1790896349427,LIGHT
B_peak3.0_x55_w15_e2_b7_r5,1790875829427,1790880360000,LIGHT
B_peak3.0_x55_w15_e2_b7_r5,1790880360000,1790880780000,DEEP
B_peak3.0_x55_w15_e2_b7_r5,1790880780000,1790886300000,LIGHT
B_peak3.0_x55_w15_e2_b7_r5,1790886300000,1790889840000,DEEP
B_peak3.0_x55_w15_e2_b7_r5,1790889840000,1790889900000,LIGHT
B_peak3.0_x55_w15_e2_b7_r5,1790889900000,1790890320000,DEEP
B_peak3.0_x55_w15_e2_b7_r5,1790890320000,1790893560000,LIGHT
B_peak3.0_x55_w15_e2_b7_r5,1790893560000,1790894400000,DEEP
B_peak3.0_x55_w15_e2_b7_r5,1790894400000,1790895360000,LIGHT
B_peak3.0_x55_w15_e2_b7_r5,1790895360000,1790896320000,DEEP
B_peak3.0_x55_w15_e2_b7_r5,1790896320000,1790896349427,LIGHT
B_peak3.0_x60_w10_e1_b5_r3,1790875829427,1790880360000,LIGHT
B_peak3.0_x60_w10_e1_b5_r3,1790880360000,1790880720000,DEEP
B_peak3.0_x60_w10_e1_b5_r3,1790880720000,1790880780000,LIGHT
B_peak3.0_x60_w10_e1_b5_r3,1790880780000,1790881080000,DEEP
B_peak3.0_x60_w10_e1_b5_r3,1790881080000,1790885160000,LIGHT
B_peak3.0_x60_w10_e1_b5_r3,1790885160000,1790885460000,DEEP
B_peak3.0_x60_w10_e1_b5_r3,1790885460000,1790886300000,LIGHT
B_peak3.0_x60_w10_e1_b5_r3,1790886300000,1790889720000,DEEP
B_peak3.0_x60_w10_e1_b5_r3,1790889720000,1790889900000,LIGHT
B_peak3.0_x60_w10_e1_b5_r3,1790889900000,1790890200000,DEEP
B_peak3.0_x60_w10_e1_b5_r3,1790890200000,1790890860000,LIGHT
B_peak3.0_x60_w10_e1_b5_r3,1790890860000,1790891220000,DEEP
B_peak3.0_x60_w10_e1_b5_r3,1790891220000,1790892900000,LIGHT
B_peak3.0_x60_w10_e1_b5_r3,1790892900000,1790893260000,DEEP
B_peak3.0_x60_w10_e1_b5_r3,1790893260000,1790893560000,LIGHT
B_peak3.0_x60_w10_e1_b5_r3,1790893560000,1790893860000,DEEP
B_peak3.0_x60_w10_e1_b5_r3,1790893860000,1790893920000,LIGHT
B_peak3.0_x60_w10_e1_b5_r3,1790893920000,1790894280000,DEEP
B_peak3.0_x60_w10_e1_b5_r3,1790894280000,1790895060000,LIGHT
B_peak3.0_x60_w10_e1_b5_r3,1790895060000,1790895360000,DEEP
B_peak3.0_x60_w10_e1_b5_r3,1790895360000,1790895420000,LIGHT
B_peak3.0_x60_w10_e1_b5_r3,1790895420000,1790896320000,DEEP
B_peak3.0_x60_w10_e1_b5_r3,1790896320000,1790896349427,LIGHT
B_peak3.0_x60_w10_e1_b7_r3,1790875829427,1790886300000,LIGHT
B_peak3.0_x60_w10_e1_b7_r3,1790886300000,1790889720000,DEEP
B_peak3.0_x60_w10_e1_b7_r3,1790889720000,1790895420000,LIGHT
B_peak3.0_x60_w10_e1_b7_r3,1790895420000,1790896320000,DEEP
B_peak3.0_x60_w10_e1_b7_r3,1790896320000,1790896349427,LIGHT
B_peak3.0_x60_w10_e1_b7_r5,1790875829427,1790880300000,LIGHT
B_peak3.0_x60_w10_e1_b7_r5,1790880300000,1790881140000,DEEP
B_peak3.0_x60_w10_e1_b7_r5,1790881140000,1790886300000,LIGHT
B_peak3.0_x60_w10_e1_b7_r5,1790886300000,1790889780000,DEEP
B_peak3.0_x60_w10_e1_b7_r5,1790889780000,1790892900000,LIGHT
B_peak3.0_x60_w10_e1_b7_r5,1790892900000,1790893320000,DEEP
B_peak3.0_x60_w10_e1_b7_r5,1790893320000,1790893560000,LIGHT
B_peak3.0_x60_w10_e1_b7_r5,1790893560000,1790894340000,DEEP
B_peak3.0_x60_w10_e1_b7_r5,1790894340000,1790895060000,LIGHT
B_peak3.0_x60_w10_e1_b7_r5,1790895060000,1790896320000,DEEP
B_peak3.0_x60_w10_e1_b7_r5,1790896320000,1790896349427,LIGHT
B_peak3.0_x60_w10_e2_b5_r3,1790875829427,1790880420000,LIGHT
B_peak3.0_x60_w10_e2_b5_r3,1790880420000,1790881140000,DEEP
B_peak3.0_x60_w10_e2_b5_r3,1790881140000,1790881560000,LIGHT
B_peak3.0_x60_w10_e2_b5_r3,1790881560000,1790882100000,DEEP
B_peak3.0_x60_w10_e2_b5_r3,1790882100000,1790885160000,LIGHT
B_peak3.0_x60_w10_e2_b5_r3,1790885160000,1790885520000,DEEP
B_peak3.0_x60_w10_e2_b5_r3,1790885520000,1790885820000,LIGHT
B_peak3.0_x60_w10_e2_b5_r3,1790885820000,1790886120000,DEEP
B_peak3.0_x60_w10_e2_b5_r3,1790886120000,1790886300000,LIGHT
B_peak3.0_x60_w10_e2_b5_r3,1790886300000,1790889780000,DEEP
B_peak3.0_x60_w10_e2_b5_r3,1790889780000,1790889900000,LIGHT
B_peak3.0_x60_w10_e2_b5_r3,1790889900000,1790890260000,DEEP
B_peak3.0_x60_w10_e2_b5_r3,1790890260000,1790890860000,LIGHT
B_peak3.0_x60_w10_e2_b5_r3,1790890860000,1790891280000,DEEP
B_peak3.0_x60_w10_e2_b5_r3,1790891280000,1790892900000,LIGHT
B_peak3.0_x60_w10_e2_b5_r3,1790892900000,1790893320000,DEEP
B_peak3.0_x60_w10_e2_b5_r3,1790893320000,1790893560000,LIGHT
B_peak3.0_x60_w10_e2_b5_r3,1790893560000,1790893920000,DEEP
B_peak3.0_x60_w10_e2_b5_r3,1790893920000,1790893980000,LIGHT
B_peak3.0_x60_w10_e2_b5_r3,1790893980000,1790894340000,DEEP
B_peak3.0_x60_w10_e2_b5_r3,1790894340000,1790895060000,LIGHT
B_peak3.0_x60_w10_e2_b5_r3,1790895060000,1790895420000,DEEP
B_peak3.0_x60_w10_e2_b5_r3,1790895420000,1790895480000,LIGHT
B_peak3.0_x60_w10_e2_b5_r3,1790895480000,1790896320000,DEEP
B_peak3.0_x60_w10_e2_b5_r3,1790896320000,1790896349427,LIGHT
B_peak3.0_x60_w10_e2_b5_r5,1790875829427,1790880360000,LIGHT
B_peak3.0_x60_w10_e2_b5_r5,1790880360000,1790881200000,DEEP
B_peak3.0_x60_w10_e2_b5_r5,1790881200000,1790881620000,LIGHT
B_peak3.0_x60_w10_e2_b5_r5,1790881620000,1790882100000,DEEP
B_peak3.0_x60_w10_e2_b5_r5,1790882100000,1790885160000,LIGHT
B_peak3.0_x60_w10_e2_b5_r5,1790885160000,1790885520000,DEEP
B_peak3.0_x60_w10_e2_b5_r5,1790885520000,1790885820000,LIGHT
B_peak3.0_x60_w10_e2_b5_r5,1790885820000,1790886180000,DEEP
B_peak3.0_x60_w10_e2_b5_r5,1790886180000,1790886300000,LIGHT
B_peak3.0_x60_w10_e2_b5_r5,1790886300000,1790889840000,DEEP
B_peak3.0_x60_w10_e2_b5_r5,1790889840000,1790889900000,LIGHT
B_peak3.0_x60_w10_e2_b5_r5,1790889900000,1790890320000,DEEP
B_peak3.0_x60_w10_e2_b5_r5,1790890320000,1790890560000,LIGHT
B_peak3.0_x60_w10_e2_b5_r5,1790890560000,1790890860000,DEEP
B_peak3.0_x60_w10_e2_b5_r5,1790890860000,1790890920000,LIGHT
B_peak3.0_x60_w10_e2_b5_r5,1790890920000,1790891340000,DEEP
B_peak3.0_x60_w10_e2_b5_r5,1790891340000,1790892900000,LIGHT
B_peak3.0_x60_w10_e2_b5_r5,1790892900000,1790893380000,DEEP
B_peak3.0_x60_w10_e2_b5_r5,1790893380000,1790893560000,LIGHT
B_peak3.0_x60_w10_e2_b5_r5,1790893560000,1790894400000,DEEP
B_peak3.0_x60_w10_e2_b5_r5,1790894400000,1790894580000,LIGHT
B_peak3.0_x60_w10_e2_b5_r5,1790894580000,1790894880000,DEEP
B_peak3.0_x60_w10_e2_b5_r5,1790894880000,1790895060000,LIGHT
B_peak3.0_x60_w10_e2_b5_r5,1790895060000,1790896320000,DEEP
B_peak3.0_x60_w10_e2_b5_r5,1790896320000,1790896349427,LIGHT
B_peak3.0_x60_w10_e2_b7_r3,1790875829427,1790880420000,LIGHT
B_peak3.0_x60_w10_e2_b7_r3,1790880420000,1790881140000,DEEP
B_peak3.0_x60_w10_e2_b7_r3,1790881140000,1790881560000,LIGHT
B_peak3.0_x60_w10_e2_b7_r3,1790881560000,1790882100000,DEEP
B_peak3.0_x60_w10_e2_b7_r3,1790882100000,1790886300000,LIGHT
B_peak3.0_x60_w10_e2_b7_r3,1790886300000,1790889780000,DEEP
B_peak3.0_x60_w10_e2_b7_r3,1790889780000,1790890860000,LIGHT
B_peak3.0_x60_w10_e2_b7_r3,1790890860000,1790891280000,DEEP
B_peak3.0_x60_w10_e2_b7_r3,1790891280000,1790892900000,LIGHT
B_peak3.0_x60_w10_e2_b7_r3,1790892900000,1790893320000,DEEP
B_peak3.0_x60_w10_e2_b7_r3,1790893320000,1790895480000,LIGHT
B_peak3.0_x60_w10_e2_b7_r3,1790895480000,1790896320000,DEEP
B_peak3.0_x60_w10_e2_b7_r3,1790896320000,1790896349427,LIGHT
B_peak3.0_x60_w10_e2_b7_r5,1790875829427,1790880360000,LIGHT
B_peak3.0_x60_w10_e2_b7_r5,1790880360000,1790881200000,DEEP
B_peak3.0_x60_w10_e2_b7_r5,1790881200000,1790881620000,LIGHT
B_peak3.0_x60_w10_e2_b7_r5,1790881620000,1790882100000,DEEP
B_peak3.0_x60_w10_e2_b7_r5,1790882100000,1790886300000,LIGHT
B_peak3.0_x60_w10_e2_b7_r5,1790886300000,1790889840000,DEEP
B_peak3.0_x60_w10_e2_b7_r5,1790889840000,1790889900000,LIGHT
B_peak3.0_x60_w10_e2_b7_r5,1790889900000,1790890320000,DEEP
B_peak3.0_x60_w10_e2_b7_r5,1790890320000,1790890920000,LIGHT
B_peak3.0_x60_w10_e2_b7_r5,1790890920000,1790891340000,DEEP
B_peak3.0_x60_w10_e2_b7_r5,1790891340000,1790892900000,LIGHT
B_peak3.0_x60_w10_e2_b7_r5,1790892900000,1790893380000,DEEP
B_peak3.0_x60_w10_e2_b7_r5,1790893380000,1790893560000,LIGHT
B_peak3.0_x60_w10_e2_b7_r5,1790893560000,1790894400000,DEEP
B_peak3.0_x60_w10_e2_b7_r5,1790894400000,1790895060000,LIGHT
B_peak3.0_x60_w10_e2_b7_r5,1790895060000,1790896320000,DEEP
B_peak3.0_x60_w10_e2_b7_r5,1790896320000,1790896349427,LIGHT
B_peak3.0_x60_w12_e1_b5_r3,1790875829427,1790880360000,LIGHT
B_peak3.0_x60_w12_e1_b5_r3,1790880360000,1790880720000,DEEP
B_peak3.0_x60_w12_e1_b5_r3,1790880720000,1790880780000,LIGHT
B_peak3.0_x60_w12_e1_b5_r3,1790880780000,1790881080000,DEEP
B_peak3.0_x60_w12_e1_b5_r3,1790881080000,1790886300000,LIGHT
B_peak3.0_x60_w12_e1_b5_r3,1790886300000,1790889720000,DEEP
B_peak3.0_x60_w12_e1_b5_r3,1790889720000,1790889900000,LIGHT
B_peak3.0_x60_w12_e1_b5_r3,1790889900000,1790890200000,DEEP
B_peak3.0_x60_w12_e1_b5_r3,1790890200000,1790890920000,LIGHT
B_peak3.0_x60_w12_e1_b5_r3,1790890920000,1790891220000,DEEP
B_peak3.0_x60_w12_e1_b5_r3,1790891220000,1790892960000,LIGHT
B_peak3.0_x60_w12_e1_b5_r3,1790892960000,1790893260000,DEEP
B_peak3.0_x60_w12_e1_b5_r3,1790893260000,1790893560000,LIGHT
B_peak3.0_x60_w12_e1_b5_r3,1790893560000,1790893860000,DEEP
B_peak3.0_x60_w12_e1_b5_r3,1790893860000,1790893920000,LIGHT
B_peak3.0_x60_w12_e1_b5_r3,1790893920000,1790894280000,DEEP
B_peak3.0_x60_w12_e1_b5_r3,1790894280000,1790895060000,LIGHT
B_peak3.0_x60_w12_e1_b5_r3,1790895060000,1790895360000,DEEP
B_peak3.0_x60_w12_e1_b5_r3,1790895360000,1790895420000,LIGHT
B_peak3.0_x60_w12_e1_b5_r3,1790895420000,1790896320000,DEEP
B_peak3.0_x60_w12_e1_b5_r3,1790896320000,1790896349427,LIGHT
B_peak3.0_x60_w12_e1_b5_r5,1790875829427,1790880300000,LIGHT
B_peak3.0_x60_w12_e1_b5_r5,1790880300000,1790881140000,DEEP
B_peak3.0_x60_w12_e1_b5_r5,1790881140000,1790881680000,LIGHT
B_peak3.0_x60_w12_e1_b5_r5,1790881680000,1790881980000,DEEP
B_peak3.0_x60_w12_e1_b5_r5,1790881980000,1790885820000,LIGHT
B_peak3.0_x60_w12_e1_b5_r5,1790885820000,1790886120000,DEEP
B_peak3.0_x60_w12_e1_b5_r5,1790886120000,1790886300000,LIGHT
B_peak3.0_x60_w12_e1_b5_r5,1790886300000,1790889780000,DEEP
B_peak3.0_x60_w12_e1_b5_r5,1790889780000,1790890920000,LIGHT
B_peak3.0_x60_w12_e1_b5_r5,1790890920000,1790891280000,DEEP
B_peak3.0_x60_w12_e1_b5_r5,1790891280000,1790892960000,LIGHT
B_peak3.0_x60_w12_e1_b5_r5,1790892960000,1790893320000,DEEP
B_peak3.0_x60_w12_e1_b5_r5,1790893320000,1790893560000,LIGHT
B_peak3.0_x60_w12_e1_b5_r5,1790893560000,1790894340000,DEEP
B_peak3.0_x60_w12_e1_b5_r5,1790894340000,1790895060000,LIGHT
B_peak3.0_x60_w12_e1_b5_r5,1790895060000,1790896320000,DEEP
B_peak3.0_x60_w12_e1_b5_r5,1790896320000,1790896349427,LIGHT
B_peak3.0_x60_w12_e1_b7_r3,1790875829427,1790886300000,LIGHT
B_peak3.0_x60_w12_e1_b7_r3,1790886300000,1790889720000,DEEP
B_peak3.0_x60_w12_e1_b7_r3,1790889720000,1790895420000,LIGHT
B_peak3.0_x60_w12_e1_b7_r3,1790895420000,1790896320000,DEEP
B_peak3.0_x60_w12_e1_b7_r3,1790896320000,1790896349427,LIGHT
B_peak3.0_x60_w12_e1_b7_r5,1790875829427,1790880300000,LIGHT
B_peak3.0_x60_w12_e1_b7_r5,1790880300000,1790881140000,DEEP
B_peak3.0_x60_w12_e1_b7_r5,1790881140000,1790886300000,LIGHT
B_peak3.0_x60_w12_e1_b7_r5,1790886300000,1790889780000,DEEP
B_peak3.0_x60_w12_e1_b7_r5,1790889780000,1790893560000,LIGHT
B_peak3.0_x60_w12_e1_b7_r5,1790893560000,1790894340000,DEEP
B_peak3.0_x60_w12_e1_b7_r5,1790894340000,1790895060000,LIGHT
B_peak3.0_x60_w12_e1_b7_r5,1790895060000,1790896320000,DEEP
B_peak3.0_x60_w12_e1_b7_r5,1790896320000,1790896349427,LIGHT
B_peak3.0_x60_w12_e2_b5_r3,1790875829427,1790880420000,LIGHT
B_peak3.0_x60_w12_e2_b5_r3,1790880420000,1790881140000,DEEP
B_peak3.0_x60_w12_e2_b5_r3,1790881140000,1790881560000,LIGHT
B_peak3.0_x60_w12_e2_b5_r3,1790881560000,1790882100000,DEEP
B_peak3.0_x60_w12_e2_b5_r3,1790882100000,1790885820000,LIGHT
B_peak3.0_x60_w12_e2_b5_r3,1790885820000,1790886120000,DEEP
B_peak3.0_x60_w12_e2_b5_r3,1790886120000,1790886300000,LIGHT
B_peak3.0_x60_w12_e2_b5_r3,1790886300000,1790889780000,DEEP
B_peak3.0_x60_w12_e2_b5_r3,1790889780000,1790889900000,LIGHT
B_peak3.0_x60_w12_e2_b5_r3,1790889900000,1790890260000,DEEP
B_peak3.0_x60_w12_e2_b5_r3,1790890260000,1790890920000,LIGHT
B_peak3.0_x60_w12_e2_b5_r3,1790890920000,1790891280000,DEEP
B_peak3.0_x60_w12_e2_b5_r3,1790891280000,1790892960000,LIGHT
B_peak3.0_x60_w12_e2_b5_r3,1790892960000,1790893320000,DEEP
B_peak3.0_x60_w12_e2_b5_r3,1790893320000,1790893560000,LIGHT
B_peak3.0_x60_w12_e2_b5_r3,1790893560000,1790893920000,DEEP
B_peak3.0_x60_w12_e2_b5_r3,1790893920000,1790893980000,LIGHT
B_peak3.0_x60_w12_e2_b5_r3,1790893980000,1790894340000,DEEP
B_peak3.0_x60_w12_e2_b5_r3,1790894340000,1790895060000,LIGHT
B_peak3.0_x60_w12_e2_b5_r3,1790895060000,1790895420000,DEEP
B_peak3.0_x60_w12_e2_b5_r3,1790895420000,1790895480000,LIGHT
B_peak3.0_x60_w12_e2_b5_r3,1790895480000,1790896320000,DEEP
B_peak3.0_x60_w12_e2_b5_r3,1790896320000,1790896349427,LIGHT
B_peak3.0_x60_w12_e2_b5_r5,1790875829427,1790880360000,LIGHT
B_peak3.0_x60_w12_e2_b5_r5,1790880360000,1790881200000,DEEP
B_peak3.0_x60_w12_e2_b5_r5,1790881200000,1790881620000,LIGHT
B_peak3.0_x60_w12_e2_b5_r5,1790881620000,1790882100000,DEEP
B_peak3.0_x60_w12_e2_b5_r5,1790882100000,1790885820000,LIGHT
B_peak3.0_x60_w12_e2_b5_r5,1790885820000,1790886180000,DEEP
B_peak3.0_x60_w12_e2_b5_r5,1790886180000,1790886300000,LIGHT
B_peak3.0_x60_w12_e2_b5_r5,1790886300000,1790889840000,DEEP
B_peak3.0_x60_w12_e2_b5_r5,1790889840000,1790889900000,LIGHT
B_peak3.0_x60_w12_e2_b5_r5,1790889900000,1790890320000,DEEP
B_peak3.0_x60_w12_e2_b5_r5,1790890320000,1790890560000,LIGHT
B_peak3.0_x60_w12_e2_b5_r5,1790890560000,1790890860000,DEEP
B_peak3.0_x60_w12_e2_b5_r5,1790890860000,1790890920000,LIGHT
B_peak3.0_x60_w12_e2_b5_r5,1790890920000,1790891340000,DEEP
B_peak3.0_x60_w12_e2_b5_r5,1790891340000,1790892960000,LIGHT
B_peak3.0_x60_w12_e2_b5_r5,1790892960000,1790893380000,DEEP
B_peak3.0_x60_w12_e2_b5_r5,1790893380000,1790893560000,LIGHT
B_peak3.0_x60_w12_e2_b5_r5,1790893560000,1790894400000,DEEP
B_peak3.0_x60_w12_e2_b5_r5,1790894400000,1790894580000,LIGHT
B_peak3.0_x60_w12_e2_b5_r5,1790894580000,1790894880000,DEEP
B_peak3.0_x60_w12_e2_b5_r5,1790894880000,1790895060000,LIGHT
B_peak3.0_x60_w12_e2_b5_r5,1790895060000,1790896320000,DEEP
B_peak3.0_x60_w12_e2_b5_r5,1790896320000,1790896349427,LIGHT
B_peak3.0_x60_w12_e2_b7_r3,1790875829427,1790880420000,LIGHT
B_peak3.0_x60_w12_e2_b7_r3,1790880420000,1790881140000,DEEP
B_peak3.0_x60_w12_e2_b7_r3,1790881140000,1790881560000,LIGHT
B_peak3.0_x60_w12_e2_b7_r3,1790881560000,1790882100000,DEEP
B_peak3.0_x60_w12_e2_b7_r3,1790882100000,1790886300000,LIGHT
B_peak3.0_x60_w12_e2_b7_r3,1790886300000,1790889780000,DEEP
B_peak3.0_x60_w12_e2_b7_r3,1790889780000,1790895480000,LIGHT
B_peak3.0_x60_w12_e2_b7_r3,1790895480000,1790896320000,DEEP
B_peak3.0_x60_w12_e2_b7_r3,1790896320000,1790896349427,LIGHT
B_peak3.0_x60_w12_e2_b7_r5,1790875829427,1790880360000,LIGHT
B_peak3.0_x60_w12_e2_b7_r5,1790880360000,1790881200000,DEEP
B_peak3.0_x60_w12_e2_b7_r5,1790881200000,1790881620000,LIGHT
B_peak3.0_x60_w12_e2_b7_r5,1790881620000,1790882100000,DEEP
B_peak3.0_x60_w12_e2_b7_r5,1790882100000,1790886300000,LIGHT
B_peak3.0_x60_w12_e2_b7_r5,1790886300000,1790889840000,DEEP
B_peak3.0_x60_w12_e2_b7_r5,1790889840000,1790889900000,LIGHT
B_peak3.0_x60_w12_e2_b7_r5,1790889900000,1790890320000,DEEP
B_peak3.0_x60_w12_e2_b7_r5,1790890320000,1790890920000,LIGHT
B_peak3.0_x60_w12_e2_b7_r5,1790890920000,1790891340000,DEEP
B_peak3.0_x60_w12_e2_b7_r5,1790891340000,1790892960000,LIGHT
B_peak3.0_x60_w12_e2_b7_r5,1790892960000,1790893380000,DEEP
B_peak3.0_x60_w12_e2_b7_r5,1790893380000,1790893560000,LIGHT
B_peak3.0_x60_w12_e2_b7_r5,1790893560000,1790894400000,DEEP
B_peak3.0_x60_w12_e2_b7_r5,1790894400000,1790895060000,LIGHT
B_peak3.0_x60_w12_e2_b7_r5,1790895060000,1790896320000,DEEP
B_peak3.0_x60_w12_e2_b7_r5,1790896320000,1790896349427,LIGHT
B_peak3.0_x60_w15_e1_b5_r3,1790875829427,1790880360000,LIGHT
B_peak3.0_x60_w15_e1_b5_r3,1790880360000,1790880720000,DEEP
B_peak3.0_x60_w15_e1_b5_r3,1790880720000,1790880780000,LIGHT
B_peak3.0_x60_w15_e1_b5_r3,1790880780000,1790881080000,DEEP
B_peak3.0_x60_w15_e1_b5_r3,1790881080000,1790886300000,LIGHT
B_peak3.0_x60_w15_e1_b5_r3,1790886300000,1790889720000,DEEP
B_peak3.0_x60_w15_e1_b5_r3,1790889720000,1790889900000,LIGHT
B_peak3.0_x60_w15_e1_b5_r3,1790889900000,1790890200000,DEEP
B_peak3.0_x60_w15_e1_b5_r3,1790890200000,1790893560000,LIGHT
B_peak3.0_x60_w15_e1_b5_r3,1790893560000,1790893860000,DEEP
B_peak3.0_x60_w15_e1_b5_r3,1790893860000,1790893920000,LIGHT
B_peak3.0_x60_w15_e1_b5_r3,1790893920000,1790894280000,DEEP
B_peak3.0_x60_w15_e1_b5_r3,1790894280000,1790895420000,LIGHT
B_peak3.0_x60_w15_e1_b5_r3,1790895420000,1790896320000,DEEP
B_peak3.0_x60_w15_e1_b5_r3,1790896320000,1790896349427,LIGHT
B_peak3.0_x60_w15_e1_b5_r5,1790875829427,1790880300000,LIGHT
B_peak3.0_x60_w15_e1_b5_r5,1790880300000,1790881140000,DEEP
B_peak3.0_x60_w15_e1_b5_r5,1790881140000,1790881680000,LIGHT
B_peak3.0_x60_w15_e1_b5_r5,1790881680000,1790881980000,DEEP
B_peak3.0_x60_w15_e1_b5_r5,1790881980000,1790885820000,LIGHT
B_peak3.0_x60_w15_e1_b5_r5,1790885820000,1790886120000,DEEP
B_peak3.0_x60_w15_e1_b5_r5,1790886120000,1790886300000,LIGHT
B_peak3.0_x60_w15_e1_b5_r5,1790886300000,1790889780000,DEEP
B_peak3.0_x60_w15_e1_b5_r5,1790889780000,1790893560000,LIGHT
B_peak3.0_x60_w15_e1_b5_r5,1790893560000,1790894340000,DEEP
B_peak3.0_x60_w15_e1_b5_r5,1790894340000,1790895180000,LIGHT
B_peak3.0_x60_w15_e1_b5_r5,1790895180000,1790896320000,DEEP
B_peak3.0_x60_w15_e1_b5_r5,1790896320000,1790896349427,LIGHT
B_peak3.0_x60_w15_e1_b7_r3,1790875829427,1790886300000,LIGHT
B_peak3.0_x60_w15_e1_b7_r3,1790886300000,1790889720000,DEEP
B_peak3.0_x60_w15_e1_b7_r3,1790889720000,1790895420000,LIGHT
B_peak3.0_x60_w15_e1_b7_r3,1790895420000,1790896320000,DEEP
B_peak3.0_x60_w15_e1_b7_r3,1790896320000,1790896349427,LIGHT
B_peak3.0_x60_w15_e1_b7_r5,1790875829427,1790880300000,LIGHT
B_peak3.0_x60_w15_e1_b7_r5,1790880300000,1790881140000,DEEP
B_peak3.0_x60_w15_e1_b7_r5,1790881140000,1790886300000,LIGHT
B_peak3.0_x60_w15_e1_b7_r5,1790886300000,1790889780000,DEEP
B_peak3.0_x60_w15_e1_b7_r5,1790889780000,1790893560000,LIGHT
B_peak3.0_x60_w15_e1_b7_r5,1790893560000,1790894340000,DEEP
B_peak3.0_x60_w15_e1_b7_r5,1790894340000,1790895180000,LIGHT
B_peak3.0_x60_w15_e1_b7_r5,1790895180000,1790896320000,DEEP
B_peak3.0_x60_w15_e1_b7_r5,1790896320000,1790896349427,LIGHT
B_peak3.0_x60_w15_e2_b5_r3,1790875829427,1790880420000,LIGHT
B_peak3.0_x60_w15_e2_b5_r3,1790880420000,1790881140000,DEEP
B_peak3.0_x60_w15_e2_b5_r3,1790881140000,1790881560000,LIGHT
B_peak3.0_x60_w15_e2_b5_r3,1790881560000,1790882100000,DEEP
B_peak3.0_x60_w15_e2_b5_r3,1790882100000,1790885820000,LIGHT
B_peak3.0_x60_w15_e2_b5_r3,1790885820000,1790886120000,DEEP
B_peak3.0_x60_w15_e2_b5_r3,1790886120000,1790886300000,LIGHT
B_peak3.0_x60_w15_e2_b5_r3,1790886300000,1790889780000,DEEP
B_peak3.0_x60_w15_e2_b5_r3,1790889780000,1790889900000,LIGHT
B_peak3.0_x60_w15_e2_b5_r3,1790889900000,1790890260000,DEEP
B_peak3.0_x60_w15_e2_b5_r3,1790890260000,1790893560000,LIGHT
B_peak3.0_x60_w15_e2_b5_r3,1790893560000,1790893920000,DEEP
B_peak3.0_x60_w15_e2_b5_r3,1790893920000,1790893980000,LIGHT
B_peak3.0_x60_w15_e2_b5_r3,1790893980000,1790894340000,DEEP
B_peak3.0_x60_w15_e2_b5_r3,1790894340000,1790895480000,LIGHT
B_peak3.0_x60_w15_e2_b5_r3,1790895480000,1790896320000,DEEP
B_peak3.0_x60_w15_e2_b5_r3,1790896320000,1790896349427,LIGHT
B_peak3.0_x60_w15_e2_b5_r5,1790875829427,1790880360000,LIGHT
B_peak3.0_x60_w15_e2_b5_r5,1790880360000,1790881200000,DEEP
B_peak3.0_x60_w15_e2_b5_r5,1790881200000,1790881620000,LIGHT
B_peak3.0_x60_w15_e2_b5_r5,1790881620000,1790882100000,DEEP
B_peak3.0_x60_w15_e2_b5_r5,1790882100000,1790885820000,LIGHT
B_peak3.0_x60_w15_e2_b5_r5,1790885820000,1790886180000,DEEP
B_peak3.0_x60_w15_e2_b5_r5,1790886180000,1790886300000,LIGHT
B_peak3.0_x60_w15_e2_b5_r5,1790886300000,1790889840000,DEEP
B_peak3.0_x60_w15_e2_b5_r5,1790889840000,1790889900000,LIGHT
B_peak3.0_x60_w15_e2_b5_r5,1790889900000,1790890320000,DEEP
B_peak3.0_x60_w15_e2_b5_r5,1790890320000,1790890560000,LIGHT
B_peak3.0_x60_w15_e2_b5_r5,1790890560000,1790890860000,DEEP
B_peak3.0_x60_w15_e2_b5_r5,1790890860000,1790891040000,LIGHT
B_peak3.0_x60_w15_e2_b5_r5,1790891040000,1790891340000,DEEP
B_peak3.0_x60_w15_e2_b5_r5,1790891340000,1790893080000,LIGHT
B_peak3.0_x60_w15_e2_b5_r5,1790893080000,1790893380000,DEEP
B_peak3.0_x60_w15_e2_b5_r5,1790893380000,1790893560000,LIGHT
B_peak3.0_x60_w15_e2_b5_r5,1790893560000,1790894400000,DEEP
B_peak3.0_x60_w15_e2_b5_r5,1790894400000,1790894580000,LIGHT
B_peak3.0_x60_w15_e2_b5_r5,1790894580000,1790894880000,DEEP
B_peak3.0_x60_w15_e2_b5_r5,1790894880000,1790895180000,LIGHT
B_peak3.0_x60_w15_e2_b5_r5,1790895180000,1790896320000,DEEP
B_peak3.0_x60_w15_e2_b5_r5,1790896320000,1790896349427,LIGHT
B_peak3.0_x60_w15_e2_b7_r3,1790875829427,1790880420000,LIGHT
B_peak3.0_x60_w15_e2_b7_r3,1790880420000,1790881140000,DEEP
B_peak3.0_x60_w15_e2_b7_r3,1790881140000,1790881560000,LIGHT
B_peak3.0_x60_w15_e2_b7_r3,1790881560000,1790882100000,DEEP
B_peak3.0_x60_w15_e2_b7_r3,1790882100000,1790886300000,LIGHT
B_peak3.0_x60_w15_e2_b7_r3,1790886300000,1790889780000,DEEP
B_peak3.0_x60_w15_e2_b7_r3,1790889780000,1790895480000,LIGHT
B_peak3.0_x60_w15_e2_b7_r3,1790895480000,1790896320000,DEEP
B_peak3.0_x60_w15_e2_b7_r3,1790896320000,1790896349427,LIGHT
B_peak3.0_x60_w15_e2_b7_r5,1790875829427,1790880360000,LIGHT
B_peak3.0_x60_w15_e2_b7_r5,1790880360000,1790881200000,DEEP
B_peak3.0_x60_w15_e2_b7_r5,1790881200000,1790881620000,LIGHT
B_peak3.0_x60_w15_e2_b7_r5,1790881620000,1790882100000,DEEP
B_peak3.0_x60_w15_e2_b7_r5,1790882100000,1790886300000,LIGHT
B_peak3.0_x60_w15_e2_b7_r5,1790886300000,1790889840000,DEEP
B_peak3.0_x60_w15_e2_b7_r5,1790889840000,1790889900000,LIGHT
B_peak3.0_x60_w15_e2_b7_r5,1790889900000,1790890320000,DEEP
B_peak3.0_x60_w15_e2_b7_r5,1790890320000,1790893560000,LIGHT
B_peak3.0_x60_w15_e2_b7_r5,1790893560000,1790894400000,DEEP
B_peak3.0_x60_w15_e2_b7_r5,1790894400000,1790895180000,LIGHT
B_peak3.0_x60_w15_e2_b7_r5,1790895180000,1790896320000,DEEP
B_peak3.0_x60_w15_e2_b7_r5,1790896320000,1790896349427,LIGHT
B_peak3.0_x65_w10_e1_b5_r3,1790875829427,1790879940000,LIGHT
B_peak3.0_x65_w10_e1_b5_r3,1790879940000,1790881080000,DEEP
B_peak3.0_x65_w10_e1_b5_r3,1790881080000,1790881260000,LIGHT
B_peak3.0_x65_w10_e1_b5_r3,1790881260000,1790881860000,DEEP
B_peak3.0_x65_w10_e1_b5_r3,1790881860000,1790885160000,LIGHT
B_peak3.0_x65_w10_e1_b5_r3,1790885160000,1790885520000,DEEP
B_peak3.0_x65_w10_e1_b5_r3,1790885520000,1790886300000,LIGHT
B_peak3.0_x65_w10_e1_b5_r3,1790886300000,1790890200000,DEEP
B_peak3.0_x65_w10_e1_b5_r3,1790890200000,1790890860000,LIGHT
B_peak3.0_x65_w10_e1_b5_r3,1790890860000,1790891220000,DEEP
B_peak3.0_x65_w10_e1_b5_r3,1790891220000,1790892900000,LIGHT
B_peak3.0_x65_w10_e1_b5_r3,1790892900000,1790893260000,DEEP
B_peak3.0_x65_w10_e1_b5_r3,1790893260000,1790893560000,LIGHT
B_peak3.0_x65_w10_e1_b5_r3,1790893560000,1790893860000,DEEP
B_peak3.0_x65_w10_e1_b5_r3,1790893860000,1790893920000,LIGHT
B_peak3.0_x65_w10_e1_b5_r3,1790893920000,1790894280000,DEEP
B_peak3.0_x65_w10_e1_b5_r3,1790894280000,1790895060000,LIGHT
B_peak3.0_x65_w10_e1_b5_r3,1790895060000,1790895360000,DEEP
B_peak3.0_x65_w10_e1_b5_r3,1790895360000,1790895420000,LIGHT
B_peak3.0_x65_w10_e1_b5_r3,1790895420000,1790896320000,DEEP
B_peak3.0_x65_w10_e1_b5_r3,1790896320000,1790896349427,LIGHT
B_peak3.0_x65_w10_e1_b7_r3,1790875829427,1790879940000,LIGHT
B_peak3.0_x65_w10_e1_b7_r3,1790879940000,1790881080000,DEEP
B_peak3.0_x65_w10_e1_b7_r3,1790881080000,1790881260000,LIGHT
B_peak3.0_x65_w10_e1_b7_r3,1790881260000,1790881860000,DEEP
B_peak3.0_x65_w10_e1_b7_r3,1790881860000,1790886300000,LIGHT
B_peak3.0_x65_w10_e1_b7_r3,1790886300000,1790890200000,DEEP
B_peak3.0_x65_w10_e1_b7_r3,1790890200000,1790895420000,LIGHT
B_peak3.0_x65_w10_e1_b7_r3,1790895420000,1790896320000,DEEP
B_peak3.0_x65_w10_e1_b7_r3,1790896320000,1790896349427,LIGHT
B_peak3.0_x65_w10_e1_b7_r5,1790875829427,1790880060000,LIGHT
B_peak3.0_x65_w10_e1_b7_r5,1790880060000,1790881140000,DEEP
B_peak3.0_x65_w10_e1_b7_r5,1790881140000,1790881320000,LIGHT
B_peak3.0_x65_w10_e1_b7_r5,1790881320000,1790882100000,DEEP
B_peak3.0_x65_w10_e1_b7_r5,1790882100000,1790885160000,LIGHT
B_peak3.0_x65_w10_e1_b7_r5,1790885160000,1790885580000,DEEP
B_peak3.0_x65_w10_e1_b7_r5,1790885580000,1790886300000,LIGHT
B_peak3.0_x65_w10_e1_b7_r5,1790886300000,1790890260000,DEEP
B_peak3.0_x65_w10_e1_b7_r5,1790890260000,1790892900000,LIGHT
B_peak3.0_x65_w10_e1_b7_r5,1790892900000,1790893320000,DEEP
B_peak3.0_x65_w10_e1_b7_r5,1790893320000,1790893560000,LIGHT
B_peak3.0_x65_w10_e1_b7_r5,1790893560000,1790894340000,DEEP
B_peak3.0_x65_w10_e1_b7_r5,1790894340000,1790895060000,LIGHT
B_peak3.0_x65_w10_e1_b7_r5,1790895060000,1790896320000,DEEP
B_peak3.0_x65_w10_e1_b7_r5,1790896320000,1790896349427,LIGHT
B_peak3.0_x65_w10_e2_b5_r3,1790875829427,1790879940000,LIGHT
B_peak3.0_x65_w10_e2_b5_r3,1790879940000,1790881140000,DEEP
B_peak3.0_x65_w10_e2_b5_r3,1790881140000,1790881200000,LIGHT
B_peak3.0_x65_w10_e2_b5_r3,1790881200000,1790882100000,DEEP
B_peak3.0_x65_w10_e2_b5_r3,1790882100000,1790885160000,LIGHT
B_peak3.0_x65_w10_e2_b5_r3,1790885160000,1790885580000,DEEP
B_peak3.0_x65_w10_e2_b5_r3,1790885580000,1790885820000,LIGHT
B_peak3.0_x65_w10_e2_b5_r3,1790885820000,1790886120000,DEEP
B_peak3.0_x65_w10_e2_b5_r3,1790886120000,1790886300000,LIGHT
B_peak3.0_x65_w10_e2_b5_r3,1790886300000,1790890260000,DEEP
B_peak3.0_x65_w10_e2_b5_r3,1790890260000,1790890860000,LIGHT
B_peak3.0_x65_w10_e2_b5_r3,1790890860000,1790891280000,DEEP
B_peak3.0_x65_w10_e2_b5_r3,1790891280000,1790892900000,LIGHT
B_peak3.0_x65_w10_e2_b5_r3,1790892900000,1790893320000,DEEP
B_peak3.0_x65_w10_e2_b5_r3,1790893320000,1790893560000,LIGHT
B_peak3.0_x65_w10_e2_b5_r3,1790893560000,1790893920000,DEEP
B_peak3.0_x65_w10_e2_b5_r3,1790893920000,1790893980000,LIGHT
B_peak3.0_x65_w10_e2_b5_r3,1790893980000,1790894340000,DEEP
B_peak3.0_x65_w10_e2_b5_r3,1790894340000,1790895060000,LIGHT
B_peak3.0_x65_w10_e2_b5_r3,1790895060000,1790895420000,DEEP
B_peak3.0_x65_w10_e2_b5_r3,1790895420000,1790895480000,LIGHT
B_peak3.0_x65_w10_e2_b5_r3,1790895480000,1790896320000,DEEP
B_peak3.0_x65_w10_e2_b5_r3,1790896320000,1790896349427,LIGHT
B_peak3.0_x65_w10_e2_b5_r5,1790875829427,1790880120000,LIGHT
B_peak3.0_x65_w10_e2_b5_r5,1790880120000,1790881200000,DEEP
B_peak3.0_x65_w10_e2_b5_r5,1790881200000,1790881260000,LIGHT
B_peak3.0_x65_w10_e2_b5_r5,1790881260000,1790882100000,DEEP
B_peak3.0_x65_w10_e2_b5_r5,1790882100000,1790885160000,LIGHT
B_peak3.0_x65_w10_e2_b5_r5,1790885160000,1790885640000,DEEP
B_peak3.0_x65_w10_e2_b5_r5,1790885640000,1790885820000,LIGHT
B_peak3.0_x65_w10_e2_b5_r5,1790885820000,1790886180000,DEEP
B_peak3.0_x65_w10_e2_b5_r5,1790886180000,1790886300000,LIGHT
B_peak3.0_x65_w10_e2_b5_r5,1790886300000,1790890320000,DEEP
B_peak3.0_x65_w10_e2_b5_r5,1790890320000,1790890560000,LIGHT
B_peak3.0_x65_w10_e2_b5_r5,1790890560000,1790890860000,DEEP
B_peak3.0_x65_w10_e2_b5_r5,1790890860000,1790890920000,LIGHT
B_peak3.0_x65_w10_e2_b5_r5,1790890920000,1790891340000,DEEP
B_peak3.0_x65_w10_e2_b5_r5,1790891340000,1790892900000,LIGHT
B_peak3.0_x65_w10_e2_b5_r5,1790892900000,1790893380000,DEEP
B_peak3.0_x65_w10_e2_b5_r5,1790893380000,1790893560000,LIGHT
B_peak3.0_x65_w10_e2_b5_r5,1790893560000,1790894400000,DEEP
B_peak3.0_x65_w10_e2_b5_r5,1790894400000,1790894580000,LIGHT
B_peak3.0_x65_w10_e2_b5_r5,1790894580000,1790894880000,DEEP
B_peak3.0_x65_w10_e2_b5_r5,1790894880000,1790895060000,LIGHT
B_peak3.0_x65_w10_e2_b5_r5,1790895060000,1790896320000,DEEP
B_peak3.0_x65_w10_e2_b5_r5,1790896320000,1790896349427,LIGHT
B_peak3.0_x65_w10_e2_b7_r3,1790875829427,1790879940000,LIGHT
B_peak3.0_x65_w10_e2_b7_r3,1790879940000,1790881140000,DEEP
B_peak3.0_x65_w10_e2_b7_r3,1790881140000,1790881200000,LIGHT
B_peak3.0_x65_w10_e2_b7_r3,1790881200000,1790882100000,DEEP
B_peak3.0_x65_w10_e2_b7_r3,1790882100000,1790885160000,LIGHT
B_peak3.0_x65_w10_e2_b7_r3,1790885160000,1790885580000,DEEP
B_peak3.0_x65_w10_e2_b7_r3,1790885580000,1790886300000,LIGHT
B_peak3.0_x65_w10_e2_b7_r3,1790886300000,1790890260000,DEEP
B_peak3.0_x65_w10_e2_b7_r3,1790890260000,1790890860000,LIGHT
B_peak3.0_x65_w10_e2_b7_r3,1790890860000,1790891280000,DEEP
B_peak3.0_x65_w10_e2_b7_r3,1790891280000,1790892900000,LIGHT
B_peak3.0_x65_w10_e2_b7_r3,1790892900000,1790893320000,DEEP
B_peak3.0_x65_w10_e2_b7_r3,1790893320000,1790895480000,LIGHT
B_peak3.0_x65_w10_e2_b7_r3,1790895480000,1790896320000,DEEP
B_peak3.0_x65_w10_e2_b7_r3,1790896320000,1790896349427,LIGHT
B_peak3.0_x65_w10_e2_b7_r5,1790875829427,1790880120000,LIGHT
B_peak3.0_x65_w10_e2_b7_r5,1790880120000,1790881200000,DEEP
B_peak3.0_x65_w10_e2_b7_r5,1790881200000,1790881260000,LIGHT
B_peak3.0_x65_w10_e2_b7_r5,1790881260000,1790882100000,DEEP
B_peak3.0_x65_w10_e2_b7_r5,1790882100000,1790885160000,LIGHT
B_peak3.0_x65_w10_e2_b7_r5,1790885160000,1790885640000,DEEP
B_peak3.0_x65_w10_e2_b7_r5,1790885640000,1790886300000,LIGHT
B_peak3.0_x65_w10_e2_b7_r5,1790886300000,1790890320000,DEEP
B_peak3.0_x65_w10_e2_b7_r5,1790890320000,1790890920000,LIGHT
B_peak3.0_x65_w10_e2_b7_r5,1790890920000,1790891340000,DEEP
B_peak3.0_x65_w10_e2_b7_r5,1790891340000,1790892900000,LIGHT
B_peak3.0_x65_w10_e2_b7_r5,1790892900000,1790893380000,DEEP
B_peak3.0_x65_w10_e2_b7_r5,1790893380000,1790893560000,LIGHT
B_peak3.0_x65_w10_e2_b7_r5,1790893560000,1790894400000,DEEP
B_peak3.0_x65_w10_e2_b7_r5,1790894400000,1790895060000,LIGHT
B_peak3.0_x65_w10_e2_b7_r5,1790895060000,1790896320000,DEEP
B_peak3.0_x65_w10_e2_b7_r5,1790896320000,1790896349427,LIGHT
B_peak3.0_x65_w12_e1_b5_r3,1790875829427,1790880000000,LIGHT
B_peak3.0_x65_w12_e1_b5_r3,1790880000000,1790881080000,DEEP
B_peak3.0_x65_w12_e1_b5_r3,1790881080000,1790881260000,LIGHT
B_peak3.0_x65_w12_e1_b5_r3,1790881260000,1790881860000,DEEP
B_peak3.0_x65_w12_e1_b5_r3,1790881860000,1790886300000,LIGHT
B_peak3.0_x65_w12_e1_b5_r3,1790886300000,1790890200000,DEEP
B_peak3.0_x65_w12_e1_b5_r3,1790890200000,1790890920000,LIGHT
B_peak3.0_x65_w12_e1_b5_r3,1790890920000,1790891220000,DEEP
B_peak3.0_x65_w12_e1_b5_r3,1790891220000,1790892960000,LIGHT
B_peak3.0_x65_w12_e1_b5_r3,1790892960000,1790893260000,DEEP
B_peak3.0_x65_w12_e1_b5_r3,1790893260000,1790893560000,LIGHT
B_peak3.0_x65_w12_e1_b5_r3,1790893560000,1790893860000,DEEP
B_peak3.0_x65_w12_e1_b5_r3,1790893860000,1790893920000,LIGHT
B_peak3.0_x65_w12_e1_b5_r3,1790893920000,1790894280000,DEEP
B_peak3.0_x65_w12_e1_b5_r3,1790894280000,1790895060000,LIGHT
B_peak3.0_x65_w12_e1_b5_r3,1790895060000,1790895360000,DEEP
B_peak3.0_x65_w12_e1_b5_r3,1790895360000,1790895420000,LIGHT
B_peak3.0_x65_w12_e1_b5_r3,1790895420000,1790896320000,DEEP
B_peak3.0_x65_w12_e1_b5_r3,1790896320000,1790896349427,LIGHT
B_peak3.0_x65_w12_e1_b5_r5,1790875829427,1790880120000,LIGHT
B_peak3.0_x65_w12_e1_b5_r5,1790880120000,1790881140000,DEEP
B_peak3.0_x65_w12_e1_b5_r5,1790881140000,1790881320000,LIGHT
B_peak3.0_x65_w12_e1_b5_r5,1790881320000,1790882100000,DEEP
B_peak3.0_x65_w12_e1_b5_r5,1790882100000,1790885280000,LIGHT
B_peak3.0_x65_w12_e1_b5_r5,1790885280000,1790885580000,DEEP
B_peak3.0_x65_w12_e1_b5_r5,1790885580000,1790885820000,LIGHT
B_peak3.0_x65_w12_e1_b5_r5,1790885820000,1790886120000,DEEP
B_peak3.0_x65_w12_e1_b5_r5,1790886120000,1790886300000,LIGHT
B_peak3.0_x65_w12_e1_b5_r5,1790886300000,1790890260000,DEEP
B_peak3.0_x65_w12_e1_b5_r5,1790890260000,1790890920000,LIGHT
B_peak3.0_x65_w12_e1_b5_r5,1790890920000,1790891280000,DEEP
B_peak3.0_x65_w12_e1_b5_r5,1790891280000,1790892960000,LIGHT
B_peak3.0_x65_w12_e1_b5_r5,1790892960000,1790893320000,DEEP
B_peak3.0_x65_w12_e1_b5_r5,1790893320000,1790893560000,LIGHT
B_peak3.0_x65_w12_e1_b5_r5,1790893560000,1790894340000,DEEP
B_peak3.0_x65_w12_e1_b5_r5,1790894340000,1790895060000,LIGHT
B_peak3.0_x65_w12_e1_b5_r5,1790895060000,1790896320000,DEEP
B_peak3.0_x65_w12_e1_b5_r5,1790896320000,1790896349427,LIGHT
B_peak3.0_x65_w12_e1_b7_r3,1790875829427,1790880000000,LIGHT
B_peak3.0_x65_w12_e1_b7_r3,1790880000000,1790881080000,DEEP
B_peak3.0_x65_w12_e1_b7_r3,1790881080000,1790881260000,LIGHT
B_peak3.0_x65_w12_e1_b7_r3,1790881260000,1790881860000,DEEP
B_peak3.0_x65_w12_e1_b7_r3,1790881860000,1790886300000,LIGHT
B_peak3.0_x65_w12_e1_b7_r3,1790886300000,1790890200000,DEEP
B_peak3.0_x65_w12_e1_b7_r3,1790890200000,1790895420000,LIGHT
B_peak3.0_x65_w12_e1_b7_r3,1790895420000,1790896320000,DEEP
B_peak3.0_x65_w12_e1_b7_r3,1790896320000,1790896349427,LIGHT
B_peak3.0_x65_w12_e1_b7_r5,1790875829427,1790880120000,LIGHT
B_peak3.0_x65_w12_e1_b7_r5,1790880120000,1790881140000,DEEP
B_peak3.0_x65_w12_e1_b7_r5,1790881140000,1790881320000,LIGHT
B_peak3.0_x65_w12_e1_b7_r5,1790881320000,1790882100000,DEEP
B_peak3.0_x65_w12_e1_b7_r5,1790882100000,1790886300000,LIGHT
B_peak3.0_x65_w12_e1_b7_r5,1790886300000,1790890260000,DEEP
B_peak3.0_x65_w12_e1_b7_r5,1790890260000,1790893560000,LIGHT
B_peak3.0_x65_w12_e1_b7_r5,1790893560000,1790894340000,DEEP
B_peak3.0_x65_w12_e1_b7_r5,1790894340000,1790895060000,LIGHT
B_peak3.0_x65_w12_e1_b7_r5,1790895060000,1790896320000,DEEP
B_peak3.0_x65_w12_e1_b7_r5,1790896320000,1790896349427,LIGHT
B_peak3.0_x65_w12_e2_b5_r3,1790875829427,1790880000000,LIGHT
B_peak3.0_x65_w12_e2_b5_r3,1790880000000,1790881140000,DEEP
B_peak3.0_x65_w12_e2_b5_r3,1790881140000,1790881200000,LIGHT
B_peak3.0_x65_w12_e2_b5_r3,1790881200000,1790882100000,DEEP
B_peak3.0_x65_w12_e2_b5_r3,1790882100000,1790885280000,LIGHT
B_peak3.0_x65_w12_e2_b5_r3,1790885280000,1790885580000,DEEP
B_peak3.0_x65_w12_e2_b5_r3,1790885580000,1790885820000,LIGHT
B_peak3.0_x65_w12_e2_b5_r3,1790885820000,1790886120000,DEEP
B_peak3.0_x65_w12_e2_b5_r3,1790886120000,1790886300000,LIGHT
B_peak3.0_x65_w12_e2_b5_r3,1790886300000,1790890260000,DEEP
B_peak3.0_x65_w12_e2_b5_r3,1790890260000,1790890920000,LIGHT
B_peak3.0_x65_w12_e2_b5_r3,1790890920000,1790891280000,DEEP
B_peak3.0_x65_w12_e2_b5_r3,1790891280000,1790892960000,LIGHT
B_peak3.0_x65_w12_e2_b5_r3,1790892960000,1790893320000,DEEP
B_peak3.0_x65_w12_e2_b5_r3,1790893320000,1790893560000,LIGHT
B_peak3.0_x65_w12_e2_b5_r3,1790893560000,1790893920000,DEEP
B_peak3.0_x65_w12_e2_b5_r3,1790893920000,1790893980000,LIGHT
B_peak3.0_x65_w12_e2_b5_r3,1790893980000,1790894340000,DEEP
B_peak3.0_x65_w12_e2_b5_r3,1790894340000,1790895060000,LIGHT
B_peak3.0_x65_w12_e2_b5_r3,1790895060000,1790895420000,DEEP
B_peak3.0_x65_w12_e2_b5_r3,1790895420000,1790895480000,LIGHT
B_peak3.0_x65_w12_e2_b5_r3,1790895480000,1790896320000,DEEP
B_peak3.0_x65_w12_e2_b5_r3,1790896320000,1790896349427,LIGHT
B_peak3.0_x65_w12_e2_b5_r5,1790875829427,1790880000000,LIGHT
B_peak3.0_x65_w12_e2_b5_r5,1790880000000,1790881200000,DEEP
B_peak3.0_x65_w12_e2_b5_r5,1790881200000,1790881260000,LIGHT
B_peak3.0_x65_w12_e2_b5_r5,1790881260000,1790882100000,DEEP
B_peak3.0_x65_w12_e2_b5_r5,1790882100000,1790885280000,LIGHT
B_peak3.0_x65_w12_e2_b5_r5,1790885280000,1790885640000,DEEP
B_peak3.0_x65_w12_e2_b5_r5,1790885640000,1790885820000,LIGHT
B_peak3.0_x65_w12_e2_b5_r5,1790885820000,1790886180000,DEEP
B_peak3.0_x65_w12_e2_b5_r5,1790886180000,1790886300000,LIGHT
B_peak3.0_x65_w12_e2_b5_r5,1790886300000,1790890320000,DEEP
B_peak3.0_x65_w12_e2_b5_r5,1790890320000,1790890560000,LIGHT
B_peak3.0_x65_w12_e2_b5_r5,1790890560000,1790890860000,DEEP
B_peak3.0_x65_w12_e2_b5_r5,1790890860000,1790890920000,LIGHT
B_peak3.0_x65_w12_e2_b5_r5,1790890920000,1790891340000,DEEP
B_peak3.0_x65_w12_e2_b5_r5,1790891340000,1790892960000,LIGHT
B_peak3.0_x65_w12_e2_b5_r5,1790892960000,1790893380000,DEEP
B_peak3.0_x65_w12_e2_b5_r5,1790893380000,1790893560000,LIGHT
B_peak3.0_x65_w12_e2_b5_r5,1790893560000,1790894400000,DEEP
B_peak3.0_x65_w12_e2_b5_r5,1790894400000,1790894580000,LIGHT
B_peak3.0_x65_w12_e2_b5_r5,1790894580000,1790894880000,DEEP
B_peak3.0_x65_w12_e2_b5_r5,1790894880000,1790895060000,LIGHT
B_peak3.0_x65_w12_e2_b5_r5,1790895060000,1790896320000,DEEP
B_peak3.0_x65_w12_e2_b5_r5,1790896320000,1790896349427,LIGHT
B_peak3.0_x65_w12_e2_b7_r3,1790875829427,1790880000000,LIGHT
B_peak3.0_x65_w12_e2_b7_r3,1790880000000,1790881140000,DEEP
B_peak3.0_x65_w12_e2_b7_r3,1790881140000,1790881200000,LIGHT
B_peak3.0_x65_w12_e2_b7_r3,1790881200000,1790882100000,DEEP
B_peak3.0_x65_w12_e2_b7_r3,1790882100000,1790886300000,LIGHT
B_peak3.0_x65_w12_e2_b7_r3,1790886300000,1790890260000,DEEP
B_peak3.0_x65_w12_e2_b7_r3,1790890260000,1790895480000,LIGHT
B_peak3.0_x65_w12_e2_b7_r3,1790895480000,1790896320000,DEEP
B_peak3.0_x65_w12_e2_b7_r3,1790896320000,1790896349427,LIGHT
B_peak3.0_x65_w12_e2_b7_r5,1790875829427,1790880000000,LIGHT
B_peak3.0_x65_w12_e2_b7_r5,1790880000000,1790881200000,DEEP
B_peak3.0_x65_w12_e2_b7_r5,1790881200000,1790881260000,LIGHT
B_peak3.0_x65_w12_e2_b7_r5,1790881260000,1790882100000,DEEP
B_peak3.0_x65_w12_e2_b7_r5,1790882100000,1790886300000,LIGHT
B_peak3.0_x65_w12_e2_b7_r5,1790886300000,1790890320000,DEEP
B_peak3.0_x65_w12_e2_b7_r5,1790890320000,1790890920000,LIGHT
B_peak3.0_x65_w12_e2_b7_r5,1790890920000,1790891340000,DEEP
B_peak3.0_x65_w12_e2_b7_r5,1790891340000,1790892960000,LIGHT
B_peak3.0_x65_w12_e2_b7_r5,1790892960000,1790893380000,DEEP
B_peak3.0_x65_w12_e2_b7_r5,1790893380000,1790893560000,LIGHT
B_peak3.0_x65_w12_e2_b7_r5,1790893560000,1790894400000,DEEP
B_peak3.0_x65_w12_e2_b7_r5,1790894400000,1790895060000,LIGHT
B_peak3.0_x65_w12_e2_b7_r5,1790895060000,1790896320000,DEEP
B_peak3.0_x65_w12_e2_b7_r5,1790896320000,1790896349427,LIGHT
B_peak3.0_x65_w15_e1_b5_r3,1790875829427,1790880180000,LIGHT
B_peak3.0_x65_w15_e1_b5_r3,1790880180000,1790881080000,DEEP
B_peak3.0_x65_w15_e1_b5_r3,1790881080000,1790881260000,LIGHT
B_peak3.0_x65_w15_e1_b5_r3,1790881260000,1790881860000,DEEP
B_peak3.0_x65_w15_e1_b5_r3,1790881860000,1790886300000,LIGHT
B_peak3.0_x65_w15_e1_b5_r3,1790886300000,1790890200000,DEEP
B_peak3.0_x65_w15_e1_b5_r3,1790890200000,1790893560000,LIGHT
B_peak3.0_x65_w15_e1_b5_r3,1790893560000,1790893860000,DEEP
B_peak3.0_x65_w15_e1_b5_r3,1790893860000,1790893920000,LIGHT
B_peak3.0_x65_w15_e1_b5_r3,1790893920000,1790894280000,DEEP
B_peak3.0_x65_w15_e1_b5_r3,1790894280000,1790895420000,LIGHT
B_peak3.0_x65_w15_e1_b5_r3,1790895420000,1790896320000,DEEP
B_peak3.0_x65_w15_e1_b5_r3,1790896320000,1790896349427,LIGHT
B_peak3.0_x65_w15_e1_b5_r5,1790875829427,1790880180000,LIGHT
B_peak3.0_x65_w15_e1_b5_r5,1790880180000,1790881140000,DEEP
B_peak3.0_x65_w15_e1_b5_r5,1790881140000,1790881320000,LIGHT
B_peak3.0_x65_w15_e1_b5_r5,1790881320000,1790882100000,DEEP
B_peak3.0_x65_w15_e1_b5_r5,1790882100000,1790885820000,LIGHT
B_peak3.0_x65_w15_e1_b5_r5,1790885820000,1790886120000,DEEP
B_peak3.0_x65_w15_e1_b5_r5,1790886120000,1790886300000,LIGHT
B_peak3.0_x65_w15_e1_b5_r5,1790886300000,1790890260000,DEEP
B_peak3.0_x65_w15_e1_b5_r5,1790890260000,1790893560000,LIGHT
B_peak3.0_x65_w15_e1_b5_r5,1790893560000,1790894340000,DEEP
B_peak3.0_x65_w15_e1_b5_r5,1790894340000,1790895180000,LIGHT
B_peak3.0_x65_w15_e1_b5_r5,1790895180000,1790896320000,DEEP
B_peak3.0_x65_w15_e1_b5_r5,1790896320000,1790896349427,LIGHT
B_peak3.0_x65_w15_e1_b7_r3,1790875829427,1790880180000,LIGHT
B_peak3.0_x65_w15_e1_b7_r3,1790880180000,1790881080000,DEEP
B_peak3.0_x65_w15_e1_b7_r3,1790881080000,1790881260000,LIGHT
B_peak3.0_x65_w15_e1_b7_r3,1790881260000,1790881860000,DEEP
B_peak3.0_x65_w15_e1_b7_r3,1790881860000,1790886300000,LIGHT
B_peak3.0_x65_w15_e1_b7_r3,1790886300000,1790890200000,DEEP
B_peak3.0_x65_w15_e1_b7_r3,1790890200000,1790895420000,LIGHT
B_peak3.0_x65_w15_e1_b7_r3,1790895420000,1790896320000,DEEP
B_peak3.0_x65_w15_e1_b7_r3,1790896320000,1790896349427,LIGHT
B_peak3.0_x65_w15_e1_b7_r5,1790875829427,1790880180000,LIGHT
B_peak3.0_x65_w15_e1_b7_r5,1790880180000,1790881140000,DEEP
B_peak3.0_x65_w15_e1_b7_r5,1790881140000,1790881320000,LIGHT
B_peak3.0_x65_w15_e1_b7_r5,1790881320000,1790882100000,DEEP
B_peak3.0_x65_w15_e1_b7_r5,1790882100000,1790886300000,LIGHT
B_peak3.0_x65_w15_e1_b7_r5,1790886300000,1790890260000,DEEP
B_peak3.0_x65_w15_e1_b7_r5,1790890260000,1790893560000,LIGHT
B_peak3.0_x65_w15_e1_b7_r5,1790893560000,1790894340000,DEEP
B_peak3.0_x65_w15_e1_b7_r5,1790894340000,1790895180000,LIGHT
B_peak3.0_x65_w15_e1_b7_r5,1790895180000,1790896320000,DEEP
B_peak3.0_x65_w15_e1_b7_r5,1790896320000,1790896349427,LIGHT
B_peak3.0_x65_w15_e2_b5_r3,1790875829427,1790880180000,LIGHT
B_peak3.0_x65_w15_e2_b5_r3,1790880180000,1790881140000,DEEP
B_peak3.0_x65_w15_e2_b5_r3,1790881140000,1790881200000,LIGHT
B_peak3.0_x65_w15_e2_b5_r3,1790881200000,1790882100000,DEEP
B_peak3.0_x65_w15_e2_b5_r3,1790882100000,1790885820000,LIGHT
B_peak3.0_x65_w15_e2_b5_r3,1790885820000,1790886120000,DEEP
B_peak3.0_x65_w15_e2_b5_r3,1790886120000,1790886300000,LIGHT
B_peak3.0_x65_w15_e2_b5_r3,1790886300000,1790890260000,DEEP
B_peak3.0_x65_w15_e2_b5_r3,1790890260000,1790893560000,LIGHT
B_peak3.0_x65_w15_e2_b5_r3,1790893560000,1790893920000,DEEP
B_peak3.0_x65_w15_e2_b5_r3,1790893920000,1790893980000,LIGHT
B_peak3.0_x65_w15_e2_b5_r3,1790893980000,1790894340000,DEEP
B_peak3.0_x65_w15_e2_b5_r3,1790894340000,1790895480000,LIGHT
B_peak3.0_x65_w15_e2_b5_r3,1790895480000,1790896320000,DEEP
B_peak3.0_x65_w15_e2_b5_r3,1790896320000,1790896349427,LIGHT
B_peak3.0_x65_w15_e2_b5_r5,1790875829427,1790880180000,LIGHT
B_peak3.0_x65_w15_e2_b5_r5,1790880180000,1790881200000,DEEP
B_peak3.0_x65_w15_e2_b5_r5,1790881200000,1790881260000,LIGHT
B_peak3.0_x65_w15_e2_b5_r5,1790881260000,1790882100000,DEEP
B_peak3.0_x65_w15_e2_b5_r5,1790882100000,1790885820000,LIGHT
B_peak3.0_x65_w15_e2_b5_r5,1790885820000,1790886180000,DEEP
B_peak3.0_x65_w15_e2_b5_r5,1790886180000,1790886300000,LIGHT
B_peak3.0_x65_w15_e2_b5_r5,1790886300000,1790890320000,DEEP
B_peak3.0_x65_w15_e2_b5_r5,1790890320000,1790890560000,LIGHT
B_peak3.0_x65_w15_e2_b5_r5,1790890560000,1790890860000,DEEP
B_peak3.0_x65_w15_e2_b5_r5,1790890860000,1790891040000,LIGHT
B_peak3.0_x65_w15_e2_b5_r5,1790891040000,1790891340000,DEEP
B_peak3.0_x65_w15_e2_b5_r5,1790891340000,1790893080000,LIGHT
B_peak3.0_x65_w15_e2_b5_r5,1790893080000,1790893380000,DEEP
B_peak3.0_x65_w15_e2_b5_r5,1790893380000,1790893560000,LIGHT
B_peak3.0_x65_w15_e2_b5_r5,1790893560000,1790894400000,DEEP
B_peak3.0_x65_w15_e2_b5_r5,1790894400000,1790894580000,LIGHT
B_peak3.0_x65_w15_e2_b5_r5,1790894580000,1790894880000,DEEP
B_peak3.0_x65_w15_e2_b5_r5,1790894880000,1790895180000,LIGHT
B_peak3.0_x65_w15_e2_b5_r5,1790895180000,1790896320000,DEEP
B_peak3.0_x65_w15_e2_b5_r5,1790896320000,1790896349427,LIGHT
B_peak3.0_x65_w15_e2_b7_r3,1790875829427,1790880180000,LIGHT
B_peak3.0_x65_w15_e2_b7_r3,1790880180000,1790881140000,DEEP
B_peak3.0_x65_w15_e2_b7_r3,1790881140000,1790881200000,LIGHT
B_peak3.0_x65_w15_e2_b7_r3,1790881200000,1790882100000,DEEP
B_peak3.0_x65_w15_e2_b7_r3,1790882100000,1790886300000,LIGHT
B_peak3.0_x65_w15_e2_b7_r3,1790886300000,1790890260000,DEEP
B_peak3.0_x65_w15_e2_b7_r3,1790890260000,1790895480000,LIGHT
B_peak3.0_x65_w15_e2_b7_r3,1790895480000,1790896320000,DEEP
B_peak3.0_x65_w15_e2_b7_r3,1790896320000,1790896349427,LIGHT
B_peak3.0_x65_w15_e2_b7_r5,1790875829427,1790880180000,LIGHT
B_peak3.0_x65_w15_e2_b7_r5,1790880180000,1790881200000,DEEP
B_peak3.0_x65_w15_e2_b7_r5,1790881200000,1790881260000,LIGHT
B_peak3.0_x65_w15_e2_b7_r5,1790881260000,1790882100000,DEEP
B_peak3.0_x65_w15_e2_b7_r5,1790882100000,1790886300000,LIGHT
B_peak3.0_x65_w15_e2_b7_r5,1790886300000,1790890320000,DEEP
B_peak3.0_x65_w15_e2_b7_r5,1790890320000,1790893560000,LIGHT
B_peak3.0_x65_w15_e2_b7_r5,1790893560000,1790894400000,DEEP
B_peak3.0_x65_w15_e2_b7_r5,1790894400000,1790895180000,LIGHT
B_peak3.0_x65_w15_e2_b7_r5,1790895180000,1790896320000,DEEP
B_peak3.0_x65_w15_e2_b7_r5,1790896320000,1790896349427,LIGHT
bridge_n2.5_peak1.5_x60_r3,1790875829427,1790880660000,LIGHT
bridge_n2.5_peak1.5_x60_r3,1790880660000,1790881140000,DEEP
bridge_n2.5_peak1.5_x60_r3,1790881140000,1790882400000,LIGHT
bridge_n2.5_peak1.5_x60_r3,1790882400000,1790884440000,DEEP
bridge_n2.5_peak1.5_x60_r3,1790884440000,1790886480000,LIGHT
bridge_n2.5_peak1.5_x60_r3,1790886480000,1790889780000,DEEP
bridge_n2.5_peak1.5_x60_r3,1790889780000,1790895900000,LIGHT
bridge_n2.5_peak1.5_x60_r3,1790895900000,1790896320000,DEEP
bridge_n2.5_peak1.5_x60_r3,1790896320000,1790896349427,LIGHT
bridge_n2.5_peak1.5_x60_r5,1790875829427,1790882400000,LIGHT
bridge_n2.5_peak1.5_x60_r5,1790882400000,1790884440000,DEEP
bridge_n2.5_peak1.5_x60_r5,1790884440000,1790886480000,LIGHT
bridge_n2.5_peak1.5_x60_r5,1790886480000,1790889840000,DEEP
bridge_n2.5_peak1.5_x60_r5,1790889840000,1790895900000,LIGHT
bridge_n2.5_peak1.5_x60_r5,1790895900000,1790896320000,DEEP
bridge_n2.5_peak1.5_x60_r5,1790896320000,1790896349427,LIGHT
bridge_n2.5_peak1.5_x65_r3,1790875829427,1790880660000,LIGHT
bridge_n2.5_peak1.5_x65_r3,1790880660000,1790881140000,DEEP
bridge_n2.5_peak1.5_x65_r3,1790881140000,1790882400000,LIGHT
bridge_n2.5_peak1.5_x65_r3,1790882400000,1790884440000,DEEP
bridge_n2.5_peak1.5_x65_r3,1790884440000,1790886480000,LIGHT
bridge_n2.5_peak1.5_x65_r3,1790886480000,1790889780000,DEEP
bridge_n2.5_peak1.5_x65_r3,1790889780000,1790896349427,LIGHT
bridge_n2.5_peak1.5_x65_r5,1790875829427,1790880660000,LIGHT
bridge_n2.5_peak1.5_x65_r5,1790880660000,1790881200000,DEEP
bridge_n2.5_peak1.5_x65_r5,1790881200000,1790882400000,LIGHT
bridge_n2.5_peak1.5_x65_r5,1790882400000,1790884440000,DEEP
bridge_n2.5_peak1.5_x65_r5,1790884440000,1790886480000,LIGHT
bridge_n2.5_peak1.5_x65_r5,1790886480000,1790889840000,DEEP
bridge_n2.5_peak1.5_x65_r5,1790889840000,1790895720000,LIGHT
bridge_n2.5_peak1.5_x65_r5,1790895720000,1790896320000,DEEP
bridge_n2.5_peak1.5_x65_r5,1790896320000,1790896349427,LIGHT
bridge_n2.5_peak1.5_x70_r3,1790875829427,1790880660000,LIGHT
bridge_n2.5_peak1.5_x70_r3,1790880660000,1790881140000,DEEP
bridge_n2.5_peak1.5_x70_r3,1790881140000,1790882400000,LIGHT
bridge_n2.5_peak1.5_x70_r3,1790882400000,1790884440000,DEEP
bridge_n2.5_peak1.5_x70_r3,1790884440000,1790886480000,LIGHT
bridge_n2.5_peak1.5_x70_r3,1790886480000,1790889780000,DEEP
bridge_n2.5_peak1.5_x70_r3,1790889780000,1790895720000,LIGHT
bridge_n2.5_peak1.5_x70_r3,1790895720000,1790896320000,DEEP
bridge_n2.5_peak1.5_x70_r3,1790896320000,1790896349427,LIGHT
bridge_n2.5_peak1.5_x70_r5,1790875829427,1790880660000,LIGHT
bridge_n2.5_peak1.5_x70_r5,1790880660000,1790881200000,DEEP
bridge_n2.5_peak1.5_x70_r5,1790881200000,1790882400000,LIGHT
bridge_n2.5_peak1.5_x70_r5,1790882400000,1790884440000,DEEP
bridge_n2.5_peak1.5_x70_r5,1790884440000,1790886480000,LIGHT
bridge_n2.5_peak1.5_x70_r5,1790886480000,1790889840000,DEEP
bridge_n2.5_peak1.5_x70_r5,1790889840000,1790895720000,LIGHT
bridge_n2.5_peak1.5_x70_r5,1790895720000,1790896320000,DEEP
bridge_n2.5_peak1.5_x70_r5,1790896320000,1790896349427,LIGHT
bridge_n2.5_peak2.0_x60_r3,1790875829427,1790880660000,LIGHT
bridge_n2.5_peak2.0_x60_r3,1790880660000,1790881140000,DEEP
bridge_n2.5_peak2.0_x60_r3,1790881140000,1790882340000,LIGHT
bridge_n2.5_peak2.0_x60_r3,1790882340000,1790884440000,DEEP
bridge_n2.5_peak2.0_x60_r3,1790884440000,1790886480000,LIGHT
bridge_n2.5_peak2.0_x60_r3,1790886480000,1790889780000,DEEP
bridge_n2.5_peak2.0_x60_r3,1790889780000,1790896349427,LIGHT
bridge_n2.5_peak2.0_x60_r5,1790875829427,1790882280000,LIGHT
bridge_n2.5_peak2.0_x60_r5,1790882280000,1790884440000,DEEP
bridge_n2.5_peak2.0_x60_r5,1790884440000,1790886480000,LIGHT
bridge_n2.5_peak2.0_x60_r5,1790886480000,1790889840000,DEEP
bridge_n2.5_peak2.0_x60_r5,1790889840000,1790889900000,LIGHT
bridge_n2.5_peak2.0_x60_r5,1790889900000,1790890320000,DEEP
bridge_n2.5_peak2.0_x60_r5,1790890320000,1790895360000,LIGHT
bridge_n2.5_peak2.0_x60_r5,1790895360000,1790895840000,DEEP
bridge_n2.5_peak2.0_x60_r5,1790895840000,1790895900000,LIGHT
bridge_n2.5_peak2.0_x60_r5,1790895900000,1790896320000,DEEP
bridge_n2.5_peak2.0_x60_r5,1790896320000,1790896349427,LIGHT
bridge_n2.5_peak2.0_x65_r3,1790875829427,1790880660000,LIGHT
bridge_n2.5_peak2.0_x65_r3,1790880660000,1790881140000,DEEP
bridge_n2.5_peak2.0_x65_r3,1790881140000,1790882340000,LIGHT
bridge_n2.5_peak2.0_x65_r3,1790882340000,1790884440000,DEEP
bridge_n2.5_peak2.0_x65_r3,1790884440000,1790886480000,LIGHT
bridge_n2.5_peak2.0_x65_r3,1790886480000,1790889780000,DEEP
bridge_n2.5_peak2.0_x65_r3,1790889780000,1790895480000,LIGHT
bridge_n2.5_peak2.0_x65_r3,1790895480000,1790895900000,DEEP
bridge_n2.5_peak2.0_x65_r3,1790895900000,1790896349427,LIGHT
bridge_n2.5_peak2.0_x65_r5,1790875829427,1790880660000,LIGHT
bridge_n2.5_peak2.0_x65_r5,1790880660000,1790881200000,DEEP
bridge_n2.5_peak2.0_x65_r5,1790881200000,1790882100000,LIGHT
bridge_n2.5_peak2.0_x65_r5,1790882100000,1790884440000,DEEP
bridge_n2.5_peak2.0_x65_r5,1790884440000,1790886480000,LIGHT
bridge_n2.5_peak2.0_x65_r5,1790886480000,1790889840000,DEEP
bridge_n2.5_peak2.0_x65_r5,1790889840000,1790889900000,LIGHT
bridge_n2.5_peak2.0_x65_r5,1790889900000,1790890320000,DEEP
bridge_n2.5_peak2.0_x65_r5,1790890320000,1790895180000,LIGHT
bridge_n2.5_peak2.0_x65_r5,1790895180000,1790896320000,DEEP
bridge_n2.5_peak2.0_x65_r5,1790896320000,1790896349427,LIGHT
bridge_n2.5_peak2.0_x70_r3,1790875829427,1790880660000,LIGHT
bridge_n2.5_peak2.0_x70_r3,1790880660000,1790881140000,DEEP
bridge_n2.5_peak2.0_x70_r3,1790881140000,1790882100000,LIGHT
bridge_n2.5_peak2.0_x70_r3,1790882100000,1790884440000,DEEP
bridge_n2.5_peak2.0_x70_r3,1790884440000,1790886480000,LIGHT
bridge_n2.5_peak2.0_x70_r3,1790886480000,1790890260000,DEEP
bridge_n2.5_peak2.0_x70_r3,1790890260000,1790895480000,LIGHT
bridge_n2.5_peak2.0_x70_r3,1790895480000,1790896320000,DEEP
bridge_n2.5_peak2.0_x70_r3,1790896320000,1790896349427,LIGHT
bridge_n2.5_peak2.0_x70_r5,1790875829427,1790880660000,LIGHT
bridge_n2.5_peak2.0_x70_r5,1790880660000,1790881200000,DEEP
bridge_n2.5_peak2.0_x70_r5,1790881200000,1790882100000,LIGHT
bridge_n2.5_peak2.0_x70_r5,1790882100000,1790884440000,DEEP
bridge_n2.5_peak2.0_x70_r5,1790884440000,1790886480000,LIGHT
bridge_n2.5_peak2.0_x70_r5,1790886480000,1790890320000,DEEP
bridge_n2.5_peak2.0_x70_r5,1790890320000,1790895180000,LIGHT
bridge_n2.5_peak2.0_x70_r5,1790895180000,1790896320000,DEEP
bridge_n2.5_peak2.0_x70_r5,1790896320000,1790896349427,LIGHT
bridge_n2.5_peak2.5_x60_r3,1790875829427,1790880660000,LIGHT
bridge_n2.5_peak2.5_x60_r3,1790880660000,1790881140000,DEEP
bridge_n2.5_peak2.5_x60_r3,1790881140000,1790882340000,LIGHT
bridge_n2.5_peak2.5_x60_r3,1790882340000,1790884440000,DEEP
bridge_n2.5_peak2.5_x60_r3,1790884440000,1790886480000,LIGHT
bridge_n2.5_peak2.5_x60_r3,1790886480000,1790889780000,DEEP
bridge_n2.5_peak2.5_x60_r3,1790889780000,1790895840000,LIGHT
bridge_n2.5_peak2.5_x60_r3,1790895840000,1790896320000,DEEP
bridge_n2.5_peak2.5_x60_r3,1790896320000,1790896349427,LIGHT
bridge_n2.5_peak2.5_x60_r5,1790875829427,1790882280000,LIGHT
bridge_n2.5_peak2.5_x60_r5,1790882280000,1790884440000,DEEP
bridge_n2.5_peak2.5_x60_r5,1790884440000,1790886480000,LIGHT
bridge_n2.5_peak2.5_x60_r5,1790886480000,1790889840000,DEEP
bridge_n2.5_peak2.5_x60_r5,1790889840000,1790889900000,LIGHT
bridge_n2.5_peak2.5_x60_r5,1790889900000,1790890320000,DEEP
bridge_n2.5_peak2.5_x60_r5,1790890320000,1790893620000,LIGHT
bridge_n2.5_peak2.5_x60_r5,1790893620000,1790894400000,DEEP
bridge_n2.5_peak2.5_x60_r5,1790894400000,1790896349427,LIGHT
bridge_n2.5_peak2.5_x65_r3,1790875829427,1790880660000,LIGHT
bridge_n2.5_peak2.5_x65_r3,1790880660000,1790881140000,DEEP
bridge_n2.5_peak2.5_x65_r3,1790881140000,1790882340000,LIGHT
bridge_n2.5_peak2.5_x65_r3,1790882340000,1790884440000,DEEP
bridge_n2.5_peak2.5_x65_r3,1790884440000,1790886480000,LIGHT
bridge_n2.5_peak2.5_x65_r3,1790886480000,1790889780000,DEEP
bridge_n2.5_peak2.5_x65_r3,1790889780000,1790896349427,LIGHT
bridge_n2.5_peak2.5_x65_r5,1790875829427,1790880660000,LIGHT
bridge_n2.5_peak2.5_x65_r5,1790880660000,1790881200000,DEEP
bridge_n2.5_peak2.5_x65_r5,1790881200000,1790882100000,LIGHT
bridge_n2.5_peak2.5_x65_r5,1790882100000,1790884440000,DEEP
bridge_n2.5_peak2.5_x65_r5,1790884440000,1790886480000,LIGHT
bridge_n2.5_peak2.5_x65_r5,1790886480000,1790889840000,DEEP
bridge_n2.5_peak2.5_x65_r5,1790889840000,1790889900000,LIGHT
bridge_n2.5_peak2.5_x65_r5,1790889900000,1790890320000,DEEP
bridge_n2.5_peak2.5_x65_r5,1790890320000,1790893620000,LIGHT
bridge_n2.5_peak2.5_x65_r5,1790893620000,1790894400000,DEEP
bridge_n2.5_peak2.5_x65_r5,1790894400000,1790895240000,LIGHT
bridge_n2.5_peak2.5_x65_r5,1790895240000,1790896320000,DEEP
bridge_n2.5_peak2.5_x65_r5,1790896320000,1790896349427,LIGHT
bridge_n2.5_peak2.5_x70_r3,1790875829427,1790880660000,LIGHT
bridge_n2.5_peak2.5_x70_r3,1790880660000,1790881140000,DEEP
bridge_n2.5_peak2.5_x70_r3,1790881140000,1790882100000,LIGHT
bridge_n2.5_peak2.5_x70_r3,1790882100000,1790884440000,DEEP
bridge_n2.5_peak2.5_x70_r3,1790884440000,1790886480000,LIGHT
bridge_n2.5_peak2.5_x70_r3,1790886480000,1790890260000,DEEP
bridge_n2.5_peak2.5_x70_r3,1790890260000,1790895660000,LIGHT
bridge_n2.5_peak2.5_x70_r3,1790895660000,1790896320000,DEEP
bridge_n2.5_peak2.5_x70_r3,1790896320000,1790896349427,LIGHT
bridge_n2.5_peak2.5_x70_r5,1790875829427,1790880660000,LIGHT
bridge_n2.5_peak2.5_x70_r5,1790880660000,1790881200000,DEEP
bridge_n2.5_peak2.5_x70_r5,1790881200000,1790882100000,LIGHT
bridge_n2.5_peak2.5_x70_r5,1790882100000,1790884440000,DEEP
bridge_n2.5_peak2.5_x70_r5,1790884440000,1790886480000,LIGHT
bridge_n2.5_peak2.5_x70_r5,1790886480000,1790890320000,DEEP
bridge_n2.5_peak2.5_x70_r5,1790890320000,1790893620000,LIGHT
bridge_n2.5_peak2.5_x70_r5,1790893620000,1790894400000,DEEP
bridge_n2.5_peak2.5_x70_r5,1790894400000,1790895240000,LIGHT
bridge_n2.5_peak2.5_x70_r5,1790895240000,1790896320000,DEEP
bridge_n2.5_peak2.5_x70_r5,1790896320000,1790896349427,LIGHT
bridge_n2.5_peak3.0_x60_r3,1790875829427,1790880660000,LIGHT
bridge_n2.5_peak3.0_x60_r3,1790880660000,1790881140000,DEEP
bridge_n2.5_peak3.0_x60_r3,1790881140000,1790882340000,LIGHT
bridge_n2.5_peak3.0_x60_r3,1790882340000,1790884560000,DEEP
bridge_n2.5_peak3.0_x60_r3,1790884560000,1790886300000,LIGHT
bridge_n2.5_peak3.0_x60_r3,1790886300000,1790889780000,DEEP
bridge_n2.5_peak3.0_x60_r3,1790889780000,1790895360000,LIGHT
bridge_n2.5_peak3.0_x60_r3,1790895360000,1790895900000,DEEP
bridge_n2.5_peak3.0_x60_r3,1790895900000,1790896349427,LIGHT
bridge_n2.5_peak3.0_x60_r5,1790875829427,1790882280000,LIGHT
bridge_n2.5_peak3.0_x60_r5,1790882280000,1790884620000,DEEP
bridge_n2.5_peak3.0_x60_r5,1790884620000,1790886300000,LIGHT
bridge_n2.5_peak3.0_x60_r5,1790886300000,1790889840000,DEEP
bridge_n2.5_peak3.0_x60_r5,1790889840000,1790889900000,LIGHT
bridge_n2.5_peak3.0_x60_r5,1790889900000,1790890320000,DEEP
bridge_n2.5_peak3.0_x60_r5,1790890320000,1790893620000,LIGHT
bridge_n2.5_peak3.0_x60_r5,1790893620000,1790894400000,DEEP
bridge_n2.5_peak3.0_x60_r5,1790894400000,1790895360000,LIGHT
bridge_n2.5_peak3.0_x60_r5,1790895360000,1790896320000,DEEP
bridge_n2.5_peak3.0_x60_r5,1790896320000,1790896349427,LIGHT
bridge_n2.5_peak3.0_x65_r3,1790875829427,1790880660000,LIGHT
bridge_n2.5_peak3.0_x65_r3,1790880660000,1790881140000,DEEP
bridge_n2.5_peak3.0_x65_r3,1790881140000,1790882100000,LIGHT
bridge_n2.5_peak3.0_x65_r3,1790882100000,1790884560000,DEEP
bridge_n2.5_peak3.0_x65_r3,1790884560000,1790886300000,LIGHT
bridge_n2.5_peak3.0_x65_r3,1790886300000,1790890260000,DEEP
bridge_n2.5_peak3.0_x65_r3,1790890260000,1790895480000,LIGHT
bridge_n2.5_peak3.0_x65_r3,1790895480000,1790896320000,DEEP
bridge_n2.5_peak3.0_x65_r3,1790896320000,1790896349427,LIGHT
bridge_n2.5_peak3.0_x65_r5,1790875829427,1790880660000,LIGHT
bridge_n2.5_peak3.0_x65_r5,1790880660000,1790881200000,DEEP
bridge_n2.5_peak3.0_x65_r5,1790881200000,1790882100000,LIGHT
bridge_n2.5_peak3.0_x65_r5,1790882100000,1790884620000,DEEP
bridge_n2.5_peak3.0_x65_r5,1790884620000,1790886300000,LIGHT
bridge_n2.5_peak3.0_x65_r5,1790886300000,1790890320000,DEEP
bridge_n2.5_peak3.0_x65_r5,1790890320000,1790893620000,LIGHT
bridge_n2.5_peak3.0_x65_r5,1790893620000,1790894400000,DEEP
bridge_n2.5_peak3.0_x65_r5,1790894400000,1790895180000,LIGHT
bridge_n2.5_peak3.0_x65_r5,1790895180000,1790896320000,DEEP
bridge_n2.5_peak3.0_x65_r5,1790896320000,1790896349427,LIGHT
bridge_n2.5_peak3.0_x70_r3,1790875829427,1790880660000,LIGHT
bridge_n2.5_peak3.0_x70_r3,1790880660000,1790881140000,DEEP
bridge_n2.5_peak3.0_x70_r3,1790881140000,1790881380000,LIGHT
bridge_n2.5_peak3.0_x70_r3,1790881380000,1790884560000,DEEP
bridge_n2.5_peak3.0_x70_r3,1790884560000,1790886300000,LIGHT
bridge_n2.5_peak3.0_x70_r3,1790886300000,1790890260000,DEEP
bridge_n2.5_peak3.0_x70_r3,1790890260000,1790895480000,LIGHT
bridge_n2.5_peak3.0_x70_r3,1790895480000,1790896320000,DEEP
bridge_n2.5_peak3.0_x70_r3,1790896320000,1790896349427,LIGHT
bridge_n2.5_peak3.0_x70_r5,1790875829427,1790880660000,LIGHT
bridge_n2.5_peak3.0_x70_r5,1790880660000,1790881200000,DEEP
bridge_n2.5_peak3.0_x70_r5,1790881200000,1790881380000,LIGHT
bridge_n2.5_peak3.0_x70_r5,1790881380000,1790884620000,DEEP
bridge_n2.5_peak3.0_x70_r5,1790884620000,1790886300000,LIGHT
bridge_n2.5_peak3.0_x70_r5,1790886300000,1790890320000,DEEP
bridge_n2.5_peak3.0_x70_r5,1790890320000,1790893620000,LIGHT
bridge_n2.5_peak3.0_x70_r5,1790893620000,1790894400000,DEEP
bridge_n2.5_peak3.0_x70_r5,1790894400000,1790895180000,LIGHT
bridge_n2.5_peak3.0_x70_r5,1790895180000,1790896320000,DEEP
bridge_n2.5_peak3.0_x70_r5,1790896320000,1790896349427,LIGHT
bridge_n2.75_peak1.5_x60_r3,1790875829427,1790880660000,LIGHT
bridge_n2.75_peak1.5_x60_r3,1790880660000,1790881140000,DEEP
bridge_n2.75_peak1.5_x60_r3,1790881140000,1790882400000,LIGHT
bridge_n2.75_peak1.5_x60_r3,1790882400000,1790884440000,DEEP
bridge_n2.75_peak1.5_x60_r3,1790884440000,1790886480000,LIGHT
bridge_n2.75_peak1.5_x60_r3,1790886480000,1790889780000,DEEP
bridge_n2.75_peak1.5_x60_r3,1790889780000,1790895900000,LIGHT
bridge_n2.75_peak1.5_x60_r3,1790895900000,1790896320000,DEEP
bridge_n2.75_peak1.5_x60_r3,1790896320000,1790896349427,LIGHT
bridge_n2.75_peak1.5_x60_r5,1790875829427,1790882400000,LIGHT
bridge_n2.75_peak1.5_x60_r5,1790882400000,1790884440000,DEEP
bridge_n2.75_peak1.5_x60_r5,1790884440000,1790886480000,LIGHT
bridge_n2.75_peak1.5_x60_r5,1790886480000,1790889840000,DEEP
bridge_n2.75_peak1.5_x60_r5,1790889840000,1790895900000,LIGHT
bridge_n2.75_peak1.5_x60_r5,1790895900000,1790896320000,DEEP
bridge_n2.75_peak1.5_x60_r5,1790896320000,1790896349427,LIGHT
bridge_n2.75_peak1.5_x65_r3,1790875829427,1790880660000,LIGHT
bridge_n2.75_peak1.5_x65_r3,1790880660000,1790881140000,DEEP
bridge_n2.75_peak1.5_x65_r3,1790881140000,1790882400000,LIGHT
bridge_n2.75_peak1.5_x65_r3,1790882400000,1790884440000,DEEP
bridge_n2.75_peak1.5_x65_r3,1790884440000,1790886480000,LIGHT
bridge_n2.75_peak1.5_x65_r3,1790886480000,1790889780000,DEEP
bridge_n2.75_peak1.5_x65_r3,1790889780000,1790896349427,LIGHT
bridge_n2.75_peak1.5_x65_r5,1790875829427,1790880660000,LIGHT
bridge_n2.75_peak1.5_x65_r5,1790880660000,1790881200000,DEEP
bridge_n2.75_peak1.5_x65_r5,1790881200000,1790882400000,LIGHT
bridge_n2.75_peak1.5_x65_r5,1790882400000,1790884440000,DEEP
bridge_n2.75_peak1.5_x65_r5,1790884440000,1790886480000,LIGHT
bridge_n2.75_peak1.5_x65_r5,1790886480000,1790889840000,DEEP
bridge_n2.75_peak1.5_x65_r5,1790889840000,1790895720000,LIGHT
bridge_n2.75_peak1.5_x65_r5,1790895720000,1790896320000,DEEP
bridge_n2.75_peak1.5_x65_r5,1790896320000,1790896349427,LIGHT
bridge_n2.75_peak1.5_x70_r3,1790875829427,1790880660000,LIGHT
bridge_n2.75_peak1.5_x70_r3,1790880660000,1790881140000,DEEP
bridge_n2.75_peak1.5_x70_r3,1790881140000,1790882400000,LIGHT
bridge_n2.75_peak1.5_x70_r3,1790882400000,1790884440000,DEEP
bridge_n2.75_peak1.5_x70_r3,1790884440000,1790886480000,LIGHT
bridge_n2.75_peak1.5_x70_r3,1790886480000,1790889780000,DEEP
bridge_n2.75_peak1.5_x70_r3,1790889780000,1790895720000,LIGHT
bridge_n2.75_peak1.5_x70_r3,1790895720000,1790896320000,DEEP
bridge_n2.75_peak1.5_x70_r3,1790896320000,1790896349427,LIGHT
bridge_n2.75_peak1.5_x70_r5,1790875829427,1790880660000,LIGHT
bridge_n2.75_peak1.5_x70_r5,1790880660000,1790881200000,DEEP
bridge_n2.75_peak1.5_x70_r5,1790881200000,1790882400000,LIGHT
bridge_n2.75_peak1.5_x70_r5,1790882400000,1790884440000,DEEP
bridge_n2.75_peak1.5_x70_r5,1790884440000,1790886480000,LIGHT
bridge_n2.75_peak1.5_x70_r5,1790886480000,1790889840000,DEEP
bridge_n2.75_peak1.5_x70_r5,1790889840000,1790895720000,LIGHT
bridge_n2.75_peak1.5_x70_r5,1790895720000,1790896320000,DEEP
bridge_n2.75_peak1.5_x70_r5,1790896320000,1790896349427,LIGHT
bridge_n2.75_peak2.0_x60_r3,1790875829427,1790880660000,LIGHT
bridge_n2.75_peak2.0_x60_r3,1790880660000,1790881140000,DEEP
bridge_n2.75_peak2.0_x60_r3,1790881140000,1790882340000,LIGHT
bridge_n2.75_peak2.0_x60_r3,1790882340000,1790884440000,DEEP
bridge_n2.75_peak2.0_x60_r3,1790884440000,1790886480000,LIGHT
bridge_n2.75_peak2.0_x60_r3,1790886480000,1790889780000,DEEP
bridge_n2.75_peak2.0_x60_r3,1790889780000,1790896349427,LIGHT
bridge_n2.75_peak2.0_x60_r5,1790875829427,1790882280000,LIGHT
bridge_n2.75_peak2.0_x60_r5,1790882280000,1790884440000,DEEP
bridge_n2.75_peak2.0_x60_r5,1790884440000,1790886480000,LIGHT
bridge_n2.75_peak2.0_x60_r5,1790886480000,1790889840000,DEEP
bridge_n2.75_peak2.0_x60_r5,1790889840000,1790889900000,LIGHT
bridge_n2.75_peak2.0_x60_r5,1790889900000,1790890320000,DEEP
bridge_n2.75_peak2.0_x60_r5,1790890320000,1790895360000,LIGHT
bridge_n2.75_peak2.0_x60_r5,1790895360000,1790895840000,DEEP
bridge_n2.75_peak2.0_x60_r5,1790895840000,1790895900000,LIGHT
bridge_n2.75_peak2.0_x60_r5,1790895900000,1790896320000,DEEP
bridge_n2.75_peak2.0_x60_r5,1790896320000,1790896349427,LIGHT
bridge_n2.75_peak2.0_x65_r3,1790875829427,1790880660000,LIGHT
bridge_n2.75_peak2.0_x65_r3,1790880660000,1790881140000,DEEP
bridge_n2.75_peak2.0_x65_r3,1790881140000,1790882340000,LIGHT
bridge_n2.75_peak2.0_x65_r3,1790882340000,1790884440000,DEEP
bridge_n2.75_peak2.0_x65_r3,1790884440000,1790886480000,LIGHT
bridge_n2.75_peak2.0_x65_r3,1790886480000,1790889780000,DEEP
bridge_n2.75_peak2.0_x65_r3,1790889780000,1790895480000,LIGHT
bridge_n2.75_peak2.0_x65_r3,1790895480000,1790895900000,DEEP
bridge_n2.75_peak2.0_x65_r3,1790895900000,1790896349427,LIGHT
bridge_n2.75_peak2.0_x65_r5,1790875829427,1790880660000,LIGHT
bridge_n2.75_peak2.0_x65_r5,1790880660000,1790881200000,DEEP
bridge_n2.75_peak2.0_x65_r5,1790881200000,1790882100000,LIGHT
bridge_n2.75_peak2.0_x65_r5,1790882100000,1790884440000,DEEP
bridge_n2.75_peak2.0_x65_r5,1790884440000,1790886480000,LIGHT
bridge_n2.75_peak2.0_x65_r5,1790886480000,1790889840000,DEEP
bridge_n2.75_peak2.0_x65_r5,1790889840000,1790889900000,LIGHT
bridge_n2.75_peak2.0_x65_r5,1790889900000,1790890320000,DEEP
bridge_n2.75_peak2.0_x65_r5,1790890320000,1790895180000,LIGHT
bridge_n2.75_peak2.0_x65_r5,1790895180000,1790896320000,DEEP
bridge_n2.75_peak2.0_x65_r5,1790896320000,1790896349427,LIGHT
bridge_n2.75_peak2.0_x70_r3,1790875829427,1790880660000,LIGHT
bridge_n2.75_peak2.0_x70_r3,1790880660000,1790881140000,DEEP
bridge_n2.75_peak2.0_x70_r3,1790881140000,1790882100000,LIGHT
bridge_n2.75_peak2.0_x70_r3,1790882100000,1790884440000,DEEP
bridge_n2.75_peak2.0_x70_r3,1790884440000,1790886480000,LIGHT
bridge_n2.75_peak2.0_x70_r3,1790886480000,1790890260000,DEEP
bridge_n2.75_peak2.0_x70_r3,1790890260000,1790895480000,LIGHT
bridge_n2.75_peak2.0_x70_r3,1790895480000,1790896320000,DEEP
bridge_n2.75_peak2.0_x70_r3,1790896320000,1790896349427,LIGHT
bridge_n2.75_peak2.0_x70_r5,1790875829427,1790880660000,LIGHT
bridge_n2.75_peak2.0_x70_r5,1790880660000,1790881200000,DEEP
bridge_n2.75_peak2.0_x70_r5,1790881200000,1790882100000,LIGHT
bridge_n2.75_peak2.0_x70_r5,1790882100000,1790884440000,DEEP
bridge_n2.75_peak2.0_x70_r5,1790884440000,1790886480000,LIGHT
bridge_n2.75_peak2.0_x70_r5,1790886480000,1790890320000,DEEP
bridge_n2.75_peak2.0_x70_r5,1790890320000,1790895180000,LIGHT
bridge_n2.75_peak2.0_x70_r5,1790895180000,1790896320000,DEEP
bridge_n2.75_peak2.0_x70_r5,1790896320000,1790896349427,LIGHT
bridge_n2.75_peak2.5_x60_r3,1790875829427,1790880660000,LIGHT
bridge_n2.75_peak2.5_x60_r3,1790880660000,1790881140000,DEEP
bridge_n2.75_peak2.5_x60_r3,1790881140000,1790882340000,LIGHT
bridge_n2.75_peak2.5_x60_r3,1790882340000,1790884440000,DEEP
bridge_n2.75_peak2.5_x60_r3,1790884440000,1790886480000,LIGHT
bridge_n2.75_peak2.5_x60_r3,1790886480000,1790889780000,DEEP
bridge_n2.75_peak2.5_x60_r3,1790889780000,1790895840000,LIGHT
bridge_n2.75_peak2.5_x60_r3,1790895840000,1790896320000,DEEP
bridge_n2.75_peak2.5_x60_r3,1790896320000,1790896349427,LIGHT
bridge_n2.75_peak2.5_x60_r5,1790875829427,1790882280000,LIGHT
bridge_n2.75_peak2.5_x60_r5,1790882280000,1790884440000,DEEP
bridge_n2.75_peak2.5_x60_r5,1790884440000,1790886480000,LIGHT
bridge_n2.75_peak2.5_x60_r5,1790886480000,1790889840000,DEEP
bridge_n2.75_peak2.5_x60_r5,1790889840000,1790889900000,LIGHT
bridge_n2.75_peak2.5_x60_r5,1790889900000,1790890320000,DEEP
bridge_n2.75_peak2.5_x60_r5,1790890320000,1790893620000,LIGHT
bridge_n2.75_peak2.5_x60_r5,1790893620000,1790894400000,DEEP
bridge_n2.75_peak2.5_x60_r5,1790894400000,1790896349427,LIGHT
bridge_n2.75_peak2.5_x65_r3,1790875829427,1790880660000,LIGHT
bridge_n2.75_peak2.5_x65_r3,1790880660000,1790881140000,DEEP
bridge_n2.75_peak2.5_x65_r3,1790881140000,1790882340000,LIGHT
bridge_n2.75_peak2.5_x65_r3,1790882340000,1790884440000,DEEP
bridge_n2.75_peak2.5_x65_r3,1790884440000,1790886480000,LIGHT
bridge_n2.75_peak2.5_x65_r3,1790886480000,1790889780000,DEEP
bridge_n2.75_peak2.5_x65_r3,1790889780000,1790896349427,LIGHT
bridge_n2.75_peak2.5_x65_r5,1790875829427,1790880660000,LIGHT
bridge_n2.75_peak2.5_x65_r5,1790880660000,1790881200000,DEEP
bridge_n2.75_peak2.5_x65_r5,1790881200000,1790882100000,LIGHT
bridge_n2.75_peak2.5_x65_r5,1790882100000,1790884440000,DEEP
bridge_n2.75_peak2.5_x65_r5,1790884440000,1790886480000,LIGHT
bridge_n2.75_peak2.5_x65_r5,1790886480000,1790889840000,DEEP
bridge_n2.75_peak2.5_x65_r5,1790889840000,1790889900000,LIGHT
bridge_n2.75_peak2.5_x65_r5,1790889900000,1790890320000,DEEP
bridge_n2.75_peak2.5_x65_r5,1790890320000,1790893620000,LIGHT
bridge_n2.75_peak2.5_x65_r5,1790893620000,1790894400000,DEEP
bridge_n2.75_peak2.5_x65_r5,1790894400000,1790895240000,LIGHT
bridge_n2.75_peak2.5_x65_r5,1790895240000,1790896320000,DEEP
bridge_n2.75_peak2.5_x65_r5,1790896320000,1790896349427,LIGHT
bridge_n2.75_peak2.5_x70_r3,1790875829427,1790880660000,LIGHT
bridge_n2.75_peak2.5_x70_r3,1790880660000,1790881140000,DEEP
bridge_n2.75_peak2.5_x70_r3,1790881140000,1790882100000,LIGHT
bridge_n2.75_peak2.5_x70_r3,1790882100000,1790884440000,DEEP
bridge_n2.75_peak2.5_x70_r3,1790884440000,1790886480000,LIGHT
bridge_n2.75_peak2.5_x70_r3,1790886480000,1790890260000,DEEP
bridge_n2.75_peak2.5_x70_r3,1790890260000,1790895660000,LIGHT
bridge_n2.75_peak2.5_x70_r3,1790895660000,1790896320000,DEEP
bridge_n2.75_peak2.5_x70_r3,1790896320000,1790896349427,LIGHT
bridge_n2.75_peak2.5_x70_r5,1790875829427,1790880660000,LIGHT
bridge_n2.75_peak2.5_x70_r5,1790880660000,1790881200000,DEEP
bridge_n2.75_peak2.5_x70_r5,1790881200000,1790882100000,LIGHT
bridge_n2.75_peak2.5_x70_r5,1790882100000,1790884440000,DEEP
bridge_n2.75_peak2.5_x70_r5,1790884440000,1790886480000,LIGHT
bridge_n2.75_peak2.5_x70_r5,1790886480000,1790890320000,DEEP
bridge_n2.75_peak2.5_x70_r5,1790890320000,1790893620000,LIGHT
bridge_n2.75_peak2.5_x70_r5,1790893620000,1790894400000,DEEP
bridge_n2.75_peak2.5_x70_r5,1790894400000,1790895240000,LIGHT
bridge_n2.75_peak2.5_x70_r5,1790895240000,1790896320000,DEEP
bridge_n2.75_peak2.5_x70_r5,1790896320000,1790896349427,LIGHT
bridge_n2.75_peak3.0_x60_r3,1790875829427,1790880660000,LIGHT
bridge_n2.75_peak3.0_x60_r3,1790880660000,1790881140000,DEEP
bridge_n2.75_peak3.0_x60_r3,1790881140000,1790882340000,LIGHT
bridge_n2.75_peak3.0_x60_r3,1790882340000,1790884560000,DEEP
bridge_n2.75_peak3.0_x60_r3,1790884560000,1790886300000,LIGHT
bridge_n2.75_peak3.0_x60_r3,1790886300000,1790889780000,DEEP
bridge_n2.75_peak3.0_x60_r3,1790889780000,1790895360000,LIGHT
bridge_n2.75_peak3.0_x60_r3,1790895360000,1790895900000,DEEP
bridge_n2.75_peak3.0_x60_r3,1790895900000,1790896349427,LIGHT
bridge_n2.75_peak3.0_x60_r5,1790875829427,1790882280000,LIGHT
bridge_n2.75_peak3.0_x60_r5,1790882280000,1790884620000,DEEP
bridge_n2.75_peak3.0_x60_r5,1790884620000,1790886300000,LIGHT
bridge_n2.75_peak3.0_x60_r5,1790886300000,1790889840000,DEEP
bridge_n2.75_peak3.0_x60_r5,1790889840000,1790889900000,LIGHT
bridge_n2.75_peak3.0_x60_r5,1790889900000,1790890320000,DEEP
bridge_n2.75_peak3.0_x60_r5,1790890320000,1790893620000,LIGHT
bridge_n2.75_peak3.0_x60_r5,1790893620000,1790894400000,DEEP
bridge_n2.75_peak3.0_x60_r5,1790894400000,1790895360000,LIGHT
bridge_n2.75_peak3.0_x60_r5,1790895360000,1790896320000,DEEP
bridge_n2.75_peak3.0_x60_r5,1790896320000,1790896349427,LIGHT
bridge_n2.75_peak3.0_x65_r3,1790875829427,1790880660000,LIGHT
bridge_n2.75_peak3.0_x65_r3,1790880660000,1790881140000,DEEP
bridge_n2.75_peak3.0_x65_r3,1790881140000,1790882100000,LIGHT
bridge_n2.75_peak3.0_x65_r3,1790882100000,1790884560000,DEEP
bridge_n2.75_peak3.0_x65_r3,1790884560000,1790886300000,LIGHT
bridge_n2.75_peak3.0_x65_r3,1790886300000,1790890260000,DEEP
bridge_n2.75_peak3.0_x65_r3,1790890260000,1790895480000,LIGHT
bridge_n2.75_peak3.0_x65_r3,1790895480000,1790896320000,DEEP
bridge_n2.75_peak3.0_x65_r3,1790896320000,1790896349427,LIGHT
bridge_n2.75_peak3.0_x65_r5,1790875829427,1790880660000,LIGHT
bridge_n2.75_peak3.0_x65_r5,1790880660000,1790881200000,DEEP
bridge_n2.75_peak3.0_x65_r5,1790881200000,1790882100000,LIGHT
bridge_n2.75_peak3.0_x65_r5,1790882100000,1790884620000,DEEP
bridge_n2.75_peak3.0_x65_r5,1790884620000,1790886300000,LIGHT
bridge_n2.75_peak3.0_x65_r5,1790886300000,1790890320000,DEEP
bridge_n2.75_peak3.0_x65_r5,1790890320000,1790893620000,LIGHT
bridge_n2.75_peak3.0_x65_r5,1790893620000,1790894400000,DEEP
bridge_n2.75_peak3.0_x65_r5,1790894400000,1790895180000,LIGHT
bridge_n2.75_peak3.0_x65_r5,1790895180000,1790896320000,DEEP
bridge_n2.75_peak3.0_x65_r5,1790896320000,1790896349427,LIGHT
bridge_n2.75_peak3.0_x70_r3,1790875829427,1790880660000,LIGHT
bridge_n2.75_peak3.0_x70_r3,1790880660000,1790881140000,DEEP
bridge_n2.75_peak3.0_x70_r3,1790881140000,1790881380000,LIGHT
bridge_n2.75_peak3.0_x70_r3,1790881380000,1790884560000,DEEP
bridge_n2.75_peak3.0_x70_r3,1790884560000,1790886300000,LIGHT
bridge_n2.75_peak3.0_x70_r3,1790886300000,1790890260000,DEEP
bridge_n2.75_peak3.0_x70_r3,1790890260000,1790895480000,LIGHT
bridge_n2.75_peak3.0_x70_r3,1790895480000,1790896320000,DEEP
bridge_n2.75_peak3.0_x70_r3,1790896320000,1790896349427,LIGHT
bridge_n2.75_peak3.0_x70_r5,1790875829427,1790880660000,LIGHT
bridge_n2.75_peak3.0_x70_r5,1790880660000,1790881200000,DEEP
bridge_n2.75_peak3.0_x70_r5,1790881200000,1790881380000,LIGHT
bridge_n2.75_peak3.0_x70_r5,1790881380000,1790884620000,DEEP
bridge_n2.75_peak3.0_x70_r5,1790884620000,1790886300000,LIGHT
bridge_n2.75_peak3.0_x70_r5,1790886300000,1790890320000,DEEP
bridge_n2.75_peak3.0_x70_r5,1790890320000,1790893620000,LIGHT
bridge_n2.75_peak3.0_x70_r5,1790893620000,1790894400000,DEEP
bridge_n2.75_peak3.0_x70_r5,1790894400000,1790895180000,LIGHT
bridge_n2.75_peak3.0_x70_r5,1790895180000,1790896320000,DEEP
bridge_n2.75_peak3.0_x70_r5,1790896320000,1790896349427,LIGHT
bridge_n3.0_peak1.5_x60_r3,1790875829427,1790880420000,LIGHT
bridge_n3.0_peak1.5_x60_r3,1790880420000,1790881140000,DEEP
bridge_n3.0_peak1.5_x60_r3,1790881140000,1790886480000,LIGHT
bridge_n3.0_peak1.5_x60_r3,1790886480000,1790888820000,DEEP
bridge_n3.0_peak1.5_x60_r3,1790888820000,1790895420000,LIGHT
bridge_n3.0_peak1.5_x60_r3,1790895420000,1790895900000,DEEP
bridge_n3.0_peak1.5_x60_r3,1790895900000,1790896349427,LIGHT
bridge_n3.0_peak1.5_x60_r5,1790875829427,1790880360000,LIGHT
bridge_n3.0_peak1.5_x60_r5,1790880360000,1790881200000,DEEP
bridge_n3.0_peak1.5_x60_r5,1790881200000,1790886480000,LIGHT
bridge_n3.0_peak1.5_x60_r5,1790886480000,1790888820000,DEEP
bridge_n3.0_peak1.5_x60_r5,1790888820000,1790895480000,LIGHT
bridge_n3.0_peak1.5_x60_r5,1790895480000,1790896320000,DEEP
bridge_n3.0_peak1.5_x60_r5,1790896320000,1790896349427,LIGHT
bridge_n3.0_peak1.5_x65_r3,1790875829427,1790880180000,LIGHT
bridge_n3.0_peak1.5_x65_r3,1790880180000,1790881140000,DEEP
bridge_n3.0_peak1.5_x65_r3,1790881140000,1790886480000,LIGHT
bridge_n3.0_peak1.5_x65_r3,1790886480000,1790888820000,DEEP
bridge_n3.0_peak1.5_x65_r3,1790888820000,1790895480000,LIGHT
bridge_n3.0_peak1.5_x65_r3,1790895480000,1790896320000,DEEP
bridge_n3.0_peak1.5_x65_r3,1790896320000,1790896349427,LIGHT
bridge_n3.0_peak1.5_x65_r5,1790875829427,1790880180000,LIGHT
bridge_n3.0_peak1.5_x65_r5,1790880180000,1790881200000,DEEP
bridge_n3.0_peak1.5_x65_r5,1790881200000,1790886480000,LIGHT
bridge_n3.0_peak1.5_x65_r5,1790886480000,1790888820000,DEEP
bridge_n3.0_peak1.5_x65_r5,1790888820000,1790895180000,LIGHT
bridge_n3.0_peak1.5_x65_r5,1790895180000,1790896320000,DEEP
bridge_n3.0_peak1.5_x65_r5,1790896320000,1790896349427,LIGHT
bridge_n3.0_peak2.0_x70_r3,1790875829427,1790880180000,LIGHT
bridge_n3.0_peak2.0_x70_r3,1790880180000,1790882100000,DEEP
bridge_n3.0_peak2.0_x70_r3,1790882100000,1790886480000,LIGHT
bridge_n3.0_peak2.0_x70_r3,1790886480000,1790888820000,DEEP
bridge_n3.0_peak2.0_x70_r3,1790888820000,1790895480000,LIGHT
bridge_n3.0_peak2.0_x70_r3,1790895480000,1790896320000,DEEP
bridge_n3.0_peak2.0_x70_r3,1790896320000,1790896349427,LIGHT
bridge_n3.0_peak2.0_x70_r5,1790875829427,1790880180000,LIGHT
bridge_n3.0_peak2.0_x70_r5,1790880180000,1790882100000,DEEP
bridge_n3.0_peak2.0_x70_r5,1790882100000,1790886480000,LIGHT
bridge_n3.0_peak2.0_x70_r5,1790886480000,1790888820000,DEEP
bridge_n3.0_peak2.0_x70_r5,1790888820000,1790895180000,LIGHT
bridge_n3.0_peak2.0_x70_r5,1790895180000,1790896320000,DEEP
bridge_n3.0_peak2.0_x70_r5,1790896320000,1790896349427,LIGHT
bridge_n3.0_peak2.5_x70_r3,1790875829427,1790880180000,LIGHT
bridge_n3.0_peak2.5_x70_r3,1790880180000,1790882100000,DEEP
bridge_n3.0_peak2.5_x70_r3,1790882100000,1790886480000,LIGHT
bridge_n3.0_peak2.5_x70_r3,1790886480000,1790888820000,DEEP
bridge_n3.0_peak2.5_x70_r3,1790888820000,1790895480000,LIGHT
bridge_n3.0_peak2.5_x70_r3,1790895480000,1790896320000,DEEP
bridge_n3.0_peak2.5_x70_r3,1790896320000,1790896349427,LIGHT
bridge_n3.0_peak2.5_x70_r5,1790875829427,1790880180000,LIGHT
bridge_n3.0_peak2.5_x70_r5,1790880180000,1790882100000,DEEP
bridge_n3.0_peak2.5_x70_r5,1790882100000,1790886480000,LIGHT
bridge_n3.0_peak2.5_x70_r5,1790886480000,1790888820000,DEEP
bridge_n3.0_peak2.5_x70_r5,1790888820000,1790893560000,LIGHT
bridge_n3.0_peak2.5_x70_r5,1790893560000,1790894400000,DEEP
bridge_n3.0_peak2.5_x70_r5,1790894400000,1790895180000,LIGHT
bridge_n3.0_peak2.5_x70_r5,1790895180000,1790896320000,DEEP
bridge_n3.0_peak2.5_x70_r5,1790896320000,1790896349427,LIGHT
bridge_n3.0_peak3.0_x70_r3,1790875829427,1790880180000,LIGHT
bridge_n3.0_peak3.0_x70_r3,1790880180000,1790882100000,DEEP
bridge_n3.0_peak3.0_x70_r3,1790882100000,1790886300000,LIGHT
bridge_n3.0_peak3.0_x70_r3,1790886300000,1790890260000,DEEP
bridge_n3.0_peak3.0_x70_r3,1790890260000,1790890560000,LIGHT
bridge_n3.0_peak3.0_x70_r3,1790890560000,1790891340000,DEEP
bridge_n3.0_peak3.0_x70_r3,1790891340000,1790895480000,LIGHT
bridge_n3.0_peak3.0_x70_r3,1790895480000,1790896320000,DEEP
bridge_n3.0_peak3.0_x70_r3,1790896320000,1790896349427,LIGHT
bridge_n3.0_peak3.0_x70_r5,1790875829427,1790880180000,LIGHT
bridge_n3.0_peak3.0_x70_r5,1790880180000,1790882100000,DEEP
bridge_n3.0_peak3.0_x70_r5,1790882100000,1790886300000,LIGHT
bridge_n3.0_peak3.0_x70_r5,1790886300000,1790890320000,DEEP
bridge_n3.0_peak3.0_x70_r5,1790890320000,1790890560000,LIGHT
bridge_n3.0_peak3.0_x70_r5,1790890560000,1790891400000,DEEP
bridge_n3.0_peak3.0_x70_r5,1790891400000,1790893560000,LIGHT
bridge_n3.0_peak3.0_x70_r5,1790893560000,1790894400000,DEEP
bridge_n3.0_peak3.0_x70_r5,1790894400000,1790895180000,LIGHT
bridge_n3.0_peak3.0_x70_r5,1790895180000,1790896320000,DEEP
bridge_n3.0_peak3.0_x70_r5,1790896320000,1790896349427,LIGHT
C_peak2.25_x60_w12_e1_b5,1790875829427,1790880360000,LIGHT
C_peak2.25_x60_w12_e1_b5,1790880360000,1790881140000,DEEP
C_peak2.25_x60_w12_e1_b5,1790881140000,1790881680000,LIGHT
C_peak2.25_x60_w12_e1_b5,1790881680000,1790881980000,DEEP
C_peak2.25_x60_w12_e1_b5,1790881980000,1790886300000,LIGHT
C_peak2.25_x60_w12_e1_b5,1790886300000,1790888820000,DEEP
C_peak2.25_x60_w12_e1_b5,1790888820000,1790890920000,LIGHT
C_peak2.25_x60_w12_e1_b5,1790890920000,1790891280000,DEEP
C_peak2.25_x60_w12_e1_b5,1790891280000,1790892960000,LIGHT
C_peak2.25_x60_w12_e1_b5,1790892960000,1790893320000,DEEP
C_peak2.25_x60_w12_e1_b5,1790893320000,1790893560000,LIGHT
C_peak2.25_x60_w12_e1_b5,1790893560000,1790894340000,DEEP
C_peak2.25_x60_w12_e1_b5,1790894340000,1790895120000,LIGHT
C_peak2.25_x60_w12_e1_b5,1790895120000,1790895840000,DEEP
C_peak2.25_x60_w12_e1_b5,1790895840000,1790895900000,LIGHT
C_peak2.25_x60_w12_e1_b5,1790895900000,1790896320000,DEEP
C_peak2.25_x60_w12_e1_b5,1790896320000,1790896349427,LIGHT
C_peak2.25_x60_w12_e1_b6,1790875829427,1790880360000,LIGHT
C_peak2.25_x60_w12_e1_b6,1790880360000,1790881140000,DEEP
C_peak2.25_x60_w12_e1_b6,1790881140000,1790886300000,LIGHT
C_peak2.25_x60_w12_e1_b6,1790886300000,1790888820000,DEEP
C_peak2.25_x60_w12_e1_b6,1790888820000,1790890920000,LIGHT
C_peak2.25_x60_w12_e1_b6,1790890920000,1790891280000,DEEP
C_peak2.25_x60_w12_e1_b6,1790891280000,1790892960000,LIGHT
C_peak2.25_x60_w12_e1_b6,1790892960000,1790893320000,DEEP
C_peak2.25_x60_w12_e1_b6,1790893320000,1790893560000,LIGHT
C_peak2.25_x60_w12_e1_b6,1790893560000,1790894340000,DEEP
C_peak2.25_x60_w12_e1_b6,1790894340000,1790895120000,LIGHT
C_peak2.25_x60_w12_e1_b6,1790895120000,1790895840000,DEEP
C_peak2.25_x60_w12_e1_b6,1790895840000,1790895900000,LIGHT
C_peak2.25_x60_w12_e1_b6,1790895900000,1790896320000,DEEP
C_peak2.25_x60_w12_e1_b6,1790896320000,1790896349427,LIGHT
C_peak2.25_x60_w12_e1_b7,1790875829427,1790880360000,LIGHT
C_peak2.25_x60_w12_e1_b7,1790880360000,1790881140000,DEEP
C_peak2.25_x60_w12_e1_b7,1790881140000,1790886300000,LIGHT
C_peak2.25_x60_w12_e1_b7,1790886300000,1790888820000,DEEP
C_peak2.25_x60_w12_e1_b7,1790888820000,1790893560000,LIGHT
C_peak2.25_x60_w12_e1_b7,1790893560000,1790894340000,DEEP
C_peak2.25_x60_w12_e1_b7,1790894340000,1790895120000,LIGHT
C_peak2.25_x60_w12_e1_b7,1790895120000,1790895840000,DEEP
C_peak2.25_x60_w12_e1_b7,1790895840000,1790895900000,LIGHT
C_peak2.25_x60_w12_e1_b7,1790895900000,1790896320000,DEEP
C_peak2.25_x60_w12_e1_b7,1790896320000,1790896349427,LIGHT
C_peak2.25_x60_w12_e2_b5,1790875829427,1790880360000,LIGHT
C_peak2.25_x60_w12_e2_b5,1790880360000,1790881200000,DEEP
C_peak2.25_x60_w12_e2_b5,1790881200000,1790881620000,LIGHT
C_peak2.25_x60_w12_e2_b5,1790881620000,1790882100000,DEEP
C_peak2.25_x60_w12_e2_b5,1790882100000,1790886300000,LIGHT
C_peak2.25_x60_w12_e2_b5,1790886300000,1790888820000,DEEP
C_peak2.25_x60_w12_e2_b5,1790888820000,1790890920000,LIGHT
C_peak2.25_x60_w12_e2_b5,1790890920000,1790891340000,DEEP
C_peak2.25_x60_w12_e2_b5,1790891340000,1790892960000,LIGHT
C_peak2.25_x60_w12_e2_b5,1790892960000,1790893380000,DEEP
C_peak2.25_x60_w12_e2_b5,1790893380000,1790893560000,LIGHT
C_peak2.25_x60_w12_e2_b5,1790893560000,1790894400000,DEEP
C_peak2.25_x60_w12_e2_b5,1790894400000,1790894580000,LIGHT
C_peak2.25_x60_w12_e2_b5,1790894580000,1790894880000,DEEP
C_peak2.25_x60_w12_e2_b5,1790894880000,1790895120000,LIGHT
C_peak2.25_x60_w12_e2_b5,1790895120000,1790896320000,DEEP
C_peak2.25_x60_w12_e2_b5,1790896320000,1790896349427,LIGHT
C_peak2.25_x60_w12_e2_b6,1790875829427,1790880360000,LIGHT
C_peak2.25_x60_w12_e2_b6,1790880360000,1790881200000,DEEP
C_peak2.25_x60_w12_e2_b6,1790881200000,1790881620000,LIGHT
C_peak2.25_x60_w12_e2_b6,1790881620000,1790882100000,DEEP
C_peak2.25_x60_w12_e2_b6,1790882100000,1790886300000,LIGHT
C_peak2.25_x60_w12_e2_b6,1790886300000,1790888820000,DEEP
C_peak2.25_x60_w12_e2_b6,1790888820000,1790890920000,LIGHT
C_peak2.25_x60_w12_e2_b6,1790890920000,1790891340000,DEEP
C_peak2.25_x60_w12_e2_b6,1790891340000,1790892960000,LIGHT
C_peak2.25_x60_w12_e2_b6,1790892960000,1790893380000,DEEP
C_peak2.25_x60_w12_e2_b6,1790893380000,1790893560000,LIGHT
C_peak2.25_x60_w12_e2_b6,1790893560000,1790894400000,DEEP
C_peak2.25_x60_w12_e2_b6,1790894400000,1790895120000,LIGHT
C_peak2.25_x60_w12_e2_b6,1790895120000,1790896320000,DEEP
C_peak2.25_x60_w12_e2_b6,1790896320000,1790896349427,LIGHT
C_peak2.25_x60_w12_e2_b7,1790875829427,1790880360000,LIGHT
C_peak2.25_x60_w12_e2_b7,1790880360000,1790881200000,DEEP
C_peak2.25_x60_w12_e2_b7,1790881200000,1790881620000,LIGHT
C_peak2.25_x60_w12_e2_b7,1790881620000,1790882100000,DEEP
C_peak2.25_x60_w12_e2_b7,1790882100000,1790886300000,LIGHT
C_peak2.25_x60_w12_e2_b7,1790886300000,1790888820000,DEEP
C_peak2.25_x60_w12_e2_b7,1790888820000,1790890920000,LIGHT
C_peak2.25_x60_w12_e2_b7,1790890920000,1790891340000,DEEP
C_peak2.25_x60_w12_e2_b7,1790891340000,1790892960000,LIGHT
C_peak2.25_x60_w12_e2_b7,1790892960000,1790893380000,DEEP
C_peak2.25_x60_w12_e2_b7,1790893380000,1790893560000,LIGHT
C_peak2.25_x60_w12_e2_b7,1790893560000,1790894400000,DEEP
C_peak2.25_x60_w12_e2_b7,1790894400000,1790895120000,LIGHT
C_peak2.25_x60_w12_e2_b7,1790895120000,1790896320000,DEEP
C_peak2.25_x60_w12_e2_b7,1790896320000,1790896349427,LIGHT
C_peak2.25_x60_w13_e1_b5,1790875829427,1790880300000,LIGHT
C_peak2.25_x60_w13_e1_b5,1790880300000,1790881140000,DEEP
C_peak2.25_x60_w13_e1_b5,1790881140000,1790881680000,LIGHT
C_peak2.25_x60_w13_e1_b5,1790881680000,1790881980000,DEEP
C_peak2.25_x60_w13_e1_b5,1790881980000,1790886360000,LIGHT
C_peak2.25_x60_w13_e1_b5,1790886360000,1790888820000,DEEP
C_peak2.25_x60_w13_e1_b5,1790888820000,1790890980000,LIGHT
C_peak2.25_x60_w13_e1_b5,1790890980000,1790891280000,DEEP
C_peak2.25_x60_w13_e1_b5,1790891280000,1790893020000,LIGHT
C_peak2.25_x60_w13_e1_b5,1790893020000,1790893320000,DEEP
C_peak2.25_x60_w13_e1_b5,1790893320000,1790893560000,LIGHT
C_peak2.25_x60_w13_e1_b5,1790893560000,1790894340000,DEEP
C_peak2.25_x60_w13_e1_b5,1790894340000,1790895120000,LIGHT
C_peak2.25_x60_w13_e1_b5,1790895120000,1790895840000,DEEP
C_peak2.25_x60_w13_e1_b5,1790895840000,1790895900000,LIGHT
C_peak2.25_x60_w13_e1_b5,1790895900000,1790896320000,DEEP
C_peak2.25_x60_w13_e1_b5,1790896320000,1790896349427,LIGHT
C_peak2.25_x60_w13_e1_b6,1790875829427,1790880300000,LIGHT
C_peak2.25_x60_w13_e1_b6,1790880300000,1790881140000,DEEP
C_peak2.25_x60_w13_e1_b6,1790881140000,1790886360000,LIGHT
C_peak2.25_x60_w13_e1_b6,1790886360000,1790888820000,DEEP
C_peak2.25_x60_w13_e1_b6,1790888820000,1790893560000,LIGHT
C_peak2.25_x60_w13_e1_b6,1790893560000,1790894340000,DEEP
C_peak2.25_x60_w13_e1_b6,1790894340000,1790895120000,LIGHT
C_peak2.25_x60_w13_e1_b6,1790895120000,1790895840000,DEEP
C_peak2.25_x60_w13_e1_b6,1790895840000,1790895900000,LIGHT
C_peak2.25_x60_w13_e1_b6,1790895900000,1790896320000,DEEP
C_peak2.25_x60_w13_e1_b6,1790896320000,1790896349427,LIGHT
C_peak2.25_x60_w13_e1_b7,1790875829427,1790880300000,LIGHT
C_peak2.25_x60_w13_e1_b7,1790880300000,1790881140000,DEEP
C_peak2.25_x60_w13_e1_b7,1790881140000,1790886360000,LIGHT
C_peak2.25_x60_w13_e1_b7,1790886360000,1790888820000,DEEP
C_peak2.25_x60_w13_e1_b7,1790888820000,1790893560000,LIGHT
C_peak2.25_x60_w13_e1_b7,1790893560000,1790894340000,DEEP
C_peak2.25_x60_w13_e1_b7,1790894340000,1790895120000,LIGHT
C_peak2.25_x60_w13_e1_b7,1790895120000,1790895840000,DEEP
C_peak2.25_x60_w13_e1_b7,1790895840000,1790895900000,LIGHT
C_peak2.25_x60_w13_e1_b7,1790895900000,1790896320000,DEEP
C_peak2.25_x60_w13_e1_b7,1790896320000,1790896349427,LIGHT
C_peak2.25_x60_w13_e2_b5,1790875829427,1790880360000,LIGHT
C_peak2.25_x60_w13_e2_b5,1790880360000,1790881200000,DEEP
C_peak2.25_x60_w13_e2_b5,1790881200000,1790881620000,LIGHT
C_peak2.25_x60_w13_e2_b5,1790881620000,1790882100000,DEEP
C_peak2.25_x60_w13_e2_b5,1790882100000,1790886360000,LIGHT
C_peak2.25_x60_w13_e2_b5,1790886360000,1790888820000,DEEP
C_peak2.25_x60_w13_e2_b5,1790888820000,1790890980000,LIGHT
C_peak2.25_x60_w13_e2_b5,1790890980000,1790891340000,DEEP
C_peak2.25_x60_w13_e2_b5,1790891340000,1790893020000,LIGHT
C_peak2.25_x60_w13_e2_b5,1790893020000,1790893380000,DEEP
C_peak2.25_x60_w13_e2_b5,1790893380000,1790893560000,LIGHT
C_peak2.25_x60_w13_e2_b5,1790893560000,1790894400000,DEEP
C_peak2.25_x60_w13_e2_b5,1790894400000,1790894580000,LIGHT
C_peak2.25_x60_w13_e2_b5,1790894580000,1790894880000,DEEP
C_peak2.25_x60_w13_e2_b5,1790894880000,1790895120000,LIGHT
C_peak2.25_x60_w13_e2_b5,1790895120000,1790896320000,DEEP
C_peak2.25_x60_w13_e2_b5,1790896320000,1790896349427,LIGHT
C_peak2.25_x60_w13_e2_b6,1790875829427,1790880360000,LIGHT
C_peak2.25_x60_w13_e2_b6,1790880360000,1790881200000,DEEP
C_peak2.25_x60_w13_e2_b6,1790881200000,1790881620000,LIGHT
C_peak2.25_x60_w13_e2_b6,1790881620000,1790882100000,DEEP
C_peak2.25_x60_w13_e2_b6,1790882100000,1790886360000,LIGHT
C_peak2.25_x60_w13_e2_b6,1790886360000,1790888820000,DEEP
C_peak2.25_x60_w13_e2_b6,1790888820000,1790890980000,LIGHT
C_peak2.25_x60_w13_e2_b6,1790890980000,1790891340000,DEEP
C_peak2.25_x60_w13_e2_b6,1790891340000,1790893020000,LIGHT
C_peak2.25_x60_w13_e2_b6,1790893020000,1790893380000,DEEP
C_peak2.25_x60_w13_e2_b6,1790893380000,1790893560000,LIGHT
C_peak2.25_x60_w13_e2_b6,1790893560000,1790894400000,DEEP
C_peak2.25_x60_w13_e2_b6,1790894400000,1790895120000,LIGHT
C_peak2.25_x60_w13_e2_b6,1790895120000,1790896320000,DEEP
C_peak2.25_x60_w13_e2_b6,1790896320000,1790896349427,LIGHT
C_peak2.25_x60_w13_e2_b7,1790875829427,1790880360000,LIGHT
C_peak2.25_x60_w13_e2_b7,1790880360000,1790881200000,DEEP
C_peak2.25_x60_w13_e2_b7,1790881200000,1790881620000,LIGHT
C_peak2.25_x60_w13_e2_b7,1790881620000,1790882100000,DEEP
C_peak2.25_x60_w13_e2_b7,1790882100000,1790886360000,LIGHT
C_peak2.25_x60_w13_e2_b7,1790886360000,1790888820000,DEEP
C_peak2.25_x60_w13_e2_b7,1790888820000,1790893560000,LIGHT
C_peak2.25_x60_w13_e2_b7,1790893560000,1790894400000,DEEP
C_peak2.25_x60_w13_e2_b7,1790894400000,1790895120000,LIGHT
C_peak2.25_x60_w13_e2_b7,1790895120000,1790896320000,DEEP
C_peak2.25_x60_w13_e2_b7,1790896320000,1790896349427,LIGHT
C_peak2.25_x60_w14_e1_b5,1790875829427,1790880300000,LIGHT
C_peak2.25_x60_w14_e1_b5,1790880300000,1790881140000,DEEP
C_peak2.25_x60_w14_e1_b5,1790881140000,1790881680000,LIGHT
C_peak2.25_x60_w14_e1_b5,1790881680000,1790881980000,DEEP
C_peak2.25_x60_w14_e1_b5,1790881980000,1790886420000,LIGHT
C_peak2.25_x60_w14_e1_b5,1790886420000,1790888820000,DEEP
C_peak2.25_x60_w14_e1_b5,1790888820000,1790890980000,LIGHT
C_peak2.25_x60_w14_e1_b5,1790890980000,1790891280000,DEEP
C_peak2.25_x60_w14_e1_b5,1790891280000,1790893020000,LIGHT
C_peak2.25_x60_w14_e1_b5,1790893020000,1790893320000,DEEP
C_peak2.25_x60_w14_e1_b5,1790893320000,1790893560000,LIGHT
C_peak2.25_x60_w14_e1_b5,1790893560000,1790894340000,DEEP
C_peak2.25_x60_w14_e1_b5,1790894340000,1790895180000,LIGHT
C_peak2.25_x60_w14_e1_b5,1790895180000,1790895840000,DEEP
C_peak2.25_x60_w14_e1_b5,1790895840000,1790895900000,LIGHT
C_peak2.25_x60_w14_e1_b5,1790895900000,1790896320000,DEEP
C_peak2.25_x60_w14_e1_b5,1790896320000,1790896349427,LIGHT
C_peak2.25_x60_w14_e1_b6,1790875829427,1790880300000,LIGHT
C_peak2.25_x60_w14_e1_b6,1790880300000,1790881140000,DEEP
C_peak2.25_x60_w14_e1_b6,1790881140000,1790886420000,LIGHT
C_peak2.25_x60_w14_e1_b6,1790886420000,1790888820000,DEEP
C_peak2.25_x60_w14_e1_b6,1790888820000,1790893560000,LIGHT
C_peak2.25_x60_w14_e1_b6,1790893560000,1790894340000,DEEP
C_peak2.25_x60_w14_e1_b6,1790894340000,1790895180000,LIGHT
C_peak2.25_x60_w14_e1_b6,1790895180000,1790895840000,DEEP
C_peak2.25_x60_w14_e1_b6,1790895840000,1790895900000,LIGHT
C_peak2.25_x60_w14_e1_b6,1790895900000,1790896320000,DEEP
C_peak2.25_x60_w14_e1_b6,1790896320000,1790896349427,LIGHT
C_peak2.25_x60_w14_e1_b7,1790875829427,1790880300000,LIGHT
C_peak2.25_x60_w14_e1_b7,1790880300000,1790881140000,DEEP
C_peak2.25_x60_w14_e1_b7,1790881140000,1790886420000,LIGHT
C_peak2.25_x60_w14_e1_b7,1790886420000,1790888820000,DEEP
C_peak2.25_x60_w14_e1_b7,1790888820000,1790893560000,LIGHT
C_peak2.25_x60_w14_e1_b7,1790893560000,1790894340000,DEEP
C_peak2.25_x60_w14_e1_b7,1790894340000,1790895180000,LIGHT
C_peak2.25_x60_w14_e1_b7,1790895180000,1790895840000,DEEP
C_peak2.25_x60_w14_e1_b7,1790895840000,1790895900000,LIGHT
C_peak2.25_x60_w14_e1_b7,1790895900000,1790896320000,DEEP
C_peak2.25_x60_w14_e1_b7,1790896320000,1790896349427,LIGHT
C_peak2.25_x60_w14_e2_b5,1790875829427,1790880360000,LIGHT
C_peak2.25_x60_w14_e2_b5,1790880360000,1790881200000,DEEP
C_peak2.25_x60_w14_e2_b5,1790881200000,1790881620000,LIGHT
C_peak2.25_x60_w14_e2_b5,1790881620000,1790882100000,DEEP
C_peak2.25_x60_w14_e2_b5,1790882100000,1790886420000,LIGHT
C_peak2.25_x60_w14_e2_b5,1790886420000,1790888820000,DEEP
C_peak2.25_x60_w14_e2_b5,1790888820000,1790890980000,LIGHT
C_peak2.25_x60_w14_e2_b5,1790890980000,1790891340000,DEEP
C_peak2.25_x60_w14_e2_b5,1790891340000,1790893020000,LIGHT
C_peak2.25_x60_w14_e2_b5,1790893020000,1790893380000,DEEP
C_peak2.25_x60_w14_e2_b5,1790893380000,1790893560000,LIGHT
C_peak2.25_x60_w14_e2_b5,1790893560000,1790894400000,DEEP
C_peak2.25_x60_w14_e2_b5,1790894400000,1790894580000,LIGHT
C_peak2.25_x60_w14_e2_b5,1790894580000,1790894880000,DEEP
C_peak2.25_x60_w14_e2_b5,1790894880000,1790895180000,LIGHT
C_peak2.25_x60_w14_e2_b5,1790895180000,1790896320000,DEEP
C_peak2.25_x60_w14_e2_b5,1790896320000,1790896349427,LIGHT
C_peak2.25_x60_w14_e2_b6,1790875829427,1790880360000,LIGHT
C_peak2.25_x60_w14_e2_b6,1790880360000,1790881200000,DEEP
C_peak2.25_x60_w14_e2_b6,1790881200000,1790881620000,LIGHT
C_peak2.25_x60_w14_e2_b6,1790881620000,1790882100000,DEEP
C_peak2.25_x60_w14_e2_b6,1790882100000,1790886420000,LIGHT
C_peak2.25_x60_w14_e2_b6,1790886420000,1790888820000,DEEP
C_peak2.25_x60_w14_e2_b6,1790888820000,1790890980000,LIGHT
C_peak2.25_x60_w14_e2_b6,1790890980000,1790891340000,DEEP
C_peak2.25_x60_w14_e2_b6,1790891340000,1790893020000,LIGHT
C_peak2.25_x60_w14_e2_b6,1790893020000,1790893380000,DEEP
C_peak2.25_x60_w14_e2_b6,1790893380000,1790893560000,LIGHT
C_peak2.25_x60_w14_e2_b6,1790893560000,1790894400000,DEEP
C_peak2.25_x60_w14_e2_b6,1790894400000,1790895180000,LIGHT
C_peak2.25_x60_w14_e2_b6,1790895180000,1790896320000,DEEP
C_peak2.25_x60_w14_e2_b6,1790896320000,1790896349427,LIGHT
C_peak2.25_x60_w14_e2_b7,1790875829427,1790880360000,LIGHT
C_peak2.25_x60_w14_e2_b7,1790880360000,1790881200000,DEEP
C_peak2.25_x60_w14_e2_b7,1790881200000,1790881620000,LIGHT
C_peak2.25_x60_w14_e2_b7,1790881620000,1790882100000,DEEP
C_peak2.25_x60_w14_e2_b7,1790882100000,1790886420000,LIGHT
C_peak2.25_x60_w14_e2_b7,1790886420000,1790888820000,DEEP
C_peak2.25_x60_w14_e2_b7,1790888820000,1790893560000,LIGHT
C_peak2.25_x60_w14_e2_b7,1790893560000,1790894400000,DEEP
C_peak2.25_x60_w14_e2_b7,1790894400000,1790895180000,LIGHT
C_peak2.25_x60_w14_e2_b7,1790895180000,1790896320000,DEEP
C_peak2.25_x60_w14_e2_b7,1790896320000,1790896349427,LIGHT
C_peak2.25_x60_w15_e1_b5,1790875829427,1790880300000,LIGHT
C_peak2.25_x60_w15_e1_b5,1790880300000,1790881140000,DEEP
C_peak2.25_x60_w15_e1_b5,1790881140000,1790881680000,LIGHT
C_peak2.25_x60_w15_e1_b5,1790881680000,1790881980000,DEEP
C_peak2.25_x60_w15_e1_b5,1790881980000,1790886480000,LIGHT
C_peak2.25_x60_w15_e1_b5,1790886480000,1790888820000,DEEP
C_peak2.25_x60_w15_e1_b5,1790888820000,1790893560000,LIGHT
C_peak2.25_x60_w15_e1_b5,1790893560000,1790894340000,DEEP
C_peak2.25_x60_w15_e1_b5,1790894340000,1790895180000,LIGHT
C_peak2.25_x60_w15_e1_b5,1790895180000,1790895840000,DEEP
C_peak2.25_x60_w15_e1_b5,1790895840000,1790895900000,LIGHT
C_peak2.25_x60_w15_e1_b5,1790895900000,1790896320000,DEEP
C_peak2.25_x60_w15_e1_b5,1790896320000,1790896349427,LIGHT
C_peak2.25_x60_w15_e1_b6,1790875829427,1790880300000,LIGHT
C_peak2.25_x60_w15_e1_b6,1790880300000,1790881140000,DEEP
C_peak2.25_x60_w15_e1_b6,1790881140000,1790886480000,LIGHT
C_peak2.25_x60_w15_e1_b6,1790886480000,1790888820000,DEEP
C_peak2.25_x60_w15_e1_b6,1790888820000,1790893560000,LIGHT
C_peak2.25_x60_w15_e1_b6,1790893560000,1790894340000,DEEP
C_peak2.25_x60_w15_e1_b6,1790894340000,1790895180000,LIGHT
C_peak2.25_x60_w15_e1_b6,1790895180000,1790895840000,DEEP
C_peak2.25_x60_w15_e1_b6,1790895840000,1790895900000,LIGHT
C_peak2.25_x60_w15_e1_b6,1790895900000,1790896320000,DEEP
C_peak2.25_x60_w15_e1_b6,1790896320000,1790896349427,LIGHT
C_peak2.25_x60_w15_e1_b7,1790875829427,1790880300000,LIGHT
C_peak2.25_x60_w15_e1_b7,1790880300000,1790881140000,DEEP
C_peak2.25_x60_w15_e1_b7,1790881140000,1790886480000,LIGHT
C_peak2.25_x60_w15_e1_b7,1790886480000,1790888820000,DEEP
C_peak2.25_x60_w15_e1_b7,1790888820000,1790893560000,LIGHT
C_peak2.25_x60_w15_e1_b7,1790893560000,1790894340000,DEEP
C_peak2.25_x60_w15_e1_b7,1790894340000,1790895180000,LIGHT
C_peak2.25_x60_w15_e1_b7,1790895180000,1790895840000,DEEP
C_peak2.25_x60_w15_e1_b7,1790895840000,1790895900000,LIGHT
C_peak2.25_x60_w15_e1_b7,1790895900000,1790896320000,DEEP
C_peak2.25_x60_w15_e1_b7,1790896320000,1790896349427,LIGHT
C_peak2.25_x60_w15_e2_b5,1790875829427,1790880360000,LIGHT
C_peak2.25_x60_w15_e2_b5,1790880360000,1790881200000,DEEP
C_peak2.25_x60_w15_e2_b5,1790881200000,1790881620000,LIGHT
C_peak2.25_x60_w15_e2_b5,1790881620000,1790882100000,DEEP
C_peak2.25_x60_w15_e2_b5,1790882100000,1790886480000,LIGHT
C_peak2.25_x60_w15_e2_b5,1790886480000,1790888820000,DEEP
C_peak2.25_x60_w15_e2_b5,1790888820000,1790891040000,LIGHT
C_peak2.25_x60_w15_e2_b5,1790891040000,1790891340000,DEEP
C_peak2.25_x60_w15_e2_b5,1790891340000,1790893080000,LIGHT
C_peak2.25_x60_w15_e2_b5,1790893080000,1790893380000,DEEP
C_peak2.25_x60_w15_e2_b5,1790893380000,1790893560000,LIGHT
C_peak2.25_x60_w15_e2_b5,1790893560000,1790894400000,DEEP
C_peak2.25_x60_w15_e2_b5,1790894400000,1790894580000,LIGHT
C_peak2.25_x60_w15_e2_b5,1790894580000,1790894880000,DEEP
C_peak2.25_x60_w15_e2_b5,1790894880000,1790895180000,LIGHT
C_peak2.25_x60_w15_e2_b5,1790895180000,1790896320000,DEEP
C_peak2.25_x60_w15_e2_b5,1790896320000,1790896349427,LIGHT
C_peak2.25_x60_w15_e2_b6,1790875829427,1790880360000,LIGHT
C_peak2.25_x60_w15_e2_b6,1790880360000,1790881200000,DEEP
C_peak2.25_x60_w15_e2_b6,1790881200000,1790881620000,LIGHT
C_peak2.25_x60_w15_e2_b6,1790881620000,1790882100000,DEEP
C_peak2.25_x60_w15_e2_b6,1790882100000,1790886480000,LIGHT
C_peak2.25_x60_w15_e2_b6,1790886480000,1790888820000,DEEP
C_peak2.25_x60_w15_e2_b6,1790888820000,1790893560000,LIGHT
C_peak2.25_x60_w15_e2_b6,1790893560000,1790894400000,DEEP
C_peak2.25_x60_w15_e2_b6,1790894400000,1790895180000,LIGHT
C_peak2.25_x60_w15_e2_b6,1790895180000,1790896320000,DEEP
C_peak2.25_x60_w15_e2_b6,1790896320000,1790896349427,LIGHT
C_peak2.25_x60_w15_e2_b7,1790875829427,1790880360000,LIGHT
C_peak2.25_x60_w15_e2_b7,1790880360000,1790881200000,DEEP
C_peak2.25_x60_w15_e2_b7,1790881200000,1790881620000,LIGHT
C_peak2.25_x60_w15_e2_b7,1790881620000,1790882100000,DEEP
C_peak2.25_x60_w15_e2_b7,1790882100000,1790886480000,LIGHT
C_peak2.25_x60_w15_e2_b7,1790886480000,1790888820000,DEEP
C_peak2.25_x60_w15_e2_b7,1790888820000,1790893560000,LIGHT
C_peak2.25_x60_w15_e2_b7,1790893560000,1790894400000,DEEP
C_peak2.25_x60_w15_e2_b7,1790894400000,1790895180000,LIGHT
C_peak2.25_x60_w15_e2_b7,1790895180000,1790896320000,DEEP
C_peak2.25_x60_w15_e2_b7,1790896320000,1790896349427,LIGHT
C_peak2.25_x62_w12_e1_b5,1790875829427,1790880060000,LIGHT
C_peak2.25_x62_w12_e1_b5,1790880060000,1790881140000,DEEP
C_peak2.25_x62_w12_e1_b5,1790881140000,1790881680000,LIGHT
C_peak2.25_x62_w12_e1_b5,1790881680000,1790881980000,DEEP
C_peak2.25_x62_w12_e1_b5,1790881980000,1790886300000,LIGHT
C_peak2.25_x62_w12_e1_b5,1790886300000,1790888820000,DEEP
C_peak2.25_x62_w12_e1_b5,1790888820000,1790890920000,LIGHT
C_peak2.25_x62_w12_e1_b5,1790890920000,1790891280000,DEEP
C_peak2.25_x62_w12_e1_b5,1790891280000,1790892960000,LIGHT
C_peak2.25_x62_w12_e1_b5,1790892960000,1790893320000,DEEP
C_peak2.25_x62_w12_e1_b5,1790893320000,1790893560000,LIGHT
C_peak2.25_x62_w12_e1_b5,1790893560000,1790894340000,DEEP
C_peak2.25_x62_w12_e1_b5,1790894340000,1790895120000,LIGHT
C_peak2.25_x62_w12_e1_b5,1790895120000,1790896320000,DEEP
C_peak2.25_x62_w12_e1_b5,1790896320000,1790896349427,LIGHT
C_peak2.25_x62_w12_e1_b6,1790875829427,1790880060000,LIGHT
C_peak2.25_x62_w12_e1_b6,1790880060000,1790881140000,DEEP
C_peak2.25_x62_w12_e1_b6,1790881140000,1790886300000,LIGHT
C_peak2.25_x62_w12_e1_b6,1790886300000,1790888820000,DEEP
C_peak2.25_x62_w12_e1_b6,1790888820000,1790890920000,LIGHT
C_peak2.25_x62_w12_e1_b6,1790890920000,1790891280000,DEEP
C_peak2.25_x62_w12_e1_b6,1790891280000,1790892960000,LIGHT
C_peak2.25_x62_w12_e1_b6,1790892960000,1790893320000,DEEP
C_peak2.25_x62_w12_e1_b6,1790893320000,1790893560000,LIGHT
C_peak2.25_x62_w12_e1_b6,1790893560000,1790894340000,DEEP
C_peak2.25_x62_w12_e1_b6,1790894340000,1790895120000,LIGHT
C_peak2.25_x62_w12_e1_b6,1790895120000,1790896320000,DEEP
C_peak2.25_x62_w12_e1_b6,1790896320000,1790896349427,LIGHT
C_peak2.25_x62_w12_e1_b7,1790875829427,1790880060000,LIGHT
C_peak2.25_x62_w12_e1_b7,1790880060000,1790881140000,DEEP
C_peak2.25_x62_w12_e1_b7,1790881140000,1790886300000,LIGHT
C_peak2.25_x62_w12_e1_b7,1790886300000,1790888820000,DEEP
C_peak2.25_x62_w12_e1_b7,1790888820000,1790893560000,LIGHT
C_peak2.25_x62_w12_e1_b7,1790893560000,1790894340000,DEEP
C_peak2.25_x62_w12_e1_b7,1790894340000,1790895120000,LIGHT
C_peak2.25_x62_w12_e1_b7,1790895120000,1790896320000,DEEP
C_peak2.25_x62_w12_e1_b7,1790896320000,1790896349427,LIGHT
C_peak2.25_x62_w12_e2_b5,1790875829427,1790880060000,LIGHT
C_peak2.25_x62_w12_e2_b5,1790880060000,1790881200000,DEEP
C_peak2.25_x62_w12_e2_b5,1790881200000,1790881620000,LIGHT
C_peak2.25_x62_w12_e2_b5,1790881620000,1790882100000,DEEP
C_peak2.25_x62_w12_e2_b5,1790882100000,1790886300000,LIGHT
C_peak2.25_x62_w12_e2_b5,1790886300000,1790888820000,DEEP
C_peak2.25_x62_w12_e2_b5,1790888820000,1790890920000,LIGHT
C_peak2.25_x62_w12_e2_b5,1790890920000,1790891340000,DEEP
C_peak2.25_x62_w12_e2_b5,1790891340000,1790892960000,LIGHT
C_peak2.25_x62_w12_e2_b5,1790892960000,1790893380000,DEEP
C_peak2.25_x62_w12_e2_b5,1790893380000,1790893560000,LIGHT
C_peak2.25_x62_w12_e2_b5,1790893560000,1790894400000,DEEP
C_peak2.25_x62_w12_e2_b5,1790894400000,1790894580000,LIGHT
C_peak2.25_x62_w12_e2_b5,1790894580000,1790894880000,DEEP
C_peak2.25_x62_w12_e2_b5,1790894880000,1790895120000,LIGHT
C_peak2.25_x62_w12_e2_b5,1790895120000,1790896320000,DEEP
C_peak2.25_x62_w12_e2_b5,1790896320000,1790896349427,LIGHT
C_peak2.25_x62_w12_e2_b6,1790875829427,1790880060000,LIGHT
C_peak2.25_x62_w12_e2_b6,1790880060000,1790881200000,DEEP
C_peak2.25_x62_w12_e2_b6,1790881200000,1790881620000,LIGHT
C_peak2.25_x62_w12_e2_b6,1790881620000,1790882100000,DEEP
C_peak2.25_x62_w12_e2_b6,1790882100000,1790886300000,LIGHT
C_peak2.25_x62_w12_e2_b6,1790886300000,1790888820000,DEEP
C_peak2.25_x62_w12_e2_b6,1790888820000,1790890920000,LIGHT
C_peak2.25_x62_w12_e2_b6,1790890920000,1790891340000,DEEP
C_peak2.25_x62_w12_e2_b6,1790891340000,1790892960000,LIGHT
C_peak2.25_x62_w12_e2_b6,1790892960000,1790893380000,DEEP
C_peak2.25_x62_w12_e2_b6,1790893380000,1790893560000,LIGHT
C_peak2.25_x62_w12_e2_b6,1790893560000,1790894400000,DEEP
C_peak2.25_x62_w12_e2_b6,1790894400000,1790895120000,LIGHT
C_peak2.25_x62_w12_e2_b6,1790895120000,1790896320000,DEEP
C_peak2.25_x62_w12_e2_b6,1790896320000,1790896349427,LIGHT
C_peak2.25_x62_w12_e2_b7,1790875829427,1790880060000,LIGHT
C_peak2.25_x62_w12_e2_b7,1790880060000,1790881200000,DEEP
C_peak2.25_x62_w12_e2_b7,1790881200000,1790881620000,LIGHT
C_peak2.25_x62_w12_e2_b7,1790881620000,1790882100000,DEEP
C_peak2.25_x62_w12_e2_b7,1790882100000,1790886300000,LIGHT
C_peak2.25_x62_w12_e2_b7,1790886300000,1790888820000,DEEP
C_peak2.25_x62_w12_e2_b7,1790888820000,1790890920000,LIGHT
C_peak2.25_x62_w12_e2_b7,1790890920000,1790891340000,DEEP
C_peak2.25_x62_w12_e2_b7,1790891340000,1790892960000,LIGHT
C_peak2.25_x62_w12_e2_b7,1790892960000,1790893380000,DEEP
C_peak2.25_x62_w12_e2_b7,1790893380000,1790893560000,LIGHT
C_peak2.25_x62_w12_e2_b7,1790893560000,1790894400000,DEEP
C_peak2.25_x62_w12_e2_b7,1790894400000,1790895120000,LIGHT
C_peak2.25_x62_w12_e2_b7,1790895120000,1790896320000,DEEP
C_peak2.25_x62_w12_e2_b7,1790896320000,1790896349427,LIGHT
C_peak2.25_x62_w13_e1_b5,1790875829427,1790880060000,LIGHT
C_peak2.25_x62_w13_e1_b5,1790880060000,1790881140000,DEEP
C_peak2.25_x62_w13_e1_b5,1790881140000,1790881680000,LIGHT
C_peak2.25_x62_w13_e1_b5,1790881680000,1790881980000,DEEP
C_peak2.25_x62_w13_e1_b5,1790881980000,1790886360000,LIGHT
C_peak2.25_x62_w13_e1_b5,1790886360000,1790888820000,DEEP
C_peak2.25_x62_w13_e1_b5,1790888820000,1790890980000,LIGHT
C_peak2.25_x62_w13_e1_b5,1790890980000,1790891280000,DEEP
C_peak2.25_x62_w13_e1_b5,1790891280000,1790893020000,LIGHT
C_peak2.25_x62_w13_e1_b5,1790893020000,1790893320000,DEEP
C_peak2.25_x62_w13_e1_b5,1790893320000,1790893560000,LIGHT
C_peak2.25_x62_w13_e1_b5,1790893560000,1790894340000,DEEP
C_peak2.25_x62_w13_e1_b5,1790894340000,1790895120000,LIGHT
C_peak2.25_x62_w13_e1_b5,1790895120000,1790896320000,DEEP
C_peak2.25_x62_w13_e1_b5,1790896320000,1790896349427,LIGHT
C_peak2.25_x62_w13_e1_b6,1790875829427,1790880060000,LIGHT
C_peak2.25_x62_w13_e1_b6,1790880060000,1790881140000,DEEP
C_peak2.25_x62_w13_e1_b6,1790881140000,1790886360000,LIGHT
C_peak2.25_x62_w13_e1_b6,1790886360000,1790888820000,DEEP
C_peak2.25_x62_w13_e1_b6,1790888820000,1790893560000,LIGHT
C_peak2.25_x62_w13_e1_b6,1790893560000,1790894340000,DEEP
C_peak2.25_x62_w13_e1_b6,1790894340000,1790895120000,LIGHT
C_peak2.25_x62_w13_e1_b6,1790895120000,1790896320000,DEEP
C_peak2.25_x62_w13_e1_b6,1790896320000,1790896349427,LIGHT
C_peak2.25_x62_w13_e1_b7,1790875829427,1790880060000,LIGHT
C_peak2.25_x62_w13_e1_b7,1790880060000,1790881140000,DEEP
C_peak2.25_x62_w13_e1_b7,1790881140000,1790886360000,LIGHT
C_peak2.25_x62_w13_e1_b7,1790886360000,1790888820000,DEEP
C_peak2.25_x62_w13_e1_b7,1790888820000,1790893560000,LIGHT
C_peak2.25_x62_w13_e1_b7,1790893560000,1790894340000,DEEP
C_peak2.25_x62_w13_e1_b7,1790894340000,1790895120000,LIGHT
C_peak2.25_x62_w13_e1_b7,1790895120000,1790896320000,DEEP
C_peak2.25_x62_w13_e1_b7,1790896320000,1790896349427,LIGHT
C_peak2.25_x62_w13_e2_b5,1790875829427,1790880060000,LIGHT
C_peak2.25_x62_w13_e2_b5,1790880060000,1790881200000,DEEP
C_peak2.25_x62_w13_e2_b5,1790881200000,1790881620000,LIGHT
C_peak2.25_x62_w13_e2_b5,1790881620000,1790882100000,DEEP
C_peak2.25_x62_w13_e2_b5,1790882100000,1790886360000,LIGHT
C_peak2.25_x62_w13_e2_b5,1790886360000,1790888820000,DEEP
C_peak2.25_x62_w13_e2_b5,1790888820000,1790890980000,LIGHT
C_peak2.25_x62_w13_e2_b5,1790890980000,1790891340000,DEEP
C_peak2.25_x62_w13_e2_b5,1790891340000,1790893020000,LIGHT
C_peak2.25_x62_w13_e2_b5,1790893020000,1790893380000,DEEP
C_peak2.25_x62_w13_e2_b5,1790893380000,1790893560000,LIGHT
C_peak2.25_x62_w13_e2_b5,1790893560000,1790894400000,DEEP
C_peak2.25_x62_w13_e2_b5,1790894400000,1790894580000,LIGHT
C_peak2.25_x62_w13_e2_b5,1790894580000,1790894880000,DEEP
C_peak2.25_x62_w13_e2_b5,1790894880000,1790895120000,LIGHT
C_peak2.25_x62_w13_e2_b5,1790895120000,1790896320000,DEEP
C_peak2.25_x62_w13_e2_b5,1790896320000,1790896349427,LIGHT
C_peak2.25_x62_w13_e2_b6,1790875829427,1790880060000,LIGHT
C_peak2.25_x62_w13_e2_b6,1790880060000,1790881200000,DEEP
C_peak2.25_x62_w13_e2_b6,1790881200000,1790881620000,LIGHT
C_peak2.25_x62_w13_e2_b6,1790881620000,1790882100000,DEEP
C_peak2.25_x62_w13_e2_b6,1790882100000,1790886360000,LIGHT
C_peak2.25_x62_w13_e2_b6,1790886360000,1790888820000,DEEP
C_peak2.25_x62_w13_e2_b6,1790888820000,1790890980000,LIGHT
C_peak2.25_x62_w13_e2_b6,1790890980000,1790891340000,DEEP
C_peak2.25_x62_w13_e2_b6,1790891340000,1790893020000,LIGHT
C_peak2.25_x62_w13_e2_b6,1790893020000,1790893380000,DEEP
C_peak2.25_x62_w13_e2_b6,1790893380000,1790893560000,LIGHT
C_peak2.25_x62_w13_e2_b6,1790893560000,1790894400000,DEEP
C_peak2.25_x62_w13_e2_b6,1790894400000,1790895120000,LIGHT
C_peak2.25_x62_w13_e2_b6,1790895120000,1790896320000,DEEP
C_peak2.25_x62_w13_e2_b6,1790896320000,1790896349427,LIGHT
C_peak2.25_x62_w13_e2_b7,1790875829427,1790880060000,LIGHT
C_peak2.25_x62_w13_e2_b7,1790880060000,1790881200000,DEEP
C_peak2.25_x62_w13_e2_b7,1790881200000,1790881620000,LIGHT
C_peak2.25_x62_w13_e2_b7,1790881620000,1790882100000,DEEP
C_peak2.25_x62_w13_e2_b7,1790882100000,1790886360000,LIGHT
C_peak2.25_x62_w13_e2_b7,1790886360000,1790888820000,DEEP
C_peak2.25_x62_w13_e2_b7,1790888820000,1790893560000,LIGHT
C_peak2.25_x62_w13_e2_b7,1790893560000,1790894400000,DEEP
C_peak2.25_x62_w13_e2_b7,1790894400000,1790895120000,LIGHT
C_peak2.25_x62_w13_e2_b7,1790895120000,1790896320000,DEEP
C_peak2.25_x62_w13_e2_b7,1790896320000,1790896349427,LIGHT
C_peak2.25_x62_w14_e1_b5,1790875829427,1790880120000,LIGHT
C_peak2.25_x62_w14_e1_b5,1790880120000,1790881140000,DEEP
C_peak2.25_x62_w14_e1_b5,1790881140000,1790881680000,LIGHT
C_peak2.25_x62_w14_e1_b5,1790881680000,1790881980000,DEEP
C_peak2.25_x62_w14_e1_b5,1790881980000,1790886420000,LIGHT
C_peak2.25_x62_w14_e1_b5,1790886420000,1790888820000,DEEP
C_peak2.25_x62_w14_e1_b5,1790888820000,1790890980000,LIGHT
C_peak2.25_x62_w14_e1_b5,1790890980000,1790891280000,DEEP
C_peak2.25_x62_w14_e1_b5,1790891280000,1790893020000,LIGHT
C_peak2.25_x62_w14_e1_b5,1790893020000,1790893320000,DEEP
C_peak2.25_x62_w14_e1_b5,1790893320000,1790893560000,LIGHT
C_peak2.25_x62_w14_e1_b5,1790893560000,1790894340000,DEEP
C_peak2.25_x62_w14_e1_b5,1790894340000,1790895180000,LIGHT
C_peak2.25_x62_w14_e1_b5,1790895180000,1790896320000,DEEP
C_peak2.25_x62_w14_e1_b5,1790896320000,1790896349427,LIGHT
C_peak2.25_x62_w14_e1_b6,1790875829427,1790880120000,LIGHT
C_peak2.25_x62_w14_e1_b6,1790880120000,1790881140000,DEEP
C_peak2.25_x62_w14_e1_b6,1790881140000,1790886420000,LIGHT
C_peak2.25_x62_w14_e1_b6,1790886420000,1790888820000,DEEP
C_peak2.25_x62_w14_e1_b6,1790888820000,1790893560000,LIGHT
C_peak2.25_x62_w14_e1_b6,1790893560000,1790894340000,DEEP
C_peak2.25_x62_w14_e1_b6,1790894340000,1790895180000,LIGHT
C_peak2.25_x62_w14_e1_b6,1790895180000,1790896320000,DEEP
C_peak2.25_x62_w14_e1_b6,1790896320000,1790896349427,LIGHT
C_peak2.25_x62_w14_e1_b7,1790875829427,1790880120000,LIGHT
C_peak2.25_x62_w14_e1_b7,1790880120000,1790881140000,DEEP
C_peak2.25_x62_w14_e1_b7,1790881140000,1790886420000,LIGHT
C_peak2.25_x62_w14_e1_b7,1790886420000,1790888820000,DEEP
C_peak2.25_x62_w14_e1_b7,1790888820000,1790893560000,LIGHT
C_peak2.25_x62_w14_e1_b7,1790893560000,1790894340000,DEEP
C_peak2.25_x62_w14_e1_b7,1790894340000,1790895180000,LIGHT
C_peak2.25_x62_w14_e1_b7,1790895180000,1790896320000,DEEP
C_peak2.25_x62_w14_e1_b7,1790896320000,1790896349427,LIGHT
C_peak2.25_x62_w14_e2_b5,1790875829427,1790880120000,LIGHT
C_peak2.25_x62_w14_e2_b5,1790880120000,1790881200000,DEEP
C_peak2.25_x62_w14_e2_b5,1790881200000,1790881620000,LIGHT
C_peak2.25_x62_w14_e2_b5,1790881620000,1790882100000,DEEP
C_peak2.25_x62_w14_e2_b5,1790882100000,1790886420000,LIGHT
C_peak2.25_x62_w14_e2_b5,1790886420000,1790888820000,DEEP
C_peak2.25_x62_w14_e2_b5,1790888820000,1790890980000,LIGHT
C_peak2.25_x62_w14_e2_b5,1790890980000,1790891340000,DEEP
C_peak2.25_x62_w14_e2_b5,1790891340000,1790893020000,LIGHT
C_peak2.25_x62_w14_e2_b5,1790893020000,1790893380000,DEEP
C_peak2.25_x62_w14_e2_b5,1790893380000,1790893560000,LIGHT
C_peak2.25_x62_w14_e2_b5,1790893560000,1790894400000,DEEP
C_peak2.25_x62_w14_e2_b5,1790894400000,1790894580000,LIGHT
C_peak2.25_x62_w14_e2_b5,1790894580000,1790894880000,DEEP
C_peak2.25_x62_w14_e2_b5,1790894880000,1790895180000,LIGHT
C_peak2.25_x62_w14_e2_b5,1790895180000,1790896320000,DEEP
C_peak2.25_x62_w14_e2_b5,1790896320000,1790896349427,LIGHT
C_peak2.25_x62_w14_e2_b6,1790875829427,1790880120000,LIGHT
C_peak2.25_x62_w14_e2_b6,1790880120000,1790881200000,DEEP
C_peak2.25_x62_w14_e2_b6,1790881200000,1790881620000,LIGHT
C_peak2.25_x62_w14_e2_b6,1790881620000,1790882100000,DEEP
C_peak2.25_x62_w14_e2_b6,1790882100000,1790886420000,LIGHT
C_peak2.25_x62_w14_e2_b6,1790886420000,1790888820000,DEEP
C_peak2.25_x62_w14_e2_b6,1790888820000,1790890980000,LIGHT
C_peak2.25_x62_w14_e2_b6,1790890980000,1790891340000,DEEP
C_peak2.25_x62_w14_e2_b6,1790891340000,1790893020000,LIGHT
C_peak2.25_x62_w14_e2_b6,1790893020000,1790893380000,DEEP
C_peak2.25_x62_w14_e2_b6,1790893380000,1790893560000,LIGHT
C_peak2.25_x62_w14_e2_b6,1790893560000,1790894400000,DEEP
C_peak2.25_x62_w14_e2_b6,1790894400000,1790895180000,LIGHT
C_peak2.25_x62_w14_e2_b6,1790895180000,1790896320000,DEEP
C_peak2.25_x62_w14_e2_b6,1790896320000,1790896349427,LIGHT
C_peak2.25_x62_w14_e2_b7,1790875829427,1790880120000,LIGHT
C_peak2.25_x62_w14_e2_b7,1790880120000,1790881200000,DEEP
C_peak2.25_x62_w14_e2_b7,1790881200000,1790881620000,LIGHT
C_peak2.25_x62_w14_e2_b7,1790881620000,1790882100000,DEEP
C_peak2.25_x62_w14_e2_b7,1790882100000,1790886420000,LIGHT
C_peak2.25_x62_w14_e2_b7,1790886420000,1790888820000,DEEP
C_peak2.25_x62_w14_e2_b7,1790888820000,1790893560000,LIGHT
C_peak2.25_x62_w14_e2_b7,1790893560000,1790894400000,DEEP
C_peak2.25_x62_w14_e2_b7,1790894400000,1790895180000,LIGHT
C_peak2.25_x62_w14_e2_b7,1790895180000,1790896320000,DEEP
C_peak2.25_x62_w14_e2_b7,1790896320000,1790896349427,LIGHT
C_peak2.25_x62_w15_e1_b5,1790875829427,1790880180000,LIGHT
C_peak2.25_x62_w15_e1_b5,1790880180000,1790881140000,DEEP
C_peak2.25_x62_w15_e1_b5,1790881140000,1790881680000,LIGHT
C_peak2.25_x62_w15_e1_b5,1790881680000,1790881980000,DEEP
C_peak2.25_x62_w15_e1_b5,1790881980000,1790886480000,LIGHT
C_peak2.25_x62_w15_e1_b5,1790886480000,1790888820000,DEEP
C_peak2.25_x62_w15_e1_b5,1790888820000,1790893560000,LIGHT
C_peak2.25_x62_w15_e1_b5,1790893560000,1790894340000,DEEP
C_peak2.25_x62_w15_e1_b5,1790894340000,1790895180000,LIGHT
C_peak2.25_x62_w15_e1_b5,1790895180000,1790896320000,DEEP
C_peak2.25_x62_w15_e1_b5,1790896320000,1790896349427,LIGHT
C_peak2.25_x62_w15_e1_b6,1790875829427,1790880180000,LIGHT
C_peak2.25_x62_w15_e1_b6,1790880180000,1790881140000,DEEP
C_peak2.25_x62_w15_e1_b6,1790881140000,1790886480000,LIGHT
C_peak2.25_x62_w15_e1_b6,1790886480000,1790888820000,DEEP
C_peak2.25_x62_w15_e1_b6,1790888820000,1790893560000,LIGHT
C_peak2.25_x62_w15_e1_b6,1790893560000,1790894340000,DEEP
C_peak2.25_x62_w15_e1_b6,1790894340000,1790895180000,LIGHT
C_peak2.25_x62_w15_e1_b6,1790895180000,1790896320000,DEEP
C_peak2.25_x62_w15_e1_b6,1790896320000,1790896349427,LIGHT
C_peak2.25_x62_w15_e1_b7,1790875829427,1790880180000,LIGHT
C_peak2.25_x62_w15_e1_b7,1790880180000,1790881140000,DEEP
C_peak2.25_x62_w15_e1_b7,1790881140000,1790886480000,LIGHT
C_peak2.25_x62_w15_e1_b7,1790886480000,1790888820000,DEEP
C_peak2.25_x62_w15_e1_b7,1790888820000,1790893560000,LIGHT
C_peak2.25_x62_w15_e1_b7,1790893560000,1790894340000,DEEP
C_peak2.25_x62_w15_e1_b7,1790894340000,1790895180000,LIGHT
C_peak2.25_x62_w15_e1_b7,1790895180000,1790896320000,DEEP
C_peak2.25_x62_w15_e1_b7,1790896320000,1790896349427,LIGHT
C_peak2.25_x62_w15_e2_b5,1790875829427,1790880180000,LIGHT
C_peak2.25_x62_w15_e2_b5,1790880180000,1790881200000,DEEP
C_peak2.25_x62_w15_e2_b5,1790881200000,1790881620000,LIGHT
C_peak2.25_x62_w15_e2_b5,1790881620000,1790882100000,DEEP
C_peak2.25_x62_w15_e2_b5,1790882100000,1790886480000,LIGHT
C_peak2.25_x62_w15_e2_b5,1790886480000,1790888820000,DEEP
C_peak2.25_x62_w15_e2_b5,1790888820000,1790891040000,LIGHT
C_peak2.25_x62_w15_e2_b5,1790891040000,1790891340000,DEEP
C_peak2.25_x62_w15_e2_b5,1790891340000,1790893080000,LIGHT
C_peak2.25_x62_w15_e2_b5,1790893080000,1790893380000,DEEP
C_peak2.25_x62_w15_e2_b5,1790893380000,1790893560000,LIGHT
C_peak2.25_x62_w15_e2_b5,1790893560000,1790894400000,DEEP
C_peak2.25_x62_w15_e2_b5,1790894400000,1790894580000,LIGHT
C_peak2.25_x62_w15_e2_b5,1790894580000,1790894880000,DEEP
C_peak2.25_x62_w15_e2_b5,1790894880000,1790895180000,LIGHT
C_peak2.25_x62_w15_e2_b5,1790895180000,1790896320000,DEEP
C_peak2.25_x62_w15_e2_b5,1790896320000,1790896349427,LIGHT
C_peak2.25_x62_w15_e2_b6,1790875829427,1790880180000,LIGHT
C_peak2.25_x62_w15_e2_b6,1790880180000,1790881200000,DEEP
C_peak2.25_x62_w15_e2_b6,1790881200000,1790881620000,LIGHT
C_peak2.25_x62_w15_e2_b6,1790881620000,1790882100000,DEEP
C_peak2.25_x62_w15_e2_b6,1790882100000,1790886480000,LIGHT
C_peak2.25_x62_w15_e2_b6,1790886480000,1790888820000,DEEP
C_peak2.25_x62_w15_e2_b6,1790888820000,1790893560000,LIGHT
C_peak2.25_x62_w15_e2_b6,1790893560000,1790894400000,DEEP
C_peak2.25_x62_w15_e2_b6,1790894400000,1790895180000,LIGHT
C_peak2.25_x62_w15_e2_b6,1790895180000,1790896320000,DEEP
C_peak2.25_x62_w15_e2_b6,1790896320000,1790896349427,LIGHT
C_peak2.25_x62_w15_e2_b7,1790875829427,1790880180000,LIGHT
C_peak2.25_x62_w15_e2_b7,1790880180000,1790881200000,DEEP
C_peak2.25_x62_w15_e2_b7,1790881200000,1790881620000,LIGHT
C_peak2.25_x62_w15_e2_b7,1790881620000,1790882100000,DEEP
C_peak2.25_x62_w15_e2_b7,1790882100000,1790886480000,LIGHT
C_peak2.25_x62_w15_e2_b7,1790886480000,1790888820000,DEEP
C_peak2.25_x62_w15_e2_b7,1790888820000,1790893560000,LIGHT
C_peak2.25_x62_w15_e2_b7,1790893560000,1790894400000,DEEP
C_peak2.25_x62_w15_e2_b7,1790894400000,1790895180000,LIGHT
C_peak2.25_x62_w15_e2_b7,1790895180000,1790896320000,DEEP
C_peak2.25_x62_w15_e2_b7,1790896320000,1790896349427,LIGHT
C_peak2.25_x65_w12_e1_b5,1790875829427,1790880060000,LIGHT
C_peak2.25_x65_w12_e1_b5,1790880060000,1790881140000,DEEP
C_peak2.25_x65_w12_e1_b5,1790881140000,1790881440000,LIGHT
C_peak2.25_x65_w12_e1_b5,1790881440000,1790882100000,DEEP
C_peak2.25_x65_w12_e1_b5,1790882100000,1790886300000,LIGHT
C_peak2.25_x65_w12_e1_b5,1790886300000,1790888820000,DEEP
C_peak2.25_x65_w12_e1_b5,1790888820000,1790890920000,LIGHT
C_peak2.25_x65_w12_e1_b5,1790890920000,1790891280000,DEEP
C_peak2.25_x65_w12_e1_b5,1790891280000,1790892960000,LIGHT
C_peak2.25_x65_w12_e1_b5,1790892960000,1790893320000,DEEP
C_peak2.25_x65_w12_e1_b5,1790893320000,1790893560000,LIGHT
C_peak2.25_x65_w12_e1_b5,1790893560000,1790894340000,DEEP
C_peak2.25_x65_w12_e1_b5,1790894340000,1790895120000,LIGHT
C_peak2.25_x65_w12_e1_b5,1790895120000,1790896320000,DEEP
C_peak2.25_x65_w12_e1_b5,1790896320000,1790896349427,LIGHT
C_peak2.25_x65_w12_e1_b6,1790875829427,1790880060000,LIGHT
C_peak2.25_x65_w12_e1_b6,1790880060000,1790881140000,DEEP
C_peak2.25_x65_w12_e1_b6,1790881140000,1790881440000,LIGHT
C_peak2.25_x65_w12_e1_b6,1790881440000,1790882100000,DEEP
C_peak2.25_x65_w12_e1_b6,1790882100000,1790886300000,LIGHT
C_peak2.25_x65_w12_e1_b6,1790886300000,1790888820000,DEEP
C_peak2.25_x65_w12_e1_b6,1790888820000,1790890920000,LIGHT
C_peak2.25_x65_w12_e1_b6,1790890920000,1790891280000,DEEP
C_peak2.25_x65_w12_e1_b6,1790891280000,1790892960000,LIGHT
C_peak2.25_x65_w12_e1_b6,1790892960000,1790893320000,DEEP
C_peak2.25_x65_w12_e1_b6,1790893320000,1790893560000,LIGHT
C_peak2.25_x65_w12_e1_b6,1790893560000,1790894340000,DEEP
C_peak2.25_x65_w12_e1_b6,1790894340000,1790895120000,LIGHT
C_peak2.25_x65_w12_e1_b6,1790895120000,1790896320000,DEEP
C_peak2.25_x65_w12_e1_b6,1790896320000,1790896349427,LIGHT
C_peak2.25_x65_w12_e1_b7,1790875829427,1790880060000,LIGHT
C_peak2.25_x65_w12_e1_b7,1790880060000,1790881140000,DEEP
C_peak2.25_x65_w12_e1_b7,1790881140000,1790881440000,LIGHT
C_peak2.25_x65_w12_e1_b7,1790881440000,1790882100000,DEEP
C_peak2.25_x65_w12_e1_b7,1790882100000,1790886300000,LIGHT
C_peak2.25_x65_w12_e1_b7,1790886300000,1790888820000,DEEP
C_peak2.25_x65_w12_e1_b7,1790888820000,1790893560000,LIGHT
C_peak2.25_x65_w12_e1_b7,1790893560000,1790894340000,DEEP
C_peak2.25_x65_w12_e1_b7,1790894340000,1790895120000,LIGHT
C_peak2.25_x65_w12_e1_b7,1790895120000,1790896320000,DEEP
C_peak2.25_x65_w12_e1_b7,1790896320000,1790896349427,LIGHT
C_peak2.25_x65_w12_e2_b5,1790875829427,1790880060000,LIGHT
C_peak2.25_x65_w12_e2_b5,1790880060000,1790881200000,DEEP
C_peak2.25_x65_w12_e2_b5,1790881200000,1790881440000,LIGHT
C_peak2.25_x65_w12_e2_b5,1790881440000,1790882100000,DEEP
C_peak2.25_x65_w12_e2_b5,1790882100000,1790886300000,LIGHT
C_peak2.25_x65_w12_e2_b5,1790886300000,1790888820000,DEEP
C_peak2.25_x65_w12_e2_b5,1790888820000,1790890920000,LIGHT
C_peak2.25_x65_w12_e2_b5,1790890920000,1790891340000,DEEP
C_peak2.25_x65_w12_e2_b5,1790891340000,1790892960000,LIGHT
C_peak2.25_x65_w12_e2_b5,1790892960000,1790893380000,DEEP
C_peak2.25_x65_w12_e2_b5,1790893380000,1790893560000,LIGHT
C_peak2.25_x65_w12_e2_b5,1790893560000,1790894400000,DEEP
C_peak2.25_x65_w12_e2_b5,1790894400000,1790894580000,LIGHT
C_peak2.25_x65_w12_e2_b5,1790894580000,1790894880000,DEEP
C_peak2.25_x65_w12_e2_b5,1790894880000,1790895120000,LIGHT
C_peak2.25_x65_w12_e2_b5,1790895120000,1790896320000,DEEP
C_peak2.25_x65_w12_e2_b5,1790896320000,1790896349427,LIGHT
C_peak2.25_x65_w12_e2_b6,1790875829427,1790880060000,LIGHT
C_peak2.25_x65_w12_e2_b6,1790880060000,1790881200000,DEEP
C_peak2.25_x65_w12_e2_b6,1790881200000,1790881440000,LIGHT
C_peak2.25_x65_w12_e2_b6,1790881440000,1790882100000,DEEP
C_peak2.25_x65_w12_e2_b6,1790882100000,1790886300000,LIGHT
C_peak2.25_x65_w12_e2_b6,1790886300000,1790888820000,DEEP
C_peak2.25_x65_w12_e2_b6,1790888820000,1790890920000,LIGHT
C_peak2.25_x65_w12_e2_b6,1790890920000,1790891340000,DEEP
C_peak2.25_x65_w12_e2_b6,1790891340000,1790892960000,LIGHT
C_peak2.25_x65_w12_e2_b6,1790892960000,1790893380000,DEEP
C_peak2.25_x65_w12_e2_b6,1790893380000,1790893560000,LIGHT
C_peak2.25_x65_w12_e2_b6,1790893560000,1790894400000,DEEP
C_peak2.25_x65_w12_e2_b6,1790894400000,1790895120000,LIGHT
C_peak2.25_x65_w12_e2_b6,1790895120000,1790896320000,DEEP
C_peak2.25_x65_w12_e2_b6,1790896320000,1790896349427,LIGHT
C_peak2.25_x65_w12_e2_b7,1790875829427,1790880060000,LIGHT
C_peak2.25_x65_w12_e2_b7,1790880060000,1790881200000,DEEP
C_peak2.25_x65_w12_e2_b7,1790881200000,1790881440000,LIGHT
C_peak2.25_x65_w12_e2_b7,1790881440000,1790882100000,DEEP
C_peak2.25_x65_w12_e2_b7,1790882100000,1790886300000,LIGHT
C_peak2.25_x65_w12_e2_b7,1790886300000,1790888820000,DEEP
C_peak2.25_x65_w12_e2_b7,1790888820000,1790890920000,LIGHT
C_peak2.25_x65_w12_e2_b7,1790890920000,1790891340000,DEEP
C_peak2.25_x65_w12_e2_b7,1790891340000,1790892960000,LIGHT
C_peak2.25_x65_w12_e2_b7,1790892960000,1790893380000,DEEP
C_peak2.25_x65_w12_e2_b7,1790893380000,1790893560000,LIGHT
C_peak2.25_x65_w12_e2_b7,1790893560000,1790894400000,DEEP
C_peak2.25_x65_w12_e2_b7,1790894400000,1790895120000,LIGHT
C_peak2.25_x65_w12_e2_b7,1790895120000,1790896320000,DEEP
C_peak2.25_x65_w12_e2_b7,1790896320000,1790896349427,LIGHT
C_peak2.25_x65_w13_e1_b5,1790875829427,1790880060000,LIGHT
C_peak2.25_x65_w13_e1_b5,1790880060000,1790881140000,DEEP
C_peak2.25_x65_w13_e1_b5,1790881140000,1790881440000,LIGHT
C_peak2.25_x65_w13_e1_b5,1790881440000,1790882100000,DEEP
C_peak2.25_x65_w13_e1_b5,1790882100000,1790886360000,LIGHT
C_peak2.25_x65_w13_e1_b5,1790886360000,1790888820000,DEEP
C_peak2.25_x65_w13_e1_b5,1790888820000,1790890980000,LIGHT
C_peak2.25_x65_w13_e1_b5,1790890980000,1790891280000,DEEP
C_peak2.25_x65_w13_e1_b5,1790891280000,1790893020000,LIGHT
C_peak2.25_x65_w13_e1_b5,1790893020000,1790893320000,DEEP
C_peak2.25_x65_w13_e1_b5,1790893320000,1790893560000,LIGHT
C_peak2.25_x65_w13_e1_b5,1790893560000,1790894340000,DEEP
C_peak2.25_x65_w13_e1_b5,1790894340000,1790895120000,LIGHT
C_peak2.25_x65_w13_e1_b5,1790895120000,1790896320000,DEEP
C_peak2.25_x65_w13_e1_b5,1790896320000,1790896349427,LIGHT
C_peak2.25_x65_w13_e1_b6,1790875829427,1790880060000,LIGHT
C_peak2.25_x65_w13_e1_b6,1790880060000,1790881140000,DEEP
C_peak2.25_x65_w13_e1_b6,1790881140000,1790881440000,LIGHT
C_peak2.25_x65_w13_e1_b6,1790881440000,1790882100000,DEEP
C_peak2.25_x65_w13_e1_b6,1790882100000,1790886360000,LIGHT
C_peak2.25_x65_w13_e1_b6,1790886360000,1790888820000,DEEP
C_peak2.25_x65_w13_e1_b6,1790888820000,1790893560000,LIGHT
C_peak2.25_x65_w13_e1_b6,1790893560000,1790894340000,DEEP
C_peak2.25_x65_w13_e1_b6,1790894340000,1790895120000,LIGHT
C_peak2.25_x65_w13_e1_b6,1790895120000,1790896320000,DEEP
C_peak2.25_x65_w13_e1_b6,1790896320000,1790896349427,LIGHT
C_peak2.25_x65_w13_e1_b7,1790875829427,1790880060000,LIGHT
C_peak2.25_x65_w13_e1_b7,1790880060000,1790881140000,DEEP
C_peak2.25_x65_w13_e1_b7,1790881140000,1790881440000,LIGHT
C_peak2.25_x65_w13_e1_b7,1790881440000,1790882100000,DEEP
C_peak2.25_x65_w13_e1_b7,1790882100000,1790886360000,LIGHT
C_peak2.25_x65_w13_e1_b7,1790886360000,1790888820000,DEEP
C_peak2.25_x65_w13_e1_b7,1790888820000,1790893560000,LIGHT
C_peak2.25_x65_w13_e1_b7,1790893560000,1790894340000,DEEP
C_peak2.25_x65_w13_e1_b7,1790894340000,1790895120000,LIGHT
C_peak2.25_x65_w13_e1_b7,1790895120000,1790896320000,DEEP
C_peak2.25_x65_w13_e1_b7,1790896320000,1790896349427,LIGHT
C_peak2.25_x65_w13_e2_b5,1790875829427,1790880060000,LIGHT
C_peak2.25_x65_w13_e2_b5,1790880060000,1790881200000,DEEP
C_peak2.25_x65_w13_e2_b5,1790881200000,1790881440000,LIGHT
C_peak2.25_x65_w13_e2_b5,1790881440000,1790882100000,DEEP
C_peak2.25_x65_w13_e2_b5,1790882100000,1790886360000,LIGHT
C_peak2.25_x65_w13_e2_b5,1790886360000,1790888820000,DEEP
C_peak2.25_x65_w13_e2_b5,1790888820000,1790890980000,LIGHT
C_peak2.25_x65_w13_e2_b5,1790890980000,1790891340000,DEEP
C_peak2.25_x65_w13_e2_b5,1790891340000,1790893020000,LIGHT
C_peak2.25_x65_w13_e2_b5,1790893020000,1790893380000,DEEP
C_peak2.25_x65_w13_e2_b5,1790893380000,1790893560000,LIGHT
C_peak2.25_x65_w13_e2_b5,1790893560000,1790894400000,DEEP
C_peak2.25_x65_w13_e2_b5,1790894400000,1790894580000,LIGHT
C_peak2.25_x65_w13_e2_b5,1790894580000,1790894880000,DEEP
C_peak2.25_x65_w13_e2_b5,1790894880000,1790895120000,LIGHT
C_peak2.25_x65_w13_e2_b5,1790895120000,1790896320000,DEEP
C_peak2.25_x65_w13_e2_b5,1790896320000,1790896349427,LIGHT
C_peak2.25_x65_w13_e2_b6,1790875829427,1790880060000,LIGHT
C_peak2.25_x65_w13_e2_b6,1790880060000,1790881200000,DEEP
C_peak2.25_x65_w13_e2_b6,1790881200000,1790881440000,LIGHT
C_peak2.25_x65_w13_e2_b6,1790881440000,1790882100000,DEEP
C_peak2.25_x65_w13_e2_b6,1790882100000,1790886360000,LIGHT
C_peak2.25_x65_w13_e2_b6,1790886360000,1790888820000,DEEP
C_peak2.25_x65_w13_e2_b6,1790888820000,1790890980000,LIGHT
C_peak2.25_x65_w13_e2_b6,1790890980000,1790891340000,DEEP
C_peak2.25_x65_w13_e2_b6,1790891340000,1790893020000,LIGHT
C_peak2.25_x65_w13_e2_b6,1790893020000,1790893380000,DEEP
C_peak2.25_x65_w13_e2_b6,1790893380000,1790893560000,LIGHT
C_peak2.25_x65_w13_e2_b6,1790893560000,1790894400000,DEEP
C_peak2.25_x65_w13_e2_b6,1790894400000,1790895120000,LIGHT
C_peak2.25_x65_w13_e2_b6,1790895120000,1790896320000,DEEP
C_peak2.25_x65_w13_e2_b6,1790896320000,1790896349427,LIGHT
C_peak2.25_x65_w13_e2_b7,1790875829427,1790880060000,LIGHT
C_peak2.25_x65_w13_e2_b7,1790880060000,1790881200000,DEEP
C_peak2.25_x65_w13_e2_b7,1790881200000,1790881440000,LIGHT
C_peak2.25_x65_w13_e2_b7,1790881440000,1790882100000,DEEP
C_peak2.25_x65_w13_e2_b7,1790882100000,1790886360000,LIGHT
C_peak2.25_x65_w13_e2_b7,1790886360000,1790888820000,DEEP
C_peak2.25_x65_w13_e2_b7,1790888820000,1790893560000,LIGHT
C_peak2.25_x65_w13_e2_b7,1790893560000,1790894400000,DEEP
C_peak2.25_x65_w13_e2_b7,1790894400000,1790895120000,LIGHT
C_peak2.25_x65_w13_e2_b7,1790895120000,1790896320000,DEEP
C_peak2.25_x65_w13_e2_b7,1790896320000,1790896349427,LIGHT
C_peak2.25_x65_w14_e1_b5,1790875829427,1790880120000,LIGHT
C_peak2.25_x65_w14_e1_b5,1790880120000,1790881140000,DEEP
C_peak2.25_x65_w14_e1_b5,1790881140000,1790881440000,LIGHT
C_peak2.25_x65_w14_e1_b5,1790881440000,1790882100000,DEEP
C_peak2.25_x65_w14_e1_b5,1790882100000,1790886420000,LIGHT
C_peak2.25_x65_w14_e1_b5,1790886420000,1790888820000,DEEP
C_peak2.25_x65_w14_e1_b5,1790888820000,1790890980000,LIGHT
C_peak2.25_x65_w14_e1_b5,1790890980000,1790891280000,DEEP
C_peak2.25_x65_w14_e1_b5,1790891280000,1790893020000,LIGHT
C_peak2.25_x65_w14_e1_b5,1790893020000,1790893320000,DEEP
C_peak2.25_x65_w14_e1_b5,1790893320000,1790893560000,LIGHT
C_peak2.25_x65_w14_e1_b5,1790893560000,1790894340000,DEEP
C_peak2.25_x65_w14_e1_b5,1790894340000,1790895180000,LIGHT
C_peak2.25_x65_w14_e1_b5,1790895180000,1790896320000,DEEP
C_peak2.25_x65_w14_e1_b5,1790896320000,1790896349427,LIGHT
C_peak2.25_x65_w14_e1_b6,1790875829427,1790880120000,LIGHT
C_peak2.25_x65_w14_e1_b6,1790880120000,1790881140000,DEEP
C_peak2.25_x65_w14_e1_b6,1790881140000,1790881440000,LIGHT
C_peak2.25_x65_w14_e1_b6,1790881440000,1790882100000,DEEP
C_peak2.25_x65_w14_e1_b6,1790882100000,1790886420000,LIGHT
C_peak2.25_x65_w14_e1_b6,1790886420000,1790888820000,DEEP
C_peak2.25_x65_w14_e1_b6,1790888820000,1790893560000,LIGHT
C_peak2.25_x65_w14_e1_b6,1790893560000,1790894340000,DEEP
C_peak2.25_x65_w14_e1_b6,1790894340000,1790895180000,LIGHT
C_peak2.25_x65_w14_e1_b6,1790895180000,1790896320000,DEEP
C_peak2.25_x65_w14_e1_b6,1790896320000,1790896349427,LIGHT
C_peak2.25_x65_w14_e1_b7,1790875829427,1790880120000,LIGHT
C_peak2.25_x65_w14_e1_b7,1790880120000,1790881140000,DEEP
C_peak2.25_x65_w14_e1_b7,1790881140000,1790881440000,LIGHT
C_peak2.25_x65_w14_e1_b7,1790881440000,1790882100000,DEEP
C_peak2.25_x65_w14_e1_b7,1790882100000,1790886420000,LIGHT
C_peak2.25_x65_w14_e1_b7,1790886420000,1790888820000,DEEP
C_peak2.25_x65_w14_e1_b7,1790888820000,1790893560000,LIGHT
C_peak2.25_x65_w14_e1_b7,1790893560000,1790894340000,DEEP
C_peak2.25_x65_w14_e1_b7,1790894340000,1790895180000,LIGHT
C_peak2.25_x65_w14_e1_b7,1790895180000,1790896320000,DEEP
C_peak2.25_x65_w14_e1_b7,1790896320000,1790896349427,LIGHT
C_peak2.25_x65_w14_e2_b5,1790875829427,1790880120000,LIGHT
C_peak2.25_x65_w14_e2_b5,1790880120000,1790881200000,DEEP
C_peak2.25_x65_w14_e2_b5,1790881200000,1790881440000,LIGHT
C_peak2.25_x65_w14_e2_b5,1790881440000,1790882100000,DEEP
C_peak2.25_x65_w14_e2_b5,1790882100000,1790886420000,LIGHT
C_peak2.25_x65_w14_e2_b5,1790886420000,1790888820000,DEEP
C_peak2.25_x65_w14_e2_b5,1790888820000,1790890980000,LIGHT
C_peak2.25_x65_w14_e2_b5,1790890980000,1790891340000,DEEP
C_peak2.25_x65_w14_e2_b5,1790891340000,1790893020000,LIGHT
C_peak2.25_x65_w14_e2_b5,1790893020000,1790893380000,DEEP
C_peak2.25_x65_w14_e2_b5,1790893380000,1790893560000,LIGHT
C_peak2.25_x65_w14_e2_b5,1790893560000,1790894400000,DEEP
C_peak2.25_x65_w14_e2_b5,1790894400000,1790894580000,LIGHT
C_peak2.25_x65_w14_e2_b5,1790894580000,1790894880000,DEEP
C_peak2.25_x65_w14_e2_b5,1790894880000,1790895180000,LIGHT
C_peak2.25_x65_w14_e2_b5,1790895180000,1790896320000,DEEP
C_peak2.25_x65_w14_e2_b5,1790896320000,1790896349427,LIGHT
C_peak2.25_x65_w14_e2_b6,1790875829427,1790880120000,LIGHT
C_peak2.25_x65_w14_e2_b6,1790880120000,1790881200000,DEEP
C_peak2.25_x65_w14_e2_b6,1790881200000,1790881440000,LIGHT
C_peak2.25_x65_w14_e2_b6,1790881440000,1790882100000,DEEP
C_peak2.25_x65_w14_e2_b6,1790882100000,1790886420000,LIGHT
C_peak2.25_x65_w14_e2_b6,1790886420000,1790888820000,DEEP
C_peak2.25_x65_w14_e2_b6,1790888820000,1790890980000,LIGHT
C_peak2.25_x65_w14_e2_b6,1790890980000,1790891340000,DEEP
C_peak2.25_x65_w14_e2_b6,1790891340000,1790893020000,LIGHT
C_peak2.25_x65_w14_e2_b6,1790893020000,1790893380000,DEEP
C_peak2.25_x65_w14_e2_b6,1790893380000,1790893560000,LIGHT
C_peak2.25_x65_w14_e2_b6,1790893560000,1790894400000,DEEP
C_peak2.25_x65_w14_e2_b6,1790894400000,1790895180000,LIGHT
C_peak2.25_x65_w14_e2_b6,1790895180000,1790896320000,DEEP
C_peak2.25_x65_w14_e2_b6,1790896320000,1790896349427,LIGHT
C_peak2.25_x65_w14_e2_b7,1790875829427,1790880120000,LIGHT
C_peak2.25_x65_w14_e2_b7,1790880120000,1790881200000,DEEP
C_peak2.25_x65_w14_e2_b7,1790881200000,1790881440000,LIGHT
C_peak2.25_x65_w14_e2_b7,1790881440000,1790882100000,DEEP
C_peak2.25_x65_w14_e2_b7,1790882100000,1790886420000,LIGHT
C_peak2.25_x65_w14_e2_b7,1790886420000,1790888820000,DEEP
C_peak2.25_x65_w14_e2_b7,1790888820000,1790893560000,LIGHT
C_peak2.25_x65_w14_e2_b7,1790893560000,1790894400000,DEEP
C_peak2.25_x65_w14_e2_b7,1790894400000,1790895180000,LIGHT
C_peak2.25_x65_w14_e2_b7,1790895180000,1790896320000,DEEP
C_peak2.25_x65_w14_e2_b7,1790896320000,1790896349427,LIGHT
C_peak2.25_x65_w15_e1_b5,1790875829427,1790880180000,LIGHT
C_peak2.25_x65_w15_e1_b5,1790880180000,1790881140000,DEEP
C_peak2.25_x65_w15_e1_b5,1790881140000,1790881440000,LIGHT
C_peak2.25_x65_w15_e1_b5,1790881440000,1790882100000,DEEP
C_peak2.25_x65_w15_e1_b5,1790882100000,1790886480000,LIGHT
C_peak2.25_x65_w15_e1_b5,1790886480000,1790888820000,DEEP
C_peak2.25_x65_w15_e1_b5,1790888820000,1790893560000,LIGHT
C_peak2.25_x65_w15_e1_b5,1790893560000,1790894340000,DEEP
C_peak2.25_x65_w15_e1_b5,1790894340000,1790895180000,LIGHT
C_peak2.25_x65_w15_e1_b5,1790895180000,1790896320000,DEEP
C_peak2.25_x65_w15_e1_b5,1790896320000,1790896349427,LIGHT
C_peak2.25_x65_w15_e1_b6,1790875829427,1790880180000,LIGHT
C_peak2.25_x65_w15_e1_b6,1790880180000,1790881140000,DEEP
C_peak2.25_x65_w15_e1_b6,1790881140000,1790881440000,LIGHT
C_peak2.25_x65_w15_e1_b6,1790881440000,1790882100000,DEEP
C_peak2.25_x65_w15_e1_b6,1790882100000,1790886480000,LIGHT
C_peak2.25_x65_w15_e1_b6,1790886480000,1790888820000,DEEP
C_peak2.25_x65_w15_e1_b6,1790888820000,1790893560000,LIGHT
C_peak2.25_x65_w15_e1_b6,1790893560000,1790894340000,DEEP
C_peak2.25_x65_w15_e1_b6,1790894340000,1790895180000,LIGHT
C_peak2.25_x65_w15_e1_b6,1790895180000,1790896320000,DEEP
C_peak2.25_x65_w15_e1_b6,1790896320000,1790896349427,LIGHT
C_peak2.25_x65_w15_e1_b7,1790875829427,1790880180000,LIGHT
C_peak2.25_x65_w15_e1_b7,1790880180000,1790881140000,DEEP
C_peak2.25_x65_w15_e1_b7,1790881140000,1790881440000,LIGHT
C_peak2.25_x65_w15_e1_b7,1790881440000,1790882100000,DEEP
C_peak2.25_x65_w15_e1_b7,1790882100000,1790886480000,LIGHT
C_peak2.25_x65_w15_e1_b7,1790886480000,1790888820000,DEEP
C_peak2.25_x65_w15_e1_b7,1790888820000,1790893560000,LIGHT
C_peak2.25_x65_w15_e1_b7,1790893560000,1790894340000,DEEP
C_peak2.25_x65_w15_e1_b7,1790894340000,1790895180000,LIGHT
C_peak2.25_x65_w15_e1_b7,1790895180000,1790896320000,DEEP
C_peak2.25_x65_w15_e1_b7,1790896320000,1790896349427,LIGHT
C_peak2.25_x65_w15_e2_b5,1790875829427,1790880180000,LIGHT
C_peak2.25_x65_w15_e2_b5,1790880180000,1790881200000,DEEP
C_peak2.25_x65_w15_e2_b5,1790881200000,1790881440000,LIGHT
C_peak2.25_x65_w15_e2_b5,1790881440000,1790882100000,DEEP
C_peak2.25_x65_w15_e2_b5,1790882100000,1790886480000,LIGHT
C_peak2.25_x65_w15_e2_b5,1790886480000,1790888820000,DEEP
C_peak2.25_x65_w15_e2_b5,1790888820000,1790891040000,LIGHT
C_peak2.25_x65_w15_e2_b5,1790891040000,1790891340000,DEEP
C_peak2.25_x65_w15_e2_b5,1790891340000,1790893080000,LIGHT
C_peak2.25_x65_w15_e2_b5,1790893080000,1790893380000,DEEP
C_peak2.25_x65_w15_e2_b5,1790893380000,1790893560000,LIGHT
C_peak2.25_x65_w15_e2_b5,1790893560000,1790894400000,DEEP
C_peak2.25_x65_w15_e2_b5,1790894400000,1790894580000,LIGHT
C_peak2.25_x65_w15_e2_b5,1790894580000,1790894880000,DEEP
C_peak2.25_x65_w15_e2_b5,1790894880000,1790895180000,LIGHT
C_peak2.25_x65_w15_e2_b5,1790895180000,1790896320000,DEEP
C_peak2.25_x65_w15_e2_b5,1790896320000,1790896349427,LIGHT
C_peak2.25_x65_w15_e2_b6,1790875829427,1790880180000,LIGHT
C_peak2.25_x65_w15_e2_b6,1790880180000,1790881200000,DEEP
C_peak2.25_x65_w15_e2_b6,1790881200000,1790881440000,LIGHT
C_peak2.25_x65_w15_e2_b6,1790881440000,1790882100000,DEEP
C_peak2.25_x65_w15_e2_b6,1790882100000,1790886480000,LIGHT
C_peak2.25_x65_w15_e2_b6,1790886480000,1790888820000,DEEP
C_peak2.25_x65_w15_e2_b6,1790888820000,1790893560000,LIGHT
C_peak2.25_x65_w15_e2_b6,1790893560000,1790894400000,DEEP
C_peak2.25_x65_w15_e2_b6,1790894400000,1790895180000,LIGHT
C_peak2.25_x65_w15_e2_b6,1790895180000,1790896320000,DEEP
C_peak2.25_x65_w15_e2_b6,1790896320000,1790896349427,LIGHT
C_peak2.25_x65_w15_e2_b7,1790875829427,1790880180000,LIGHT
C_peak2.25_x65_w15_e2_b7,1790880180000,1790881200000,DEEP
C_peak2.25_x65_w15_e2_b7,1790881200000,1790881440000,LIGHT
C_peak2.25_x65_w15_e2_b7,1790881440000,1790882100000,DEEP
C_peak2.25_x65_w15_e2_b7,1790882100000,1790886480000,LIGHT
C_peak2.25_x65_w15_e2_b7,1790886480000,1790888820000,DEEP
C_peak2.25_x65_w15_e2_b7,1790888820000,1790893560000,LIGHT
C_peak2.25_x65_w15_e2_b7,1790893560000,1790894400000,DEEP
C_peak2.25_x65_w15_e2_b7,1790894400000,1790895180000,LIGHT
C_peak2.25_x65_w15_e2_b7,1790895180000,1790896320000,DEEP
C_peak2.25_x65_w15_e2_b7,1790896320000,1790896349427,LIGHT
C_peak2.25_x67_w12_e1_b5,1790875829427,1790880060000,LIGHT
C_peak2.25_x67_w12_e1_b5,1790880060000,1790881140000,DEEP
C_peak2.25_x67_w12_e1_b5,1790881140000,1790881320000,LIGHT
C_peak2.25_x67_w12_e1_b5,1790881320000,1790882100000,DEEP
C_peak2.25_x67_w12_e1_b5,1790882100000,1790886300000,LIGHT
C_peak2.25_x67_w12_e1_b5,1790886300000,1790888820000,DEEP
C_peak2.25_x67_w12_e1_b5,1790888820000,1790890920000,LIGHT
C_peak2.25_x67_w12_e1_b5,1790890920000,1790891280000,DEEP
C_peak2.25_x67_w12_e1_b5,1790891280000,1790892960000,LIGHT
C_peak2.25_x67_w12_e1_b5,1790892960000,1790893320000,DEEP
C_peak2.25_x67_w12_e1_b5,1790893320000,1790893560000,LIGHT
C_peak2.25_x67_w12_e1_b5,1790893560000,1790894340000,DEEP
C_peak2.25_x67_w12_e1_b5,1790894340000,1790895120000,LIGHT
C_peak2.25_x67_w12_e1_b5,1790895120000,1790896320000,DEEP
C_peak2.25_x67_w12_e1_b5,1790896320000,1790896349427,LIGHT
C_peak2.25_x67_w12_e1_b6,1790875829427,1790880060000,LIGHT
C_peak2.25_x67_w12_e1_b6,1790880060000,1790881140000,DEEP
C_peak2.25_x67_w12_e1_b6,1790881140000,1790881320000,LIGHT
C_peak2.25_x67_w12_e1_b6,1790881320000,1790882100000,DEEP
C_peak2.25_x67_w12_e1_b6,1790882100000,1790886300000,LIGHT
C_peak2.25_x67_w12_e1_b6,1790886300000,1790888820000,DEEP
C_peak2.25_x67_w12_e1_b6,1790888820000,1790890920000,LIGHT
C_peak2.25_x67_w12_e1_b6,1790890920000,1790891280000,DEEP
C_peak2.25_x67_w12_e1_b6,1790891280000,1790892960000,LIGHT
C_peak2.25_x67_w12_e1_b6,1790892960000,1790893320000,DEEP
C_peak2.25_x67_w12_e1_b6,1790893320000,1790893560000,LIGHT
C_peak2.25_x67_w12_e1_b6,1790893560000,1790894340000,DEEP
C_peak2.25_x67_w12_e1_b6,1790894340000,1790895120000,LIGHT
C_peak2.25_x67_w12_e1_b6,1790895120000,1790896320000,DEEP
C_peak2.25_x67_w12_e1_b6,1790896320000,1790896349427,LIGHT
C_peak2.25_x67_w12_e1_b7,1790875829427,1790880060000,LIGHT
C_peak2.25_x67_w12_e1_b7,1790880060000,1790881140000,DEEP
C_peak2.25_x67_w12_e1_b7,1790881140000,1790881320000,LIGHT
C_peak2.25_x67_w12_e1_b7,1790881320000,1790882100000,DEEP
C_peak2.25_x67_w12_e1_b7,1790882100000,1790886300000,LIGHT
C_peak2.25_x67_w12_e1_b7,1790886300000,1790888820000,DEEP
C_peak2.25_x67_w12_e1_b7,1790888820000,1790893560000,LIGHT
C_peak2.25_x67_w12_e1_b7,1790893560000,1790894340000,DEEP
C_peak2.25_x67_w12_e1_b7,1790894340000,1790895120000,LIGHT
C_peak2.25_x67_w12_e1_b7,1790895120000,1790896320000,DEEP
C_peak2.25_x67_w12_e1_b7,1790896320000,1790896349427,LIGHT
C_peak2.25_x67_w12_e2_b5,1790875829427,1790880060000,LIGHT
C_peak2.25_x67_w12_e2_b5,1790880060000,1790881200000,DEEP
C_peak2.25_x67_w12_e2_b5,1790881200000,1790881260000,LIGHT
C_peak2.25_x67_w12_e2_b5,1790881260000,1790882100000,DEEP
C_peak2.25_x67_w12_e2_b5,1790882100000,1790886300000,LIGHT
C_peak2.25_x67_w12_e2_b5,1790886300000,1790888820000,DEEP
C_peak2.25_x67_w12_e2_b5,1790888820000,1790890920000,LIGHT
C_peak2.25_x67_w12_e2_b5,1790890920000,1790891340000,DEEP
C_peak2.25_x67_w12_e2_b5,1790891340000,1790892960000,LIGHT
C_peak2.25_x67_w12_e2_b5,1790892960000,1790893380000,DEEP
C_peak2.25_x67_w12_e2_b5,1790893380000,1790893560000,LIGHT
C_peak2.25_x67_w12_e2_b5,1790893560000,1790894400000,DEEP
C_peak2.25_x67_w12_e2_b5,1790894400000,1790894580000,LIGHT
C_peak2.25_x67_w12_e2_b5,1790894580000,1790894880000,DEEP
C_peak2.25_x67_w12_e2_b5,1790894880000,1790895120000,LIGHT
C_peak2.25_x67_w12_e2_b5,1790895120000,1790896320000,DEEP
C_peak2.25_x67_w12_e2_b5,1790896320000,1790896349427,LIGHT
C_peak2.25_x67_w12_e2_b6,1790875829427,1790880060000,LIGHT
C_peak2.25_x67_w12_e2_b6,1790880060000,1790881200000,DEEP
C_peak2.25_x67_w12_e2_b6,1790881200000,1790881260000,LIGHT
C_peak2.25_x67_w12_e2_b6,1790881260000,1790882100000,DEEP
C_peak2.25_x67_w12_e2_b6,1790882100000,1790886300000,LIGHT
C_peak2.25_x67_w12_e2_b6,1790886300000,1790888820000,DEEP
C_peak2.25_x67_w12_e2_b6,1790888820000,1790890920000,LIGHT
C_peak2.25_x67_w12_e2_b6,1790890920000,1790891340000,DEEP
C_peak2.25_x67_w12_e2_b6,1790891340000,1790892960000,LIGHT
C_peak2.25_x67_w12_e2_b6,1790892960000,1790893380000,DEEP
C_peak2.25_x67_w12_e2_b6,1790893380000,1790893560000,LIGHT
C_peak2.25_x67_w12_e2_b6,1790893560000,1790894400000,DEEP
C_peak2.25_x67_w12_e2_b6,1790894400000,1790895120000,LIGHT
C_peak2.25_x67_w12_e2_b6,1790895120000,1790896320000,DEEP
C_peak2.25_x67_w12_e2_b6,1790896320000,1790896349427,LIGHT
C_peak2.25_x67_w12_e2_b7,1790875829427,1790880060000,LIGHT
C_peak2.25_x67_w12_e2_b7,1790880060000,1790881200000,DEEP
C_peak2.25_x67_w12_e2_b7,1790881200000,1790881260000,LIGHT
C_peak2.25_x67_w12_e2_b7,1790881260000,1790882100000,DEEP
C_peak2.25_x67_w12_e2_b7,1790882100000,1790886300000,LIGHT
C_peak2.25_x67_w12_e2_b7,1790886300000,1790888820000,DEEP
C_peak2.25_x67_w12_e2_b7,1790888820000,1790890920000,LIGHT
C_peak2.25_x67_w12_e2_b7,1790890920000,1790891340000,DEEP
C_peak2.25_x67_w12_e2_b7,1790891340000,1790892960000,LIGHT
C_peak2.25_x67_w12_e2_b7,1790892960000,1790893380000,DEEP
C_peak2.25_x67_w12_e2_b7,1790893380000,1790893560000,LIGHT
C_peak2.25_x67_w12_e2_b7,1790893560000,1790894400000,DEEP
C_peak2.25_x67_w12_e2_b7,1790894400000,1790895120000,LIGHT
C_peak2.25_x67_w12_e2_b7,1790895120000,1790896320000,DEEP
C_peak2.25_x67_w12_e2_b7,1790896320000,1790896349427,LIGHT
C_peak2.25_x67_w13_e1_b5,1790875829427,1790880060000,LIGHT
C_peak2.25_x67_w13_e1_b5,1790880060000,1790881140000,DEEP
C_peak2.25_x67_w13_e1_b5,1790881140000,1790881320000,LIGHT
C_peak2.25_x67_w13_e1_b5,1790881320000,1790882100000,DEEP
C_peak2.25_x67_w13_e1_b5,1790882100000,1790886360000,LIGHT
C_peak2.25_x67_w13_e1_b5,1790886360000,1790888820000,DEEP
C_peak2.25_x67_w13_e1_b5,1790888820000,1790890980000,LIGHT
C_peak2.25_x67_w13_e1_b5,1790890980000,1790891280000,DEEP
C_peak2.25_x67_w13_e1_b5,1790891280000,1790893020000,LIGHT
C_peak2.25_x67_w13_e1_b5,1790893020000,1790893320000,DEEP
C_peak2.25_x67_w13_e1_b5,1790893320000,1790893560000,LIGHT
C_peak2.25_x67_w13_e1_b5,1790893560000,1790894340000,DEEP
C_peak2.25_x67_w13_e1_b5,1790894340000,1790895120000,LIGHT
C_peak2.25_x67_w13_e1_b5,1790895120000,1790896320000,DEEP
C_peak2.25_x67_w13_e1_b5,1790896320000,1790896349427,LIGHT
C_peak2.25_x67_w13_e1_b6,1790875829427,1790880060000,LIGHT
C_peak2.25_x67_w13_e1_b6,1790880060000,1790881140000,DEEP
C_peak2.25_x67_w13_e1_b6,1790881140000,1790881320000,LIGHT
C_peak2.25_x67_w13_e1_b6,1790881320000,1790882100000,DEEP
C_peak2.25_x67_w13_e1_b6,1790882100000,1790886360000,LIGHT
C_peak2.25_x67_w13_e1_b6,1790886360000,1790888820000,DEEP
C_peak2.25_x67_w13_e1_b6,1790888820000,1790893560000,LIGHT
C_peak2.25_x67_w13_e1_b6,1790893560000,1790894340000,DEEP
C_peak2.25_x67_w13_e1_b6,1790894340000,1790895120000,LIGHT
C_peak2.25_x67_w13_e1_b6,1790895120000,1790896320000,DEEP
C_peak2.25_x67_w13_e1_b6,1790896320000,1790896349427,LIGHT
C_peak2.25_x67_w13_e1_b7,1790875829427,1790880060000,LIGHT
C_peak2.25_x67_w13_e1_b7,1790880060000,1790881140000,DEEP
C_peak2.25_x67_w13_e1_b7,1790881140000,1790881320000,LIGHT
C_peak2.25_x67_w13_e1_b7,1790881320000,1790882100000,DEEP
C_peak2.25_x67_w13_e1_b7,1790882100000,1790886360000,LIGHT
C_peak2.25_x67_w13_e1_b7,1790886360000,1790888820000,DEEP
C_peak2.25_x67_w13_e1_b7,1790888820000,1790893560000,LIGHT
C_peak2.25_x67_w13_e1_b7,1790893560000,1790894340000,DEEP
C_peak2.25_x67_w13_e1_b7,1790894340000,1790895120000,LIGHT
C_peak2.25_x67_w13_e1_b7,1790895120000,1790896320000,DEEP
C_peak2.25_x67_w13_e1_b7,1790896320000,1790896349427,LIGHT
C_peak2.25_x67_w13_e2_b5,1790875829427,1790880060000,LIGHT
C_peak2.25_x67_w13_e2_b5,1790880060000,1790881200000,DEEP
C_peak2.25_x67_w13_e2_b5,1790881200000,1790881260000,LIGHT
C_peak2.25_x67_w13_e2_b5,1790881260000,1790882100000,DEEP
C_peak2.25_x67_w13_e2_b5,1790882100000,1790886360000,LIGHT
C_peak2.25_x67_w13_e2_b5,1790886360000,1790888820000,DEEP
C_peak2.25_x67_w13_e2_b5,1790888820000,1790890980000,LIGHT
C_peak2.25_x67_w13_e2_b5,1790890980000,1790891340000,DEEP
C_peak2.25_x67_w13_e2_b5,1790891340000,1790893020000,LIGHT
C_peak2.25_x67_w13_e2_b5,1790893020000,1790893380000,DEEP
C_peak2.25_x67_w13_e2_b5,1790893380000,1790893560000,LIGHT
C_peak2.25_x67_w13_e2_b5,1790893560000,1790894400000,DEEP
C_peak2.25_x67_w13_e2_b5,1790894400000,1790894580000,LIGHT
C_peak2.25_x67_w13_e2_b5,1790894580000,1790894880000,DEEP
C_peak2.25_x67_w13_e2_b5,1790894880000,1790895120000,LIGHT
C_peak2.25_x67_w13_e2_b5,1790895120000,1790896320000,DEEP
C_peak2.25_x67_w13_e2_b5,1790896320000,1790896349427,LIGHT
C_peak2.25_x67_w13_e2_b6,1790875829427,1790880060000,LIGHT
C_peak2.25_x67_w13_e2_b6,1790880060000,1790881200000,DEEP
C_peak2.25_x67_w13_e2_b6,1790881200000,1790881260000,LIGHT
C_peak2.25_x67_w13_e2_b6,1790881260000,1790882100000,DEEP
C_peak2.25_x67_w13_e2_b6,1790882100000,1790886360000,LIGHT
C_peak2.25_x67_w13_e2_b6,1790886360000,1790888820000,DEEP
C_peak2.25_x67_w13_e2_b6,1790888820000,1790890980000,LIGHT
C_peak2.25_x67_w13_e2_b6,1790890980000,1790891340000,DEEP
C_peak2.25_x67_w13_e2_b6,1790891340000,1790893020000,LIGHT
C_peak2.25_x67_w13_e2_b6,1790893020000,1790893380000,DEEP
C_peak2.25_x67_w13_e2_b6,1790893380000,1790893560000,LIGHT
C_peak2.25_x67_w13_e2_b6,1790893560000,1790894400000,DEEP
C_peak2.25_x67_w13_e2_b6,1790894400000,1790895120000,LIGHT
C_peak2.25_x67_w13_e2_b6,1790895120000,1790896320000,DEEP
C_peak2.25_x67_w13_e2_b6,1790896320000,1790896349427,LIGHT
C_peak2.25_x67_w13_e2_b7,1790875829427,1790880060000,LIGHT
C_peak2.25_x67_w13_e2_b7,1790880060000,1790881200000,DEEP
C_peak2.25_x67_w13_e2_b7,1790881200000,1790881260000,LIGHT
C_peak2.25_x67_w13_e2_b7,1790881260000,1790882100000,DEEP
C_peak2.25_x67_w13_e2_b7,1790882100000,1790886360000,LIGHT
C_peak2.25_x67_w13_e2_b7,1790886360000,1790888820000,DEEP
C_peak2.25_x67_w13_e2_b7,1790888820000,1790893560000,LIGHT
C_peak2.25_x67_w13_e2_b7,1790893560000,1790894400000,DEEP
C_peak2.25_x67_w13_e2_b7,1790894400000,1790895120000,LIGHT
C_peak2.25_x67_w13_e2_b7,1790895120000,1790896320000,DEEP
C_peak2.25_x67_w13_e2_b7,1790896320000,1790896349427,LIGHT
C_peak2.25_x67_w14_e1_b5,1790875829427,1790880120000,LIGHT
C_peak2.25_x67_w14_e1_b5,1790880120000,1790881140000,DEEP
C_peak2.25_x67_w14_e1_b5,1790881140000,1790881320000,LIGHT
C_peak2.25_x67_w14_e1_b5,1790881320000,1790882100000,DEEP
C_peak2.25_x67_w14_e1_b5,1790882100000,1790886420000,LIGHT
C_peak2.25_x67_w14_e1_b5,1790886420000,1790888820000,DEEP
C_peak2.25_x67_w14_e1_b5,1790888820000,1790890980000,LIGHT
C_peak2.25_x67_w14_e1_b5,1790890980000,1790891280000,DEEP
C_peak2.25_x67_w14_e1_b5,1790891280000,1790893020000,LIGHT
C_peak2.25_x67_w14_e1_b5,1790893020000,1790893320000,DEEP
C_peak2.25_x67_w14_e1_b5,1790893320000,1790893560000,LIGHT
C_peak2.25_x67_w14_e1_b5,1790893560000,1790894340000,DEEP
C_peak2.25_x67_w14_e1_b5,1790894340000,1790895180000,LIGHT
C_peak2.25_x67_w14_e1_b5,1790895180000,1790896320000,DEEP
C_peak2.25_x67_w14_e1_b5,1790896320000,1790896349427,LIGHT
C_peak2.25_x67_w14_e1_b6,1790875829427,1790880120000,LIGHT
C_peak2.25_x67_w14_e1_b6,1790880120000,1790881140000,DEEP
C_peak2.25_x67_w14_e1_b6,1790881140000,1790881320000,LIGHT
C_peak2.25_x67_w14_e1_b6,1790881320000,1790882100000,DEEP
C_peak2.25_x67_w14_e1_b6,1790882100000,1790886420000,LIGHT
C_peak2.25_x67_w14_e1_b6,1790886420000,1790888820000,DEEP
C_peak2.25_x67_w14_e1_b6,1790888820000,1790893560000,LIGHT
C_peak2.25_x67_w14_e1_b6,1790893560000,1790894340000,DEEP
C_peak2.25_x67_w14_e1_b6,1790894340000,1790895180000,LIGHT
C_peak2.25_x67_w14_e1_b6,1790895180000,1790896320000,DEEP
C_peak2.25_x67_w14_e1_b6,1790896320000,1790896349427,LIGHT
C_peak2.25_x67_w14_e1_b7,1790875829427,1790880120000,LIGHT
C_peak2.25_x67_w14_e1_b7,1790880120000,1790881140000,DEEP
C_peak2.25_x67_w14_e1_b7,1790881140000,1790881320000,LIGHT
C_peak2.25_x67_w14_e1_b7,1790881320000,1790882100000,DEEP
C_peak2.25_x67_w14_e1_b7,1790882100000,1790886420000,LIGHT
C_peak2.25_x67_w14_e1_b7,1790886420000,1790888820000,DEEP
C_peak2.25_x67_w14_e1_b7,1790888820000,1790893560000,LIGHT
C_peak2.25_x67_w14_e1_b7,1790893560000,1790894340000,DEEP
C_peak2.25_x67_w14_e1_b7,1790894340000,1790895180000,LIGHT
C_peak2.25_x67_w14_e1_b7,1790895180000,1790896320000,DEEP
C_peak2.25_x67_w14_e1_b7,1790896320000,1790896349427,LIGHT
C_peak2.25_x67_w14_e2_b5,1790875829427,1790880120000,LIGHT
C_peak2.25_x67_w14_e2_b5,1790880120000,1790881200000,DEEP
C_peak2.25_x67_w14_e2_b5,1790881200000,1790881260000,LIGHT
C_peak2.25_x67_w14_e2_b5,1790881260000,1790882100000,DEEP
C_peak2.25_x67_w14_e2_b5,1790882100000,1790886420000,LIGHT
C_peak2.25_x67_w14_e2_b5,1790886420000,1790888820000,DEEP
C_peak2.25_x67_w14_e2_b5,1790888820000,1790890980000,LIGHT
C_peak2.25_x67_w14_e2_b5,1790890980000,1790891340000,DEEP
C_peak2.25_x67_w14_e2_b5,1790891340000,1790893020000,LIGHT
C_peak2.25_x67_w14_e2_b5,1790893020000,1790893380000,DEEP
C_peak2.25_x67_w14_e2_b5,1790893380000,1790893560000,LIGHT
C_peak2.25_x67_w14_e2_b5,1790893560000,1790894400000,DEEP
C_peak2.25_x67_w14_e2_b5,1790894400000,1790894580000,LIGHT
C_peak2.25_x67_w14_e2_b5,1790894580000,1790894880000,DEEP
C_peak2.25_x67_w14_e2_b5,1790894880000,1790895180000,LIGHT
C_peak2.25_x67_w14_e2_b5,1790895180000,1790896320000,DEEP
C_peak2.25_x67_w14_e2_b5,1790896320000,1790896349427,LIGHT
C_peak2.25_x67_w14_e2_b6,1790875829427,1790880120000,LIGHT
C_peak2.25_x67_w14_e2_b6,1790880120000,1790881200000,DEEP
C_peak2.25_x67_w14_e2_b6,1790881200000,1790881260000,LIGHT
C_peak2.25_x67_w14_e2_b6,1790881260000,1790882100000,DEEP
C_peak2.25_x67_w14_e2_b6,1790882100000,1790886420000,LIGHT
C_peak2.25_x67_w14_e2_b6,1790886420000,1790888820000,DEEP
C_peak2.25_x67_w14_e2_b6,1790888820000,1790890980000,LIGHT
C_peak2.25_x67_w14_e2_b6,1790890980000,1790891340000,DEEP
C_peak2.25_x67_w14_e2_b6,1790891340000,1790893020000,LIGHT
C_peak2.25_x67_w14_e2_b6,1790893020000,1790893380000,DEEP
C_peak2.25_x67_w14_e2_b6,1790893380000,1790893560000,LIGHT
C_peak2.25_x67_w14_e2_b6,1790893560000,1790894400000,DEEP
C_peak2.25_x67_w14_e2_b6,1790894400000,1790895180000,LIGHT
C_peak2.25_x67_w14_e2_b6,1790895180000,1790896320000,DEEP
C_peak2.25_x67_w14_e2_b6,1790896320000,1790896349427,LIGHT
C_peak2.25_x67_w14_e2_b7,1790875829427,1790880120000,LIGHT
C_peak2.25_x67_w14_e2_b7,1790880120000,1790881200000,DEEP
C_peak2.25_x67_w14_e2_b7,1790881200000,1790881260000,LIGHT
C_peak2.25_x67_w14_e2_b7,1790881260000,1790882100000,DEEP
C_peak2.25_x67_w14_e2_b7,1790882100000,1790886420000,LIGHT
C_peak2.25_x67_w14_e2_b7,1790886420000,1790888820000,DEEP
C_peak2.25_x67_w14_e2_b7,1790888820000,1790893560000,LIGHT
C_peak2.25_x67_w14_e2_b7,1790893560000,1790894400000,DEEP
C_peak2.25_x67_w14_e2_b7,1790894400000,1790895180000,LIGHT
C_peak2.25_x67_w14_e2_b7,1790895180000,1790896320000,DEEP
C_peak2.25_x67_w14_e2_b7,1790896320000,1790896349427,LIGHT
C_peak2.25_x67_w15_e1_b5,1790875829427,1790880180000,LIGHT
C_peak2.25_x67_w15_e1_b5,1790880180000,1790881140000,DEEP
C_peak2.25_x67_w15_e1_b5,1790881140000,1790881320000,LIGHT
C_peak2.25_x67_w15_e1_b5,1790881320000,1790882100000,DEEP
C_peak2.25_x67_w15_e1_b5,1790882100000,1790886480000,LIGHT
C_peak2.25_x67_w15_e1_b5,1790886480000,1790888820000,DEEP
C_peak2.25_x67_w15_e1_b5,1790888820000,1790893560000,LIGHT
C_peak2.25_x67_w15_e1_b5,1790893560000,1790894340000,DEEP
C_peak2.25_x67_w15_e1_b5,1790894340000,1790895180000,LIGHT
C_peak2.25_x67_w15_e1_b5,1790895180000,1790896320000,DEEP
C_peak2.25_x67_w15_e1_b5,1790896320000,1790896349427,LIGHT
C_peak2.25_x67_w15_e1_b6,1790875829427,1790880180000,LIGHT
C_peak2.25_x67_w15_e1_b6,1790880180000,1790881140000,DEEP
C_peak2.25_x67_w15_e1_b6,1790881140000,1790881320000,LIGHT
C_peak2.25_x67_w15_e1_b6,1790881320000,1790882100000,DEEP
C_peak2.25_x67_w15_e1_b6,1790882100000,1790886480000,LIGHT
C_peak2.25_x67_w15_e1_b6,1790886480000,1790888820000,DEEP
C_peak2.25_x67_w15_e1_b6,1790888820000,1790893560000,LIGHT
C_peak2.25_x67_w15_e1_b6,1790893560000,1790894340000,DEEP
C_peak2.25_x67_w15_e1_b6,1790894340000,1790895180000,LIGHT
C_peak2.25_x67_w15_e1_b6,1790895180000,1790896320000,DEEP
C_peak2.25_x67_w15_e1_b6,1790896320000,1790896349427,LIGHT
C_peak2.25_x67_w15_e1_b7,1790875829427,1790880180000,LIGHT
C_peak2.25_x67_w15_e1_b7,1790880180000,1790881140000,DEEP
C_peak2.25_x67_w15_e1_b7,1790881140000,1790881320000,LIGHT
C_peak2.25_x67_w15_e1_b7,1790881320000,1790882100000,DEEP
C_peak2.25_x67_w15_e1_b7,1790882100000,1790886480000,LIGHT
C_peak2.25_x67_w15_e1_b7,1790886480000,1790888820000,DEEP
C_peak2.25_x67_w15_e1_b7,1790888820000,1790893560000,LIGHT
C_peak2.25_x67_w15_e1_b7,1790893560000,1790894340000,DEEP
C_peak2.25_x67_w15_e1_b7,1790894340000,1790895180000,LIGHT
C_peak2.25_x67_w15_e1_b7,1790895180000,1790896320000,DEEP
C_peak2.25_x67_w15_e1_b7,1790896320000,1790896349427,LIGHT
C_peak2.25_x67_w15_e2_b5,1790875829427,1790880180000,LIGHT
C_peak2.25_x67_w15_e2_b5,1790880180000,1790881200000,DEEP
C_peak2.25_x67_w15_e2_b5,1790881200000,1790881260000,LIGHT
C_peak2.25_x67_w15_e2_b5,1790881260000,1790882100000,DEEP
C_peak2.25_x67_w15_e2_b5,1790882100000,1790886480000,LIGHT
C_peak2.25_x67_w15_e2_b5,1790886480000,1790888820000,DEEP
C_peak2.25_x67_w15_e2_b5,1790888820000,1790891040000,LIGHT
C_peak2.25_x67_w15_e2_b5,1790891040000,1790891340000,DEEP
C_peak2.25_x67_w15_e2_b5,1790891340000,1790893080000,LIGHT
C_peak2.25_x67_w15_e2_b5,1790893080000,1790893380000,DEEP
C_peak2.25_x67_w15_e2_b5,1790893380000,1790893560000,LIGHT
C_peak2.25_x67_w15_e2_b5,1790893560000,1790894400000,DEEP
C_peak2.25_x67_w15_e2_b5,1790894400000,1790894580000,LIGHT
C_peak2.25_x67_w15_e2_b5,1790894580000,1790894880000,DEEP
C_peak2.25_x67_w15_e2_b5,1790894880000,1790895180000,LIGHT
C_peak2.25_x67_w15_e2_b5,1790895180000,1790896320000,DEEP
C_peak2.25_x67_w15_e2_b5,1790896320000,1790896349427,LIGHT
C_peak2.25_x67_w15_e2_b6,1790875829427,1790880180000,LIGHT
C_peak2.25_x67_w15_e2_b6,1790880180000,1790881200000,DEEP
C_peak2.25_x67_w15_e2_b6,1790881200000,1790881260000,LIGHT
C_peak2.25_x67_w15_e2_b6,1790881260000,1790882100000,DEEP
C_peak2.25_x67_w15_e2_b6,1790882100000,1790886480000,LIGHT
C_peak2.25_x67_w15_e2_b6,1790886480000,1790888820000,DEEP
C_peak2.25_x67_w15_e2_b6,1790888820000,1790893560000,LIGHT
C_peak2.25_x67_w15_e2_b6,1790893560000,1790894400000,DEEP
C_peak2.25_x67_w15_e2_b6,1790894400000,1790895180000,LIGHT
C_peak2.25_x67_w15_e2_b6,1790895180000,1790896320000,DEEP
C_peak2.25_x67_w15_e2_b6,1790896320000,1790896349427,LIGHT
C_peak2.25_x67_w15_e2_b7,1790875829427,1790880180000,LIGHT
C_peak2.25_x67_w15_e2_b7,1790880180000,1790881200000,DEEP
C_peak2.25_x67_w15_e2_b7,1790881200000,1790881260000,LIGHT
C_peak2.25_x67_w15_e2_b7,1790881260000,1790882100000,DEEP
C_peak2.25_x67_w15_e2_b7,1790882100000,1790886480000,LIGHT
C_peak2.25_x67_w15_e2_b7,1790886480000,1790888820000,DEEP
C_peak2.25_x67_w15_e2_b7,1790888820000,1790893560000,LIGHT
C_peak2.25_x67_w15_e2_b7,1790893560000,1790894400000,DEEP
C_peak2.25_x67_w15_e2_b7,1790894400000,1790895180000,LIGHT
C_peak2.25_x67_w15_e2_b7,1790895180000,1790896320000,DEEP
C_peak2.25_x67_w15_e2_b7,1790896320000,1790896349427,LIGHT
C_peak2.25_x70_w12_e1_b5,1790875829427,1790880060000,LIGHT
C_peak2.25_x70_w12_e1_b5,1790880060000,1790882100000,DEEP
C_peak2.25_x70_w12_e1_b5,1790882100000,1790886300000,LIGHT
C_peak2.25_x70_w12_e1_b5,1790886300000,1790888820000,DEEP
C_peak2.25_x70_w12_e1_b5,1790888820000,1790890620000,LIGHT
C_peak2.25_x70_w12_e1_b5,1790890620000,1790891340000,DEEP
C_peak2.25_x70_w12_e1_b5,1790891340000,1790892960000,LIGHT
C_peak2.25_x70_w12_e1_b5,1790892960000,1790893320000,DEEP
C_peak2.25_x70_w12_e1_b5,1790893320000,1790893560000,LIGHT
C_peak2.25_x70_w12_e1_b5,1790893560000,1790894340000,DEEP
C_peak2.25_x70_w12_e1_b5,1790894340000,1790895120000,LIGHT
C_peak2.25_x70_w12_e1_b5,1790895120000,1790896320000,DEEP
C_peak2.25_x70_w12_e1_b5,1790896320000,1790896349427,LIGHT
C_peak2.25_x70_w12_e1_b6,1790875829427,1790880060000,LIGHT
C_peak2.25_x70_w12_e1_b6,1790880060000,1790882100000,DEEP
C_peak2.25_x70_w12_e1_b6,1790882100000,1790886300000,LIGHT
C_peak2.25_x70_w12_e1_b6,1790886300000,1790888820000,DEEP
C_peak2.25_x70_w12_e1_b6,1790888820000,1790890620000,LIGHT
C_peak2.25_x70_w12_e1_b6,1790890620000,1790891340000,DEEP
C_peak2.25_x70_w12_e1_b6,1790891340000,1790892960000,LIGHT
C_peak2.25_x70_w12_e1_b6,1790892960000,1790893320000,DEEP
C_peak2.25_x70_w12_e1_b6,1790893320000,1790893560000,LIGHT
C_peak2.25_x70_w12_e1_b6,1790893560000,1790894340000,DEEP
C_peak2.25_x70_w12_e1_b6,1790894340000,1790895120000,LIGHT
C_peak2.25_x70_w12_e1_b6,1790895120000,1790896320000,DEEP
C_peak2.25_x70_w12_e1_b6,1790896320000,1790896349427,LIGHT
C_peak2.25_x70_w12_e1_b7,1790875829427,1790880060000,LIGHT
C_peak2.25_x70_w12_e1_b7,1790880060000,1790882100000,DEEP
C_peak2.25_x70_w12_e1_b7,1790882100000,1790886300000,LIGHT
C_peak2.25_x70_w12_e1_b7,1790886300000,1790888820000,DEEP
C_peak2.25_x70_w12_e1_b7,1790888820000,1790890620000,LIGHT
C_peak2.25_x70_w12_e1_b7,1790890620000,1790891340000,DEEP
C_peak2.25_x70_w12_e1_b7,1790891340000,1790893560000,LIGHT
C_peak2.25_x70_w12_e1_b7,1790893560000,1790894340000,DEEP
C_peak2.25_x70_w12_e1_b7,1790894340000,1790895120000,LIGHT
C_peak2.25_x70_w12_e1_b7,1790895120000,1790896320000,DEEP
C_peak2.25_x70_w12_e1_b7,1790896320000,1790896349427,LIGHT
C_peak2.25_x70_w12_e2_b5,1790875829427,1790880060000,LIGHT
C_peak2.25_x70_w12_e2_b5,1790880060000,1790882100000,DEEP
C_peak2.25_x70_w12_e2_b5,1790882100000,1790886300000,LIGHT
C_peak2.25_x70_w12_e2_b5,1790886300000,1790888820000,DEEP
C_peak2.25_x70_w12_e2_b5,1790888820000,1790890620000,LIGHT
C_peak2.25_x70_w12_e2_b5,1790890620000,1790891400000,DEEP
C_peak2.25_x70_w12_e2_b5,1790891400000,1790892960000,LIGHT
C_peak2.25_x70_w12_e2_b5,1790892960000,1790893380000,DEEP
C_peak2.25_x70_w12_e2_b5,1790893380000,1790893560000,LIGHT
C_peak2.25_x70_w12_e2_b5,1790893560000,1790894400000,DEEP
C_peak2.25_x70_w12_e2_b5,1790894400000,1790894580000,LIGHT
C_peak2.25_x70_w12_e2_b5,1790894580000,1790894880000,DEEP
C_peak2.25_x70_w12_e2_b5,1790894880000,1790895120000,LIGHT
C_peak2.25_x70_w12_e2_b5,1790895120000,1790896320000,DEEP
C_peak2.25_x70_w12_e2_b5,1790896320000,1790896349427,LIGHT
C_peak2.25_x70_w12_e2_b6,1790875829427,1790880060000,LIGHT
C_peak2.25_x70_w12_e2_b6,1790880060000,1790882100000,DEEP
C_peak2.25_x70_w12_e2_b6,1790882100000,1790886300000,LIGHT
C_peak2.25_x70_w12_e2_b6,1790886300000,1790888820000,DEEP
C_peak2.25_x70_w12_e2_b6,1790888820000,1790890620000,LIGHT
C_peak2.25_x70_w12_e2_b6,1790890620000,1790891400000,DEEP
C_peak2.25_x70_w12_e2_b6,1790891400000,1790892960000,LIGHT
C_peak2.25_x70_w12_e2_b6,1790892960000,1790893380000,DEEP
C_peak2.25_x70_w12_e2_b6,1790893380000,1790893560000,LIGHT
C_peak2.25_x70_w12_e2_b6,1790893560000,1790894400000,DEEP
C_peak2.25_x70_w12_e2_b6,1790894400000,1790895120000,LIGHT
C_peak2.25_x70_w12_e2_b6,1790895120000,1790896320000,DEEP
C_peak2.25_x70_w12_e2_b6,1790896320000,1790896349427,LIGHT
C_peak2.25_x70_w12_e2_b7,1790875829427,1790880060000,LIGHT
C_peak2.25_x70_w12_e2_b7,1790880060000,1790882100000,DEEP
C_peak2.25_x70_w12_e2_b7,1790882100000,1790886300000,LIGHT
C_peak2.25_x70_w12_e2_b7,1790886300000,1790888820000,DEEP
C_peak2.25_x70_w12_e2_b7,1790888820000,1790890620000,LIGHT
C_peak2.25_x70_w12_e2_b7,1790890620000,1790891400000,DEEP
C_peak2.25_x70_w12_e2_b7,1790891400000,1790892960000,LIGHT
C_peak2.25_x70_w12_e2_b7,1790892960000,1790893380000,DEEP
C_peak2.25_x70_w12_e2_b7,1790893380000,1790893560000,LIGHT
C_peak2.25_x70_w12_e2_b7,1790893560000,1790894400000,DEEP
C_peak2.25_x70_w12_e2_b7,1790894400000,1790895120000,LIGHT
C_peak2.25_x70_w12_e2_b7,1790895120000,1790896320000,DEEP
C_peak2.25_x70_w12_e2_b7,1790896320000,1790896349427,LIGHT
C_peak2.25_x70_w13_e1_b5,1790875829427,1790880060000,LIGHT
C_peak2.25_x70_w13_e1_b5,1790880060000,1790882100000,DEEP
C_peak2.25_x70_w13_e1_b5,1790882100000,1790886360000,LIGHT
C_peak2.25_x70_w13_e1_b5,1790886360000,1790888820000,DEEP
C_peak2.25_x70_w13_e1_b5,1790888820000,1790890680000,LIGHT
C_peak2.25_x70_w13_e1_b5,1790890680000,1790891340000,DEEP
C_peak2.25_x70_w13_e1_b5,1790891340000,1790893020000,LIGHT
C_peak2.25_x70_w13_e1_b5,1790893020000,1790893320000,DEEP
C_peak2.25_x70_w13_e1_b5,1790893320000,1790893560000,LIGHT
C_peak2.25_x70_w13_e1_b5,1790893560000,1790894340000,DEEP
C_peak2.25_x70_w13_e1_b5,1790894340000,1790895120000,LIGHT
C_peak2.25_x70_w13_e1_b5,1790895120000,1790896320000,DEEP
C_peak2.25_x70_w13_e1_b5,1790896320000,1790896349427,LIGHT
C_peak2.25_x70_w13_e1_b6,1790875829427,1790880060000,LIGHT
C_peak2.25_x70_w13_e1_b6,1790880060000,1790882100000,DEEP
C_peak2.25_x70_w13_e1_b6,1790882100000,1790886360000,LIGHT
C_peak2.25_x70_w13_e1_b6,1790886360000,1790888820000,DEEP
C_peak2.25_x70_w13_e1_b6,1790888820000,1790890680000,LIGHT
C_peak2.25_x70_w13_e1_b6,1790890680000,1790891340000,DEEP
C_peak2.25_x70_w13_e1_b6,1790891340000,1790893560000,LIGHT
C_peak2.25_x70_w13_e1_b6,1790893560000,1790894340000,DEEP
C_peak2.25_x70_w13_e1_b6,1790894340000,1790895120000,LIGHT
C_peak2.25_x70_w13_e1_b6,1790895120000,1790896320000,DEEP
C_peak2.25_x70_w13_e1_b6,1790896320000,1790896349427,LIGHT
C_peak2.25_x70_w13_e1_b7,1790875829427,1790880060000,LIGHT
C_peak2.25_x70_w13_e1_b7,1790880060000,1790882100000,DEEP
C_peak2.25_x70_w13_e1_b7,1790882100000,1790886360000,LIGHT
C_peak2.25_x70_w13_e1_b7,1790886360000,1790888820000,DEEP
C_peak2.25_x70_w13_e1_b7,1790888820000,1790890680000,LIGHT
C_peak2.25_x70_w13_e1_b7,1790890680000,1790891340000,DEEP
C_peak2.25_x70_w13_e1_b7,1790891340000,1790893560000,LIGHT
C_peak2.25_x70_w13_e1_b7,1790893560000,1790894340000,DEEP
C_peak2.25_x70_w13_e1_b7,1790894340000,1790895120000,LIGHT
C_peak2.25_x70_w13_e1_b7,1790895120000,1790896320000,DEEP
C_peak2.25_x70_w13_e1_b7,1790896320000,1790896349427,LIGHT
C_peak2.25_x70_w13_e2_b5,1790875829427,1790880060000,LIGHT
C_peak2.25_x70_w13_e2_b5,1790880060000,1790882100000,DEEP
C_peak2.25_x70_w13_e2_b5,1790882100000,1790886360000,LIGHT
C_peak2.25_x70_w13_e2_b5,1790886360000,1790888820000,DEEP
C_peak2.25_x70_w13_e2_b5,1790888820000,1790890680000,LIGHT
C_peak2.25_x70_w13_e2_b5,1790890680000,1790891400000,DEEP
C_peak2.25_x70_w13_e2_b5,1790891400000,1790893020000,LIGHT
C_peak2.25_x70_w13_e2_b5,1790893020000,1790893380000,DEEP
C_peak2.25_x70_w13_e2_b5,1790893380000,1790893560000,LIGHT
C_peak2.25_x70_w13_e2_b5,1790893560000,1790894400000,DEEP
C_peak2.25_x70_w13_e2_b5,1790894400000,1790894580000,LIGHT
C_peak2.25_x70_w13_e2_b5,1790894580000,1790894880000,DEEP
C_peak2.25_x70_w13_e2_b5,1790894880000,1790895120000,LIGHT
C_peak2.25_x70_w13_e2_b5,1790895120000,1790896320000,DEEP
C_peak2.25_x70_w13_e2_b5,1790896320000,1790896349427,LIGHT
C_peak2.25_x70_w13_e2_b6,1790875829427,1790880060000,LIGHT
C_peak2.25_x70_w13_e2_b6,1790880060000,1790882100000,DEEP
C_peak2.25_x70_w13_e2_b6,1790882100000,1790886360000,LIGHT
C_peak2.25_x70_w13_e2_b6,1790886360000,1790888820000,DEEP
C_peak2.25_x70_w13_e2_b6,1790888820000,1790890680000,LIGHT
C_peak2.25_x70_w13_e2_b6,1790890680000,1790891400000,DEEP
C_peak2.25_x70_w13_e2_b6,1790891400000,1790893020000,LIGHT
C_peak2.25_x70_w13_e2_b6,1790893020000,1790893380000,DEEP
C_peak2.25_x70_w13_e2_b6,1790893380000,1790893560000,LIGHT
C_peak2.25_x70_w13_e2_b6,1790893560000,1790894400000,DEEP
C_peak2.25_x70_w13_e2_b6,1790894400000,1790895120000,LIGHT
C_peak2.25_x70_w13_e2_b6,1790895120000,1790896320000,DEEP
C_peak2.25_x70_w13_e2_b6,1790896320000,1790896349427,LIGHT
C_peak2.25_x70_w13_e2_b7,1790875829427,1790880060000,LIGHT
C_peak2.25_x70_w13_e2_b7,1790880060000,1790882100000,DEEP
C_peak2.25_x70_w13_e2_b7,1790882100000,1790886360000,LIGHT
C_peak2.25_x70_w13_e2_b7,1790886360000,1790888820000,DEEP
C_peak2.25_x70_w13_e2_b7,1790888820000,1790890680000,LIGHT
C_peak2.25_x70_w13_e2_b7,1790890680000,1790891400000,DEEP
C_peak2.25_x70_w13_e2_b7,1790891400000,1790893560000,LIGHT
C_peak2.25_x70_w13_e2_b7,1790893560000,1790894400000,DEEP
C_peak2.25_x70_w13_e2_b7,1790894400000,1790895120000,LIGHT
C_peak2.25_x70_w13_e2_b7,1790895120000,1790896320000,DEEP
C_peak2.25_x70_w13_e2_b7,1790896320000,1790896349427,LIGHT
C_peak2.25_x70_w14_e1_b5,1790875829427,1790880120000,LIGHT
C_peak2.25_x70_w14_e1_b5,1790880120000,1790882100000,DEEP
C_peak2.25_x70_w14_e1_b5,1790882100000,1790886420000,LIGHT
C_peak2.25_x70_w14_e1_b5,1790886420000,1790888820000,DEEP
C_peak2.25_x70_w14_e1_b5,1790888820000,1790890740000,LIGHT
C_peak2.25_x70_w14_e1_b5,1790890740000,1790891340000,DEEP
C_peak2.25_x70_w14_e1_b5,1790891340000,1790893020000,LIGHT
C_peak2.25_x70_w14_e1_b5,1790893020000,1790893320000,DEEP
C_peak2.25_x70_w14_e1_b5,1790893320000,1790893560000,LIGHT
C_peak2.25_x70_w14_e1_b5,1790893560000,1790894340000,DEEP
C_peak2.25_x70_w14_e1_b5,1790894340000,1790895180000,LIGHT
C_peak2.25_x70_w14_e1_b5,1790895180000,1790896320000,DEEP
C_peak2.25_x70_w14_e1_b5,1790896320000,1790896349427,LIGHT
C_peak2.25_x70_w14_e1_b6,1790875829427,1790880120000,LIGHT
C_peak2.25_x70_w14_e1_b6,1790880120000,1790882100000,DEEP
C_peak2.25_x70_w14_e1_b6,1790882100000,1790886420000,LIGHT
C_peak2.25_x70_w14_e1_b6,1790886420000,1790888820000,DEEP
C_peak2.25_x70_w14_e1_b6,1790888820000,1790890740000,LIGHT
C_peak2.25_x70_w14_e1_b6,1790890740000,1790891340000,DEEP
C_peak2.25_x70_w14_e1_b6,1790891340000,1790893560000,LIGHT
C_peak2.25_x70_w14_e1_b6,1790893560000,1790894340000,DEEP
C_peak2.25_x70_w14_e1_b6,1790894340000,1790895180000,LIGHT
C_peak2.25_x70_w14_e1_b6,1790895180000,1790896320000,DEEP
C_peak2.25_x70_w14_e1_b6,1790896320000,1790896349427,LIGHT
C_peak2.25_x70_w14_e1_b7,1790875829427,1790880120000,LIGHT
C_peak2.25_x70_w14_e1_b7,1790880120000,1790882100000,DEEP
C_peak2.25_x70_w14_e1_b7,1790882100000,1790886420000,LIGHT
C_peak2.25_x70_w14_e1_b7,1790886420000,1790888820000,DEEP
C_peak2.25_x70_w14_e1_b7,1790888820000,1790890740000,LIGHT
C_peak2.25_x70_w14_e1_b7,1790890740000,1790891340000,DEEP
C_peak2.25_x70_w14_e1_b7,1790891340000,1790893560000,LIGHT
C_peak2.25_x70_w14_e1_b7,1790893560000,1790894340000,DEEP
C_peak2.25_x70_w14_e1_b7,1790894340000,1790895180000,LIGHT
C_peak2.25_x70_w14_e1_b7,1790895180000,1790896320000,DEEP
C_peak2.25_x70_w14_e1_b7,1790896320000,1790896349427,LIGHT
C_peak2.25_x70_w14_e2_b5,1790875829427,1790880120000,LIGHT
C_peak2.25_x70_w14_e2_b5,1790880120000,1790882100000,DEEP
C_peak2.25_x70_w14_e2_b5,1790882100000,1790886420000,LIGHT
C_peak2.25_x70_w14_e2_b5,1790886420000,1790888820000,DEEP
C_peak2.25_x70_w14_e2_b5,1790888820000,1790890740000,LIGHT
C_peak2.25_x70_w14_e2_b5,1790890740000,1790891400000,DEEP
C_peak2.25_x70_w14_e2_b5,1790891400000,1790893020000,LIGHT
C_peak2.25_x70_w14_e2_b5,1790893020000,1790893380000,DEEP
C_peak2.25_x70_w14_e2_b5,1790893380000,1790893560000,LIGHT
C_peak2.25_x70_w14_e2_b5,1790893560000,1790894400000,DEEP
C_peak2.25_x70_w14_e2_b5,1790894400000,1790894580000,LIGHT
C_peak2.25_x70_w14_e2_b5,1790894580000,1790894880000,DEEP
C_peak2.25_x70_w14_e2_b5,1790894880000,1790895180000,LIGHT
C_peak2.25_x70_w14_e2_b5,1790895180000,1790896320000,DEEP
C_peak2.25_x70_w14_e2_b5,1790896320000,1790896349427,LIGHT
C_peak2.25_x70_w14_e2_b6,1790875829427,1790880120000,LIGHT
C_peak2.25_x70_w14_e2_b6,1790880120000,1790882100000,DEEP
C_peak2.25_x70_w14_e2_b6,1790882100000,1790886420000,LIGHT
C_peak2.25_x70_w14_e2_b6,1790886420000,1790888820000,DEEP
C_peak2.25_x70_w14_e2_b6,1790888820000,1790890740000,LIGHT
C_peak2.25_x70_w14_e2_b6,1790890740000,1790891400000,DEEP
C_peak2.25_x70_w14_e2_b6,1790891400000,1790893020000,LIGHT
C_peak2.25_x70_w14_e2_b6,1790893020000,1790893380000,DEEP
C_peak2.25_x70_w14_e2_b6,1790893380000,1790893560000,LIGHT
C_peak2.25_x70_w14_e2_b6,1790893560000,1790894400000,DEEP
C_peak2.25_x70_w14_e2_b6,1790894400000,1790895180000,LIGHT
C_peak2.25_x70_w14_e2_b6,1790895180000,1790896320000,DEEP
C_peak2.25_x70_w14_e2_b6,1790896320000,1790896349427,LIGHT
C_peak2.25_x70_w14_e2_b7,1790875829427,1790880120000,LIGHT
C_peak2.25_x70_w14_e2_b7,1790880120000,1790882100000,DEEP
C_peak2.25_x70_w14_e2_b7,1790882100000,1790886420000,LIGHT
C_peak2.25_x70_w14_e2_b7,1790886420000,1790888820000,DEEP
C_peak2.25_x70_w14_e2_b7,1790888820000,1790890740000,LIGHT
C_peak2.25_x70_w14_e2_b7,1790890740000,1790891400000,DEEP
C_peak2.25_x70_w14_e2_b7,1790891400000,1790893560000,LIGHT
C_peak2.25_x70_w14_e2_b7,1790893560000,1790894400000,DEEP
C_peak2.25_x70_w14_e2_b7,1790894400000,1790895180000,LIGHT
C_peak2.25_x70_w14_e2_b7,1790895180000,1790896320000,DEEP
C_peak2.25_x70_w14_e2_b7,1790896320000,1790896349427,LIGHT
C_peak2.25_x70_w15_e1_b5,1790875829427,1790880180000,LIGHT
C_peak2.25_x70_w15_e1_b5,1790880180000,1790882100000,DEEP
C_peak2.25_x70_w15_e1_b5,1790882100000,1790886480000,LIGHT
C_peak2.25_x70_w15_e1_b5,1790886480000,1790888820000,DEEP
C_peak2.25_x70_w15_e1_b5,1790888820000,1790891040000,LIGHT
C_peak2.25_x70_w15_e1_b5,1790891040000,1790891340000,DEEP
C_peak2.25_x70_w15_e1_b5,1790891340000,1790893560000,LIGHT
C_peak2.25_x70_w15_e1_b5,1790893560000,1790894340000,DEEP
C_peak2.25_x70_w15_e1_b5,1790894340000,1790895180000,LIGHT
C_peak2.25_x70_w15_e1_b5,1790895180000,1790896320000,DEEP
C_peak2.25_x70_w15_e1_b5,1790896320000,1790896349427,LIGHT
C_peak2.25_x70_w15_e1_b6,1790875829427,1790880180000,LIGHT
C_peak2.25_x70_w15_e1_b6,1790880180000,1790882100000,DEEP
C_peak2.25_x70_w15_e1_b6,1790882100000,1790886480000,LIGHT
C_peak2.25_x70_w15_e1_b6,1790886480000,1790888820000,DEEP
C_peak2.25_x70_w15_e1_b6,1790888820000,1790893560000,LIGHT
C_peak2.25_x70_w15_e1_b6,1790893560000,1790894340000,DEEP
C_peak2.25_x70_w15_e1_b6,1790894340000,1790895180000,LIGHT
C_peak2.25_x70_w15_e1_b6,1790895180000,1790896320000,DEEP
C_peak2.25_x70_w15_e1_b6,1790896320000,1790896349427,LIGHT
C_peak2.25_x70_w15_e1_b7,1790875829427,1790880180000,LIGHT
C_peak2.25_x70_w15_e1_b7,1790880180000,1790882100000,DEEP
C_peak2.25_x70_w15_e1_b7,1790882100000,1790886480000,LIGHT
C_peak2.25_x70_w15_e1_b7,1790886480000,1790888820000,DEEP
C_peak2.25_x70_w15_e1_b7,1790888820000,1790893560000,LIGHT
C_peak2.25_x70_w15_e1_b7,1790893560000,1790894340000,DEEP
C_peak2.25_x70_w15_e1_b7,1790894340000,1790895180000,LIGHT
C_peak2.25_x70_w15_e1_b7,1790895180000,1790896320000,DEEP
C_peak2.25_x70_w15_e1_b7,1790896320000,1790896349427,LIGHT
C_peak2.25_x70_w15_e2_b5,1790875829427,1790880180000,LIGHT
C_peak2.25_x70_w15_e2_b5,1790880180000,1790882100000,DEEP
C_peak2.25_x70_w15_e2_b5,1790882100000,1790886480000,LIGHT
C_peak2.25_x70_w15_e2_b5,1790886480000,1790888820000,DEEP
C_peak2.25_x70_w15_e2_b5,1790888820000,1790891040000,LIGHT
C_peak2.25_x70_w15_e2_b5,1790891040000,1790891400000,DEEP
C_peak2.25_x70_w15_e2_b5,1790891400000,1790893080000,LIGHT
C_peak2.25_x70_w15_e2_b5,1790893080000,1790893380000,DEEP
C_peak2.25_x70_w15_e2_b5,1790893380000,1790893560000,LIGHT
C_peak2.25_x70_w15_e2_b5,1790893560000,1790894400000,DEEP
C_peak2.25_x70_w15_e2_b5,1790894400000,1790894580000,LIGHT
C_peak2.25_x70_w15_e2_b5,1790894580000,1790894880000,DEEP
C_peak2.25_x70_w15_e2_b5,1790894880000,1790895180000,LIGHT
C_peak2.25_x70_w15_e2_b5,1790895180000,1790896320000,DEEP
C_peak2.25_x70_w15_e2_b5,1790896320000,1790896349427,LIGHT
C_peak2.25_x70_w15_e2_b6,1790875829427,1790880180000,LIGHT
C_peak2.25_x70_w15_e2_b6,1790880180000,1790882100000,DEEP
C_peak2.25_x70_w15_e2_b6,1790882100000,1790886480000,LIGHT
C_peak2.25_x70_w15_e2_b6,1790886480000,1790888820000,DEEP
C_peak2.25_x70_w15_e2_b6,1790888820000,1790891040000,LIGHT
C_peak2.25_x70_w15_e2_b6,1790891040000,1790891400000,DEEP
C_peak2.25_x70_w15_e2_b6,1790891400000,1790893560000,LIGHT
C_peak2.25_x70_w15_e2_b6,1790893560000,1790894400000,DEEP
C_peak2.25_x70_w15_e2_b6,1790894400000,1790895180000,LIGHT
C_peak2.25_x70_w15_e2_b6,1790895180000,1790896320000,DEEP
C_peak2.25_x70_w15_e2_b6,1790896320000,1790896349427,LIGHT
C_peak2.25_x70_w15_e2_b7,1790875829427,1790880180000,LIGHT
C_peak2.25_x70_w15_e2_b7,1790880180000,1790882100000,DEEP
C_peak2.25_x70_w15_e2_b7,1790882100000,1790886480000,LIGHT
C_peak2.25_x70_w15_e2_b7,1790886480000,1790888820000,DEEP
C_peak2.25_x70_w15_e2_b7,1790888820000,1790893560000,LIGHT
C_peak2.25_x70_w15_e2_b7,1790893560000,1790894400000,DEEP
C_peak2.25_x70_w15_e2_b7,1790894400000,1790895180000,LIGHT
C_peak2.25_x70_w15_e2_b7,1790895180000,1790896320000,DEEP
C_peak2.25_x70_w15_e2_b7,1790896320000,1790896349427,LIGHT
C_peak2.5_x60_w12_e1_b6,1790875829427,1790880360000,LIGHT
C_peak2.5_x60_w12_e1_b6,1790880360000,1790881140000,DEEP
C_peak2.5_x60_w12_e1_b6,1790881140000,1790886300000,LIGHT
C_peak2.5_x60_w12_e1_b6,1790886300000,1790888820000,DEEP
C_peak2.5_x60_w12_e1_b6,1790888820000,1790890920000,LIGHT
C_peak2.5_x60_w12_e1_b6,1790890920000,1790891280000,DEEP
C_peak2.5_x60_w12_e1_b6,1790891280000,1790892960000,LIGHT
C_peak2.5_x60_w12_e1_b6,1790892960000,1790893320000,DEEP
C_peak2.5_x60_w12_e1_b6,1790893320000,1790893560000,LIGHT
C_peak2.5_x60_w12_e1_b6,1790893560000,1790894340000,DEEP
C_peak2.5_x60_w12_e1_b6,1790894340000,1790895120000,LIGHT
C_peak2.5_x60_w12_e1_b6,1790895120000,1790895840000,DEEP
C_peak2.5_x60_w12_e1_b6,1790895840000,1790895900000,LIGHT
C_peak2.5_x60_w12_e1_b6,1790895900000,1790896320000,DEEP
C_peak2.5_x60_w12_e1_b6,1790896320000,1790896349427,LIGHT
C_peak2.5_x60_w12_e2_b6,1790875829427,1790880360000,LIGHT
C_peak2.5_x60_w12_e2_b6,1790880360000,1790881200000,DEEP
C_peak2.5_x60_w12_e2_b6,1790881200000,1790881620000,LIGHT
C_peak2.5_x60_w12_e2_b6,1790881620000,1790882100000,DEEP
C_peak2.5_x60_w12_e2_b6,1790882100000,1790886300000,LIGHT
C_peak2.5_x60_w12_e2_b6,1790886300000,1790888820000,DEEP
C_peak2.5_x60_w12_e2_b6,1790888820000,1790890920000,LIGHT
C_peak2.5_x60_w12_e2_b6,1790890920000,1790891340000,DEEP
C_peak2.5_x60_w12_e2_b6,1790891340000,1790892960000,LIGHT
C_peak2.5_x60_w12_e2_b6,1790892960000,1790893380000,DEEP
C_peak2.5_x60_w12_e2_b6,1790893380000,1790893560000,LIGHT
C_peak2.5_x60_w12_e2_b6,1790893560000,1790894400000,DEEP
C_peak2.5_x60_w12_e2_b6,1790894400000,1790895120000,LIGHT
C_peak2.5_x60_w12_e2_b6,1790895120000,1790896320000,DEEP
C_peak2.5_x60_w12_e2_b6,1790896320000,1790896349427,LIGHT
C_peak2.5_x60_w13_e1_b5,1790875829427,1790880300000,LIGHT
C_peak2.5_x60_w13_e1_b5,1790880300000,1790881140000,DEEP
C_peak2.5_x60_w13_e1_b5,1790881140000,1790881680000,LIGHT
C_peak2.5_x60_w13_e1_b5,1790881680000,1790881980000,DEEP
C_peak2.5_x60_w13_e1_b5,1790881980000,1790886360000,LIGHT
C_peak2.5_x60_w13_e1_b5,1790886360000,1790888820000,DEEP
C_peak2.5_x60_w13_e1_b5,1790888820000,1790890980000,LIGHT
C_peak2.5_x60_w13_e1_b5,1790890980000,1790891280000,DEEP
C_peak2.5_x60_w13_e1_b5,1790891280000,1790893020000,LIGHT
C_peak2.5_x60_w13_e1_b5,1790893020000,1790893320000,DEEP
C_peak2.5_x60_w13_e1_b5,1790893320000,1790893560000,LIGHT
C_peak2.5_x60_w13_e1_b5,1790893560000,1790894340000,DEEP
C_peak2.5_x60_w13_e1_b5,1790894340000,1790895120000,LIGHT
C_peak2.5_x60_w13_e1_b5,1790895120000,1790895840000,DEEP
C_peak2.5_x60_w13_e1_b5,1790895840000,1790895900000,LIGHT
C_peak2.5_x60_w13_e1_b5,1790895900000,1790896320000,DEEP
C_peak2.5_x60_w13_e1_b5,1790896320000,1790896349427,LIGHT
C_peak2.5_x60_w13_e1_b6,1790875829427,1790880300000,LIGHT
C_peak2.5_x60_w13_e1_b6,1790880300000,1790881140000,DEEP
C_peak2.5_x60_w13_e1_b6,1790881140000,1790886360000,LIGHT
C_peak2.5_x60_w13_e1_b6,1790886360000,1790888820000,DEEP
C_peak2.5_x60_w13_e1_b6,1790888820000,1790893560000,LIGHT
C_peak2.5_x60_w13_e1_b6,1790893560000,1790894340000,DEEP
C_peak2.5_x60_w13_e1_b6,1790894340000,1790895120000,LIGHT
C_peak2.5_x60_w13_e1_b6,1790895120000,1790895840000,DEEP
C_peak2.5_x60_w13_e1_b6,1790895840000,1790895900000,LIGHT
C_peak2.5_x60_w13_e1_b6,1790895900000,1790896320000,DEEP
C_peak2.5_x60_w13_e1_b6,1790896320000,1790896349427,LIGHT
C_peak2.5_x60_w13_e1_b7,1790875829427,1790880300000,LIGHT
C_peak2.5_x60_w13_e1_b7,1790880300000,1790881140000,DEEP
C_peak2.5_x60_w13_e1_b7,1790881140000,1790886360000,LIGHT
C_peak2.5_x60_w13_e1_b7,1790886360000,1790888820000,DEEP
C_peak2.5_x60_w13_e1_b7,1790888820000,1790893560000,LIGHT
C_peak2.5_x60_w13_e1_b7,1790893560000,1790894340000,DEEP
C_peak2.5_x60_w13_e1_b7,1790894340000,1790895120000,LIGHT
C_peak2.5_x60_w13_e1_b7,1790895120000,1790895840000,DEEP
C_peak2.5_x60_w13_e1_b7,1790895840000,1790895900000,LIGHT
C_peak2.5_x60_w13_e1_b7,1790895900000,1790896320000,DEEP
C_peak2.5_x60_w13_e1_b7,1790896320000,1790896349427,LIGHT
C_peak2.5_x60_w13_e2_b5,1790875829427,1790880360000,LIGHT
C_peak2.5_x60_w13_e2_b5,1790880360000,1790881200000,DEEP
C_peak2.5_x60_w13_e2_b5,1790881200000,1790881620000,LIGHT
C_peak2.5_x60_w13_e2_b5,1790881620000,1790882100000,DEEP
C_peak2.5_x60_w13_e2_b5,1790882100000,1790886360000,LIGHT
C_peak2.5_x60_w13_e2_b5,1790886360000,1790888820000,DEEP
C_peak2.5_x60_w13_e2_b5,1790888820000,1790890980000,LIGHT
C_peak2.5_x60_w13_e2_b5,1790890980000,1790891340000,DEEP
C_peak2.5_x60_w13_e2_b5,1790891340000,1790893020000,LIGHT
C_peak2.5_x60_w13_e2_b5,1790893020000,1790893380000,DEEP
C_peak2.5_x60_w13_e2_b5,1790893380000,1790893560000,LIGHT
C_peak2.5_x60_w13_e2_b5,1790893560000,1790894400000,DEEP
C_peak2.5_x60_w13_e2_b5,1790894400000,1790894580000,LIGHT
C_peak2.5_x60_w13_e2_b5,1790894580000,1790894880000,DEEP
C_peak2.5_x60_w13_e2_b5,1790894880000,1790895120000,LIGHT
C_peak2.5_x60_w13_e2_b5,1790895120000,1790896320000,DEEP
C_peak2.5_x60_w13_e2_b5,1790896320000,1790896349427,LIGHT
C_peak2.5_x60_w13_e2_b6,1790875829427,1790880360000,LIGHT
C_peak2.5_x60_w13_e2_b6,1790880360000,1790881200000,DEEP
C_peak2.5_x60_w13_e2_b6,1790881200000,1790881620000,LIGHT
C_peak2.5_x60_w13_e2_b6,1790881620000,1790882100000,DEEP
C_peak2.5_x60_w13_e2_b6,1790882100000,1790886360000,LIGHT
C_peak2.5_x60_w13_e2_b6,1790886360000,1790888820000,DEEP
C_peak2.5_x60_w13_e2_b6,1790888820000,1790890980000,LIGHT
C_peak2.5_x60_w13_e2_b6,1790890980000,1790891340000,DEEP
C_peak2.5_x60_w13_e2_b6,1790891340000,1790893020000,LIGHT
C_peak2.5_x60_w13_e2_b6,1790893020000,1790893380000,DEEP
C_peak2.5_x60_w13_e2_b6,1790893380000,1790893560000,LIGHT
C_peak2.5_x60_w13_e2_b6,1790893560000,1790894400000,DEEP
C_peak2.5_x60_w13_e2_b6,1790894400000,1790895120000,LIGHT
C_peak2.5_x60_w13_e2_b6,1790895120000,1790896320000,DEEP
C_peak2.5_x60_w13_e2_b6,1790896320000,1790896349427,LIGHT
C_peak2.5_x60_w13_e2_b7,1790875829427,1790880360000,LIGHT
C_peak2.5_x60_w13_e2_b7,1790880360000,1790881200000,DEEP
C_peak2.5_x60_w13_e2_b7,1790881200000,1790881620000,LIGHT
C_peak2.5_x60_w13_e2_b7,1790881620000,1790882100000,DEEP
C_peak2.5_x60_w13_e2_b7,1790882100000,1790886360000,LIGHT
C_peak2.5_x60_w13_e2_b7,1790886360000,1790888820000,DEEP
C_peak2.5_x60_w13_e2_b7,1790888820000,1790893560000,LIGHT
C_peak2.5_x60_w13_e2_b7,1790893560000,1790894400000,DEEP
C_peak2.5_x60_w13_e2_b7,1790894400000,1790895120000,LIGHT
C_peak2.5_x60_w13_e2_b7,1790895120000,1790896320000,DEEP
C_peak2.5_x60_w13_e2_b7,1790896320000,1790896349427,LIGHT
C_peak2.5_x60_w14_e1_b5,1790875829427,1790880300000,LIGHT
C_peak2.5_x60_w14_e1_b5,1790880300000,1790881140000,DEEP
C_peak2.5_x60_w14_e1_b5,1790881140000,1790881680000,LIGHT
C_peak2.5_x60_w14_e1_b5,1790881680000,1790881980000,DEEP
C_peak2.5_x60_w14_e1_b5,1790881980000,1790886420000,LIGHT
C_peak2.5_x60_w14_e1_b5,1790886420000,1790888820000,DEEP
C_peak2.5_x60_w14_e1_b5,1790888820000,1790890980000,LIGHT
C_peak2.5_x60_w14_e1_b5,1790890980000,1790891280000,DEEP
C_peak2.5_x60_w14_e1_b5,1790891280000,1790893020000,LIGHT
C_peak2.5_x60_w14_e1_b5,1790893020000,1790893320000,DEEP
C_peak2.5_x60_w14_e1_b5,1790893320000,1790893560000,LIGHT
C_peak2.5_x60_w14_e1_b5,1790893560000,1790894340000,DEEP
C_peak2.5_x60_w14_e1_b5,1790894340000,1790895180000,LIGHT
C_peak2.5_x60_w14_e1_b5,1790895180000,1790895840000,DEEP
C_peak2.5_x60_w14_e1_b5,1790895840000,1790895900000,LIGHT
C_peak2.5_x60_w14_e1_b5,1790895900000,1790896320000,DEEP
C_peak2.5_x60_w14_e1_b5,1790896320000,1790896349427,LIGHT
C_peak2.5_x60_w14_e1_b6,1790875829427,1790880300000,LIGHT
C_peak2.5_x60_w14_e1_b6,1790880300000,1790881140000,DEEP
C_peak2.5_x60_w14_e1_b6,1790881140000,1790886420000,LIGHT
C_peak2.5_x60_w14_e1_b6,1790886420000,1790888820000,DEEP
C_peak2.5_x60_w14_e1_b6,1790888820000,1790893560000,LIGHT
C_peak2.5_x60_w14_e1_b6,1790893560000,1790894340000,DEEP
C_peak2.5_x60_w14_e1_b6,1790894340000,1790895180000,LIGHT
C_peak2.5_x60_w14_e1_b6,1790895180000,1790895840000,DEEP
C_peak2.5_x60_w14_e1_b6,1790895840000,1790895900000,LIGHT
C_peak2.5_x60_w14_e1_b6,1790895900000,1790896320000,DEEP
C_peak2.5_x60_w14_e1_b6,1790896320000,1790896349427,LIGHT
C_peak2.5_x60_w14_e1_b7,1790875829427,1790880300000,LIGHT
C_peak2.5_x60_w14_e1_b7,1790880300000,1790881140000,DEEP
C_peak2.5_x60_w14_e1_b7,1790881140000,1790886420000,LIGHT
C_peak2.5_x60_w14_e1_b7,1790886420000,1790888820000,DEEP
C_peak2.5_x60_w14_e1_b7,1790888820000,1790893560000,LIGHT
C_peak2.5_x60_w14_e1_b7,1790893560000,1790894340000,DEEP
C_peak2.5_x60_w14_e1_b7,1790894340000,1790895180000,LIGHT
C_peak2.5_x60_w14_e1_b7,1790895180000,1790895840000,DEEP
C_peak2.5_x60_w14_e1_b7,1790895840000,1790895900000,LIGHT
C_peak2.5_x60_w14_e1_b7,1790895900000,1790896320000,DEEP
C_peak2.5_x60_w14_e1_b7,1790896320000,1790896349427,LIGHT
C_peak2.5_x60_w14_e2_b5,1790875829427,1790880360000,LIGHT
C_peak2.5_x60_w14_e2_b5,1790880360000,1790881200000,DEEP
C_peak2.5_x60_w14_e2_b5,1790881200000,1790881620000,LIGHT
C_peak2.5_x60_w14_e2_b5,1790881620000,1790882100000,DEEP
C_peak2.5_x60_w14_e2_b5,1790882100000,1790886420000,LIGHT
C_peak2.5_x60_w14_e2_b5,1790886420000,1790888820000,DEEP
C_peak2.5_x60_w14_e2_b5,1790888820000,1790890980000,LIGHT
C_peak2.5_x60_w14_e2_b5,1790890980000,1790891340000,DEEP
C_peak2.5_x60_w14_e2_b5,1790891340000,1790893020000,LIGHT
C_peak2.5_x60_w14_e2_b5,1790893020000,1790893380000,DEEP
C_peak2.5_x60_w14_e2_b5,1790893380000,1790893560000,LIGHT
C_peak2.5_x60_w14_e2_b5,1790893560000,1790894400000,DEEP
C_peak2.5_x60_w14_e2_b5,1790894400000,1790894580000,LIGHT
C_peak2.5_x60_w14_e2_b5,1790894580000,1790894880000,DEEP
C_peak2.5_x60_w14_e2_b5,1790894880000,1790895180000,LIGHT
C_peak2.5_x60_w14_e2_b5,1790895180000,1790896320000,DEEP
C_peak2.5_x60_w14_e2_b5,1790896320000,1790896349427,LIGHT
C_peak2.5_x60_w14_e2_b6,1790875829427,1790880360000,LIGHT
C_peak2.5_x60_w14_e2_b6,1790880360000,1790881200000,DEEP
C_peak2.5_x60_w14_e2_b6,1790881200000,1790881620000,LIGHT
C_peak2.5_x60_w14_e2_b6,1790881620000,1790882100000,DEEP
C_peak2.5_x60_w14_e2_b6,1790882100000,1790886420000,LIGHT
C_peak2.5_x60_w14_e2_b6,1790886420000,1790888820000,DEEP
C_peak2.5_x60_w14_e2_b6,1790888820000,1790890980000,LIGHT
C_peak2.5_x60_w14_e2_b6,1790890980000,1790891340000,DEEP
C_peak2.5_x60_w14_e2_b6,1790891340000,1790893020000,LIGHT
C_peak2.5_x60_w14_e2_b6,1790893020000,1790893380000,DEEP
C_peak2.5_x60_w14_e2_b6,1790893380000,1790893560000,LIGHT
C_peak2.5_x60_w14_e2_b6,1790893560000,1790894400000,DEEP
C_peak2.5_x60_w14_e2_b6,1790894400000,1790895180000,LIGHT
C_peak2.5_x60_w14_e2_b6,1790895180000,1790896320000,DEEP
C_peak2.5_x60_w14_e2_b6,1790896320000,1790896349427,LIGHT
C_peak2.5_x60_w14_e2_b7,1790875829427,1790880360000,LIGHT
C_peak2.5_x60_w14_e2_b7,1790880360000,1790881200000,DEEP
C_peak2.5_x60_w14_e2_b7,1790881200000,1790881620000,LIGHT
C_peak2.5_x60_w14_e2_b7,1790881620000,1790882100000,DEEP
C_peak2.5_x60_w14_e2_b7,1790882100000,1790886420000,LIGHT
C_peak2.5_x60_w14_e2_b7,1790886420000,1790888820000,DEEP
C_peak2.5_x60_w14_e2_b7,1790888820000,1790893560000,LIGHT
C_peak2.5_x60_w14_e2_b7,1790893560000,1790894400000,DEEP
C_peak2.5_x60_w14_e2_b7,1790894400000,1790895180000,LIGHT
C_peak2.5_x60_w14_e2_b7,1790895180000,1790896320000,DEEP
C_peak2.5_x60_w14_e2_b7,1790896320000,1790896349427,LIGHT
C_peak2.5_x60_w15_e1_b6,1790875829427,1790880300000,LIGHT
C_peak2.5_x60_w15_e1_b6,1790880300000,1790881140000,DEEP
C_peak2.5_x60_w15_e1_b6,1790881140000,1790886480000,LIGHT
C_peak2.5_x60_w15_e1_b6,1790886480000,1790888820000,DEEP
C_peak2.5_x60_w15_e1_b6,1790888820000,1790893560000,LIGHT
C_peak2.5_x60_w15_e1_b6,1790893560000,1790894340000,DEEP
C_peak2.5_x60_w15_e1_b6,1790894340000,1790895180000,LIGHT
C_peak2.5_x60_w15_e1_b6,1790895180000,1790895840000,DEEP
C_peak2.5_x60_w15_e1_b6,1790895840000,1790895900000,LIGHT
C_peak2.5_x60_w15_e1_b6,1790895900000,1790896320000,DEEP
C_peak2.5_x60_w15_e1_b6,1790896320000,1790896349427,LIGHT
C_peak2.5_x60_w15_e2_b6,1790875829427,1790880360000,LIGHT
C_peak2.5_x60_w15_e2_b6,1790880360000,1790881200000,DEEP
C_peak2.5_x60_w15_e2_b6,1790881200000,1790881620000,LIGHT
C_peak2.5_x60_w15_e2_b6,1790881620000,1790882100000,DEEP
C_peak2.5_x60_w15_e2_b6,1790882100000,1790886480000,LIGHT
C_peak2.5_x60_w15_e2_b6,1790886480000,1790888820000,DEEP
C_peak2.5_x60_w15_e2_b6,1790888820000,1790893560000,LIGHT
C_peak2.5_x60_w15_e2_b6,1790893560000,1790894400000,DEEP
C_peak2.5_x60_w15_e2_b6,1790894400000,1790895180000,LIGHT
C_peak2.5_x60_w15_e2_b6,1790895180000,1790896320000,DEEP
C_peak2.5_x60_w15_e2_b6,1790896320000,1790896349427,LIGHT
C_peak2.5_x62_w12_e1_b5,1790875829427,1790880060000,LIGHT
C_peak2.5_x62_w12_e1_b5,1790880060000,1790881140000,DEEP
C_peak2.5_x62_w12_e1_b5,1790881140000,1790881680000,LIGHT
C_peak2.5_x62_w12_e1_b5,1790881680000,1790881980000,DEEP
C_peak2.5_x62_w12_e1_b5,1790881980000,1790886300000,LIGHT
C_peak2.5_x62_w12_e1_b5,1790886300000,1790888820000,DEEP
C_peak2.5_x62_w12_e1_b5,1790888820000,1790890920000,LIGHT
C_peak2.5_x62_w12_e1_b5,1790890920000,1790891280000,DEEP
C_peak2.5_x62_w12_e1_b5,1790891280000,1790892960000,LIGHT
C_peak2.5_x62_w12_e1_b5,1790892960000,1790893320000,DEEP
C_peak2.5_x62_w12_e1_b5,1790893320000,1790893560000,LIGHT
C_peak2.5_x62_w12_e1_b5,1790893560000,1790894340000,DEEP
C_peak2.5_x62_w12_e1_b5,1790894340000,1790895120000,LIGHT
C_peak2.5_x62_w12_e1_b5,1790895120000,1790896320000,DEEP
C_peak2.5_x62_w12_e1_b5,1790896320000,1790896349427,LIGHT
C_peak2.5_x62_w12_e1_b6,1790875829427,1790880060000,LIGHT
C_peak2.5_x62_w12_e1_b6,1790880060000,1790881140000,DEEP
C_peak2.5_x62_w12_e1_b6,1790881140000,1790886300000,LIGHT
C_peak2.5_x62_w12_e1_b6,1790886300000,1790888820000,DEEP
C_peak2.5_x62_w12_e1_b6,1790888820000,1790890920000,LIGHT
C_peak2.5_x62_w12_e1_b6,1790890920000,1790891280000,DEEP
C_peak2.5_x62_w12_e1_b6,1790891280000,1790892960000,LIGHT
C_peak2.5_x62_w12_e1_b6,1790892960000,1790893320000,DEEP
C_peak2.5_x62_w12_e1_b6,1790893320000,1790893560000,LIGHT
C_peak2.5_x62_w12_e1_b6,1790893560000,1790894340000,DEEP
C_peak2.5_x62_w12_e1_b6,1790894340000,1790895120000,LIGHT
C_peak2.5_x62_w12_e1_b6,1790895120000,1790896320000,DEEP
C_peak2.5_x62_w12_e1_b6,1790896320000,1790896349427,LIGHT
C_peak2.5_x62_w12_e1_b7,1790875829427,1790880060000,LIGHT
C_peak2.5_x62_w12_e1_b7,1790880060000,1790881140000,DEEP
C_peak2.5_x62_w12_e1_b7,1790881140000,1790886300000,LIGHT
C_peak2.5_x62_w12_e1_b7,1790886300000,1790888820000,DEEP
C_peak2.5_x62_w12_e1_b7,1790888820000,1790893560000,LIGHT
C_peak2.5_x62_w12_e1_b7,1790893560000,1790894340000,DEEP
C_peak2.5_x62_w12_e1_b7,1790894340000,1790895120000,LIGHT
C_peak2.5_x62_w12_e1_b7,1790895120000,1790896320000,DEEP
C_peak2.5_x62_w12_e1_b7,1790896320000,1790896349427,LIGHT
C_peak2.5_x62_w12_e2_b5,1790875829427,1790880060000,LIGHT
C_peak2.5_x62_w12_e2_b5,1790880060000,1790881200000,DEEP
C_peak2.5_x62_w12_e2_b5,1790881200000,1790881620000,LIGHT
C_peak2.5_x62_w12_e2_b5,1790881620000,1790882100000,DEEP
C_peak2.5_x62_w12_e2_b5,1790882100000,1790886300000,LIGHT
C_peak2.5_x62_w12_e2_b5,1790886300000,1790888820000,DEEP
C_peak2.5_x62_w12_e2_b5,1790888820000,1790890920000,LIGHT
C_peak2.5_x62_w12_e2_b5,1790890920000,1790891340000,DEEP
C_peak2.5_x62_w12_e2_b5,1790891340000,1790892960000,LIGHT
C_peak2.5_x62_w12_e2_b5,1790892960000,1790893380000,DEEP
C_peak2.5_x62_w12_e2_b5,1790893380000,1790893560000,LIGHT
C_peak2.5_x62_w12_e2_b5,1790893560000,1790894400000,DEEP
C_peak2.5_x62_w12_e2_b5,1790894400000,1790894580000,LIGHT
C_peak2.5_x62_w12_e2_b5,1790894580000,1790894880000,DEEP
C_peak2.5_x62_w12_e2_b5,1790894880000,1790895120000,LIGHT
C_peak2.5_x62_w12_e2_b5,1790895120000,1790896320000,DEEP
C_peak2.5_x62_w12_e2_b5,1790896320000,1790896349427,LIGHT
C_peak2.5_x62_w12_e2_b6,1790875829427,1790880060000,LIGHT
C_peak2.5_x62_w12_e2_b6,1790880060000,1790881200000,DEEP
C_peak2.5_x62_w12_e2_b6,1790881200000,1790881620000,LIGHT
C_peak2.5_x62_w12_e2_b6,1790881620000,1790882100000,DEEP
C_peak2.5_x62_w12_e2_b6,1790882100000,1790886300000,LIGHT
C_peak2.5_x62_w12_e2_b6,1790886300000,1790888820000,DEEP
C_peak2.5_x62_w12_e2_b6,1790888820000,1790890920000,LIGHT
C_peak2.5_x62_w12_e2_b6,1790890920000,1790891340000,DEEP
C_peak2.5_x62_w12_e2_b6,1790891340000,1790892960000,LIGHT
C_peak2.5_x62_w12_e2_b6,1790892960000,1790893380000,DEEP
C_peak2.5_x62_w12_e2_b6,1790893380000,1790893560000,LIGHT
C_peak2.5_x62_w12_e2_b6,1790893560000,1790894400000,DEEP
C_peak2.5_x62_w12_e2_b6,1790894400000,1790895120000,LIGHT
C_peak2.5_x62_w12_e2_b6,1790895120000,1790896320000,DEEP
C_peak2.5_x62_w12_e2_b6,1790896320000,1790896349427,LIGHT
C_peak2.5_x62_w12_e2_b7,1790875829427,1790880060000,LIGHT
C_peak2.5_x62_w12_e2_b7,1790880060000,1790881200000,DEEP
C_peak2.5_x62_w12_e2_b7,1790881200000,1790881620000,LIGHT
C_peak2.5_x62_w12_e2_b7,1790881620000,1790882100000,DEEP
C_peak2.5_x62_w12_e2_b7,1790882100000,1790886300000,LIGHT
C_peak2.5_x62_w12_e2_b7,1790886300000,1790888820000,DEEP
C_peak2.5_x62_w12_e2_b7,1790888820000,1790890920000,LIGHT
C_peak2.5_x62_w12_e2_b7,1790890920000,1790891340000,DEEP
C_peak2.5_x62_w12_e2_b7,1790891340000,1790892960000,LIGHT
C_peak2.5_x62_w12_e2_b7,1790892960000,1790893380000,DEEP
C_peak2.5_x62_w12_e2_b7,1790893380000,1790893560000,LIGHT
C_peak2.5_x62_w12_e2_b7,1790893560000,1790894400000,DEEP
C_peak2.5_x62_w12_e2_b7,1790894400000,1790895120000,LIGHT
C_peak2.5_x62_w12_e2_b7,1790895120000,1790896320000,DEEP
C_peak2.5_x62_w12_e2_b7,1790896320000,1790896349427,LIGHT
C_peak2.5_x62_w13_e1_b5,1790875829427,1790880060000,LIGHT
C_peak2.5_x62_w13_e1_b5,1790880060000,1790881140000,DEEP
C_peak2.5_x62_w13_e1_b5,1790881140000,1790881680000,LIGHT
C_peak2.5_x62_w13_e1_b5,1790881680000,1790881980000,DEEP
C_peak2.5_x62_w13_e1_b5,1790881980000,1790886360000,LIGHT
C_peak2.5_x62_w13_e1_b5,1790886360000,1790888820000,DEEP
C_peak2.5_x62_w13_e1_b5,1790888820000,1790890980000,LIGHT
C_peak2.5_x62_w13_e1_b5,1790890980000,1790891280000,DEEP
C_peak2.5_x62_w13_e1_b5,1790891280000,1790893020000,LIGHT
C_peak2.5_x62_w13_e1_b5,1790893020000,1790893320000,DEEP
C_peak2.5_x62_w13_e1_b5,1790893320000,1790893560000,LIGHT
C_peak2.5_x62_w13_e1_b5,1790893560000,1790894340000,DEEP
C_peak2.5_x62_w13_e1_b5,1790894340000,1790895120000,LIGHT
C_peak2.5_x62_w13_e1_b5,1790895120000,1790896320000,DEEP
C_peak2.5_x62_w13_e1_b5,1790896320000,1790896349427,LIGHT
C_peak2.5_x62_w13_e1_b6,1790875829427,1790880060000,LIGHT
C_peak2.5_x62_w13_e1_b6,1790880060000,1790881140000,DEEP
C_peak2.5_x62_w13_e1_b6,1790881140000,1790886360000,LIGHT
C_peak2.5_x62_w13_e1_b6,1790886360000,1790888820000,DEEP
C_peak2.5_x62_w13_e1_b6,1790888820000,1790893560000,LIGHT
C_peak2.5_x62_w13_e1_b6,1790893560000,1790894340000,DEEP
C_peak2.5_x62_w13_e1_b6,1790894340000,1790895120000,LIGHT
C_peak2.5_x62_w13_e1_b6,1790895120000,1790896320000,DEEP
C_peak2.5_x62_w13_e1_b6,1790896320000,1790896349427,LIGHT
C_peak2.5_x62_w13_e1_b7,1790875829427,1790880060000,LIGHT
C_peak2.5_x62_w13_e1_b7,1790880060000,1790881140000,DEEP
C_peak2.5_x62_w13_e1_b7,1790881140000,1790886360000,LIGHT
C_peak2.5_x62_w13_e1_b7,1790886360000,1790888820000,DEEP
C_peak2.5_x62_w13_e1_b7,1790888820000,1790893560000,LIGHT
C_peak2.5_x62_w13_e1_b7,1790893560000,1790894340000,DEEP
C_peak2.5_x62_w13_e1_b7,1790894340000,1790895120000,LIGHT
C_peak2.5_x62_w13_e1_b7,1790895120000,1790896320000,DEEP
C_peak2.5_x62_w13_e1_b7,1790896320000,1790896349427,LIGHT
C_peak2.5_x62_w13_e2_b5,1790875829427,1790880060000,LIGHT
C_peak2.5_x62_w13_e2_b5,1790880060000,1790881200000,DEEP
C_peak2.5_x62_w13_e2_b5,1790881200000,1790881620000,LIGHT
C_peak2.5_x62_w13_e2_b5,1790881620000,1790882100000,DEEP
C_peak2.5_x62_w13_e2_b5,1790882100000,1790886360000,LIGHT
C_peak2.5_x62_w13_e2_b5,1790886360000,1790888820000,DEEP
C_peak2.5_x62_w13_e2_b5,1790888820000,1790890980000,LIGHT
C_peak2.5_x62_w13_e2_b5,1790890980000,1790891340000,DEEP
C_peak2.5_x62_w13_e2_b5,1790891340000,1790893020000,LIGHT
C_peak2.5_x62_w13_e2_b5,1790893020000,1790893380000,DEEP
C_peak2.5_x62_w13_e2_b5,1790893380000,1790893560000,LIGHT
C_peak2.5_x62_w13_e2_b5,1790893560000,1790894400000,DEEP
C_peak2.5_x62_w13_e2_b5,1790894400000,1790894580000,LIGHT
C_peak2.5_x62_w13_e2_b5,1790894580000,1790894880000,DEEP
C_peak2.5_x62_w13_e2_b5,1790894880000,1790895120000,LIGHT
C_peak2.5_x62_w13_e2_b5,1790895120000,1790896320000,DEEP
C_peak2.5_x62_w13_e2_b5,1790896320000,1790896349427,LIGHT
C_peak2.5_x62_w13_e2_b6,1790875829427,1790880060000,LIGHT
C_peak2.5_x62_w13_e2_b6,1790880060000,1790881200000,DEEP
C_peak2.5_x62_w13_e2_b6,1790881200000,1790881620000,LIGHT
C_peak2.5_x62_w13_e2_b6,1790881620000,1790882100000,DEEP
C_peak2.5_x62_w13_e2_b6,1790882100000,1790886360000,LIGHT
C_peak2.5_x62_w13_e2_b6,1790886360000,1790888820000,DEEP
C_peak2.5_x62_w13_e2_b6,1790888820000,1790890980000,LIGHT
C_peak2.5_x62_w13_e2_b6,1790890980000,1790891340000,DEEP
C_peak2.5_x62_w13_e2_b6,1790891340000,1790893020000,LIGHT
C_peak2.5_x62_w13_e2_b6,1790893020000,1790893380000,DEEP
C_peak2.5_x62_w13_e2_b6,1790893380000,1790893560000,LIGHT
C_peak2.5_x62_w13_e2_b6,1790893560000,1790894400000,DEEP
C_peak2.5_x62_w13_e2_b6,1790894400000,1790895120000,LIGHT
C_peak2.5_x62_w13_e2_b6,1790895120000,1790896320000,DEEP
C_peak2.5_x62_w13_e2_b6,1790896320000,1790896349427,LIGHT
C_peak2.5_x62_w13_e2_b7,1790875829427,1790880060000,LIGHT
C_peak2.5_x62_w13_e2_b7,1790880060000,1790881200000,DEEP
C_peak2.5_x62_w13_e2_b7,1790881200000,1790881620000,LIGHT
C_peak2.5_x62_w13_e2_b7,1790881620000,1790882100000,DEEP
C_peak2.5_x62_w13_e2_b7,1790882100000,1790886360000,LIGHT
C_peak2.5_x62_w13_e2_b7,1790886360000,1790888820000,DEEP
C_peak2.5_x62_w13_e2_b7,1790888820000,1790893560000,LIGHT
C_peak2.5_x62_w13_e2_b7,1790893560000,1790894400000,DEEP
C_peak2.5_x62_w13_e2_b7,1790894400000,1790895120000,LIGHT
C_peak2.5_x62_w13_e2_b7,1790895120000,1790896320000,DEEP
C_peak2.5_x62_w13_e2_b7,1790896320000,1790896349427,LIGHT
C_peak2.5_x62_w14_e1_b5,1790875829427,1790880120000,LIGHT
C_peak2.5_x62_w14_e1_b5,1790880120000,1790881140000,DEEP
C_peak2.5_x62_w14_e1_b5,1790881140000,1790881680000,LIGHT
C_peak2.5_x62_w14_e1_b5,1790881680000,1790881980000,DEEP
C_peak2.5_x62_w14_e1_b5,1790881980000,1790886420000,LIGHT
C_peak2.5_x62_w14_e1_b5,1790886420000,1790888820000,DEEP
C_peak2.5_x62_w14_e1_b5,1790888820000,1790890980000,LIGHT
C_peak2.5_x62_w14_e1_b5,1790890980000,1790891280000,DEEP
C_peak2.5_x62_w14_e1_b5,1790891280000,1790893020000,LIGHT
C_peak2.5_x62_w14_e1_b5,1790893020000,1790893320000,DEEP
C_peak2.5_x62_w14_e1_b5,1790893320000,1790893560000,LIGHT
C_peak2.5_x62_w14_e1_b5,1790893560000,1790894340000,DEEP
C_peak2.5_x62_w14_e1_b5,1790894340000,1790895180000,LIGHT
C_peak2.5_x62_w14_e1_b5,1790895180000,1790896320000,DEEP
C_peak2.5_x62_w14_e1_b5,1790896320000,1790896349427,LIGHT
C_peak2.5_x62_w14_e1_b6,1790875829427,1790880120000,LIGHT
C_peak2.5_x62_w14_e1_b6,1790880120000,1790881140000,DEEP
C_peak2.5_x62_w14_e1_b6,1790881140000,1790886420000,LIGHT
C_peak2.5_x62_w14_e1_b6,1790886420000,1790888820000,DEEP
C_peak2.5_x62_w14_e1_b6,1790888820000,1790893560000,LIGHT
C_peak2.5_x62_w14_e1_b6,1790893560000,1790894340000,DEEP
C_peak2.5_x62_w14_e1_b6,1790894340000,1790895180000,LIGHT
C_peak2.5_x62_w14_e1_b6,1790895180000,1790896320000,DEEP
C_peak2.5_x62_w14_e1_b6,1790896320000,1790896349427,LIGHT
C_peak2.5_x62_w14_e1_b7,1790875829427,1790880120000,LIGHT
C_peak2.5_x62_w14_e1_b7,1790880120000,1790881140000,DEEP
C_peak2.5_x62_w14_e1_b7,1790881140000,1790886420000,LIGHT
C_peak2.5_x62_w14_e1_b7,1790886420000,1790888820000,DEEP
C_peak2.5_x62_w14_e1_b7,1790888820000,1790893560000,LIGHT
C_peak2.5_x62_w14_e1_b7,1790893560000,1790894340000,DEEP
C_peak2.5_x62_w14_e1_b7,1790894340000,1790895180000,LIGHT
C_peak2.5_x62_w14_e1_b7,1790895180000,1790896320000,DEEP
C_peak2.5_x62_w14_e1_b7,1790896320000,1790896349427,LIGHT
C_peak2.5_x62_w14_e2_b5,1790875829427,1790880120000,LIGHT
C_peak2.5_x62_w14_e2_b5,1790880120000,1790881200000,DEEP
C_peak2.5_x62_w14_e2_b5,1790881200000,1790881620000,LIGHT
C_peak2.5_x62_w14_e2_b5,1790881620000,1790882100000,DEEP
C_peak2.5_x62_w14_e2_b5,1790882100000,1790886420000,LIGHT
C_peak2.5_x62_w14_e2_b5,1790886420000,1790888820000,DEEP
C_peak2.5_x62_w14_e2_b5,1790888820000,1790890980000,LIGHT
C_peak2.5_x62_w14_e2_b5,1790890980000,1790891340000,DEEP
C_peak2.5_x62_w14_e2_b5,1790891340000,1790893020000,LIGHT
C_peak2.5_x62_w14_e2_b5,1790893020000,1790893380000,DEEP
C_peak2.5_x62_w14_e2_b5,1790893380000,1790893560000,LIGHT
C_peak2.5_x62_w14_e2_b5,1790893560000,1790894400000,DEEP
C_peak2.5_x62_w14_e2_b5,1790894400000,1790894580000,LIGHT
C_peak2.5_x62_w14_e2_b5,1790894580000,1790894880000,DEEP
C_peak2.5_x62_w14_e2_b5,1790894880000,1790895180000,LIGHT
C_peak2.5_x62_w14_e2_b5,1790895180000,1790896320000,DEEP
C_peak2.5_x62_w14_e2_b5,1790896320000,1790896349427,LIGHT
C_peak2.5_x62_w14_e2_b6,1790875829427,1790880120000,LIGHT
C_peak2.5_x62_w14_e2_b6,1790880120000,1790881200000,DEEP
C_peak2.5_x62_w14_e2_b6,1790881200000,1790881620000,LIGHT
C_peak2.5_x62_w14_e2_b6,1790881620000,1790882100000,DEEP
C_peak2.5_x62_w14_e2_b6,1790882100000,1790886420000,LIGHT
C_peak2.5_x62_w14_e2_b6,1790886420000,1790888820000,DEEP
C_peak2.5_x62_w14_e2_b6,1790888820000,1790890980000,LIGHT
C_peak2.5_x62_w14_e2_b6,1790890980000,1790891340000,DEEP
C_peak2.5_x62_w14_e2_b6,1790891340000,1790893020000,LIGHT
C_peak2.5_x62_w14_e2_b6,1790893020000,1790893380000,DEEP
C_peak2.5_x62_w14_e2_b6,1790893380000,1790893560000,LIGHT
C_peak2.5_x62_w14_e2_b6,1790893560000,1790894400000,DEEP
C_peak2.5_x62_w14_e2_b6,1790894400000,1790895180000,LIGHT
C_peak2.5_x62_w14_e2_b6,1790895180000,1790896320000,DEEP
C_peak2.5_x62_w14_e2_b6,1790896320000,1790896349427,LIGHT
C_peak2.5_x62_w14_e2_b7,1790875829427,1790880120000,LIGHT
C_peak2.5_x62_w14_e2_b7,1790880120000,1790881200000,DEEP
C_peak2.5_x62_w14_e2_b7,1790881200000,1790881620000,LIGHT
C_peak2.5_x62_w14_e2_b7,1790881620000,1790882100000,DEEP
C_peak2.5_x62_w14_e2_b7,1790882100000,1790886420000,LIGHT
C_peak2.5_x62_w14_e2_b7,1790886420000,1790888820000,DEEP
C_peak2.5_x62_w14_e2_b7,1790888820000,1790893560000,LIGHT
C_peak2.5_x62_w14_e2_b7,1790893560000,1790894400000,DEEP
C_peak2.5_x62_w14_e2_b7,1790894400000,1790895180000,LIGHT
C_peak2.5_x62_w14_e2_b7,1790895180000,1790896320000,DEEP
C_peak2.5_x62_w14_e2_b7,1790896320000,1790896349427,LIGHT
C_peak2.5_x62_w15_e1_b5,1790875829427,1790880180000,LIGHT
C_peak2.5_x62_w15_e1_b5,1790880180000,1790881140000,DEEP
C_peak2.5_x62_w15_e1_b5,1790881140000,1790881680000,LIGHT
C_peak2.5_x62_w15_e1_b5,1790881680000,1790881980000,DEEP
C_peak2.5_x62_w15_e1_b5,1790881980000,1790886480000,LIGHT
C_peak2.5_x62_w15_e1_b5,1790886480000,1790888820000,DEEP
C_peak2.5_x62_w15_e1_b5,1790888820000,1790893560000,LIGHT
C_peak2.5_x62_w15_e1_b5,1790893560000,1790894340000,DEEP
C_peak2.5_x62_w15_e1_b5,1790894340000,1790895180000,LIGHT
C_peak2.5_x62_w15_e1_b5,1790895180000,1790896320000,DEEP
C_peak2.5_x62_w15_e1_b5,1790896320000,1790896349427,LIGHT
C_peak2.5_x62_w15_e1_b6,1790875829427,1790880180000,LIGHT
C_peak2.5_x62_w15_e1_b6,1790880180000,1790881140000,DEEP
C_peak2.5_x62_w15_e1_b6,1790881140000,1790886480000,LIGHT
C_peak2.5_x62_w15_e1_b6,1790886480000,1790888820000,DEEP
C_peak2.5_x62_w15_e1_b6,1790888820000,1790893560000,LIGHT
C_peak2.5_x62_w15_e1_b6,1790893560000,1790894340000,DEEP
C_peak2.5_x62_w15_e1_b6,1790894340000,1790895180000,LIGHT
C_peak2.5_x62_w15_e1_b6,1790895180000,1790896320000,DEEP
C_peak2.5_x62_w15_e1_b6,1790896320000,1790896349427,LIGHT
C_peak2.5_x62_w15_e1_b7,1790875829427,1790880180000,LIGHT
C_peak2.5_x62_w15_e1_b7,1790880180000,1790881140000,DEEP
C_peak2.5_x62_w15_e1_b7,1790881140000,1790886480000,LIGHT
C_peak2.5_x62_w15_e1_b7,1790886480000,1790888820000,DEEP
C_peak2.5_x62_w15_e1_b7,1790888820000,1790893560000,LIGHT
C_peak2.5_x62_w15_e1_b7,1790893560000,1790894340000,DEEP
C_peak2.5_x62_w15_e1_b7,1790894340000,1790895180000,LIGHT
C_peak2.5_x62_w15_e1_b7,1790895180000,1790896320000,DEEP
C_peak2.5_x62_w15_e1_b7,1790896320000,1790896349427,LIGHT
C_peak2.5_x62_w15_e2_b5,1790875829427,1790880180000,LIGHT
C_peak2.5_x62_w15_e2_b5,1790880180000,1790881200000,DEEP
C_peak2.5_x62_w15_e2_b5,1790881200000,1790881620000,LIGHT
C_peak2.5_x62_w15_e2_b5,1790881620000,1790882100000,DEEP
C_peak2.5_x62_w15_e2_b5,1790882100000,1790886480000,LIGHT
C_peak2.5_x62_w15_e2_b5,1790886480000,1790888820000,DEEP
C_peak2.5_x62_w15_e2_b5,1790888820000,1790891040000,LIGHT
C_peak2.5_x62_w15_e2_b5,1790891040000,1790891340000,DEEP
C_peak2.5_x62_w15_e2_b5,1790891340000,1790893080000,LIGHT
C_peak2.5_x62_w15_e2_b5,1790893080000,1790893380000,DEEP
C_peak2.5_x62_w15_e2_b5,1790893380000,1790893560000,LIGHT
C_peak2.5_x62_w15_e2_b5,1790893560000,1790894400000,DEEP
C_peak2.5_x62_w15_e2_b5,1790894400000,1790894580000,LIGHT
C_peak2.5_x62_w15_e2_b5,1790894580000,1790894880000,DEEP
C_peak2.5_x62_w15_e2_b5,1790894880000,1790895180000,LIGHT
C_peak2.5_x62_w15_e2_b5,1790895180000,1790896320000,DEEP
C_peak2.5_x62_w15_e2_b5,1790896320000,1790896349427,LIGHT
C_peak2.5_x62_w15_e2_b6,1790875829427,1790880180000,LIGHT
C_peak2.5_x62_w15_e2_b6,1790880180000,1790881200000,DEEP
C_peak2.5_x62_w15_e2_b6,1790881200000,1790881620000,LIGHT
C_peak2.5_x62_w15_e2_b6,1790881620000,1790882100000,DEEP
C_peak2.5_x62_w15_e2_b6,1790882100000,1790886480000,LIGHT
C_peak2.5_x62_w15_e2_b6,1790886480000,1790888820000,DEEP
C_peak2.5_x62_w15_e2_b6,1790888820000,1790893560000,LIGHT
C_peak2.5_x62_w15_e2_b6,1790893560000,1790894400000,DEEP
C_peak2.5_x62_w15_e2_b6,1790894400000,1790895180000,LIGHT
C_peak2.5_x62_w15_e2_b6,1790895180000,1790896320000,DEEP
C_peak2.5_x62_w15_e2_b6,1790896320000,1790896349427,LIGHT
C_peak2.5_x62_w15_e2_b7,1790875829427,1790880180000,LIGHT
C_peak2.5_x62_w15_e2_b7,1790880180000,1790881200000,DEEP
C_peak2.5_x62_w15_e2_b7,1790881200000,1790881620000,LIGHT
C_peak2.5_x62_w15_e2_b7,1790881620000,1790882100000,DEEP
C_peak2.5_x62_w15_e2_b7,1790882100000,1790886480000,LIGHT
C_peak2.5_x62_w15_e2_b7,1790886480000,1790888820000,DEEP
C_peak2.5_x62_w15_e2_b7,1790888820000,1790893560000,LIGHT
C_peak2.5_x62_w15_e2_b7,1790893560000,1790894400000,DEEP
C_peak2.5_x62_w15_e2_b7,1790894400000,1790895180000,LIGHT
C_peak2.5_x62_w15_e2_b7,1790895180000,1790896320000,DEEP
C_peak2.5_x62_w15_e2_b7,1790896320000,1790896349427,LIGHT
C_peak2.5_x65_w12_e1_b6,1790875829427,1790880060000,LIGHT
C_peak2.5_x65_w12_e1_b6,1790880060000,1790881140000,DEEP
C_peak2.5_x65_w12_e1_b6,1790881140000,1790881440000,LIGHT
C_peak2.5_x65_w12_e1_b6,1790881440000,1790882100000,DEEP
C_peak2.5_x65_w12_e1_b6,1790882100000,1790886300000,LIGHT
C_peak2.5_x65_w12_e1_b6,1790886300000,1790888820000,DEEP
C_peak2.5_x65_w12_e1_b6,1790888820000,1790890920000,LIGHT
C_peak2.5_x65_w12_e1_b6,1790890920000,1790891280000,DEEP
C_peak2.5_x65_w12_e1_b6,1790891280000,1790892960000,LIGHT
C_peak2.5_x65_w12_e1_b6,1790892960000,1790893320000,DEEP
C_peak2.5_x65_w12_e1_b6,1790893320000,1790893560000,LIGHT
C_peak2.5_x65_w12_e1_b6,1790893560000,1790894340000,DEEP
C_peak2.5_x65_w12_e1_b6,1790894340000,1790895120000,LIGHT
C_peak2.5_x65_w12_e1_b6,1790895120000,1790896320000,DEEP
C_peak2.5_x65_w12_e1_b6,1790896320000,1790896349427,LIGHT
C_peak2.5_x65_w12_e2_b6,1790875829427,1790880060000,LIGHT
C_peak2.5_x65_w12_e2_b6,1790880060000,1790881200000,DEEP
C_peak2.5_x65_w12_e2_b6,1790881200000,1790881440000,LIGHT
C_peak2.5_x65_w12_e2_b6,1790881440000,1790882100000,DEEP
C_peak2.5_x65_w12_e2_b6,1790882100000,1790886300000,LIGHT
C_peak2.5_x65_w12_e2_b6,1790886300000,1790888820000,DEEP
C_peak2.5_x65_w12_e2_b6,1790888820000,1790890920000,LIGHT
C_peak2.5_x65_w12_e2_b6,1790890920000,1790891340000,DEEP
C_peak2.5_x65_w12_e2_b6,1790891340000,1790892960000,LIGHT
C_peak2.5_x65_w12_e2_b6,1790892960000,1790893380000,DEEP
C_peak2.5_x65_w12_e2_b6,1790893380000,1790893560000,LIGHT
C_peak2.5_x65_w12_e2_b6,1790893560000,1790894400000,DEEP
C_peak2.5_x65_w12_e2_b6,1790894400000,1790895120000,LIGHT
C_peak2.5_x65_w12_e2_b6,1790895120000,1790896320000,DEEP
C_peak2.5_x65_w12_e2_b6,1790896320000,1790896349427,LIGHT
C_peak2.5_x65_w13_e1_b5,1790875829427,1790880060000,LIGHT
C_peak2.5_x65_w13_e1_b5,1790880060000,1790881140000,DEEP
C_peak2.5_x65_w13_e1_b5,1790881140000,1790881440000,LIGHT
C_peak2.5_x65_w13_e1_b5,1790881440000,1790882100000,DEEP
C_peak2.5_x65_w13_e1_b5,1790882100000,1790886360000,LIGHT
C_peak2.5_x65_w13_e1_b5,1790886360000,1790888820000,DEEP
C_peak2.5_x65_w13_e1_b5,1790888820000,1790890980000,LIGHT
C_peak2.5_x65_w13_e1_b5,1790890980000,1790891280000,DEEP
C_peak2.5_x65_w13_e1_b5,1790891280000,1790893020000,LIGHT
C_peak2.5_x65_w13_e1_b5,1790893020000,1790893320000,DEEP
C_peak2.5_x65_w13_e1_b5,1790893320000,1790893560000,LIGHT
C_peak2.5_x65_w13_e1_b5,1790893560000,1790894340000,DEEP
C_peak2.5_x65_w13_e1_b5,1790894340000,1790895120000,LIGHT
C_peak2.5_x65_w13_e1_b5,1790895120000,1790896320000,DEEP
C_peak2.5_x65_w13_e1_b5,1790896320000,1790896349427,LIGHT
C_peak2.5_x65_w13_e1_b6,1790875829427,1790880060000,LIGHT
C_peak2.5_x65_w13_e1_b6,1790880060000,1790881140000,DEEP
C_peak2.5_x65_w13_e1_b6,1790881140000,1790881440000,LIGHT
C_peak2.5_x65_w13_e1_b6,1790881440000,1790882100000,DEEP
C_peak2.5_x65_w13_e1_b6,1790882100000,1790886360000,LIGHT
C_peak2.5_x65_w13_e1_b6,1790886360000,1790888820000,DEEP
C_peak2.5_x65_w13_e1_b6,1790888820000,1790893560000,LIGHT
C_peak2.5_x65_w13_e1_b6,1790893560000,1790894340000,DEEP
C_peak2.5_x65_w13_e1_b6,1790894340000,1790895120000,LIGHT
C_peak2.5_x65_w13_e1_b6,1790895120000,1790896320000,DEEP
C_peak2.5_x65_w13_e1_b6,1790896320000,1790896349427,LIGHT
C_peak2.5_x65_w13_e1_b7,1790875829427,1790880060000,LIGHT
C_peak2.5_x65_w13_e1_b7,1790880060000,1790881140000,DEEP
C_peak2.5_x65_w13_e1_b7,1790881140000,1790881440000,LIGHT
C_peak2.5_x65_w13_e1_b7,1790881440000,1790882100000,DEEP
C_peak2.5_x65_w13_e1_b7,1790882100000,1790886360000,LIGHT
C_peak2.5_x65_w13_e1_b7,1790886360000,1790888820000,DEEP
C_peak2.5_x65_w13_e1_b7,1790888820000,1790893560000,LIGHT
C_peak2.5_x65_w13_e1_b7,1790893560000,1790894340000,DEEP
C_peak2.5_x65_w13_e1_b7,1790894340000,1790895120000,LIGHT
C_peak2.5_x65_w13_e1_b7,1790895120000,1790896320000,DEEP
C_peak2.5_x65_w13_e1_b7,1790896320000,1790896349427,LIGHT
C_peak2.5_x65_w13_e2_b5,1790875829427,1790880060000,LIGHT
C_peak2.5_x65_w13_e2_b5,1790880060000,1790881200000,DEEP
C_peak2.5_x65_w13_e2_b5,1790881200000,1790881440000,LIGHT
C_peak2.5_x65_w13_e2_b5,1790881440000,1790882100000,DEEP
C_peak2.5_x65_w13_e2_b5,1790882100000,1790886360000,LIGHT
C_peak2.5_x65_w13_e2_b5,1790886360000,1790888820000,DEEP
C_peak2.5_x65_w13_e2_b5,1790888820000,1790890980000,LIGHT
C_peak2.5_x65_w13_e2_b5,1790890980000,1790891340000,DEEP
C_peak2.5_x65_w13_e2_b5,1790891340000,1790893020000,LIGHT
C_peak2.5_x65_w13_e2_b5,1790893020000,1790893380000,DEEP
C_peak2.5_x65_w13_e2_b5,1790893380000,1790893560000,LIGHT
C_peak2.5_x65_w13_e2_b5,1790893560000,1790894400000,DEEP
C_peak2.5_x65_w13_e2_b5,1790894400000,1790894580000,LIGHT
C_peak2.5_x65_w13_e2_b5,1790894580000,1790894880000,DEEP
C_peak2.5_x65_w13_e2_b5,1790894880000,1790895120000,LIGHT
C_peak2.5_x65_w13_e2_b5,1790895120000,1790896320000,DEEP
C_peak2.5_x65_w13_e2_b5,1790896320000,1790896349427,LIGHT
C_peak2.5_x65_w13_e2_b6,1790875829427,1790880060000,LIGHT
C_peak2.5_x65_w13_e2_b6,1790880060000,1790881200000,DEEP
C_peak2.5_x65_w13_e2_b6,1790881200000,1790881440000,LIGHT
C_peak2.5_x65_w13_e2_b6,1790881440000,1790882100000,DEEP
C_peak2.5_x65_w13_e2_b6,1790882100000,1790886360000,LIGHT
C_peak2.5_x65_w13_e2_b6,1790886360000,1790888820000,DEEP
C_peak2.5_x65_w13_e2_b6,1790888820000,1790890980000,LIGHT
C_peak2.5_x65_w13_e2_b6,1790890980000,1790891340000,DEEP
C_peak2.5_x65_w13_e2_b6,1790891340000,1790893020000,LIGHT
C_peak2.5_x65_w13_e2_b6,1790893020000,1790893380000,DEEP
C_peak2.5_x65_w13_e2_b6,1790893380000,1790893560000,LIGHT
C_peak2.5_x65_w13_e2_b6,1790893560000,1790894400000,DEEP
C_peak2.5_x65_w13_e2_b6,1790894400000,1790895120000,LIGHT
C_peak2.5_x65_w13_e2_b6,1790895120000,1790896320000,DEEP
C_peak2.5_x65_w13_e2_b6,1790896320000,1790896349427,LIGHT
C_peak2.5_x65_w13_e2_b7,1790875829427,1790880060000,LIGHT
C_peak2.5_x65_w13_e2_b7,1790880060000,1790881200000,DEEP
C_peak2.5_x65_w13_e2_b7,1790881200000,1790881440000,LIGHT
C_peak2.5_x65_w13_e2_b7,1790881440000,1790882100000,DEEP
C_peak2.5_x65_w13_e2_b7,1790882100000,1790886360000,LIGHT
C_peak2.5_x65_w13_e2_b7,1790886360000,1790888820000,DEEP
C_peak2.5_x65_w13_e2_b7,1790888820000,1790893560000,LIGHT
C_peak2.5_x65_w13_e2_b7,1790893560000,1790894400000,DEEP
C_peak2.5_x65_w13_e2_b7,1790894400000,1790895120000,LIGHT
C_peak2.5_x65_w13_e2_b7,1790895120000,1790896320000,DEEP
C_peak2.5_x65_w13_e2_b7,1790896320000,1790896349427,LIGHT
C_peak2.5_x65_w14_e1_b5,1790875829427,1790880120000,LIGHT
C_peak2.5_x65_w14_e1_b5,1790880120000,1790881140000,DEEP
C_peak2.5_x65_w14_e1_b5,1790881140000,1790881440000,LIGHT
C_peak2.5_x65_w14_e1_b5,1790881440000,1790882100000,DEEP
C_peak2.5_x65_w14_e1_b5,1790882100000,1790886420000,LIGHT
C_peak2.5_x65_w14_e1_b5,1790886420000,1790888820000,DEEP
C_peak2.5_x65_w14_e1_b5,1790888820000,1790890980000,LIGHT
C_peak2.5_x65_w14_e1_b5,1790890980000,1790891280000,DEEP
C_peak2.5_x65_w14_e1_b5,1790891280000,1790893020000,LIGHT
C_peak2.5_x65_w14_e1_b5,1790893020000,1790893320000,DEEP
C_peak2.5_x65_w14_e1_b5,1790893320000,1790893560000,LIGHT
C_peak2.5_x65_w14_e1_b5,1790893560000,1790894340000,DEEP
C_peak2.5_x65_w14_e1_b5,1790894340000,1790895180000,LIGHT
C_peak2.5_x65_w14_e1_b5,1790895180000,1790896320000,DEEP
C_peak2.5_x65_w14_e1_b5,1790896320000,1790896349427,LIGHT
C_peak2.5_x65_w14_e1_b6,1790875829427,1790880120000,LIGHT
C_peak2.5_x65_w14_e1_b6,1790880120000,1790881140000,DEEP
C_peak2.5_x65_w14_e1_b6,1790881140000,1790881440000,LIGHT
C_peak2.5_x65_w14_e1_b6,1790881440000,1790882100000,DEEP
C_peak2.5_x65_w14_e1_b6,1790882100000,1790886420000,LIGHT
C_peak2.5_x65_w14_e1_b6,1790886420000,1790888820000,DEEP
C_peak2.5_x65_w14_e1_b6,1790888820000,1790893560000,LIGHT
C_peak2.5_x65_w14_e1_b6,1790893560000,1790894340000,DEEP
C_peak2.5_x65_w14_e1_b6,1790894340000,1790895180000,LIGHT
C_peak2.5_x65_w14_e1_b6,1790895180000,1790896320000,DEEP
C_peak2.5_x65_w14_e1_b6,1790896320000,1790896349427,LIGHT
C_peak2.5_x65_w14_e1_b7,1790875829427,1790880120000,LIGHT
C_peak2.5_x65_w14_e1_b7,1790880120000,1790881140000,DEEP
C_peak2.5_x65_w14_e1_b7,1790881140000,1790881440000,LIGHT
C_peak2.5_x65_w14_e1_b7,1790881440000,1790882100000,DEEP
C_peak2.5_x65_w14_e1_b7,1790882100000,1790886420000,LIGHT
C_peak2.5_x65_w14_e1_b7,1790886420000,1790888820000,DEEP
C_peak2.5_x65_w14_e1_b7,1790888820000,1790893560000,LIGHT
C_peak2.5_x65_w14_e1_b7,1790893560000,1790894340000,DEEP
C_peak2.5_x65_w14_e1_b7,1790894340000,1790895180000,LIGHT
C_peak2.5_x65_w14_e1_b7,1790895180000,1790896320000,DEEP
C_peak2.5_x65_w14_e1_b7,1790896320000,1790896349427,LIGHT
C_peak2.5_x65_w14_e2_b5,1790875829427,1790880120000,LIGHT
C_peak2.5_x65_w14_e2_b5,1790880120000,1790881200000,DEEP
C_peak2.5_x65_w14_e2_b5,1790881200000,1790881440000,LIGHT
C_peak2.5_x65_w14_e2_b5,1790881440000,1790882100000,DEEP
C_peak2.5_x65_w14_e2_b5,1790882100000,1790886420000,LIGHT
C_peak2.5_x65_w14_e2_b5,1790886420000,1790888820000,DEEP
C_peak2.5_x65_w14_e2_b5,1790888820000,1790890980000,LIGHT
C_peak2.5_x65_w14_e2_b5,1790890980000,1790891340000,DEEP
C_peak2.5_x65_w14_e2_b5,1790891340000,1790893020000,LIGHT
C_peak2.5_x65_w14_e2_b5,1790893020000,1790893380000,DEEP
C_peak2.5_x65_w14_e2_b5,1790893380000,1790893560000,LIGHT
C_peak2.5_x65_w14_e2_b5,1790893560000,1790894400000,DEEP
C_peak2.5_x65_w14_e2_b5,1790894400000,1790894580000,LIGHT
C_peak2.5_x65_w14_e2_b5,1790894580000,1790894880000,DEEP
C_peak2.5_x65_w14_e2_b5,1790894880000,1790895180000,LIGHT
C_peak2.5_x65_w14_e2_b5,1790895180000,1790896320000,DEEP
C_peak2.5_x65_w14_e2_b5,1790896320000,1790896349427,LIGHT
C_peak2.5_x65_w14_e2_b6,1790875829427,1790880120000,LIGHT
C_peak2.5_x65_w14_e2_b6,1790880120000,1790881200000,DEEP
C_peak2.5_x65_w14_e2_b6,1790881200000,1790881440000,LIGHT
C_peak2.5_x65_w14_e2_b6,1790881440000,1790882100000,DEEP
C_peak2.5_x65_w14_e2_b6,1790882100000,1790886420000,LIGHT
C_peak2.5_x65_w14_e2_b6,1790886420000,1790888820000,DEEP
C_peak2.5_x65_w14_e2_b6,1790888820000,1790890980000,LIGHT
C_peak2.5_x65_w14_e2_b6,1790890980000,1790891340000,DEEP
C_peak2.5_x65_w14_e2_b6,1790891340000,1790893020000,LIGHT
C_peak2.5_x65_w14_e2_b6,1790893020000,1790893380000,DEEP
C_peak2.5_x65_w14_e2_b6,1790893380000,1790893560000,LIGHT
C_peak2.5_x65_w14_e2_b6,1790893560000,1790894400000,DEEP
C_peak2.5_x65_w14_e2_b6,1790894400000,1790895180000,LIGHT
C_peak2.5_x65_w14_e2_b6,1790895180000,1790896320000,DEEP
C_peak2.5_x65_w14_e2_b6,1790896320000,1790896349427,LIGHT
C_peak2.5_x65_w14_e2_b7,1790875829427,1790880120000,LIGHT
C_peak2.5_x65_w14_e2_b7,1790880120000,1790881200000,DEEP
C_peak2.5_x65_w14_e2_b7,1790881200000,1790881440000,LIGHT
C_peak2.5_x65_w14_e2_b7,1790881440000,1790882100000,DEEP
C_peak2.5_x65_w14_e2_b7,1790882100000,1790886420000,LIGHT
C_peak2.5_x65_w14_e2_b7,1790886420000,1790888820000,DEEP
C_peak2.5_x65_w14_e2_b7,1790888820000,1790893560000,LIGHT
C_peak2.5_x65_w14_e2_b7,1790893560000,1790894400000,DEEP
C_peak2.5_x65_w14_e2_b7,1790894400000,1790895180000,LIGHT
C_peak2.5_x65_w14_e2_b7,1790895180000,1790896320000,DEEP
C_peak2.5_x65_w14_e2_b7,1790896320000,1790896349427,LIGHT
C_peak2.5_x65_w15_e1_b6,1790875829427,1790880180000,LIGHT
C_peak2.5_x65_w15_e1_b6,1790880180000,1790881140000,DEEP
C_peak2.5_x65_w15_e1_b6,1790881140000,1790881440000,LIGHT
C_peak2.5_x65_w15_e1_b6,1790881440000,1790882100000,DEEP
C_peak2.5_x65_w15_e1_b6,1790882100000,1790886480000,LIGHT
C_peak2.5_x65_w15_e1_b6,1790886480000,1790888820000,DEEP
C_peak2.5_x65_w15_e1_b6,1790888820000,1790893560000,LIGHT
C_peak2.5_x65_w15_e1_b6,1790893560000,1790894340000,DEEP
C_peak2.5_x65_w15_e1_b6,1790894340000,1790895180000,LIGHT
C_peak2.5_x65_w15_e1_b6,1790895180000,1790896320000,DEEP
C_peak2.5_x65_w15_e1_b6,1790896320000,1790896349427,LIGHT
C_peak2.5_x65_w15_e2_b6,1790875829427,1790880180000,LIGHT
C_peak2.5_x65_w15_e2_b6,1790880180000,1790881200000,DEEP
C_peak2.5_x65_w15_e2_b6,1790881200000,1790881440000,LIGHT
C_peak2.5_x65_w15_e2_b6,1790881440000,1790882100000,DEEP
C_peak2.5_x65_w15_e2_b6,1790882100000,1790886480000,LIGHT
C_peak2.5_x65_w15_e2_b6,1790886480000,1790888820000,DEEP
C_peak2.5_x65_w15_e2_b6,1790888820000,1790893560000,LIGHT
C_peak2.5_x65_w15_e2_b6,1790893560000,1790894400000,DEEP
C_peak2.5_x65_w15_e2_b6,1790894400000,1790895180000,LIGHT
C_peak2.5_x65_w15_e2_b6,1790895180000,1790896320000,DEEP
C_peak2.5_x65_w15_e2_b6,1790896320000,1790896349427,LIGHT
C_peak2.5_x67_w12_e1_b5,1790875829427,1790880060000,LIGHT
C_peak2.5_x67_w12_e1_b5,1790880060000,1790881140000,DEEP
C_peak2.5_x67_w12_e1_b5,1790881140000,1790881320000,LIGHT
C_peak2.5_x67_w12_e1_b5,1790881320000,1790882100000,DEEP
C_peak2.5_x67_w12_e1_b5,1790882100000,1790886300000,LIGHT
C_peak2.5_x67_w12_e1_b5,1790886300000,1790888820000,DEEP
C_peak2.5_x67_w12_e1_b5,1790888820000,1790890920000,LIGHT
C_peak2.5_x67_w12_e1_b5,1790890920000,1790891280000,DEEP
C_peak2.5_x67_w12_e1_b5,1790891280000,1790892960000,LIGHT
C_peak2.5_x67_w12_e1_b5,1790892960000,1790893320000,DEEP
C_peak2.5_x67_w12_e1_b5,1790893320000,1790893560000,LIGHT
C_peak2.5_x67_w12_e1_b5,1790893560000,1790894340000,DEEP
C_peak2.5_x67_w12_e1_b5,1790894340000,1790895120000,LIGHT
C_peak2.5_x67_w12_e1_b5,1790895120000,1790896320000,DEEP
C_peak2.5_x67_w12_e1_b5,1790896320000,1790896349427,LIGHT
C_peak2.5_x67_w12_e1_b6,1790875829427,1790880060000,LIGHT
C_peak2.5_x67_w12_e1_b6,1790880060000,1790881140000,DEEP
C_peak2.5_x67_w12_e1_b6,1790881140000,1790881320000,LIGHT
C_peak2.5_x67_w12_e1_b6,1790881320000,1790882100000,DEEP
C_peak2.5_x67_w12_e1_b6,1790882100000,1790886300000,LIGHT
C_peak2.5_x67_w12_e1_b6,1790886300000,1790888820000,DEEP
C_peak2.5_x67_w12_e1_b6,1790888820000,1790890920000,LIGHT
C_peak2.5_x67_w12_e1_b6,1790890920000,1790891280000,DEEP
C_peak2.5_x67_w12_e1_b6,1790891280000,1790892960000,LIGHT
C_peak2.5_x67_w12_e1_b6,1790892960000,1790893320000,DEEP
C_peak2.5_x67_w12_e1_b6,1790893320000,1790893560000,LIGHT
C_peak2.5_x67_w12_e1_b6,1790893560000,1790894340000,DEEP
C_peak2.5_x67_w12_e1_b6,1790894340000,1790895120000,LIGHT
C_peak2.5_x67_w12_e1_b6,1790895120000,1790896320000,DEEP
C_peak2.5_x67_w12_e1_b6,1790896320000,1790896349427,LIGHT
C_peak2.5_x67_w12_e1_b7,1790875829427,1790880060000,LIGHT
C_peak2.5_x67_w12_e1_b7,1790880060000,1790881140000,DEEP
C_peak2.5_x67_w12_e1_b7,1790881140000,1790881320000,LIGHT
C_peak2.5_x67_w12_e1_b7,1790881320000,1790882100000,DEEP
C_peak2.5_x67_w12_e1_b7,1790882100000,1790886300000,LIGHT
C_peak2.5_x67_w12_e1_b7,1790886300000,1790888820000,DEEP
C_peak2.5_x67_w12_e1_b7,1790888820000,1790893560000,LIGHT
C_peak2.5_x67_w12_e1_b7,1790893560000,1790894340000,DEEP
C_peak2.5_x67_w12_e1_b7,1790894340000,1790895120000,LIGHT
C_peak2.5_x67_w12_e1_b7,1790895120000,1790896320000,DEEP
C_peak2.5_x67_w12_e1_b7,1790896320000,1790896349427,LIGHT
C_peak2.5_x67_w12_e2_b5,1790875829427,1790880060000,LIGHT
C_peak2.5_x67_w12_e2_b5,1790880060000,1790881200000,DEEP
C_peak2.5_x67_w12_e2_b5,1790881200000,1790881260000,LIGHT
C_peak2.5_x67_w12_e2_b5,1790881260000,1790882100000,DEEP
C_peak2.5_x67_w12_e2_b5,1790882100000,1790886300000,LIGHT
C_peak2.5_x67_w12_e2_b5,1790886300000,1790888820000,DEEP
C_peak2.5_x67_w12_e2_b5,1790888820000,1790890920000,LIGHT
C_peak2.5_x67_w12_e2_b5,1790890920000,1790891340000,DEEP
C_peak2.5_x67_w12_e2_b5,1790891340000,1790892960000,LIGHT
C_peak2.5_x67_w12_e2_b5,1790892960000,1790893380000,DEEP
C_peak2.5_x67_w12_e2_b5,1790893380000,1790893560000,LIGHT
C_peak2.5_x67_w12_e2_b5,1790893560000,1790894400000,DEEP
C_peak2.5_x67_w12_e2_b5,1790894400000,1790894580000,LIGHT
C_peak2.5_x67_w12_e2_b5,1790894580000,1790894880000,DEEP
C_peak2.5_x67_w12_e2_b5,1790894880000,1790895120000,LIGHT
C_peak2.5_x67_w12_e2_b5,1790895120000,1790896320000,DEEP
C_peak2.5_x67_w12_e2_b5,1790896320000,1790896349427,LIGHT
C_peak2.5_x67_w12_e2_b6,1790875829427,1790880060000,LIGHT
C_peak2.5_x67_w12_e2_b6,1790880060000,1790881200000,DEEP
C_peak2.5_x67_w12_e2_b6,1790881200000,1790881260000,LIGHT
C_peak2.5_x67_w12_e2_b6,1790881260000,1790882100000,DEEP
C_peak2.5_x67_w12_e2_b6,1790882100000,1790886300000,LIGHT
C_peak2.5_x67_w12_e2_b6,1790886300000,1790888820000,DEEP
C_peak2.5_x67_w12_e2_b6,1790888820000,1790890920000,LIGHT
C_peak2.5_x67_w12_e2_b6,1790890920000,1790891340000,DEEP
C_peak2.5_x67_w12_e2_b6,1790891340000,1790892960000,LIGHT
C_peak2.5_x67_w12_e2_b6,1790892960000,1790893380000,DEEP
C_peak2.5_x67_w12_e2_b6,1790893380000,1790893560000,LIGHT
C_peak2.5_x67_w12_e2_b6,1790893560000,1790894400000,DEEP
C_peak2.5_x67_w12_e2_b6,1790894400000,1790895120000,LIGHT
C_peak2.5_x67_w12_e2_b6,1790895120000,1790896320000,DEEP
C_peak2.5_x67_w12_e2_b6,1790896320000,1790896349427,LIGHT
C_peak2.5_x67_w12_e2_b7,1790875829427,1790880060000,LIGHT
C_peak2.5_x67_w12_e2_b7,1790880060000,1790881200000,DEEP
C_peak2.5_x67_w12_e2_b7,1790881200000,1790881260000,LIGHT
C_peak2.5_x67_w12_e2_b7,1790881260000,1790882100000,DEEP
C_peak2.5_x67_w12_e2_b7,1790882100000,1790886300000,LIGHT
C_peak2.5_x67_w12_e2_b7,1790886300000,1790888820000,DEEP
C_peak2.5_x67_w12_e2_b7,1790888820000,1790890920000,LIGHT
C_peak2.5_x67_w12_e2_b7,1790890920000,1790891340000,DEEP
C_peak2.5_x67_w12_e2_b7,1790891340000,1790892960000,LIGHT
C_peak2.5_x67_w12_e2_b7,1790892960000,1790893380000,DEEP
C_peak2.5_x67_w12_e2_b7,1790893380000,1790893560000,LIGHT
C_peak2.5_x67_w12_e2_b7,1790893560000,1790894400000,DEEP
C_peak2.5_x67_w12_e2_b7,1790894400000,1790895120000,LIGHT
C_peak2.5_x67_w12_e2_b7,1790895120000,1790896320000,DEEP
C_peak2.5_x67_w12_e2_b7,1790896320000,1790896349427,LIGHT
C_peak2.5_x67_w13_e1_b5,1790875829427,1790880060000,LIGHT
C_peak2.5_x67_w13_e1_b5,1790880060000,1790881140000,DEEP
C_peak2.5_x67_w13_e1_b5,1790881140000,1790881320000,LIGHT
C_peak2.5_x67_w13_e1_b5,1790881320000,1790882100000,DEEP
C_peak2.5_x67_w13_e1_b5,1790882100000,1790886360000,LIGHT
C_peak2.5_x67_w13_e1_b5,1790886360000,1790888820000,DEEP
C_peak2.5_x67_w13_e1_b5,1790888820000,1790890980000,LIGHT
C_peak2.5_x67_w13_e1_b5,1790890980000,1790891280000,DEEP
C_peak2.5_x67_w13_e1_b5,1790891280000,1790893020000,LIGHT
C_peak2.5_x67_w13_e1_b5,1790893020000,1790893320000,DEEP
C_peak2.5_x67_w13_e1_b5,1790893320000,1790893560000,LIGHT
C_peak2.5_x67_w13_e1_b5,1790893560000,1790894340000,DEEP
C_peak2.5_x67_w13_e1_b5,1790894340000,1790895120000,LIGHT
C_peak2.5_x67_w13_e1_b5,1790895120000,1790896320000,DEEP
C_peak2.5_x67_w13_e1_b5,1790896320000,1790896349427,LIGHT
C_peak2.5_x67_w13_e1_b6,1790875829427,1790880060000,LIGHT
C_peak2.5_x67_w13_e1_b6,1790880060000,1790881140000,DEEP
C_peak2.5_x67_w13_e1_b6,1790881140000,1790881320000,LIGHT
C_peak2.5_x67_w13_e1_b6,1790881320000,1790882100000,DEEP
C_peak2.5_x67_w13_e1_b6,1790882100000,1790886360000,LIGHT
C_peak2.5_x67_w13_e1_b6,1790886360000,1790888820000,DEEP
C_peak2.5_x67_w13_e1_b6,1790888820000,1790893560000,LIGHT
C_peak2.5_x67_w13_e1_b6,1790893560000,1790894340000,DEEP
C_peak2.5_x67_w13_e1_b6,1790894340000,1790895120000,LIGHT
C_peak2.5_x67_w13_e1_b6,1790895120000,1790896320000,DEEP
C_peak2.5_x67_w13_e1_b6,1790896320000,1790896349427,LIGHT
C_peak2.5_x67_w13_e1_b7,1790875829427,1790880060000,LIGHT
C_peak2.5_x67_w13_e1_b7,1790880060000,1790881140000,DEEP
C_peak2.5_x67_w13_e1_b7,1790881140000,1790881320000,LIGHT
C_peak2.5_x67_w13_e1_b7,1790881320000,1790882100000,DEEP
C_peak2.5_x67_w13_e1_b7,1790882100000,1790886360000,LIGHT
C_peak2.5_x67_w13_e1_b7,1790886360000,1790888820000,DEEP
C_peak2.5_x67_w13_e1_b7,1790888820000,1790893560000,LIGHT
C_peak2.5_x67_w13_e1_b7,1790893560000,1790894340000,DEEP
C_peak2.5_x67_w13_e1_b7,1790894340000,1790895120000,LIGHT
C_peak2.5_x67_w13_e1_b7,1790895120000,1790896320000,DEEP
C_peak2.5_x67_w13_e1_b7,1790896320000,1790896349427,LIGHT
C_peak2.5_x67_w13_e2_b5,1790875829427,1790880060000,LIGHT
C_peak2.5_x67_w13_e2_b5,1790880060000,1790881200000,DEEP
C_peak2.5_x67_w13_e2_b5,1790881200000,1790881260000,LIGHT
C_peak2.5_x67_w13_e2_b5,1790881260000,1790882100000,DEEP
C_peak2.5_x67_w13_e2_b5,1790882100000,1790886360000,LIGHT
C_peak2.5_x67_w13_e2_b5,1790886360000,1790888820000,DEEP
C_peak2.5_x67_w13_e2_b5,1790888820000,1790890980000,LIGHT
C_peak2.5_x67_w13_e2_b5,1790890980000,1790891340000,DEEP
C_peak2.5_x67_w13_e2_b5,1790891340000,1790893020000,LIGHT
C_peak2.5_x67_w13_e2_b5,1790893020000,1790893380000,DEEP
C_peak2.5_x67_w13_e2_b5,1790893380000,1790893560000,LIGHT
C_peak2.5_x67_w13_e2_b5,1790893560000,1790894400000,DEEP
C_peak2.5_x67_w13_e2_b5,1790894400000,1790894580000,LIGHT
C_peak2.5_x67_w13_e2_b5,1790894580000,1790894880000,DEEP
C_peak2.5_x67_w13_e2_b5,1790894880000,1790895120000,LIGHT
C_peak2.5_x67_w13_e2_b5,1790895120000,1790896320000,DEEP
C_peak2.5_x67_w13_e2_b5,1790896320000,1790896349427,LIGHT
C_peak2.5_x67_w13_e2_b6,1790875829427,1790880060000,LIGHT
C_peak2.5_x67_w13_e2_b6,1790880060000,1790881200000,DEEP
C_peak2.5_x67_w13_e2_b6,1790881200000,1790881260000,LIGHT
C_peak2.5_x67_w13_e2_b6,1790881260000,1790882100000,DEEP
C_peak2.5_x67_w13_e2_b6,1790882100000,1790886360000,LIGHT
C_peak2.5_x67_w13_e2_b6,1790886360000,1790888820000,DEEP
C_peak2.5_x67_w13_e2_b6,1790888820000,1790890980000,LIGHT
C_peak2.5_x67_w13_e2_b6,1790890980000,1790891340000,DEEP
C_peak2.5_x67_w13_e2_b6,1790891340000,1790893020000,LIGHT
C_peak2.5_x67_w13_e2_b6,1790893020000,1790893380000,DEEP
C_peak2.5_x67_w13_e2_b6,1790893380000,1790893560000,LIGHT
C_peak2.5_x67_w13_e2_b6,1790893560000,1790894400000,DEEP
C_peak2.5_x67_w13_e2_b6,1790894400000,1790895120000,LIGHT
C_peak2.5_x67_w13_e2_b6,1790895120000,1790896320000,DEEP
C_peak2.5_x67_w13_e2_b6,1790896320000,1790896349427,LIGHT
C_peak2.5_x67_w13_e2_b7,1790875829427,1790880060000,LIGHT
C_peak2.5_x67_w13_e2_b7,1790880060000,1790881200000,DEEP
C_peak2.5_x67_w13_e2_b7,1790881200000,1790881260000,LIGHT
C_peak2.5_x67_w13_e2_b7,1790881260000,1790882100000,DEEP
C_peak2.5_x67_w13_e2_b7,1790882100000,1790886360000,LIGHT
C_peak2.5_x67_w13_e2_b7,1790886360000,1790888820000,DEEP
C_peak2.5_x67_w13_e2_b7,1790888820000,1790893560000,LIGHT
C_peak2.5_x67_w13_e2_b7,1790893560000,1790894400000,DEEP
C_peak2.5_x67_w13_e2_b7,1790894400000,1790895120000,LIGHT
C_peak2.5_x67_w13_e2_b7,1790895120000,1790896320000,DEEP
C_peak2.5_x67_w13_e2_b7,1790896320000,1790896349427,LIGHT
C_peak2.5_x67_w14_e1_b5,1790875829427,1790880120000,LIGHT
C_peak2.5_x67_w14_e1_b5,1790880120000,1790881140000,DEEP
C_peak2.5_x67_w14_e1_b5,1790881140000,1790881320000,LIGHT
C_peak2.5_x67_w14_e1_b5,1790881320000,1790882100000,DEEP
C_peak2.5_x67_w14_e1_b5,1790882100000,1790886420000,LIGHT
C_peak2.5_x67_w14_e1_b5,1790886420000,1790888820000,DEEP
C_peak2.5_x67_w14_e1_b5,1790888820000,1790890980000,LIGHT
C_peak2.5_x67_w14_e1_b5,1790890980000,1790891280000,DEEP
C_peak2.5_x67_w14_e1_b5,1790891280000,1790893020000,LIGHT
C_peak2.5_x67_w14_e1_b5,1790893020000,1790893320000,DEEP
C_peak2.5_x67_w14_e1_b5,1790893320000,1790893560000,LIGHT
C_peak2.5_x67_w14_e1_b5,1790893560000,1790894340000,DEEP
C_peak2.5_x67_w14_e1_b5,1790894340000,1790895180000,LIGHT
C_peak2.5_x67_w14_e1_b5,1790895180000,1790896320000,DEEP
C_peak2.5_x67_w14_e1_b5,1790896320000,1790896349427,LIGHT
C_peak2.5_x67_w14_e1_b6,1790875829427,1790880120000,LIGHT
C_peak2.5_x67_w14_e1_b6,1790880120000,1790881140000,DEEP
C_peak2.5_x67_w14_e1_b6,1790881140000,1790881320000,LIGHT
C_peak2.5_x67_w14_e1_b6,1790881320000,1790882100000,DEEP
C_peak2.5_x67_w14_e1_b6,1790882100000,1790886420000,LIGHT
C_peak2.5_x67_w14_e1_b6,1790886420000,1790888820000,DEEP
C_peak2.5_x67_w14_e1_b6,1790888820000,1790893560000,LIGHT
C_peak2.5_x67_w14_e1_b6,1790893560000,1790894340000,DEEP
C_peak2.5_x67_w14_e1_b6,1790894340000,1790895180000,LIGHT
C_peak2.5_x67_w14_e1_b6,1790895180000,1790896320000,DEEP
C_peak2.5_x67_w14_e1_b6,1790896320000,1790896349427,LIGHT
C_peak2.5_x67_w14_e1_b7,1790875829427,1790880120000,LIGHT
C_peak2.5_x67_w14_e1_b7,1790880120000,1790881140000,DEEP
C_peak2.5_x67_w14_e1_b7,1790881140000,1790881320000,LIGHT
C_peak2.5_x67_w14_e1_b7,1790881320000,1790882100000,DEEP
C_peak2.5_x67_w14_e1_b7,1790882100000,1790886420000,LIGHT
C_peak2.5_x67_w14_e1_b7,1790886420000,1790888820000,DEEP
C_peak2.5_x67_w14_e1_b7,1790888820000,1790893560000,LIGHT
C_peak2.5_x67_w14_e1_b7,1790893560000,1790894340000,DEEP
C_peak2.5_x67_w14_e1_b7,1790894340000,1790895180000,LIGHT
C_peak2.5_x67_w14_e1_b7,1790895180000,1790896320000,DEEP
C_peak2.5_x67_w14_e1_b7,1790896320000,1790896349427,LIGHT
C_peak2.5_x67_w14_e2_b5,1790875829427,1790880120000,LIGHT
C_peak2.5_x67_w14_e2_b5,1790880120000,1790881200000,DEEP
C_peak2.5_x67_w14_e2_b5,1790881200000,1790881260000,LIGHT
C_peak2.5_x67_w14_e2_b5,1790881260000,1790882100000,DEEP
C_peak2.5_x67_w14_e2_b5,1790882100000,1790886420000,LIGHT
C_peak2.5_x67_w14_e2_b5,1790886420000,1790888820000,DEEP
C_peak2.5_x67_w14_e2_b5,1790888820000,1790890980000,LIGHT
C_peak2.5_x67_w14_e2_b5,1790890980000,1790891340000,DEEP
C_peak2.5_x67_w14_e2_b5,1790891340000,1790893020000,LIGHT
C_peak2.5_x67_w14_e2_b5,1790893020000,1790893380000,DEEP
C_peak2.5_x67_w14_e2_b5,1790893380000,1790893560000,LIGHT
C_peak2.5_x67_w14_e2_b5,1790893560000,1790894400000,DEEP
C_peak2.5_x67_w14_e2_b5,1790894400000,1790894580000,LIGHT
C_peak2.5_x67_w14_e2_b5,1790894580000,1790894880000,DEEP
C_peak2.5_x67_w14_e2_b5,1790894880000,1790895180000,LIGHT
C_peak2.5_x67_w14_e2_b5,1790895180000,1790896320000,DEEP
C_peak2.5_x67_w14_e2_b5,1790896320000,1790896349427,LIGHT
C_peak2.5_x67_w14_e2_b6,1790875829427,1790880120000,LIGHT
C_peak2.5_x67_w14_e2_b6,1790880120000,1790881200000,DEEP
C_peak2.5_x67_w14_e2_b6,1790881200000,1790881260000,LIGHT
C_peak2.5_x67_w14_e2_b6,1790881260000,1790882100000,DEEP
C_peak2.5_x67_w14_e2_b6,1790882100000,1790886420000,LIGHT
C_peak2.5_x67_w14_e2_b6,1790886420000,1790888820000,DEEP
C_peak2.5_x67_w14_e2_b6,1790888820000,1790890980000,LIGHT
C_peak2.5_x67_w14_e2_b6,1790890980000,1790891340000,DEEP
C_peak2.5_x67_w14_e2_b6,1790891340000,1790893020000,LIGHT
C_peak2.5_x67_w14_e2_b6,1790893020000,1790893380000,DEEP
C_peak2.5_x67_w14_e2_b6,1790893380000,1790893560000,LIGHT
C_peak2.5_x67_w14_e2_b6,1790893560000,1790894400000,DEEP
C_peak2.5_x67_w14_e2_b6,1790894400000,1790895180000,LIGHT
C_peak2.5_x67_w14_e2_b6,1790895180000,1790896320000,DEEP
C_peak2.5_x67_w14_e2_b6,1790896320000,1790896349427,LIGHT
C_peak2.5_x67_w14_e2_b7,1790875829427,1790880120000,LIGHT
C_peak2.5_x67_w14_e2_b7,1790880120000,1790881200000,DEEP
C_peak2.5_x67_w14_e2_b7,1790881200000,1790881260000,LIGHT
C_peak2.5_x67_w14_e2_b7,1790881260000,1790882100000,DEEP
C_peak2.5_x67_w14_e2_b7,1790882100000,1790886420000,LIGHT
C_peak2.5_x67_w14_e2_b7,1790886420000,1790888820000,DEEP
C_peak2.5_x67_w14_e2_b7,1790888820000,1790893560000,LIGHT
C_peak2.5_x67_w14_e2_b7,1790893560000,1790894400000,DEEP
C_peak2.5_x67_w14_e2_b7,1790894400000,1790895180000,LIGHT
C_peak2.5_x67_w14_e2_b7,1790895180000,1790896320000,DEEP
C_peak2.5_x67_w14_e2_b7,1790896320000,1790896349427,LIGHT
C_peak2.5_x67_w15_e1_b5,1790875829427,1790880180000,LIGHT
C_peak2.5_x67_w15_e1_b5,1790880180000,1790881140000,DEEP
C_peak2.5_x67_w15_e1_b5,1790881140000,1790881320000,LIGHT
C_peak2.5_x67_w15_e1_b5,1790881320000,1790882100000,DEEP
C_peak2.5_x67_w15_e1_b5,1790882100000,1790886480000,LIGHT
C_peak2.5_x67_w15_e1_b5,1790886480000,1790888820000,DEEP
C_peak2.5_x67_w15_e1_b5,1790888820000,1790893560000,LIGHT
C_peak2.5_x67_w15_e1_b5,1790893560000,1790894340000,DEEP
C_peak2.5_x67_w15_e1_b5,1790894340000,1790895180000,LIGHT
C_peak2.5_x67_w15_e1_b5,1790895180000,1790896320000,DEEP
C_peak2.5_x67_w15_e1_b5,1790896320000,1790896349427,LIGHT
C_peak2.5_x67_w15_e1_b6,1790875829427,1790880180000,LIGHT
C_peak2.5_x67_w15_e1_b6,1790880180000,1790881140000,DEEP
C_peak2.5_x67_w15_e1_b6,1790881140000,1790881320000,LIGHT
C_peak2.5_x67_w15_e1_b6,1790881320000,1790882100000,DEEP
C_peak2.5_x67_w15_e1_b6,1790882100000,1790886480000,LIGHT
C_peak2.5_x67_w15_e1_b6,1790886480000,1790888820000,DEEP
C_peak2.5_x67_w15_e1_b6,1790888820000,1790893560000,LIGHT
C_peak2.5_x67_w15_e1_b6,1790893560000,1790894340000,DEEP
C_peak2.5_x67_w15_e1_b6,1790894340000,1790895180000,LIGHT
C_peak2.5_x67_w15_e1_b6,1790895180000,1790896320000,DEEP
C_peak2.5_x67_w15_e1_b6,1790896320000,1790896349427,LIGHT
C_peak2.5_x67_w15_e1_b7,1790875829427,1790880180000,LIGHT
C_peak2.5_x67_w15_e1_b7,1790880180000,1790881140000,DEEP
C_peak2.5_x67_w15_e1_b7,1790881140000,1790881320000,LIGHT
C_peak2.5_x67_w15_e1_b7,1790881320000,1790882100000,DEEP
C_peak2.5_x67_w15_e1_b7,1790882100000,1790886480000,LIGHT
C_peak2.5_x67_w15_e1_b7,1790886480000,1790888820000,DEEP
C_peak2.5_x67_w15_e1_b7,1790888820000,1790893560000,LIGHT
C_peak2.5_x67_w15_e1_b7,1790893560000,1790894340000,DEEP
C_peak2.5_x67_w15_e1_b7,1790894340000,1790895180000,LIGHT
C_peak2.5_x67_w15_e1_b7,1790895180000,1790896320000,DEEP
C_peak2.5_x67_w15_e1_b7,1790896320000,1790896349427,LIGHT
C_peak2.5_x67_w15_e2_b5,1790875829427,1790880180000,LIGHT
C_peak2.5_x67_w15_e2_b5,1790880180000,1790881200000,DEEP
C_peak2.5_x67_w15_e2_b5,1790881200000,1790881260000,LIGHT
C_peak2.5_x67_w15_e2_b5,1790881260000,1790882100000,DEEP
C_peak2.5_x67_w15_e2_b5,1790882100000,1790886480000,LIGHT
C_peak2.5_x67_w15_e2_b5,1790886480000,1790888820000,DEEP
C_peak2.5_x67_w15_e2_b5,1790888820000,1790891040000,LIGHT
C_peak2.5_x67_w15_e2_b5,1790891040000,1790891340000,DEEP
C_peak2.5_x67_w15_e2_b5,1790891340000,1790893080000,LIGHT
C_peak2.5_x67_w15_e2_b5,1790893080000,1790893380000,DEEP
C_peak2.5_x67_w15_e2_b5,1790893380000,1790893560000,LIGHT
C_peak2.5_x67_w15_e2_b5,1790893560000,1790894400000,DEEP
C_peak2.5_x67_w15_e2_b5,1790894400000,1790894580000,LIGHT
C_peak2.5_x67_w15_e2_b5,1790894580000,1790894880000,DEEP
C_peak2.5_x67_w15_e2_b5,1790894880000,1790895180000,LIGHT
C_peak2.5_x67_w15_e2_b5,1790895180000,1790896320000,DEEP
C_peak2.5_x67_w15_e2_b5,1790896320000,1790896349427,LIGHT
C_peak2.5_x67_w15_e2_b6,1790875829427,1790880180000,LIGHT
C_peak2.5_x67_w15_e2_b6,1790880180000,1790881200000,DEEP
C_peak2.5_x67_w15_e2_b6,1790881200000,1790881260000,LIGHT
C_peak2.5_x67_w15_e2_b6,1790881260000,1790882100000,DEEP
C_peak2.5_x67_w15_e2_b6,1790882100000,1790886480000,LIGHT
C_peak2.5_x67_w15_e2_b6,1790886480000,1790888820000,DEEP
C_peak2.5_x67_w15_e2_b6,1790888820000,1790893560000,LIGHT
C_peak2.5_x67_w15_e2_b6,1790893560000,1790894400000,DEEP
C_peak2.5_x67_w15_e2_b6,1790894400000,1790895180000,LIGHT
C_peak2.5_x67_w15_e2_b6,1790895180000,1790896320000,DEEP
C_peak2.5_x67_w15_e2_b6,1790896320000,1790896349427,LIGHT
C_peak2.5_x67_w15_e2_b7,1790875829427,1790880180000,LIGHT
C_peak2.5_x67_w15_e2_b7,1790880180000,1790881200000,DEEP
C_peak2.5_x67_w15_e2_b7,1790881200000,1790881260000,LIGHT
C_peak2.5_x67_w15_e2_b7,1790881260000,1790882100000,DEEP
C_peak2.5_x67_w15_e2_b7,1790882100000,1790886480000,LIGHT
C_peak2.5_x67_w15_e2_b7,1790886480000,1790888820000,DEEP
C_peak2.5_x67_w15_e2_b7,1790888820000,1790893560000,LIGHT
C_peak2.5_x67_w15_e2_b7,1790893560000,1790894400000,DEEP
C_peak2.5_x67_w15_e2_b7,1790894400000,1790895180000,LIGHT
C_peak2.5_x67_w15_e2_b7,1790895180000,1790896320000,DEEP
C_peak2.5_x67_w15_e2_b7,1790896320000,1790896349427,LIGHT
C_peak2.5_x70_w12_e1_b5,1790875829427,1790880060000,LIGHT
C_peak2.5_x70_w12_e1_b5,1790880060000,1790882100000,DEEP
C_peak2.5_x70_w12_e1_b5,1790882100000,1790886300000,LIGHT
C_peak2.5_x70_w12_e1_b5,1790886300000,1790888820000,DEEP
C_peak2.5_x70_w12_e1_b5,1790888820000,1790890620000,LIGHT
C_peak2.5_x70_w12_e1_b5,1790890620000,1790891340000,DEEP
C_peak2.5_x70_w12_e1_b5,1790891340000,1790892960000,LIGHT
C_peak2.5_x70_w12_e1_b5,1790892960000,1790893320000,DEEP
C_peak2.5_x70_w12_e1_b5,1790893320000,1790893560000,LIGHT
C_peak2.5_x70_w12_e1_b5,1790893560000,1790894340000,DEEP
C_peak2.5_x70_w12_e1_b5,1790894340000,1790895120000,LIGHT
C_peak2.5_x70_w12_e1_b5,1790895120000,1790896320000,DEEP
C_peak2.5_x70_w12_e1_b5,1790896320000,1790896349427,LIGHT
C_peak2.5_x70_w12_e1_b6,1790875829427,1790880060000,LIGHT
C_peak2.5_x70_w12_e1_b6,1790880060000,1790882100000,DEEP
C_peak2.5_x70_w12_e1_b6,1790882100000,1790886300000,LIGHT
C_peak2.5_x70_w12_e1_b6,1790886300000,1790888820000,DEEP
C_peak2.5_x70_w12_e1_b6,1790888820000,1790890620000,LIGHT
C_peak2.5_x70_w12_e1_b6,1790890620000,1790891340000,DEEP
C_peak2.5_x70_w12_e1_b6,1790891340000,1790892960000,LIGHT
C_peak2.5_x70_w12_e1_b6,1790892960000,1790893320000,DEEP
C_peak2.5_x70_w12_e1_b6,1790893320000,1790893560000,LIGHT
C_peak2.5_x70_w12_e1_b6,1790893560000,1790894340000,DEEP
C_peak2.5_x70_w12_e1_b6,1790894340000,1790895120000,LIGHT
C_peak2.5_x70_w12_e1_b6,1790895120000,1790896320000,DEEP
C_peak2.5_x70_w12_e1_b6,1790896320000,1790896349427,LIGHT
C_peak2.5_x70_w12_e1_b7,1790875829427,1790880060000,LIGHT
C_peak2.5_x70_w12_e1_b7,1790880060000,1790882100000,DEEP
C_peak2.5_x70_w12_e1_b7,1790882100000,1790886300000,LIGHT
C_peak2.5_x70_w12_e1_b7,1790886300000,1790888820000,DEEP
C_peak2.5_x70_w12_e1_b7,1790888820000,1790890620000,LIGHT
C_peak2.5_x70_w12_e1_b7,1790890620000,1790891340000,DEEP
C_peak2.5_x70_w12_e1_b7,1790891340000,1790893560000,LIGHT
C_peak2.5_x70_w12_e1_b7,1790893560000,1790894340000,DEEP
C_peak2.5_x70_w12_e1_b7,1790894340000,1790895120000,LIGHT
C_peak2.5_x70_w12_e1_b7,1790895120000,1790896320000,DEEP
C_peak2.5_x70_w12_e1_b7,1790896320000,1790896349427,LIGHT
C_peak2.5_x70_w12_e2_b5,1790875829427,1790880060000,LIGHT
C_peak2.5_x70_w12_e2_b5,1790880060000,1790882100000,DEEP
C_peak2.5_x70_w12_e2_b5,1790882100000,1790886300000,LIGHT
C_peak2.5_x70_w12_e2_b5,1790886300000,1790888820000,DEEP
C_peak2.5_x70_w12_e2_b5,1790888820000,1790890620000,LIGHT
C_peak2.5_x70_w12_e2_b5,1790890620000,1790891400000,DEEP
C_peak2.5_x70_w12_e2_b5,1790891400000,1790892960000,LIGHT
C_peak2.5_x70_w12_e2_b5,1790892960000,1790893380000,DEEP
C_peak2.5_x70_w12_e2_b5,1790893380000,1790893560000,LIGHT
C_peak2.5_x70_w12_e2_b5,1790893560000,1790894400000,DEEP
C_peak2.5_x70_w12_e2_b5,1790894400000,1790894580000,LIGHT
C_peak2.5_x70_w12_e2_b5,1790894580000,1790894880000,DEEP
C_peak2.5_x70_w12_e2_b5,1790894880000,1790895120000,LIGHT
C_peak2.5_x70_w12_e2_b5,1790895120000,1790896320000,DEEP
C_peak2.5_x70_w12_e2_b5,1790896320000,1790896349427,LIGHT
C_peak2.5_x70_w12_e2_b6,1790875829427,1790880060000,LIGHT
C_peak2.5_x70_w12_e2_b6,1790880060000,1790882100000,DEEP
C_peak2.5_x70_w12_e2_b6,1790882100000,1790886300000,LIGHT
C_peak2.5_x70_w12_e2_b6,1790886300000,1790888820000,DEEP
C_peak2.5_x70_w12_e2_b6,1790888820000,1790890620000,LIGHT
C_peak2.5_x70_w12_e2_b6,1790890620000,1790891400000,DEEP
C_peak2.5_x70_w12_e2_b6,1790891400000,1790892960000,LIGHT
C_peak2.5_x70_w12_e2_b6,1790892960000,1790893380000,DEEP
C_peak2.5_x70_w12_e2_b6,1790893380000,1790893560000,LIGHT
C_peak2.5_x70_w12_e2_b6,1790893560000,1790894400000,DEEP
C_peak2.5_x70_w12_e2_b6,1790894400000,1790895120000,LIGHT
C_peak2.5_x70_w12_e2_b6,1790895120000,1790896320000,DEEP
C_peak2.5_x70_w12_e2_b6,1790896320000,1790896349427,LIGHT
C_peak2.5_x70_w12_e2_b7,1790875829427,1790880060000,LIGHT
C_peak2.5_x70_w12_e2_b7,1790880060000,1790882100000,DEEP
C_peak2.5_x70_w12_e2_b7,1790882100000,1790886300000,LIGHT
C_peak2.5_x70_w12_e2_b7,1790886300000,1790888820000,DEEP
C_peak2.5_x70_w12_e2_b7,1790888820000,1790890620000,LIGHT
C_peak2.5_x70_w12_e2_b7,1790890620000,1790891400000,DEEP
C_peak2.5_x70_w12_e2_b7,1790891400000,1790892960000,LIGHT
C_peak2.5_x70_w12_e2_b7,1790892960000,1790893380000,DEEP
C_peak2.5_x70_w12_e2_b7,1790893380000,1790893560000,LIGHT
C_peak2.5_x70_w12_e2_b7,1790893560000,1790894400000,DEEP
C_peak2.5_x70_w12_e2_b7,1790894400000,1790895120000,LIGHT
C_peak2.5_x70_w12_e2_b7,1790895120000,1790896320000,DEEP
C_peak2.5_x70_w12_e2_b7,1790896320000,1790896349427,LIGHT
C_peak2.5_x70_w13_e1_b5,1790875829427,1790880060000,LIGHT
C_peak2.5_x70_w13_e1_b5,1790880060000,1790882100000,DEEP
C_peak2.5_x70_w13_e1_b5,1790882100000,1790886360000,LIGHT
C_peak2.5_x70_w13_e1_b5,1790886360000,1790888820000,DEEP
C_peak2.5_x70_w13_e1_b5,1790888820000,1790890680000,LIGHT
C_peak2.5_x70_w13_e1_b5,1790890680000,1790891340000,DEEP
C_peak2.5_x70_w13_e1_b5,1790891340000,1790893020000,LIGHT
C_peak2.5_x70_w13_e1_b5,1790893020000,1790893320000,DEEP
C_peak2.5_x70_w13_e1_b5,1790893320000,1790893560000,LIGHT
C_peak2.5_x70_w13_e1_b5,1790893560000,1790894340000,DEEP
C_peak2.5_x70_w13_e1_b5,1790894340000,1790895120000,LIGHT
C_peak2.5_x70_w13_e1_b5,1790895120000,1790896320000,DEEP
C_peak2.5_x70_w13_e1_b5,1790896320000,1790896349427,LIGHT
C_peak2.5_x70_w13_e1_b6,1790875829427,1790880060000,LIGHT
C_peak2.5_x70_w13_e1_b6,1790880060000,1790882100000,DEEP
C_peak2.5_x70_w13_e1_b6,1790882100000,1790886360000,LIGHT
C_peak2.5_x70_w13_e1_b6,1790886360000,1790888820000,DEEP
C_peak2.5_x70_w13_e1_b6,1790888820000,1790890680000,LIGHT
C_peak2.5_x70_w13_e1_b6,1790890680000,1790891340000,DEEP
C_peak2.5_x70_w13_e1_b6,1790891340000,1790893560000,LIGHT
C_peak2.5_x70_w13_e1_b6,1790893560000,1790894340000,DEEP
C_peak2.5_x70_w13_e1_b6,1790894340000,1790895120000,LIGHT
C_peak2.5_x70_w13_e1_b6,1790895120000,1790896320000,DEEP
C_peak2.5_x70_w13_e1_b6,1790896320000,1790896349427,LIGHT
C_peak2.5_x70_w13_e1_b7,1790875829427,1790880060000,LIGHT
C_peak2.5_x70_w13_e1_b7,1790880060000,1790882100000,DEEP
C_peak2.5_x70_w13_e1_b7,1790882100000,1790886360000,LIGHT
C_peak2.5_x70_w13_e1_b7,1790886360000,1790888820000,DEEP
C_peak2.5_x70_w13_e1_b7,1790888820000,1790890680000,LIGHT
C_peak2.5_x70_w13_e1_b7,1790890680000,1790891340000,DEEP
C_peak2.5_x70_w13_e1_b7,1790891340000,1790893560000,LIGHT
C_peak2.5_x70_w13_e1_b7,1790893560000,1790894340000,DEEP
C_peak2.5_x70_w13_e1_b7,1790894340000,1790895120000,LIGHT
C_peak2.5_x70_w13_e1_b7,1790895120000,1790896320000,DEEP
C_peak2.5_x70_w13_e1_b7,1790896320000,1790896349427,LIGHT
C_peak2.5_x70_w13_e2_b5,1790875829427,1790880060000,LIGHT
C_peak2.5_x70_w13_e2_b5,1790880060000,1790882100000,DEEP
C_peak2.5_x70_w13_e2_b5,1790882100000,1790886360000,LIGHT
C_peak2.5_x70_w13_e2_b5,1790886360000,1790888820000,DEEP
C_peak2.5_x70_w13_e2_b5,1790888820000,1790890680000,LIGHT
C_peak2.5_x70_w13_e2_b5,1790890680000,1790891400000,DEEP
C_peak2.5_x70_w13_e2_b5,1790891400000,1790893020000,LIGHT
C_peak2.5_x70_w13_e2_b5,1790893020000,1790893380000,DEEP
C_peak2.5_x70_w13_e2_b5,1790893380000,1790893560000,LIGHT
C_peak2.5_x70_w13_e2_b5,1790893560000,1790894400000,DEEP
C_peak2.5_x70_w13_e2_b5,1790894400000,1790894580000,LIGHT
C_peak2.5_x70_w13_e2_b5,1790894580000,1790894880000,DEEP
C_peak2.5_x70_w13_e2_b5,1790894880000,1790895120000,LIGHT
C_peak2.5_x70_w13_e2_b5,1790895120000,1790896320000,DEEP
C_peak2.5_x70_w13_e2_b5,1790896320000,1790896349427,LIGHT
C_peak2.5_x70_w13_e2_b6,1790875829427,1790880060000,LIGHT
C_peak2.5_x70_w13_e2_b6,1790880060000,1790882100000,DEEP
C_peak2.5_x70_w13_e2_b6,1790882100000,1790886360000,LIGHT
C_peak2.5_x70_w13_e2_b6,1790886360000,1790888820000,DEEP
C_peak2.5_x70_w13_e2_b6,1790888820000,1790890680000,LIGHT
C_peak2.5_x70_w13_e2_b6,1790890680000,1790891400000,DEEP
C_peak2.5_x70_w13_e2_b6,1790891400000,1790893020000,LIGHT
C_peak2.5_x70_w13_e2_b6,1790893020000,1790893380000,DEEP
C_peak2.5_x70_w13_e2_b6,1790893380000,1790893560000,LIGHT
C_peak2.5_x70_w13_e2_b6,1790893560000,1790894400000,DEEP
C_peak2.5_x70_w13_e2_b6,1790894400000,1790895120000,LIGHT
C_peak2.5_x70_w13_e2_b6,1790895120000,1790896320000,DEEP
C_peak2.5_x70_w13_e2_b6,1790896320000,1790896349427,LIGHT
C_peak2.5_x70_w13_e2_b7,1790875829427,1790880060000,LIGHT
C_peak2.5_x70_w13_e2_b7,1790880060000,1790882100000,DEEP
C_peak2.5_x70_w13_e2_b7,1790882100000,1790886360000,LIGHT
C_peak2.5_x70_w13_e2_b7,1790886360000,1790888820000,DEEP
C_peak2.5_x70_w13_e2_b7,1790888820000,1790890680000,LIGHT
C_peak2.5_x70_w13_e2_b7,1790890680000,1790891400000,DEEP
C_peak2.5_x70_w13_e2_b7,1790891400000,1790893560000,LIGHT
C_peak2.5_x70_w13_e2_b7,1790893560000,1790894400000,DEEP
C_peak2.5_x70_w13_e2_b7,1790894400000,1790895120000,LIGHT
C_peak2.5_x70_w13_e2_b7,1790895120000,1790896320000,DEEP
C_peak2.5_x70_w13_e2_b7,1790896320000,1790896349427,LIGHT
C_peak2.5_x70_w14_e1_b5,1790875829427,1790880120000,LIGHT
C_peak2.5_x70_w14_e1_b5,1790880120000,1790882100000,DEEP
C_peak2.5_x70_w14_e1_b5,1790882100000,1790886420000,LIGHT
C_peak2.5_x70_w14_e1_b5,1790886420000,1790888820000,DEEP
C_peak2.5_x70_w14_e1_b5,1790888820000,1790890740000,LIGHT
C_peak2.5_x70_w14_e1_b5,1790890740000,1790891340000,DEEP
C_peak2.5_x70_w14_e1_b5,1790891340000,1790893020000,LIGHT
C_peak2.5_x70_w14_e1_b5,1790893020000,1790893320000,DEEP
C_peak2.5_x70_w14_e1_b5,1790893320000,1790893560000,LIGHT
C_peak2.5_x70_w14_e1_b5,1790893560000,1790894340000,DEEP
C_peak2.5_x70_w14_e1_b5,1790894340000,1790895180000,LIGHT
C_peak2.5_x70_w14_e1_b5,1790895180000,1790896320000,DEEP
C_peak2.5_x70_w14_e1_b5,1790896320000,1790896349427,LIGHT
C_peak2.5_x70_w14_e1_b6,1790875829427,1790880120000,LIGHT
C_peak2.5_x70_w14_e1_b6,1790880120000,1790882100000,DEEP
C_peak2.5_x70_w14_e1_b6,1790882100000,1790886420000,LIGHT
C_peak2.5_x70_w14_e1_b6,1790886420000,1790888820000,DEEP
C_peak2.5_x70_w14_e1_b6,1790888820000,1790890740000,LIGHT
C_peak2.5_x70_w14_e1_b6,1790890740000,1790891340000,DEEP
C_peak2.5_x70_w14_e1_b6,1790891340000,1790893560000,LIGHT
C_peak2.5_x70_w14_e1_b6,1790893560000,1790894340000,DEEP
C_peak2.5_x70_w14_e1_b6,1790894340000,1790895180000,LIGHT
C_peak2.5_x70_w14_e1_b6,1790895180000,1790896320000,DEEP
C_peak2.5_x70_w14_e1_b6,1790896320000,1790896349427,LIGHT
C_peak2.5_x70_w14_e1_b7,1790875829427,1790880120000,LIGHT
C_peak2.5_x70_w14_e1_b7,1790880120000,1790882100000,DEEP
C_peak2.5_x70_w14_e1_b7,1790882100000,1790886420000,LIGHT
C_peak2.5_x70_w14_e1_b7,1790886420000,1790888820000,DEEP
C_peak2.5_x70_w14_e1_b7,1790888820000,1790890740000,LIGHT
C_peak2.5_x70_w14_e1_b7,1790890740000,1790891340000,DEEP
C_peak2.5_x70_w14_e1_b7,1790891340000,1790893560000,LIGHT
C_peak2.5_x70_w14_e1_b7,1790893560000,1790894340000,DEEP
C_peak2.5_x70_w14_e1_b7,1790894340000,1790895180000,LIGHT
C_peak2.5_x70_w14_e1_b7,1790895180000,1790896320000,DEEP
C_peak2.5_x70_w14_e1_b7,1790896320000,1790896349427,LIGHT
C_peak2.5_x70_w14_e2_b5,1790875829427,1790880120000,LIGHT
C_peak2.5_x70_w14_e2_b5,1790880120000,1790882100000,DEEP
C_peak2.5_x70_w14_e2_b5,1790882100000,1790886420000,LIGHT
C_peak2.5_x70_w14_e2_b5,1790886420000,1790888820000,DEEP
C_peak2.5_x70_w14_e2_b5,1790888820000,1790890740000,LIGHT
C_peak2.5_x70_w14_e2_b5,1790890740000,1790891400000,DEEP
C_peak2.5_x70_w14_e2_b5,1790891400000,1790893020000,LIGHT
C_peak2.5_x70_w14_e2_b5,1790893020000,1790893380000,DEEP
C_peak2.5_x70_w14_e2_b5,1790893380000,1790893560000,LIGHT
C_peak2.5_x70_w14_e2_b5,1790893560000,1790894400000,DEEP
C_peak2.5_x70_w14_e2_b5,1790894400000,1790894580000,LIGHT
C_peak2.5_x70_w14_e2_b5,1790894580000,1790894880000,DEEP
C_peak2.5_x70_w14_e2_b5,1790894880000,1790895180000,LIGHT
C_peak2.5_x70_w14_e2_b5,1790895180000,1790896320000,DEEP
C_peak2.5_x70_w14_e2_b5,1790896320000,1790896349427,LIGHT
C_peak2.5_x70_w14_e2_b6,1790875829427,1790880120000,LIGHT
C_peak2.5_x70_w14_e2_b6,1790880120000,1790882100000,DEEP
C_peak2.5_x70_w14_e2_b6,1790882100000,1790886420000,LIGHT
C_peak2.5_x70_w14_e2_b6,1790886420000,1790888820000,DEEP
C_peak2.5_x70_w14_e2_b6,1790888820000,1790890740000,LIGHT
C_peak2.5_x70_w14_e2_b6,1790890740000,1790891400000,DEEP
C_peak2.5_x70_w14_e2_b6,1790891400000,1790893020000,LIGHT
C_peak2.5_x70_w14_e2_b6,1790893020000,1790893380000,DEEP
C_peak2.5_x70_w14_e2_b6,1790893380000,1790893560000,LIGHT
C_peak2.5_x70_w14_e2_b6,1790893560000,1790894400000,DEEP
C_peak2.5_x70_w14_e2_b6,1790894400000,1790895180000,LIGHT
C_peak2.5_x70_w14_e2_b6,1790895180000,1790896320000,DEEP
C_peak2.5_x70_w14_e2_b6,1790896320000,1790896349427,LIGHT
C_peak2.5_x70_w14_e2_b7,1790875829427,1790880120000,LIGHT
C_peak2.5_x70_w14_e2_b7,1790880120000,1790882100000,DEEP
C_peak2.5_x70_w14_e2_b7,1790882100000,1790886420000,LIGHT
C_peak2.5_x70_w14_e2_b7,1790886420000,1790888820000,DEEP
C_peak2.5_x70_w14_e2_b7,1790888820000,1790890740000,LIGHT
C_peak2.5_x70_w14_e2_b7,1790890740000,1790891400000,DEEP
C_peak2.5_x70_w14_e2_b7,1790891400000,1790893560000,LIGHT
C_peak2.5_x70_w14_e2_b7,1790893560000,1790894400000,DEEP
C_peak2.5_x70_w14_e2_b7,1790894400000,1790895180000,LIGHT
C_peak2.5_x70_w14_e2_b7,1790895180000,1790896320000,DEEP
C_peak2.5_x70_w14_e2_b7,1790896320000,1790896349427,LIGHT
C_peak2.5_x70_w15_e1_b5,1790875829427,1790880180000,LIGHT
C_peak2.5_x70_w15_e1_b5,1790880180000,1790882100000,DEEP
C_peak2.5_x70_w15_e1_b5,1790882100000,1790886480000,LIGHT
C_peak2.5_x70_w15_e1_b5,1790886480000,1790888820000,DEEP
C_peak2.5_x70_w15_e1_b5,1790888820000,1790891040000,LIGHT
C_peak2.5_x70_w15_e1_b5,1790891040000,1790891340000,DEEP
C_peak2.5_x70_w15_e1_b5,1790891340000,1790893560000,LIGHT
C_peak2.5_x70_w15_e1_b5,1790893560000,1790894340000,DEEP
C_peak2.5_x70_w15_e1_b5,1790894340000,1790895180000,LIGHT
C_peak2.5_x70_w15_e1_b5,1790895180000,1790896320000,DEEP
C_peak2.5_x70_w15_e1_b5,1790896320000,1790896349427,LIGHT
C_peak2.5_x70_w15_e1_b6,1790875829427,1790880180000,LIGHT
C_peak2.5_x70_w15_e1_b6,1790880180000,1790882100000,DEEP
C_peak2.5_x70_w15_e1_b6,1790882100000,1790886480000,LIGHT
C_peak2.5_x70_w15_e1_b6,1790886480000,1790888820000,DEEP
C_peak2.5_x70_w15_e1_b6,1790888820000,1790893560000,LIGHT
C_peak2.5_x70_w15_e1_b6,1790893560000,1790894340000,DEEP
C_peak2.5_x70_w15_e1_b6,1790894340000,1790895180000,LIGHT
C_peak2.5_x70_w15_e1_b6,1790895180000,1790896320000,DEEP
C_peak2.5_x70_w15_e1_b6,1790896320000,1790896349427,LIGHT
C_peak2.5_x70_w15_e1_b7,1790875829427,1790880180000,LIGHT
C_peak2.5_x70_w15_e1_b7,1790880180000,1790882100000,DEEP
C_peak2.5_x70_w15_e1_b7,1790882100000,1790886480000,LIGHT
C_peak2.5_x70_w15_e1_b7,1790886480000,1790888820000,DEEP
C_peak2.5_x70_w15_e1_b7,1790888820000,1790893560000,LIGHT
C_peak2.5_x70_w15_e1_b7,1790893560000,1790894340000,DEEP
C_peak2.5_x70_w15_e1_b7,1790894340000,1790895180000,LIGHT
C_peak2.5_x70_w15_e1_b7,1790895180000,1790896320000,DEEP
C_peak2.5_x70_w15_e1_b7,1790896320000,1790896349427,LIGHT
C_peak2.5_x70_w15_e2_b5,1790875829427,1790880180000,LIGHT
C_peak2.5_x70_w15_e2_b5,1790880180000,1790882100000,DEEP
C_peak2.5_x70_w15_e2_b5,1790882100000,1790886480000,LIGHT
C_peak2.5_x70_w15_e2_b5,1790886480000,1790888820000,DEEP
C_peak2.5_x70_w15_e2_b5,1790888820000,1790891040000,LIGHT
C_peak2.5_x70_w15_e2_b5,1790891040000,1790891400000,DEEP
C_peak2.5_x70_w15_e2_b5,1790891400000,1790893080000,LIGHT
C_peak2.5_x70_w15_e2_b5,1790893080000,1790893380000,DEEP
C_peak2.5_x70_w15_e2_b5,1790893380000,1790893560000,LIGHT
C_peak2.5_x70_w15_e2_b5,1790893560000,1790894400000,DEEP
C_peak2.5_x70_w15_e2_b5,1790894400000,1790894580000,LIGHT
C_peak2.5_x70_w15_e2_b5,1790894580000,1790894880000,DEEP
C_peak2.5_x70_w15_e2_b5,1790894880000,1790895180000,LIGHT
C_peak2.5_x70_w15_e2_b5,1790895180000,1790896320000,DEEP
C_peak2.5_x70_w15_e2_b5,1790896320000,1790896349427,LIGHT
C_peak2.5_x70_w15_e2_b6,1790875829427,1790880180000,LIGHT
C_peak2.5_x70_w15_e2_b6,1790880180000,1790882100000,DEEP
C_peak2.5_x70_w15_e2_b6,1790882100000,1790886480000,LIGHT
C_peak2.5_x70_w15_e2_b6,1790886480000,1790888820000,DEEP
C_peak2.5_x70_w15_e2_b6,1790888820000,1790891040000,LIGHT
C_peak2.5_x70_w15_e2_b6,1790891040000,1790891400000,DEEP
C_peak2.5_x70_w15_e2_b6,1790891400000,1790893560000,LIGHT
C_peak2.5_x70_w15_e2_b6,1790893560000,1790894400000,DEEP
C_peak2.5_x70_w15_e2_b6,1790894400000,1790895180000,LIGHT
C_peak2.5_x70_w15_e2_b6,1790895180000,1790896320000,DEEP
C_peak2.5_x70_w15_e2_b6,1790896320000,1790896349427,LIGHT
C_peak2.75_x60_w12_e1_b5,1790875829427,1790880300000,LIGHT
C_peak2.75_x60_w12_e1_b5,1790880300000,1790881140000,DEEP
C_peak2.75_x60_w12_e1_b5,1790881140000,1790881680000,LIGHT
C_peak2.75_x60_w12_e1_b5,1790881680000,1790881980000,DEEP
C_peak2.75_x60_w12_e1_b5,1790881980000,1790885820000,LIGHT
C_peak2.75_x60_w12_e1_b5,1790885820000,1790886120000,DEEP
C_peak2.75_x60_w12_e1_b5,1790886120000,1790886300000,LIGHT
C_peak2.75_x60_w12_e1_b5,1790886300000,1790889780000,DEEP
C_peak2.75_x60_w12_e1_b5,1790889780000,1790890920000,LIGHT
C_peak2.75_x60_w12_e1_b5,1790890920000,1790891280000,DEEP
C_peak2.75_x60_w12_e1_b5,1790891280000,1790892960000,LIGHT
C_peak2.75_x60_w12_e1_b5,1790892960000,1790893320000,DEEP
C_peak2.75_x60_w12_e1_b5,1790893320000,1790893560000,LIGHT
C_peak2.75_x60_w12_e1_b5,1790893560000,1790894340000,DEEP
C_peak2.75_x60_w12_e1_b5,1790894340000,1790895060000,LIGHT
C_peak2.75_x60_w12_e1_b5,1790895060000,1790896320000,DEEP
C_peak2.75_x60_w12_e1_b5,1790896320000,1790896349427,LIGHT
C_peak2.75_x60_w12_e1_b6,1790875829427,1790880300000,LIGHT
C_peak2.75_x60_w12_e1_b6,1790880300000,1790881140000,DEEP
C_peak2.75_x60_w12_e1_b6,1790881140000,1790886300000,LIGHT
C_peak2.75_x60_w12_e1_b6,1790886300000,1790889780000,DEEP
C_peak2.75_x60_w12_e1_b6,1790889780000,1790890920000,LIGHT
C_peak2.75_x60_w12_e1_b6,1790890920000,1790891280000,DEEP
C_peak2.75_x60_w12_e1_b6,1790891280000,1790892960000,LIGHT
C_peak2.75_x60_w12_e1_b6,1790892960000,1790893320000,DEEP
C_peak2.75_x60_w12_e1_b6,1790893320000,1790893560000,LIGHT
C_peak2.75_x60_w12_e1_b6,1790893560000,1790894340000,DEEP
C_peak2.75_x60_w12_e1_b6,1790894340000,1790895060000,LIGHT
C_peak2.75_x60_w12_e1_b6,1790895060000,1790896320000,DEEP
C_peak2.75_x60_w12_e1_b6,1790896320000,1790896349427,LIGHT
C_peak2.75_x60_w12_e1_b7,1790875829427,1790880300000,LIGHT
C_peak2.75_x60_w12_e1_b7,1790880300000,1790881140000,DEEP
C_peak2.75_x60_w12_e1_b7,1790881140000,1790886300000,LIGHT
C_peak2.75_x60_w12_e1_b7,1790886300000,1790889780000,DEEP
C_peak2.75_x60_w12_e1_b7,1790889780000,1790893560000,LIGHT
C_peak2.75_x60_w12_e1_b7,1790893560000,1790894340000,DEEP
C_peak2.75_x60_w12_e1_b7,1790894340000,1790895060000,LIGHT
C_peak2.75_x60_w12_e1_b7,1790895060000,1790896320000,DEEP
C_peak2.75_x60_w12_e1_b7,1790896320000,1790896349427,LIGHT
C_peak2.75_x60_w12_e2_b5,1790875829427,1790880360000,LIGHT
C_peak2.75_x60_w12_e2_b5,1790880360000,1790881200000,DEEP
C_peak2.75_x60_w12_e2_b5,1790881200000,1790881620000,LIGHT
C_peak2.75_x60_w12_e2_b5,1790881620000,1790882100000,DEEP
C_peak2.75_x60_w12_e2_b5,1790882100000,1790885820000,LIGHT
C_peak2.75_x60_w12_e2_b5,1790885820000,1790886180000,DEEP
C_peak2.75_x60_w12_e2_b5,1790886180000,1790886300000,LIGHT
C_peak2.75_x60_w12_e2_b5,1790886300000,1790889840000,DEEP
C_peak2.75_x60_w12_e2_b5,1790889840000,1790889900000,LIGHT
C_peak2.75_x60_w12_e2_b5,1790889900000,1790890320000,DEEP
C_peak2.75_x60_w12_e2_b5,1790890320000,1790890560000,LIGHT
C_peak2.75_x60_w12_e2_b5,1790890560000,1790890860000,DEEP
C_peak2.75_x60_w12_e2_b5,1790890860000,1790890920000,LIGHT
C_peak2.75_x60_w12_e2_b5,1790890920000,1790891340000,DEEP
C_peak2.75_x60_w12_e2_b5,1790891340000,1790892960000,LIGHT
C_peak2.75_x60_w12_e2_b5,1790892960000,1790893380000,DEEP
C_peak2.75_x60_w12_e2_b5,1790893380000,1790893560000,LIGHT
C_peak2.75_x60_w12_e2_b5,1790893560000,1790894400000,DEEP
C_peak2.75_x60_w12_e2_b5,1790894400000,1790894580000,LIGHT
C_peak2.75_x60_w12_e2_b5,1790894580000,1790894880000,DEEP
C_peak2.75_x60_w12_e2_b5,1790894880000,1790895060000,LIGHT
C_peak2.75_x60_w12_e2_b5,1790895060000,1790896320000,DEEP
C_peak2.75_x60_w12_e2_b5,1790896320000,1790896349427,LIGHT
C_peak2.75_x60_w12_e2_b6,1790875829427,1790880360000,LIGHT
C_peak2.75_x60_w12_e2_b6,1790880360000,1790881200000,DEEP
C_peak2.75_x60_w12_e2_b6,1790881200000,1790881620000,LIGHT
C_peak2.75_x60_w12_e2_b6,1790881620000,1790882100000,DEEP
C_peak2.75_x60_w12_e2_b6,1790882100000,1790885820000,LIGHT
C_peak2.75_x60_w12_e2_b6,1790885820000,1790886180000,DEEP
C_peak2.75_x60_w12_e2_b6,1790886180000,1790886300000,LIGHT
C_peak2.75_x60_w12_e2_b6,1790886300000,1790889840000,DEEP
C_peak2.75_x60_w12_e2_b6,1790889840000,1790889900000,LIGHT
C_peak2.75_x60_w12_e2_b6,1790889900000,1790890320000,DEEP
C_peak2.75_x60_w12_e2_b6,1790890320000,1790890920000,LIGHT
C_peak2.75_x60_w12_e2_b6,1790890920000,1790891340000,DEEP
C_peak2.75_x60_w12_e2_b6,1790891340000,1790892960000,LIGHT
C_peak2.75_x60_w12_e2_b6,1790892960000,1790893380000,DEEP
C_peak2.75_x60_w12_e2_b6,1790893380000,1790893560000,LIGHT
C_peak2.75_x60_w12_e2_b6,1790893560000,1790894400000,DEEP
C_peak2.75_x60_w12_e2_b6,1790894400000,1790895060000,LIGHT
C_peak2.75_x60_w12_e2_b6,1790895060000,1790896320000,DEEP
C_peak2.75_x60_w12_e2_b6,1790896320000,1790896349427,LIGHT
C_peak2.75_x60_w12_e2_b7,1790875829427,1790880360000,LIGHT
C_peak2.75_x60_w12_e2_b7,1790880360000,1790881200000,DEEP
C_peak2.75_x60_w12_e2_b7,1790881200000,1790881620000,LIGHT
C_peak2.75_x60_w12_e2_b7,1790881620000,1790882100000,DEEP
C_peak2.75_x60_w12_e2_b7,1790882100000,1790886300000,LIGHT
C_peak2.75_x60_w12_e2_b7,1790886300000,1790889840000,DEEP
C_peak2.75_x60_w12_e2_b7,1790889840000,1790889900000,LIGHT
C_peak2.75_x60_w12_e2_b7,1790889900000,1790890320000,DEEP
C_peak2.75_x60_w12_e2_b7,1790890320000,1790890920000,LIGHT
C_peak2.75_x60_w12_e2_b7,1790890920000,1790891340000,DEEP
C_peak2.75_x60_w12_e2_b7,1790891340000,1790892960000,LIGHT
C_peak2.75_x60_w12_e2_b7,1790892960000,1790893380000,DEEP
C_peak2.75_x60_w12_e2_b7,1790893380000,1790893560000,LIGHT
C_peak2.75_x60_w12_e2_b7,1790893560000,1790894400000,DEEP
C_peak2.75_x60_w12_e2_b7,1790894400000,1790895060000,LIGHT
C_peak2.75_x60_w12_e2_b7,1790895060000,1790896320000,DEEP
C_peak2.75_x60_w12_e2_b7,1790896320000,1790896349427,LIGHT
C_peak2.75_x60_w13_e1_b5,1790875829427,1790880300000,LIGHT
C_peak2.75_x60_w13_e1_b5,1790880300000,1790881140000,DEEP
C_peak2.75_x60_w13_e1_b5,1790881140000,1790881680000,LIGHT
C_peak2.75_x60_w13_e1_b5,1790881680000,1790881980000,DEEP
C_peak2.75_x60_w13_e1_b5,1790881980000,1790885820000,LIGHT
C_peak2.75_x60_w13_e1_b5,1790885820000,1790886120000,DEEP
C_peak2.75_x60_w13_e1_b5,1790886120000,1790886300000,LIGHT
C_peak2.75_x60_w13_e1_b5,1790886300000,1790889780000,DEEP
C_peak2.75_x60_w13_e1_b5,1790889780000,1790890980000,LIGHT
C_peak2.75_x60_w13_e1_b5,1790890980000,1790891280000,DEEP
C_peak2.75_x60_w13_e1_b5,1790891280000,1790893020000,LIGHT
C_peak2.75_x60_w13_e1_b5,1790893020000,1790893320000,DEEP
C_peak2.75_x60_w13_e1_b5,1790893320000,1790893560000,LIGHT
C_peak2.75_x60_w13_e1_b5,1790893560000,1790894340000,DEEP
C_peak2.75_x60_w13_e1_b5,1790894340000,1790895120000,LIGHT
C_peak2.75_x60_w13_e1_b5,1790895120000,1790896320000,DEEP
C_peak2.75_x60_w13_e1_b5,1790896320000,1790896349427,LIGHT
C_peak2.75_x60_w13_e1_b6,1790875829427,1790880300000,LIGHT
C_peak2.75_x60_w13_e1_b6,1790880300000,1790881140000,DEEP
C_peak2.75_x60_w13_e1_b6,1790881140000,1790886300000,LIGHT
C_peak2.75_x60_w13_e1_b6,1790886300000,1790889780000,DEEP
C_peak2.75_x60_w13_e1_b6,1790889780000,1790893560000,LIGHT
C_peak2.75_x60_w13_e1_b6,1790893560000,1790894340000,DEEP
C_peak2.75_x60_w13_e1_b6,1790894340000,1790895120000,LIGHT
C_peak2.75_x60_w13_e1_b6,1790895120000,1790896320000,DEEP
C_peak2.75_x60_w13_e1_b6,1790896320000,1790896349427,LIGHT
C_peak2.75_x60_w13_e1_b7,1790875829427,1790880300000,LIGHT
C_peak2.75_x60_w13_e1_b7,1790880300000,1790881140000,DEEP
C_peak2.75_x60_w13_e1_b7,1790881140000,1790886300000,LIGHT
C_peak2.75_x60_w13_e1_b7,1790886300000,1790889780000,DEEP
C_peak2.75_x60_w13_e1_b7,1790889780000,1790893560000,LIGHT
C_peak2.75_x60_w13_e1_b7,1790893560000,1790894340000,DEEP
C_peak2.75_x60_w13_e1_b7,1790894340000,1790895120000,LIGHT
C_peak2.75_x60_w13_e1_b7,1790895120000,1790896320000,DEEP
C_peak2.75_x60_w13_e1_b7,1790896320000,1790896349427,LIGHT
C_peak2.75_x60_w13_e2_b5,1790875829427,1790880360000,LIGHT
C_peak2.75_x60_w13_e2_b5,1790880360000,1790881200000,DEEP
C_peak2.75_x60_w13_e2_b5,1790881200000,1790881620000,LIGHT
C_peak2.75_x60_w13_e2_b5,1790881620000,1790882100000,DEEP
C_peak2.75_x60_w13_e2_b5,1790882100000,1790885820000,LIGHT
C_peak2.75_x60_w13_e2_b5,1790885820000,1790886180000,DEEP
C_peak2.75_x60_w13_e2_b5,1790886180000,1790886300000,LIGHT
C_peak2.75_x60_w13_e2_b5,1790886300000,1790889840000,DEEP
C_peak2.75_x60_w13_e2_b5,1790889840000,1790889900000,LIGHT
C_peak2.75_x60_w13_e2_b5,1790889900000,1790890320000,DEEP
C_peak2.75_x60_w13_e2_b5,1790890320000,1790890560000,LIGHT
C_peak2.75_x60_w13_e2_b5,1790890560000,1790890860000,DEEP
C_peak2.75_x60_w13_e2_b5,1790890860000,1790890980000,LIGHT
C_peak2.75_x60_w13_e2_b5,1790890980000,1790891340000,DEEP
C_peak2.75_x60_w13_e2_b5,1790891340000,1790893020000,LIGHT
C_peak2.75_x60_w13_e2_b5,1790893020000,1790893380000,DEEP
C_peak2.75_x60_w13_e2_b5,1790893380000,1790893560000,LIGHT
C_peak2.75_x60_w13_e2_b5,1790893560000,1790894400000,DEEP
C_peak2.75_x60_w13_e2_b5,1790894400000,1790894580000,LIGHT
C_peak2.75_x60_w13_e2_b5,1790894580000,1790894880000,DEEP
C_peak2.75_x60_w13_e2_b5,1790894880000,1790895120000,LIGHT
C_peak2.75_x60_w13_e2_b5,1790895120000,1790896320000,DEEP
C_peak2.75_x60_w13_e2_b5,1790896320000,1790896349427,LIGHT
C_peak2.75_x60_w13_e2_b6,1790875829427,1790880360000,LIGHT
C_peak2.75_x60_w13_e2_b6,1790880360000,1790881200000,DEEP
C_peak2.75_x60_w13_e2_b6,1790881200000,1790881620000,LIGHT
C_peak2.75_x60_w13_e2_b6,1790881620000,1790882100000,DEEP
C_peak2.75_x60_w13_e2_b6,1790882100000,1790885820000,LIGHT
C_peak2.75_x60_w13_e2_b6,1790885820000,1790886180000,DEEP
C_peak2.75_x60_w13_e2_b6,1790886180000,1790886300000,LIGHT
C_peak2.75_x60_w13_e2_b6,1790886300000,1790889840000,DEEP
C_peak2.75_x60_w13_e2_b6,1790889840000,1790889900000,LIGHT
C_peak2.75_x60_w13_e2_b6,1790889900000,1790890320000,DEEP
C_peak2.75_x60_w13_e2_b6,1790890320000,1790890980000,LIGHT
C_peak2.75_x60_w13_e2_b6,1790890980000,1790891340000,DEEP
C_peak2.75_x60_w13_e2_b6,1790891340000,1790893020000,LIGHT
C_peak2.75_x60_w13_e2_b6,1790893020000,1790893380000,DEEP
C_peak2.75_x60_w13_e2_b6,1790893380000,1790893560000,LIGHT
C_peak2.75_x60_w13_e2_b6,1790893560000,1790894400000,DEEP
C_peak2.75_x60_w13_e2_b6,1790894400000,1790895120000,LIGHT
C_peak2.75_x60_w13_e2_b6,1790895120000,1790896320000,DEEP
C_peak2.75_x60_w13_e2_b6,1790896320000,1790896349427,LIGHT
C_peak2.75_x60_w13_e2_b7,1790875829427,1790880360000,LIGHT
C_peak2.75_x60_w13_e2_b7,1790880360000,1790881200000,DEEP
C_peak2.75_x60_w13_e2_b7,1790881200000,1790881620000,LIGHT
C_peak2.75_x60_w13_e2_b7,1790881620000,1790882100000,DEEP
C_peak2.75_x60_w13_e2_b7,1790882100000,1790886300000,LIGHT
C_peak2.75_x60_w13_e2_b7,1790886300000,1790889840000,DEEP
C_peak2.75_x60_w13_e2_b7,1790889840000,1790889900000,LIGHT
C_peak2.75_x60_w13_e2_b7,1790889900000,1790890320000,DEEP
C_peak2.75_x60_w13_e2_b7,1790890320000,1790893560000,LIGHT
C_peak2.75_x60_w13_e2_b7,1790893560000,1790894400000,DEEP
C_peak2.75_x60_w13_e2_b7,1790894400000,1790895120000,LIGHT
C_peak2.75_x60_w13_e2_b7,1790895120000,1790896320000,DEEP
C_peak2.75_x60_w13_e2_b7,1790896320000,1790896349427,LIGHT
C_peak2.75_x60_w14_e1_b5,1790875829427,1790880300000,LIGHT
C_peak2.75_x60_w14_e1_b5,1790880300000,1790881140000,DEEP
C_peak2.75_x60_w14_e1_b5,1790881140000,1790881680000,LIGHT
C_peak2.75_x60_w14_e1_b5,1790881680000,1790881980000,DEEP
C_peak2.75_x60_w14_e1_b5,1790881980000,1790885820000,LIGHT
C_peak2.75_x60_w14_e1_b5,1790885820000,1790886120000,DEEP
C_peak2.75_x60_w14_e1_b5,1790886120000,1790886300000,LIGHT
C_peak2.75_x60_w14_e1_b5,1790886300000,1790889780000,DEEP
C_peak2.75_x60_w14_e1_b5,1790889780000,1790890980000,LIGHT
C_peak2.75_x60_w14_e1_b5,1790890980000,1790891280000,DEEP
C_peak2.75_x60_w14_e1_b5,1790891280000,1790893020000,LIGHT
C_peak2.75_x60_w14_e1_b5,1790893020000,1790893320000,DEEP
C_peak2.75_x60_w14_e1_b5,1790893320000,1790893560000,LIGHT
C_peak2.75_x60_w14_e1_b5,1790893560000,1790894340000,DEEP
C_peak2.75_x60_w14_e1_b5,1790894340000,1790895120000,LIGHT
C_peak2.75_x60_w14_e1_b5,1790895120000,1790896320000,DEEP
C_peak2.75_x60_w14_e1_b5,1790896320000,1790896349427,LIGHT
C_peak2.75_x60_w14_e1_b6,1790875829427,1790880300000,LIGHT
C_peak2.75_x60_w14_e1_b6,1790880300000,1790881140000,DEEP
C_peak2.75_x60_w14_e1_b6,1790881140000,1790886300000,LIGHT
C_peak2.75_x60_w14_e1_b6,1790886300000,1790889780000,DEEP
C_peak2.75_x60_w14_e1_b6,1790889780000,1790893560000,LIGHT
C_peak2.75_x60_w14_e1_b6,1790893560000,1790894340000,DEEP
C_peak2.75_x60_w14_e1_b6,1790894340000,1790895120000,LIGHT
C_peak2.75_x60_w14_e1_b6,1790895120000,1790896320000,DEEP
C_peak2.75_x60_w14_e1_b6,1790896320000,1790896349427,LIGHT
C_peak2.75_x60_w14_e1_b7,1790875829427,1790880300000,LIGHT
C_peak2.75_x60_w14_e1_b7,1790880300000,1790881140000,DEEP
C_peak2.75_x60_w14_e1_b7,1790881140000,1790886300000,LIGHT
C_peak2.75_x60_w14_e1_b7,1790886300000,1790889780000,DEEP
C_peak2.75_x60_w14_e1_b7,1790889780000,1790893560000,LIGHT
C_peak2.75_x60_w14_e1_b7,1790893560000,1790894340000,DEEP
C_peak2.75_x60_w14_e1_b7,1790894340000,1790895120000,LIGHT
C_peak2.75_x60_w14_e1_b7,1790895120000,1790896320000,DEEP
C_peak2.75_x60_w14_e1_b7,1790896320000,1790896349427,LIGHT
C_peak2.75_x60_w14_e2_b5,1790875829427,1790880360000,LIGHT
C_peak2.75_x60_w14_e2_b5,1790880360000,1790881200000,DEEP
C_peak2.75_x60_w14_e2_b5,1790881200000,1790881620000,LIGHT
C_peak2.75_x60_w14_e2_b5,1790881620000,1790882100000,DEEP
C_peak2.75_x60_w14_e2_b5,1790882100000,1790885820000,LIGHT
C_peak2.75_x60_w14_e2_b5,1790885820000,1790886180000,DEEP
C_peak2.75_x60_w14_e2_b5,1790886180000,1790886300000,LIGHT
C_peak2.75_x60_w14_e2_b5,1790886300000,1790889840000,DEEP
C_peak2.75_x60_w14_e2_b5,1790889840000,1790889900000,LIGHT
C_peak2.75_x60_w14_e2_b5,1790889900000,1790890320000,DEEP
C_peak2.75_x60_w14_e2_b5,1790890320000,1790890560000,LIGHT
C_peak2.75_x60_w14_e2_b5,1790890560000,1790890860000,DEEP
C_peak2.75_x60_w14_e2_b5,1790890860000,1790890980000,LIGHT
C_peak2.75_x60_w14_e2_b5,1790890980000,1790891340000,DEEP
C_peak2.75_x60_w14_e2_b5,1790891340000,1790893020000,LIGHT
C_peak2.75_x60_w14_e2_b5,1790893020000,1790893380000,DEEP
C_peak2.75_x60_w14_e2_b5,1790893380000,1790893560000,LIGHT
C_peak2.75_x60_w14_e2_b5,1790893560000,1790894400000,DEEP
C_peak2.75_x60_w14_e2_b5,1790894400000,1790894580000,LIGHT
C_peak2.75_x60_w14_e2_b5,1790894580000,1790894880000,DEEP
C_peak2.75_x60_w14_e2_b5,1790894880000,1790895120000,LIGHT
C_peak2.75_x60_w14_e2_b5,1790895120000,1790896320000,DEEP
C_peak2.75_x60_w14_e2_b5,1790896320000,1790896349427,LIGHT
C_peak2.75_x60_w14_e2_b6,1790875829427,1790880360000,LIGHT
C_peak2.75_x60_w14_e2_b6,1790880360000,1790881200000,DEEP
C_peak2.75_x60_w14_e2_b6,1790881200000,1790881620000,LIGHT
C_peak2.75_x60_w14_e2_b6,1790881620000,1790882100000,DEEP
C_peak2.75_x60_w14_e2_b6,1790882100000,1790885820000,LIGHT
C_peak2.75_x60_w14_e2_b6,1790885820000,1790886180000,DEEP
C_peak2.75_x60_w14_e2_b6,1790886180000,1790886300000,LIGHT
C_peak2.75_x60_w14_e2_b6,1790886300000,1790889840000,DEEP
C_peak2.75_x60_w14_e2_b6,1790889840000,1790889900000,LIGHT
C_peak2.75_x60_w14_e2_b6,1790889900000,1790890320000,DEEP
C_peak2.75_x60_w14_e2_b6,1790890320000,1790890980000,LIGHT
C_peak2.75_x60_w14_e2_b6,1790890980000,1790891340000,DEEP
C_peak2.75_x60_w14_e2_b6,1790891340000,1790893020000,LIGHT
C_peak2.75_x60_w14_e2_b6,1790893020000,1790893380000,DEEP
C_peak2.75_x60_w14_e2_b6,1790893380000,1790893560000,LIGHT
C_peak2.75_x60_w14_e2_b6,1790893560000,1790894400000,DEEP
C_peak2.75_x60_w14_e2_b6,1790894400000,1790895120000,LIGHT
C_peak2.75_x60_w14_e2_b6,1790895120000,1790896320000,DEEP
C_peak2.75_x60_w14_e2_b6,1790896320000,1790896349427,LIGHT
C_peak2.75_x60_w14_e2_b7,1790875829427,1790880360000,LIGHT
C_peak2.75_x60_w14_e2_b7,1790880360000,1790881200000,DEEP
C_peak2.75_x60_w14_e2_b7,1790881200000,1790881620000,LIGHT
C_peak2.75_x60_w14_e2_b7,1790881620000,1790882100000,DEEP
C_peak2.75_x60_w14_e2_b7,1790882100000,1790886300000,LIGHT
C_peak2.75_x60_w14_e2_b7,1790886300000,1790889840000,DEEP
C_peak2.75_x60_w14_e2_b7,1790889840000,1790889900000,LIGHT
C_peak2.75_x60_w14_e2_b7,1790889900000,1790890320000,DEEP
C_peak2.75_x60_w14_e2_b7,1790890320000,1790893560000,LIGHT
C_peak2.75_x60_w14_e2_b7,1790893560000,1790894400000,DEEP
C_peak2.75_x60_w14_e2_b7,1790894400000,1790895120000,LIGHT
C_peak2.75_x60_w14_e2_b7,1790895120000,1790896320000,DEEP
C_peak2.75_x60_w14_e2_b7,1790896320000,1790896349427,LIGHT
C_peak2.75_x60_w15_e1_b5,1790875829427,1790880300000,LIGHT
C_peak2.75_x60_w15_e1_b5,1790880300000,1790881140000,DEEP
C_peak2.75_x60_w15_e1_b5,1790881140000,1790881680000,LIGHT
C_peak2.75_x60_w15_e1_b5,1790881680000,1790881980000,DEEP
C_peak2.75_x60_w15_e1_b5,1790881980000,1790885820000,LIGHT
C_peak2.75_x60_w15_e1_b5,1790885820000,1790886120000,DEEP
C_peak2.75_x60_w15_e1_b5,1790886120000,1790886300000,LIGHT
C_peak2.75_x60_w15_e1_b5,1790886300000,1790889780000,DEEP
C_peak2.75_x60_w15_e1_b5,1790889780000,1790893560000,LIGHT
C_peak2.75_x60_w15_e1_b5,1790893560000,1790894340000,DEEP
C_peak2.75_x60_w15_e1_b5,1790894340000,1790895180000,LIGHT
C_peak2.75_x60_w15_e1_b5,1790895180000,1790896320000,DEEP
C_peak2.75_x60_w15_e1_b5,1790896320000,1790896349427,LIGHT
C_peak2.75_x60_w15_e1_b6,1790875829427,1790880300000,LIGHT
C_peak2.75_x60_w15_e1_b6,1790880300000,1790881140000,DEEP
C_peak2.75_x60_w15_e1_b6,1790881140000,1790886300000,LIGHT
C_peak2.75_x60_w15_e1_b6,1790886300000,1790889780000,DEEP
C_peak2.75_x60_w15_e1_b6,1790889780000,1790893560000,LIGHT
C_peak2.75_x60_w15_e1_b6,1790893560000,1790894340000,DEEP
C_peak2.75_x60_w15_e1_b6,1790894340000,1790895180000,LIGHT
C_peak2.75_x60_w15_e1_b6,1790895180000,1790896320000,DEEP
C_peak2.75_x60_w15_e1_b6,1790896320000,1790896349427,LIGHT
C_peak2.75_x60_w15_e1_b7,1790875829427,1790880300000,LIGHT
C_peak2.75_x60_w15_e1_b7,1790880300000,1790881140000,DEEP
C_peak2.75_x60_w15_e1_b7,1790881140000,1790886300000,LIGHT
C_peak2.75_x60_w15_e1_b7,1790886300000,1790889780000,DEEP
C_peak2.75_x60_w15_e1_b7,1790889780000,1790893560000,LIGHT
C_peak2.75_x60_w15_e1_b7,1790893560000,1790894340000,DEEP
C_peak2.75_x60_w15_e1_b7,1790894340000,1790895180000,LIGHT
C_peak2.75_x60_w15_e1_b7,1790895180000,1790896320000,DEEP
C_peak2.75_x60_w15_e1_b7,1790896320000,1790896349427,LIGHT
C_peak2.75_x60_w15_e2_b5,1790875829427,1790880360000,LIGHT
C_peak2.75_x60_w15_e2_b5,1790880360000,1790881200000,DEEP
C_peak2.75_x60_w15_e2_b5,1790881200000,1790881620000,LIGHT
C_peak2.75_x60_w15_e2_b5,1790881620000,1790882100000,DEEP
C_peak2.75_x60_w15_e2_b5,1790882100000,1790885820000,LIGHT
C_peak2.75_x60_w15_e2_b5,1790885820000,1790886180000,DEEP
C_peak2.75_x60_w15_e2_b5,1790886180000,1790886300000,LIGHT
C_peak2.75_x60_w15_e2_b5,1790886300000,1790889840000,DEEP
C_peak2.75_x60_w15_e2_b5,1790889840000,1790889900000,LIGHT
C_peak2.75_x60_w15_e2_b5,1790889900000,1790890320000,DEEP
C_peak2.75_x60_w15_e2_b5,1790890320000,1790890560000,LIGHT
C_peak2.75_x60_w15_e2_b5,1790890560000,1790890860000,DEEP
C_peak2.75_x60_w15_e2_b5,1790890860000,1790891040000,LIGHT
C_peak2.75_x60_w15_e2_b5,1790891040000,1790891340000,DEEP
C_peak2.75_x60_w15_e2_b5,1790891340000,1790893080000,LIGHT
C_peak2.75_x60_w15_e2_b5,1790893080000,1790893380000,DEEP
C_peak2.75_x60_w15_e2_b5,1790893380000,1790893560000,LIGHT
C_peak2.75_x60_w15_e2_b5,1790893560000,1790894400000,DEEP
C_peak2.75_x60_w15_e2_b5,1790894400000,1790894580000,LIGHT
C_peak2.75_x60_w15_e2_b5,1790894580000,1790894880000,DEEP
C_peak2.75_x60_w15_e2_b5,1790894880000,1790895180000,LIGHT
C_peak2.75_x60_w15_e2_b5,1790895180000,1790896320000,DEEP
C_peak2.75_x60_w15_e2_b5,1790896320000,1790896349427,LIGHT
C_peak2.75_x60_w15_e2_b6,1790875829427,1790880360000,LIGHT
C_peak2.75_x60_w15_e2_b6,1790880360000,1790881200000,DEEP
C_peak2.75_x60_w15_e2_b6,1790881200000,1790881620000,LIGHT
C_peak2.75_x60_w15_e2_b6,1790881620000,1790882100000,DEEP
C_peak2.75_x60_w15_e2_b6,1790882100000,1790885820000,LIGHT
C_peak2.75_x60_w15_e2_b6,1790885820000,1790886180000,DEEP
C_peak2.75_x60_w15_e2_b6,1790886180000,1790886300000,LIGHT
C_peak2.75_x60_w15_e2_b6,1790886300000,1790889840000,DEEP
C_peak2.75_x60_w15_e2_b6,1790889840000,1790889900000,LIGHT
C_peak2.75_x60_w15_e2_b6,1790889900000,1790890320000,DEEP
C_peak2.75_x60_w15_e2_b6,1790890320000,1790893560000,LIGHT
C_peak2.75_x60_w15_e2_b6,1790893560000,1790894400000,DEEP
C_peak2.75_x60_w15_e2_b6,1790894400000,1790895180000,LIGHT
C_peak2.75_x60_w15_e2_b6,1790895180000,1790896320000,DEEP
C_peak2.75_x60_w15_e2_b6,1790896320000,1790896349427,LIGHT
C_peak2.75_x60_w15_e2_b7,1790875829427,1790880360000,LIGHT
C_peak2.75_x60_w15_e2_b7,1790880360000,1790881200000,DEEP
C_peak2.75_x60_w15_e2_b7,1790881200000,1790881620000,LIGHT
C_peak2.75_x60_w15_e2_b7,1790881620000,1790882100000,DEEP
C_peak2.75_x60_w15_e2_b7,1790882100000,1790886300000,LIGHT
C_peak2.75_x60_w15_e2_b7,1790886300000,1790889840000,DEEP
C_peak2.75_x60_w15_e2_b7,1790889840000,1790889900000,LIGHT
C_peak2.75_x60_w15_e2_b7,1790889900000,1790890320000,DEEP
C_peak2.75_x60_w15_e2_b7,1790890320000,1790893560000,LIGHT
C_peak2.75_x60_w15_e2_b7,1790893560000,1790894400000,DEEP
C_peak2.75_x60_w15_e2_b7,1790894400000,1790895180000,LIGHT
C_peak2.75_x60_w15_e2_b7,1790895180000,1790896320000,DEEP
C_peak2.75_x60_w15_e2_b7,1790896320000,1790896349427,LIGHT
C_peak2.75_x62_w12_e1_b5,1790875829427,1790880120000,LIGHT
C_peak2.75_x62_w12_e1_b5,1790880120000,1790881140000,DEEP
C_peak2.75_x62_w12_e1_b5,1790881140000,1790881680000,LIGHT
C_peak2.75_x62_w12_e1_b5,1790881680000,1790881980000,DEEP
C_peak2.75_x62_w12_e1_b5,1790881980000,1790885820000,LIGHT
C_peak2.75_x62_w12_e1_b5,1790885820000,1790886120000,DEEP
C_peak2.75_x62_w12_e1_b5,1790886120000,1790886300000,LIGHT
C_peak2.75_x62_w12_e1_b5,1790886300000,1790890260000,DEEP
C_peak2.75_x62_w12_e1_b5,1790890260000,1790890920000,LIGHT
C_peak2.75_x62_w12_e1_b5,1790890920000,1790891280000,DEEP
C_peak2.75_x62_w12_e1_b5,1790891280000,1790892960000,LIGHT
C_peak2.75_x62_w12_e1_b5,1790892960000,1790893320000,DEEP
C_peak2.75_x62_w12_e1_b5,1790893320000,1790893560000,LIGHT
C_peak2.75_x62_w12_e1_b5,1790893560000,1790894340000,DEEP
C_peak2.75_x62_w12_e1_b5,1790894340000,1790895060000,LIGHT
C_peak2.75_x62_w12_e1_b5,1790895060000,1790896320000,DEEP
C_peak2.75_x62_w12_e1_b5,1790896320000,1790896349427,LIGHT
C_peak2.75_x62_w12_e1_b6,1790875829427,1790880120000,LIGHT
C_peak2.75_x62_w12_e1_b6,1790880120000,1790881140000,DEEP
C_peak2.75_x62_w12_e1_b6,1790881140000,1790886300000,LIGHT
C_peak2.75_x62_w12_e1_b6,1790886300000,1790890260000,DEEP
C_peak2.75_x62_w12_e1_b6,1790890260000,1790890920000,LIGHT
C_peak2.75_x62_w12_e1_b6,1790890920000,1790891280000,DEEP
C_peak2.75_x62_w12_e1_b6,1790891280000,1790892960000,LIGHT
C_peak2.75_x62_w12_e1_b6,1790892960000,1790893320000,DEEP
C_peak2.75_x62_w12_e1_b6,1790893320000,1790893560000,LIGHT
C_peak2.75_x62_w12_e1_b6,1790893560000,1790894340000,DEEP
C_peak2.75_x62_w12_e1_b6,1790894340000,1790895060000,LIGHT
C_peak2.75_x62_w12_e1_b6,1790895060000,1790896320000,DEEP
C_peak2.75_x62_w12_e1_b6,1790896320000,1790896349427,LIGHT
C_peak2.75_x62_w12_e1_b7,1790875829427,1790880120000,LIGHT
C_peak2.75_x62_w12_e1_b7,1790880120000,1790881140000,DEEP
C_peak2.75_x62_w12_e1_b7,1790881140000,1790886300000,LIGHT
C_peak2.75_x62_w12_e1_b7,1790886300000,1790890260000,DEEP
C_peak2.75_x62_w12_e1_b7,1790890260000,1790893560000,LIGHT
C_peak2.75_x62_w12_e1_b7,1790893560000,1790894340000,DEEP
C_peak2.75_x62_w12_e1_b7,1790894340000,1790895060000,LIGHT
C_peak2.75_x62_w12_e1_b7,1790895060000,1790896320000,DEEP
C_peak2.75_x62_w12_e1_b7,1790896320000,1790896349427,LIGHT
C_peak2.75_x62_w12_e2_b5,1790875829427,1790880000000,LIGHT
C_peak2.75_x62_w12_e2_b5,1790880000000,1790881200000,DEEP
C_peak2.75_x62_w12_e2_b5,1790881200000,1790881620000,LIGHT
C_peak2.75_x62_w12_e2_b5,1790881620000,1790882100000,DEEP
C_peak2.75_x62_w12_e2_b5,1790882100000,1790885820000,LIGHT
C_peak2.75_x62_w12_e2_b5,1790885820000,1790886180000,DEEP
C_peak2.75_x62_w12_e2_b5,1790886180000,1790886300000,LIGHT
C_peak2.75_x62_w12_e2_b5,1790886300000,1790890320000,DEEP
C_peak2.75_x62_w12_e2_b5,1790890320000,1790890560000,LIGHT
C_peak2.75_x62_w12_e2_b5,1790890560000,1790890860000,DEEP
C_peak2.75_x62_w12_e2_b5,1790890860000,1790890920000,LIGHT
C_peak2.75_x62_w12_e2_b5,1790890920000,1790891340000,DEEP
C_peak2.75_x62_w12_e2_b5,1790891340000,1790892960000,LIGHT
C_peak2.75_x62_w12_e2_b5,1790892960000,1790893380000,DEEP
C_peak2.75_x62_w12_e2_b5,1790893380000,1790893560000,LIGHT
C_peak2.75_x62_w12_e2_b5,1790893560000,1790894400000,DEEP
C_peak2.75_x62_w12_e2_b5,1790894400000,1790894580000,LIGHT
C_peak2.75_x62_w12_e2_b5,1790894580000,1790894880000,DEEP
C_peak2.75_x62_w12_e2_b5,1790894880000,1790895060000,LIGHT
C_peak2.75_x62_w12_e2_b5,1790895060000,1790896320000,DEEP
C_peak2.75_x62_w12_e2_b5,1790896320000,1790896349427,LIGHT
C_peak2.75_x62_w12_e2_b6,1790875829427,1790880000000,LIGHT
C_peak2.75_x62_w12_e2_b6,1790880000000,1790881200000,DEEP
C_peak2.75_x62_w12_e2_b6,1790881200000,1790881620000,LIGHT
C_peak2.75_x62_w12_e2_b6,1790881620000,1790882100000,DEEP
C_peak2.75_x62_w12_e2_b6,1790882100000,1790885820000,LIGHT
C_peak2.75_x62_w12_e2_b6,1790885820000,1790886180000,DEEP
C_peak2.75_x62_w12_e2_b6,1790886180000,1790886300000,LIGHT
C_peak2.75_x62_w12_e2_b6,1790886300000,1790890320000,DEEP
C_peak2.75_x62_w12_e2_b6,1790890320000,1790890920000,LIGHT
C_peak2.75_x62_w12_e2_b6,1790890920000,1790891340000,DEEP
C_peak2.75_x62_w12_e2_b6,1790891340000,1790892960000,LIGHT
C_peak2.75_x62_w12_e2_b6,1790892960000,1790893380000,DEEP
C_peak2.75_x62_w12_e2_b6,1790893380000,1790893560000,LIGHT
C_peak2.75_x62_w12_e2_b6,1790893560000,1790894400000,DEEP
C_peak2.75_x62_w12_e2_b6,1790894400000,1790895060000,LIGHT
C_peak2.75_x62_w12_e2_b6,1790895060000,1790896320000,DEEP
C_peak2.75_x62_w12_e2_b6,1790896320000,1790896349427,LIGHT
C_peak2.75_x62_w12_e2_b7,1790875829427,1790880000000,LIGHT
C_peak2.75_x62_w12_e2_b7,1790880000000,1790881200000,DEEP
C_peak2.75_x62_w12_e2_b7,1790881200000,1790881620000,LIGHT
C_peak2.75_x62_w12_e2_b7,1790881620000,1790882100000,DEEP
C_peak2.75_x62_w12_e2_b7,1790882100000,1790886300000,LIGHT
C_peak2.75_x62_w12_e2_b7,1790886300000,1790890320000,DEEP
C_peak2.75_x62_w12_e2_b7,1790890320000,1790890920000,LIGHT
C_peak2.75_x62_w12_e2_b7,1790890920000,1790891340000,DEEP
C_peak2.75_x62_w12_e2_b7,1790891340000,1790892960000,LIGHT
C_peak2.75_x62_w12_e2_b7,1790892960000,1790893380000,DEEP
C_peak2.75_x62_w12_e2_b7,1790893380000,1790893560000,LIGHT
C_peak2.75_x62_w12_e2_b7,1790893560000,1790894400000,DEEP
C_peak2.75_x62_w12_e2_b7,1790894400000,1790895060000,LIGHT
C_peak2.75_x62_w12_e2_b7,1790895060000,1790896320000,DEEP
C_peak2.75_x62_w12_e2_b7,1790896320000,1790896349427,LIGHT
C_peak2.75_x62_w13_e1_b5,1790875829427,1790880060000,LIGHT
C_peak2.75_x62_w13_e1_b5,1790880060000,1790881140000,DEEP
C_peak2.75_x62_w13_e1_b5,1790881140000,1790881680000,LIGHT
C_peak2.75_x62_w13_e1_b5,1790881680000,1790881980000,DEEP
C_peak2.75_x62_w13_e1_b5,1790881980000,1790885820000,LIGHT
C_peak2.75_x62_w13_e1_b5,1790885820000,1790886120000,DEEP
C_peak2.75_x62_w13_e1_b5,1790886120000,1790886300000,LIGHT
C_peak2.75_x62_w13_e1_b5,1790886300000,1790890260000,DEEP
C_peak2.75_x62_w13_e1_b5,1790890260000,1790890980000,LIGHT
C_peak2.75_x62_w13_e1_b5,1790890980000,1790891280000,DEEP
C_peak2.75_x62_w13_e1_b5,1790891280000,1790893020000,LIGHT
C_peak2.75_x62_w13_e1_b5,1790893020000,1790893320000,DEEP
C_peak2.75_x62_w13_e1_b5,1790893320000,1790893560000,LIGHT
C_peak2.75_x62_w13_e1_b5,1790893560000,1790894340000,DEEP
C_peak2.75_x62_w13_e1_b5,1790894340000,1790895120000,LIGHT
C_peak2.75_x62_w13_e1_b5,1790895120000,1790896320000,DEEP
C_peak2.75_x62_w13_e1_b5,1790896320000,1790896349427,LIGHT
C_peak2.75_x62_w13_e1_b6,1790875829427,1790880060000,LIGHT
C_peak2.75_x62_w13_e1_b6,1790880060000,1790881140000,DEEP
C_peak2.75_x62_w13_e1_b6,1790881140000,1790886300000,LIGHT
C_peak2.75_x62_w13_e1_b6,1790886300000,1790890260000,DEEP
C_peak2.75_x62_w13_e1_b6,1790890260000,1790893560000,LIGHT
C_peak2.75_x62_w13_e1_b6,1790893560000,1790894340000,DEEP
C_peak2.75_x62_w13_e1_b6,1790894340000,1790895120000,LIGHT
C_peak2.75_x62_w13_e1_b6,1790895120000,1790896320000,DEEP
C_peak2.75_x62_w13_e1_b6,1790896320000,1790896349427,LIGHT
C_peak2.75_x62_w13_e1_b7,1790875829427,1790880060000,LIGHT
C_peak2.75_x62_w13_e1_b7,1790880060000,1790881140000,DEEP
C_peak2.75_x62_w13_e1_b7,1790881140000,1790886300000,LIGHT
C_peak2.75_x62_w13_e1_b7,1790886300000,1790890260000,DEEP
C_peak2.75_x62_w13_e1_b7,1790890260000,1790893560000,LIGHT
C_peak2.75_x62_w13_e1_b7,1790893560000,1790894340000,DEEP
C_peak2.75_x62_w13_e1_b7,1790894340000,1790895120000,LIGHT
C_peak2.75_x62_w13_e1_b7,1790895120000,1790896320000,DEEP
C_peak2.75_x62_w13_e1_b7,1790896320000,1790896349427,LIGHT
C_peak2.75_x62_w13_e2_b5,1790875829427,1790880060000,LIGHT
C_peak2.75_x62_w13_e2_b5,1790880060000,1790881200000,DEEP
C_peak2.75_x62_w13_e2_b5,1790881200000,1790881620000,LIGHT
C_peak2.75_x62_w13_e2_b5,1790881620000,1790882100000,DEEP
C_peak2.75_x62_w13_e2_b5,1790882100000,1790885820000,LIGHT
C_peak2.75_x62_w13_e2_b5,1790885820000,1790886180000,DEEP
C_peak2.75_x62_w13_e2_b5,1790886180000,1790886300000,LIGHT
C_peak2.75_x62_w13_e2_b5,1790886300000,1790890320000,DEEP
C_peak2.75_x62_w13_e2_b5,1790890320000,1790890560000,LIGHT
C_peak2.75_x62_w13_e2_b5,1790890560000,1790890860000,DEEP
C_peak2.75_x62_w13_e2_b5,1790890860000,1790890980000,LIGHT
C_peak2.75_x62_w13_e2_b5,1790890980000,1790891340000,DEEP
C_peak2.75_x62_w13_e2_b5,1790891340000,1790893020000,LIGHT
C_peak2.75_x62_w13_e2_b5,1790893020000,1790893380000,DEEP
C_peak2.75_x62_w13_e2_b5,1790893380000,1790893560000,LIGHT
C_peak2.75_x62_w13_e2_b5,1790893560000,1790894400000,DEEP
C_peak2.75_x62_w13_e2_b5,1790894400000,1790894580000,LIGHT
C_peak2.75_x62_w13_e2_b5,1790894580000,1790894880000,DEEP
C_peak2.75_x62_w13_e2_b5,1790894880000,1790895120000,LIGHT
C_peak2.75_x62_w13_e2_b5,1790895120000,1790896320000,DEEP
C_peak2.75_x62_w13_e2_b5,1790896320000,1790896349427,LIGHT
C_peak2.75_x62_w13_e2_b6,1790875829427,1790880060000,LIGHT
C_peak2.75_x62_w13_e2_b6,1790880060000,1790881200000,DEEP
C_peak2.75_x62_w13_e2_b6,1790881200000,1790881620000,LIGHT
C_peak2.75_x62_w13_e2_b6,1790881620000,1790882100000,DEEP
C_peak2.75_x62_w13_e2_b6,1790882100000,1790885820000,LIGHT
C_peak2.75_x62_w13_e2_b6,1790885820000,1790886180000,DEEP
C_peak2.75_x62_w13_e2_b6,1790886180000,1790886300000,LIGHT
C_peak2.75_x62_w13_e2_b6,1790886300000,1790890320000,DEEP
C_peak2.75_x62_w13_e2_b6,1790890320000,1790890980000,LIGHT
C_peak2.75_x62_w13_e2_b6,1790890980000,1790891340000,DEEP
C_peak2.75_x62_w13_e2_b6,1790891340000,1790893020000,LIGHT
C_peak2.75_x62_w13_e2_b6,1790893020000,1790893380000,DEEP
C_peak2.75_x62_w13_e2_b6,1790893380000,1790893560000,LIGHT
C_peak2.75_x62_w13_e2_b6,1790893560000,1790894400000,DEEP
C_peak2.75_x62_w13_e2_b6,1790894400000,1790895120000,LIGHT
C_peak2.75_x62_w13_e2_b6,1790895120000,1790896320000,DEEP
C_peak2.75_x62_w13_e2_b6,1790896320000,1790896349427,LIGHT
C_peak2.75_x62_w13_e2_b7,1790875829427,1790880060000,LIGHT
C_peak2.75_x62_w13_e2_b7,1790880060000,1790881200000,DEEP
C_peak2.75_x62_w13_e2_b7,1790881200000,1790881620000,LIGHT
C_peak2.75_x62_w13_e2_b7,1790881620000,1790882100000,DEEP
C_peak2.75_x62_w13_e2_b7,1790882100000,1790886300000,LIGHT
C_peak2.75_x62_w13_e2_b7,1790886300000,1790890320000,DEEP
C_peak2.75_x62_w13_e2_b7,1790890320000,1790893560000,LIGHT
C_peak2.75_x62_w13_e2_b7,1790893560000,1790894400000,DEEP
C_peak2.75_x62_w13_e2_b7,1790894400000,1790895120000,LIGHT
C_peak2.75_x62_w13_e2_b7,1790895120000,1790896320000,DEEP
C_peak2.75_x62_w13_e2_b7,1790896320000,1790896349427,LIGHT
C_peak2.75_x62_w14_e1_b5,1790875829427,1790880120000,LIGHT
C_peak2.75_x62_w14_e1_b5,1790880120000,1790881140000,DEEP
C_peak2.75_x62_w14_e1_b5,1790881140000,1790881680000,LIGHT
C_peak2.75_x62_w14_e1_b5,1790881680000,1790881980000,DEEP
C_peak2.75_x62_w14_e1_b5,1790881980000,1790885820000,LIGHT
C_peak2.75_x62_w14_e1_b5,1790885820000,1790886120000,DEEP
C_peak2.75_x62_w14_e1_b5,1790886120000,1790886300000,LIGHT
C_peak2.75_x62_w14_e1_b5,1790886300000,1790890260000,DEEP
C_peak2.75_x62_w14_e1_b5,1790890260000,1790890980000,LIGHT
C_peak2.75_x62_w14_e1_b5,1790890980000,1790891280000,DEEP
C_peak2.75_x62_w14_e1_b5,1790891280000,1790893020000,LIGHT
C_peak2.75_x62_w14_e1_b5,1790893020000,1790893320000,DEEP
C_peak2.75_x62_w14_e1_b5,1790893320000,1790893560000,LIGHT
C_peak2.75_x62_w14_e1_b5,1790893560000,1790894340000,DEEP
C_peak2.75_x62_w14_e1_b5,1790894340000,1790895120000,LIGHT
C_peak2.75_x62_w14_e1_b5,1790895120000,1790896320000,DEEP
C_peak2.75_x62_w14_e1_b5,1790896320000,1790896349427,LIGHT
C_peak2.75_x62_w14_e1_b6,1790875829427,1790880120000,LIGHT
C_peak2.75_x62_w14_e1_b6,1790880120000,1790881140000,DEEP
C_peak2.75_x62_w14_e1_b6,1790881140000,1790886300000,LIGHT
C_peak2.75_x62_w14_e1_b6,1790886300000,1790890260000,DEEP
C_peak2.75_x62_w14_e1_b6,1790890260000,1790893560000,LIGHT
C_peak2.75_x62_w14_e1_b6,1790893560000,1790894340000,DEEP
C_peak2.75_x62_w14_e1_b6,1790894340000,1790895120000,LIGHT
C_peak2.75_x62_w14_e1_b6,1790895120000,1790896320000,DEEP
C_peak2.75_x62_w14_e1_b6,1790896320000,1790896349427,LIGHT
C_peak2.75_x62_w14_e1_b7,1790875829427,1790880120000,LIGHT
C_peak2.75_x62_w14_e1_b7,1790880120000,1790881140000,DEEP
C_peak2.75_x62_w14_e1_b7,1790881140000,1790886300000,LIGHT
C_peak2.75_x62_w14_e1_b7,1790886300000,1790890260000,DEEP
C_peak2.75_x62_w14_e1_b7,1790890260000,1790893560000,LIGHT
C_peak2.75_x62_w14_e1_b7,1790893560000,1790894340000,DEEP
C_peak2.75_x62_w14_e1_b7,1790894340000,1790895120000,LIGHT
C_peak2.75_x62_w14_e1_b7,1790895120000,1790896320000,DEEP
C_peak2.75_x62_w14_e1_b7,1790896320000,1790896349427,LIGHT
C_peak2.75_x62_w14_e2_b5,1790875829427,1790880120000,LIGHT
C_peak2.75_x62_w14_e2_b5,1790880120000,1790881200000,DEEP
C_peak2.75_x62_w14_e2_b5,1790881200000,1790881620000,LIGHT
C_peak2.75_x62_w14_e2_b5,1790881620000,1790882100000,DEEP
C_peak2.75_x62_w14_e2_b5,1790882100000,1790885820000,LIGHT
C_peak2.75_x62_w14_e2_b5,1790885820000,1790886180000,DEEP
C_peak2.75_x62_w14_e2_b5,1790886180000,1790886300000,LIGHT
C_peak2.75_x62_w14_e2_b5,1790886300000,1790890320000,DEEP
C_peak2.75_x62_w14_e2_b5,1790890320000,1790890560000,LIGHT
C_peak2.75_x62_w14_e2_b5,1790890560000,1790890860000,DEEP
C_peak2.75_x62_w14_e2_b5,1790890860000,1790890980000,LIGHT
C_peak2.75_x62_w14_e2_b5,1790890980000,1790891340000,DEEP
C_peak2.75_x62_w14_e2_b5,1790891340000,1790893020000,LIGHT
C_peak2.75_x62_w14_e2_b5,1790893020000,1790893380000,DEEP
C_peak2.75_x62_w14_e2_b5,1790893380000,1790893560000,LIGHT
C_peak2.75_x62_w14_e2_b5,1790893560000,1790894400000,DEEP
C_peak2.75_x62_w14_e2_b5,1790894400000,1790894580000,LIGHT
C_peak2.75_x62_w14_e2_b5,1790894580000,1790894880000,DEEP
C_peak2.75_x62_w14_e2_b5,1790894880000,1790895120000,LIGHT
C_peak2.75_x62_w14_e2_b5,1790895120000,1790896320000,DEEP
C_peak2.75_x62_w14_e2_b5,1790896320000,1790896349427,LIGHT
C_peak2.75_x62_w14_e2_b6,1790875829427,1790880120000,LIGHT
C_peak2.75_x62_w14_e2_b6,1790880120000,1790881200000,DEEP
C_peak2.75_x62_w14_e2_b6,1790881200000,1790881620000,LIGHT
C_peak2.75_x62_w14_e2_b6,1790881620000,1790882100000,DEEP
C_peak2.75_x62_w14_e2_b6,1790882100000,1790885820000,LIGHT
C_peak2.75_x62_w14_e2_b6,1790885820000,1790886180000,DEEP
C_peak2.75_x62_w14_e2_b6,1790886180000,1790886300000,LIGHT
C_peak2.75_x62_w14_e2_b6,1790886300000,1790890320000,DEEP
C_peak2.75_x62_w14_e2_b6,1790890320000,1790890980000,LIGHT
C_peak2.75_x62_w14_e2_b6,1790890980000,1790891340000,DEEP
C_peak2.75_x62_w14_e2_b6,1790891340000,1790893020000,LIGHT
C_peak2.75_x62_w14_e2_b6,1790893020000,1790893380000,DEEP
C_peak2.75_x62_w14_e2_b6,1790893380000,1790893560000,LIGHT
C_peak2.75_x62_w14_e2_b6,1790893560000,1790894400000,DEEP
C_peak2.75_x62_w14_e2_b6,1790894400000,1790895120000,LIGHT
C_peak2.75_x62_w14_e2_b6,1790895120000,1790896320000,DEEP
C_peak2.75_x62_w14_e2_b6,1790896320000,1790896349427,LIGHT
C_peak2.75_x62_w14_e2_b7,1790875829427,1790880120000,LIGHT
C_peak2.75_x62_w14_e2_b7,1790880120000,1790881200000,DEEP
C_peak2.75_x62_w14_e2_b7,1790881200000,1790881620000,LIGHT
C_peak2.75_x62_w14_e2_b7,1790881620000,1790882100000,DEEP
C_peak2.75_x62_w14_e2_b7,1790882100000,1790886300000,LIGHT
C_peak2.75_x62_w14_e2_b7,1790886300000,1790890320000,DEEP
C_peak2.75_x62_w14_e2_b7,1790890320000,1790893560000,LIGHT
C_peak2.75_x62_w14_e2_b7,1790893560000,1790894400000,DEEP
C_peak2.75_x62_w14_e2_b7,1790894400000,1790895120000,LIGHT
C_peak2.75_x62_w14_e2_b7,1790895120000,1790896320000,DEEP
C_peak2.75_x62_w14_e2_b7,1790896320000,1790896349427,LIGHT
C_peak2.75_x62_w15_e1_b5,1790875829427,1790880180000,LIGHT
C_peak2.75_x62_w15_e1_b5,1790880180000,1790881140000,DEEP
C_peak2.75_x62_w15_e1_b5,1790881140000,1790881680000,LIGHT
C_peak2.75_x62_w15_e1_b5,1790881680000,1790881980000,DEEP
C_peak2.75_x62_w15_e1_b5,1790881980000,1790885820000,LIGHT
C_peak2.75_x62_w15_e1_b5,1790885820000,1790886120000,DEEP
C_peak2.75_x62_w15_e1_b5,1790886120000,1790886300000,LIGHT
C_peak2.75_x62_w15_e1_b5,1790886300000,1790890260000,DEEP
C_peak2.75_x62_w15_e1_b5,1790890260000,1790893560000,LIGHT
C_peak2.75_x62_w15_e1_b5,1790893560000,1790894340000,DEEP
C_peak2.75_x62_w15_e1_b5,1790894340000,1790895180000,LIGHT
C_peak2.75_x62_w15_e1_b5,1790895180000,1790896320000,DEEP
C_peak2.75_x62_w15_e1_b5,1790896320000,1790896349427,LIGHT
C_peak2.75_x62_w15_e1_b6,1790875829427,1790880180000,LIGHT
C_peak2.75_x62_w15_e1_b6,1790880180000,1790881140000,DEEP
C_peak2.75_x62_w15_e1_b6,1790881140000,1790886300000,LIGHT
C_peak2.75_x62_w15_e1_b6,1790886300000,1790890260000,DEEP
C_peak2.75_x62_w15_e1_b6,1790890260000,1790893560000,LIGHT
C_peak2.75_x62_w15_e1_b6,1790893560000,1790894340000,DEEP
C_peak2.75_x62_w15_e1_b6,1790894340000,1790895180000,LIGHT
C_peak2.75_x62_w15_e1_b6,1790895180000,1790896320000,DEEP
C_peak2.75_x62_w15_e1_b6,1790896320000,1790896349427,LIGHT
C_peak2.75_x62_w15_e1_b7,1790875829427,1790880180000,LIGHT
C_peak2.75_x62_w15_e1_b7,1790880180000,1790881140000,DEEP
C_peak2.75_x62_w15_e1_b7,1790881140000,1790886300000,LIGHT
C_peak2.75_x62_w15_e1_b7,1790886300000,1790890260000,DEEP
C_peak2.75_x62_w15_e1_b7,1790890260000,1790893560000,LIGHT
C_peak2.75_x62_w15_e1_b7,1790893560000,1790894340000,DEEP
C_peak2.75_x62_w15_e1_b7,1790894340000,1790895180000,LIGHT
C_peak2.75_x62_w15_e1_b7,1790895180000,1790896320000,DEEP
C_peak2.75_x62_w15_e1_b7,1790896320000,1790896349427,LIGHT
C_peak2.75_x62_w15_e2_b5,1790875829427,1790880180000,LIGHT
C_peak2.75_x62_w15_e2_b5,1790880180000,1790881200000,DEEP
C_peak2.75_x62_w15_e2_b5,1790881200000,1790881620000,LIGHT
C_peak2.75_x62_w15_e2_b5,1790881620000,1790882100000,DEEP
C_peak2.75_x62_w15_e2_b5,1790882100000,1790885820000,LIGHT
C_peak2.75_x62_w15_e2_b5,1790885820000,1790886180000,DEEP
C_peak2.75_x62_w15_e2_b5,1790886180000,1790886300000,LIGHT
C_peak2.75_x62_w15_e2_b5,1790886300000,1790890320000,DEEP
C_peak2.75_x62_w15_e2_b5,1790890320000,1790890560000,LIGHT
C_peak2.75_x62_w15_e2_b5,1790890560000,1790890860000,DEEP
C_peak2.75_x62_w15_e2_b5,1790890860000,1790891040000,LIGHT
C_peak2.75_x62_w15_e2_b5,1790891040000,1790891340000,DEEP
C_peak2.75_x62_w15_e2_b5,1790891340000,1790893080000,LIGHT
C_peak2.75_x62_w15_e2_b5,1790893080000,1790893380000,DEEP
C_peak2.75_x62_w15_e2_b5,1790893380000,1790893560000,LIGHT
C_peak2.75_x62_w15_e2_b5,1790893560000,1790894400000,DEEP
C_peak2.75_x62_w15_e2_b5,1790894400000,1790894580000,LIGHT
C_peak2.75_x62_w15_e2_b5,1790894580000,1790894880000,DEEP
C_peak2.75_x62_w15_e2_b5,1790894880000,1790895180000,LIGHT
C_peak2.75_x62_w15_e2_b5,1790895180000,1790896320000,DEEP
C_peak2.75_x62_w15_e2_b5,1790896320000,1790896349427,LIGHT
C_peak2.75_x62_w15_e2_b6,1790875829427,1790880180000,LIGHT
C_peak2.75_x62_w15_e2_b6,1790880180000,1790881200000,DEEP
C_peak2.75_x62_w15_e2_b6,1790881200000,1790881620000,LIGHT
C_peak2.75_x62_w15_e2_b6,1790881620000,1790882100000,DEEP
C_peak2.75_x62_w15_e2_b6,1790882100000,1790885820000,LIGHT
C_peak2.75_x62_w15_e2_b6,1790885820000,1790886180000,DEEP
C_peak2.75_x62_w15_e2_b6,1790886180000,1790886300000,LIGHT
C_peak2.75_x62_w15_e2_b6,1790886300000,1790890320000,DEEP
C_peak2.75_x62_w15_e2_b6,1790890320000,1790893560000,LIGHT
C_peak2.75_x62_w15_e2_b6,1790893560000,1790894400000,DEEP
C_peak2.75_x62_w15_e2_b6,1790894400000,1790895180000,LIGHT
C_peak2.75_x62_w15_e2_b6,1790895180000,1790896320000,DEEP
C_peak2.75_x62_w15_e2_b6,1790896320000,1790896349427,LIGHT
C_peak2.75_x62_w15_e2_b7,1790875829427,1790880180000,LIGHT
C_peak2.75_x62_w15_e2_b7,1790880180000,1790881200000,DEEP
C_peak2.75_x62_w15_e2_b7,1790881200000,1790881620000,LIGHT
C_peak2.75_x62_w15_e2_b7,1790881620000,1790882100000,DEEP
C_peak2.75_x62_w15_e2_b7,1790882100000,1790886300000,LIGHT
C_peak2.75_x62_w15_e2_b7,1790886300000,1790890320000,DEEP
C_peak2.75_x62_w15_e2_b7,1790890320000,1790893560000,LIGHT
C_peak2.75_x62_w15_e2_b7,1790893560000,1790894400000,DEEP
C_peak2.75_x62_w15_e2_b7,1790894400000,1790895180000,LIGHT
C_peak2.75_x62_w15_e2_b7,1790895180000,1790896320000,DEEP
C_peak2.75_x62_w15_e2_b7,1790896320000,1790896349427,LIGHT
C_peak2.75_x65_w12_e1_b5,1790875829427,1790880120000,LIGHT
C_peak2.75_x65_w12_e1_b5,1790880120000,1790881140000,DEEP
C_peak2.75_x65_w12_e1_b5,1790881140000,1790881320000,LIGHT
C_peak2.75_x65_w12_e1_b5,1790881320000,1790882100000,DEEP
C_peak2.75_x65_w12_e1_b5,1790882100000,1790885280000,LIGHT
C_peak2.75_x65_w12_e1_b5,1790885280000,1790885580000,DEEP
C_peak2.75_x65_w12_e1_b5,1790885580000,1790885820000,LIGHT
C_peak2.75_x65_w12_e1_b5,1790885820000,1790886120000,DEEP
C_peak2.75_x65_w12_e1_b5,1790886120000,1790886300000,LIGHT
C_peak2.75_x65_w12_e1_b5,1790886300000,1790890260000,DEEP
C_peak2.75_x65_w12_e1_b5,1790890260000,1790890920000,LIGHT
C_peak2.75_x65_w12_e1_b5,1790890920000,1790891280000,DEEP
C_peak2.75_x65_w12_e1_b5,1790891280000,1790892960000,LIGHT
C_peak2.75_x65_w12_e1_b5,1790892960000,1790893320000,DEEP
C_peak2.75_x65_w12_e1_b5,1790893320000,1790893560000,LIGHT
C_peak2.75_x65_w12_e1_b5,1790893560000,1790894340000,DEEP
C_peak2.75_x65_w12_e1_b5,1790894340000,1790895060000,LIGHT
C_peak2.75_x65_w12_e1_b5,1790895060000,1790896320000,DEEP
C_peak2.75_x65_w12_e1_b5,1790896320000,1790896349427,LIGHT
C_peak2.75_x65_w12_e1_b6,1790875829427,1790880120000,LIGHT
C_peak2.75_x65_w12_e1_b6,1790880120000,1790881140000,DEEP
C_peak2.75_x65_w12_e1_b6,1790881140000,1790881320000,LIGHT
C_peak2.75_x65_w12_e1_b6,1790881320000,1790882100000,DEEP
C_peak2.75_x65_w12_e1_b6,1790882100000,1790886300000,LIGHT
C_peak2.75_x65_w12_e1_b6,1790886300000,1790890260000,DEEP
C_peak2.75_x65_w12_e1_b6,1790890260000,1790890920000,LIGHT
C_peak2.75_x65_w12_e1_b6,1790890920000,1790891280000,DEEP
C_peak2.75_x65_w12_e1_b6,1790891280000,1790892960000,LIGHT
C_peak2.75_x65_w12_e1_b6,1790892960000,1790893320000,DEEP
C_peak2.75_x65_w12_e1_b6,1790893320000,1790893560000,LIGHT
C_peak2.75_x65_w12_e1_b6,1790893560000,1790894340000,DEEP
C_peak2.75_x65_w12_e1_b6,1790894340000,1790895060000,LIGHT
C_peak2.75_x65_w12_e1_b6,1790895060000,1790896320000,DEEP
C_peak2.75_x65_w12_e1_b6,1790896320000,1790896349427,LIGHT
C_peak2.75_x65_w12_e1_b7,1790875829427,1790880120000,LIGHT
C_peak2.75_x65_w12_e1_b7,1790880120000,1790881140000,DEEP
C_peak2.75_x65_w12_e1_b7,1790881140000,1790881320000,LIGHT
C_peak2.75_x65_w12_e1_b7,1790881320000,1790882100000,DEEP
C_peak2.75_x65_w12_e1_b7,1790882100000,1790886300000,LIGHT
C_peak2.75_x65_w12_e1_b7,1790886300000,1790890260000,DEEP
C_peak2.75_x65_w12_e1_b7,1790890260000,1790893560000,LIGHT
C_peak2.75_x65_w12_e1_b7,1790893560000,1790894340000,DEEP
C_peak2.75_x65_w12_e1_b7,1790894340000,1790895060000,LIGHT
C_peak2.75_x65_w12_e1_b7,1790895060000,1790896320000,DEEP
C_peak2.75_x65_w12_e1_b7,1790896320000,1790896349427,LIGHT
C_peak2.75_x65_w12_e2_b5,1790875829427,1790880000000,LIGHT
C_peak2.75_x65_w12_e2_b5,1790880000000,1790881200000,DEEP
C_peak2.75_x65_w12_e2_b5,1790881200000,1790881260000,LIGHT
C_peak2.75_x65_w12_e2_b5,1790881260000,1790882100000,DEEP
C_peak2.75_x65_w12_e2_b5,1790882100000,1790885280000,LIGHT
C_peak2.75_x65_w12_e2_b5,1790885280000,1790885640000,DEEP
C_peak2.75_x65_w12_e2_b5,1790885640000,1790885820000,LIGHT
C_peak2.75_x65_w12_e2_b5,1790885820000,1790886180000,DEEP
C_peak2.75_x65_w12_e2_b5,1790886180000,1790886300000,LIGHT
C_peak2.75_x65_w12_e2_b5,1790886300000,1790890320000,DEEP
C_peak2.75_x65_w12_e2_b5,1790890320000,1790890560000,LIGHT
C_peak2.75_x65_w12_e2_b5,1790890560000,1790890860000,DEEP
C_peak2.75_x65_w12_e2_b5,1790890860000,1790890920000,LIGHT
C_peak2.75_x65_w12_e2_b5,1790890920000,1790891340000,DEEP
C_peak2.75_x65_w12_e2_b5,1790891340000,1790892960000,LIGHT
C_peak2.75_x65_w12_e2_b5,1790892960000,1790893380000,DEEP
C_peak2.75_x65_w12_e2_b5,1790893380000,1790893560000,LIGHT
C_peak2.75_x65_w12_e2_b5,1790893560000,1790894400000,DEEP
C_peak2.75_x65_w12_e2_b5,1790894400000,1790894580000,LIGHT
C_peak2.75_x65_w12_e2_b5,1790894580000,1790894880000,DEEP
C_peak2.75_x65_w12_e2_b5,1790894880000,1790895060000,LIGHT
C_peak2.75_x65_w12_e2_b5,1790895060000,1790896320000,DEEP
C_peak2.75_x65_w12_e2_b5,1790896320000,1790896349427,LIGHT
C_peak2.75_x65_w12_e2_b6,1790875829427,1790880000000,LIGHT
C_peak2.75_x65_w12_e2_b6,1790880000000,1790881200000,DEEP
C_peak2.75_x65_w12_e2_b6,1790881200000,1790881260000,LIGHT
C_peak2.75_x65_w12_e2_b6,1790881260000,1790882100000,DEEP
C_peak2.75_x65_w12_e2_b6,1790882100000,1790885280000,LIGHT
C_peak2.75_x65_w12_e2_b6,1790885280000,1790885640000,DEEP
C_peak2.75_x65_w12_e2_b6,1790885640000,1790885820000,LIGHT
C_peak2.75_x65_w12_e2_b6,1790885820000,1790886180000,DEEP
C_peak2.75_x65_w12_e2_b6,1790886180000,1790886300000,LIGHT
C_peak2.75_x65_w12_e2_b6,1790886300000,1790890320000,DEEP
C_peak2.75_x65_w12_e2_b6,1790890320000,1790890920000,LIGHT
C_peak2.75_x65_w12_e2_b6,1790890920000,1790891340000,DEEP
C_peak2.75_x65_w12_e2_b6,1790891340000,1790892960000,LIGHT
C_peak2.75_x65_w12_e2_b6,1790892960000,1790893380000,DEEP
C_peak2.75_x65_w12_e2_b6,1790893380000,1790893560000,LIGHT
C_peak2.75_x65_w12_e2_b6,1790893560000,1790894400000,DEEP
C_peak2.75_x65_w12_e2_b6,1790894400000,1790895060000,LIGHT
C_peak2.75_x65_w12_e2_b6,1790895060000,1790896320000,DEEP
C_peak2.75_x65_w12_e2_b6,1790896320000,1790896349427,LIGHT
C_peak2.75_x65_w12_e2_b7,1790875829427,1790880000000,LIGHT
C_peak2.75_x65_w12_e2_b7,1790880000000,1790881200000,DEEP
C_peak2.75_x65_w12_e2_b7,1790881200000,1790881260000,LIGHT
C_peak2.75_x65_w12_e2_b7,1790881260000,1790882100000,DEEP
C_peak2.75_x65_w12_e2_b7,1790882100000,1790886300000,LIGHT
C_peak2.75_x65_w12_e2_b7,1790886300000,1790890320000,DEEP
C_peak2.75_x65_w12_e2_b7,1790890320000,1790890920000,LIGHT
C_peak2.75_x65_w12_e2_b7,1790890920000,1790891340000,DEEP
C_peak2.75_x65_w12_e2_b7,1790891340000,1790892960000,LIGHT
C_peak2.75_x65_w12_e2_b7,1790892960000,1790893380000,DEEP
C_peak2.75_x65_w12_e2_b7,1790893380000,1790893560000,LIGHT
C_peak2.75_x65_w12_e2_b7,1790893560000,1790894400000,DEEP
C_peak2.75_x65_w12_e2_b7,1790894400000,1790895060000,LIGHT
C_peak2.75_x65_w12_e2_b7,1790895060000,1790896320000,DEEP
C_peak2.75_x65_w12_e2_b7,1790896320000,1790896349427,LIGHT
C_peak2.75_x65_w13_e1_b5,1790875829427,1790880060000,LIGHT
C_peak2.75_x65_w13_e1_b5,1790880060000,1790881140000,DEEP
C_peak2.75_x65_w13_e1_b5,1790881140000,1790881320000,LIGHT
C_peak2.75_x65_w13_e1_b5,1790881320000,1790882100000,DEEP
C_peak2.75_x65_w13_e1_b5,1790882100000,1790885820000,LIGHT
C_peak2.75_x65_w13_e1_b5,1790885820000,1790886120000,DEEP
C_peak2.75_x65_w13_e1_b5,1790886120000,1790886300000,LIGHT
C_peak2.75_x65_w13_e1_b5,1790886300000,1790890260000,DEEP
C_peak2.75_x65_w13_e1_b5,1790890260000,1790890980000,LIGHT
C_peak2.75_x65_w13_e1_b5,1790890980000,1790891280000,DEEP
C_peak2.75_x65_w13_e1_b5,1790891280000,1790893020000,LIGHT
C_peak2.75_x65_w13_e1_b5,1790893020000,1790893320000,DEEP
C_peak2.75_x65_w13_e1_b5,1790893320000,1790893560000,LIGHT
C_peak2.75_x65_w13_e1_b5,1790893560000,1790894340000,DEEP
C_peak2.75_x65_w13_e1_b5,1790894340000,1790895120000,LIGHT
C_peak2.75_x65_w13_e1_b5,1790895120000,1790896320000,DEEP
C_peak2.75_x65_w13_e1_b5,1790896320000,1790896349427,LIGHT
C_peak2.75_x65_w13_e1_b6,1790875829427,1790880060000,LIGHT
C_peak2.75_x65_w13_e1_b6,1790880060000,1790881140000,DEEP
C_peak2.75_x65_w13_e1_b6,1790881140000,1790881320000,LIGHT
C_peak2.75_x65_w13_e1_b6,1790881320000,1790882100000,DEEP
C_peak2.75_x65_w13_e1_b6,1790882100000,1790886300000,LIGHT
C_peak2.75_x65_w13_e1_b6,1790886300000,1790890260000,DEEP
C_peak2.75_x65_w13_e1_b6,1790890260000,1790893560000,LIGHT
C_peak2.75_x65_w13_e1_b6,1790893560000,1790894340000,DEEP
C_peak2.75_x65_w13_e1_b6,1790894340000,1790895120000,LIGHT
C_peak2.75_x65_w13_e1_b6,1790895120000,1790896320000,DEEP
C_peak2.75_x65_w13_e1_b6,1790896320000,1790896349427,LIGHT
C_peak2.75_x65_w13_e1_b7,1790875829427,1790880060000,LIGHT
C_peak2.75_x65_w13_e1_b7,1790880060000,1790881140000,DEEP
C_peak2.75_x65_w13_e1_b7,1790881140000,1790881320000,LIGHT
C_peak2.75_x65_w13_e1_b7,1790881320000,1790882100000,DEEP
C_peak2.75_x65_w13_e1_b7,1790882100000,1790886300000,LIGHT
C_peak2.75_x65_w13_e1_b7,1790886300000,1790890260000,DEEP
C_peak2.75_x65_w13_e1_b7,1790890260000,1790893560000,LIGHT
C_peak2.75_x65_w13_e1_b7,1790893560000,1790894340000,DEEP
C_peak2.75_x65_w13_e1_b7,1790894340000,1790895120000,LIGHT
C_peak2.75_x65_w13_e1_b7,1790895120000,1790896320000,DEEP
C_peak2.75_x65_w13_e1_b7,1790896320000,1790896349427,LIGHT
C_peak2.75_x65_w13_e2_b5,1790875829427,1790880060000,LIGHT
C_peak2.75_x65_w13_e2_b5,1790880060000,1790881200000,DEEP
C_peak2.75_x65_w13_e2_b5,1790881200000,1790881260000,LIGHT
C_peak2.75_x65_w13_e2_b5,1790881260000,1790882100000,DEEP
C_peak2.75_x65_w13_e2_b5,1790882100000,1790885340000,LIGHT
C_peak2.75_x65_w13_e2_b5,1790885340000,1790885640000,DEEP
C_peak2.75_x65_w13_e2_b5,1790885640000,1790885820000,LIGHT
C_peak2.75_x65_w13_e2_b5,1790885820000,1790886180000,DEEP
C_peak2.75_x65_w13_e2_b5,1790886180000,1790886300000,LIGHT
C_peak2.75_x65_w13_e2_b5,1790886300000,1790890320000,DEEP
C_peak2.75_x65_w13_e2_b5,1790890320000,1790890560000,LIGHT
C_peak2.75_x65_w13_e2_b5,1790890560000,1790890860000,DEEP
C_peak2.75_x65_w13_e2_b5,1790890860000,1790890980000,LIGHT
C_peak2.75_x65_w13_e2_b5,1790890980000,1790891340000,DEEP
C_peak2.75_x65_w13_e2_b5,1790891340000,1790893020000,LIGHT
C_peak2.75_x65_w13_e2_b5,1790893020000,1790893380000,DEEP
C_peak2.75_x65_w13_e2_b5,1790893380000,1790893560000,LIGHT
C_peak2.75_x65_w13_e2_b5,1790893560000,1790894400000,DEEP
C_peak2.75_x65_w13_e2_b5,1790894400000,1790894580000,LIGHT
C_peak2.75_x65_w13_e2_b5,1790894580000,1790894880000,DEEP
C_peak2.75_x65_w13_e2_b5,1790894880000,1790895120000,LIGHT
C_peak2.75_x65_w13_e2_b5,1790895120000,1790896320000,DEEP
C_peak2.75_x65_w13_e2_b5,1790896320000,1790896349427,LIGHT
C_peak2.75_x65_w13_e2_b6,1790875829427,1790880060000,LIGHT
C_peak2.75_x65_w13_e2_b6,1790880060000,1790881200000,DEEP
C_peak2.75_x65_w13_e2_b6,1790881200000,1790881260000,LIGHT
C_peak2.75_x65_w13_e2_b6,1790881260000,1790882100000,DEEP
C_peak2.75_x65_w13_e2_b6,1790882100000,1790885820000,LIGHT
C_peak2.75_x65_w13_e2_b6,1790885820000,1790886180000,DEEP
C_peak2.75_x65_w13_e2_b6,1790886180000,1790886300000,LIGHT
C_peak2.75_x65_w13_e2_b6,1790886300000,1790890320000,DEEP
C_peak2.75_x65_w13_e2_b6,1790890320000,1790890980000,LIGHT
C_peak2.75_x65_w13_e2_b6,1790890980000,1790891340000,DEEP
C_peak2.75_x65_w13_e2_b6,1790891340000,1790893020000,LIGHT
C_peak2.75_x65_w13_e2_b6,1790893020000,1790893380000,DEEP
C_peak2.75_x65_w13_e2_b6,1790893380000,1790893560000,LIGHT
C_peak2.75_x65_w13_e2_b6,1790893560000,1790894400000,DEEP
C_peak2.75_x65_w13_e2_b6,1790894400000,1790895120000,LIGHT
C_peak2.75_x65_w13_e2_b6,1790895120000,1790896320000,DEEP
C_peak2.75_x65_w13_e2_b6,1790896320000,1790896349427,LIGHT
C_peak2.75_x65_w13_e2_b7,1790875829427,1790880060000,LIGHT
C_peak2.75_x65_w13_e2_b7,1790880060000,1790881200000,DEEP
C_peak2.75_x65_w13_e2_b7,1790881200000,1790881260000,LIGHT
C_peak2.75_x65_w13_e2_b7,1790881260000,1790882100000,DEEP
C_peak2.75_x65_w13_e2_b7,1790882100000,1790886300000,LIGHT
C_peak2.75_x65_w13_e2_b7,1790886300000,1790890320000,DEEP
C_peak2.75_x65_w13_e2_b7,1790890320000,1790893560000,LIGHT
C_peak2.75_x65_w13_e2_b7,1790893560000,1790894400000,DEEP
C_peak2.75_x65_w13_e2_b7,1790894400000,1790895120000,LIGHT
C_peak2.75_x65_w13_e2_b7,1790895120000,1790896320000,DEEP
C_peak2.75_x65_w13_e2_b7,1790896320000,1790896349427,LIGHT
C_peak2.75_x65_w14_e1_b5,1790875829427,1790880120000,LIGHT
C_peak2.75_x65_w14_e1_b5,1790880120000,1790881140000,DEEP
C_peak2.75_x65_w14_e1_b5,1790881140000,1790881320000,LIGHT
C_peak2.75_x65_w14_e1_b5,1790881320000,1790882100000,DEEP
C_peak2.75_x65_w14_e1_b5,1790882100000,1790885820000,LIGHT
C_peak2.75_x65_w14_e1_b5,1790885820000,1790886120000,DEEP
C_peak2.75_x65_w14_e1_b5,1790886120000,1790886300000,LIGHT
C_peak2.75_x65_w14_e1_b5,1790886300000,1790890260000,DEEP
C_peak2.75_x65_w14_e1_b5,1790890260000,1790890980000,LIGHT
C_peak2.75_x65_w14_e1_b5,1790890980000,1790891280000,DEEP
C_peak2.75_x65_w14_e1_b5,1790891280000,1790893020000,LIGHT
C_peak2.75_x65_w14_e1_b5,1790893020000,1790893320000,DEEP
C_peak2.75_x65_w14_e1_b5,1790893320000,1790893560000,LIGHT
C_peak2.75_x65_w14_e1_b5,1790893560000,1790894340000,DEEP
C_peak2.75_x65_w14_e1_b5,1790894340000,1790895120000,LIGHT
C_peak2.75_x65_w14_e1_b5,1790895120000,1790896320000,DEEP
C_peak2.75_x65_w14_e1_b5,1790896320000,1790896349427,LIGHT
C_peak2.75_x65_w14_e1_b6,1790875829427,1790880120000,LIGHT
C_peak2.75_x65_w14_e1_b6,1790880120000,1790881140000,DEEP
C_peak2.75_x65_w14_e1_b6,1790881140000,1790881320000,LIGHT
C_peak2.75_x65_w14_e1_b6,1790881320000,1790882100000,DEEP
C_peak2.75_x65_w14_e1_b6,1790882100000,1790886300000,LIGHT
C_peak2.75_x65_w14_e1_b6,1790886300000,1790890260000,DEEP
C_peak2.75_x65_w14_e1_b6,1790890260000,1790893560000,LIGHT
C_peak2.75_x65_w14_e1_b6,1790893560000,1790894340000,DEEP
C_peak2.75_x65_w14_e1_b6,1790894340000,1790895120000,LIGHT
C_peak2.75_x65_w14_e1_b6,1790895120000,1790896320000,DEEP
C_peak2.75_x65_w14_e1_b6,1790896320000,1790896349427,LIGHT
C_peak2.75_x65_w14_e1_b7,1790875829427,1790880120000,LIGHT
C_peak2.75_x65_w14_e1_b7,1790880120000,1790881140000,DEEP
C_peak2.75_x65_w14_e1_b7,1790881140000,1790881320000,LIGHT
C_peak2.75_x65_w14_e1_b7,1790881320000,1790882100000,DEEP
C_peak2.75_x65_w14_e1_b7,1790882100000,1790886300000,LIGHT
C_peak2.75_x65_w14_e1_b7,1790886300000,1790890260000,DEEP
C_peak2.75_x65_w14_e1_b7,1790890260000,1790893560000,LIGHT
C_peak2.75_x65_w14_e1_b7,1790893560000,1790894340000,DEEP
C_peak2.75_x65_w14_e1_b7,1790894340000,1790895120000,LIGHT
C_peak2.75_x65_w14_e1_b7,1790895120000,1790896320000,DEEP
C_peak2.75_x65_w14_e1_b7,1790896320000,1790896349427,LIGHT
C_peak2.75_x65_w14_e2_b5,1790875829427,1790880120000,LIGHT
C_peak2.75_x65_w14_e2_b5,1790880120000,1790881200000,DEEP
C_peak2.75_x65_w14_e2_b5,1790881200000,1790881260000,LIGHT
C_peak2.75_x65_w14_e2_b5,1790881260000,1790882100000,DEEP
C_peak2.75_x65_w14_e2_b5,1790882100000,1790885340000,LIGHT
C_peak2.75_x65_w14_e2_b5,1790885340000,1790885640000,DEEP
C_peak2.75_x65_w14_e2_b5,1790885640000,1790885820000,LIGHT
C_peak2.75_x65_w14_e2_b5,1790885820000,1790886180000,DEEP
C_peak2.75_x65_w14_e2_b5,1790886180000,1790886300000,LIGHT
C_peak2.75_x65_w14_e2_b5,1790886300000,1790890320000,DEEP
C_peak2.75_x65_w14_e2_b5,1790890320000,1790890560000,LIGHT
C_peak2.75_x65_w14_e2_b5,1790890560000,1790890860000,DEEP
C_peak2.75_x65_w14_e2_b5,1790890860000,1790890980000,LIGHT
C_peak2.75_x65_w14_e2_b5,1790890980000,1790891340000,DEEP
C_peak2.75_x65_w14_e2_b5,1790891340000,1790893020000,LIGHT
C_peak2.75_x65_w14_e2_b5,1790893020000,1790893380000,DEEP
C_peak2.75_x65_w14_e2_b5,1790893380000,1790893560000,LIGHT
C_peak2.75_x65_w14_e2_b5,1790893560000,1790894400000,DEEP
C_peak2.75_x65_w14_e2_b5,1790894400000,1790894580000,LIGHT
C_peak2.75_x65_w14_e2_b5,1790894580000,1790894880000,DEEP
C_peak2.75_x65_w14_e2_b5,1790894880000,1790895120000,LIGHT
C_peak2.75_x65_w14_e2_b5,1790895120000,1790896320000,DEEP
C_peak2.75_x65_w14_e2_b5,1790896320000,1790896349427,LIGHT
C_peak2.75_x65_w14_e2_b6,1790875829427,1790880120000,LIGHT
C_peak2.75_x65_w14_e2_b6,1790880120000,1790881200000,DEEP
C_peak2.75_x65_w14_e2_b6,1790881200000,1790881260000,LIGHT
C_peak2.75_x65_w14_e2_b6,1790881260000,1790882100000,DEEP
C_peak2.75_x65_w14_e2_b6,1790882100000,1790885820000,LIGHT
C_peak2.75_x65_w14_e2_b6,1790885820000,1790886180000,DEEP
C_peak2.75_x65_w14_e2_b6,1790886180000,1790886300000,LIGHT
C_peak2.75_x65_w14_e2_b6,1790886300000,1790890320000,DEEP
C_peak2.75_x65_w14_e2_b6,1790890320000,1790890980000,LIGHT
C_peak2.75_x65_w14_e2_b6,1790890980000,1790891340000,DEEP
C_peak2.75_x65_w14_e2_b6,1790891340000,1790893020000,LIGHT
C_peak2.75_x65_w14_e2_b6,1790893020000,1790893380000,DEEP
C_peak2.75_x65_w14_e2_b6,1790893380000,1790893560000,LIGHT
C_peak2.75_x65_w14_e2_b6,1790893560000,1790894400000,DEEP
C_peak2.75_x65_w14_e2_b6,1790894400000,1790895120000,LIGHT
C_peak2.75_x65_w14_e2_b6,1790895120000,1790896320000,DEEP
C_peak2.75_x65_w14_e2_b6,1790896320000,1790896349427,LIGHT
C_peak2.75_x65_w14_e2_b7,1790875829427,1790880120000,LIGHT
C_peak2.75_x65_w14_e2_b7,1790880120000,1790881200000,DEEP
C_peak2.75_x65_w14_e2_b7,1790881200000,1790881260000,LIGHT
C_peak2.75_x65_w14_e2_b7,1790881260000,1790882100000,DEEP
C_peak2.75_x65_w14_e2_b7,1790882100000,1790886300000,LIGHT
C_peak2.75_x65_w14_e2_b7,1790886300000,1790890320000,DEEP
C_peak2.75_x65_w14_e2_b7,1790890320000,1790893560000,LIGHT
C_peak2.75_x65_w14_e2_b7,1790893560000,1790894400000,DEEP
C_peak2.75_x65_w14_e2_b7,1790894400000,1790895120000,LIGHT
C_peak2.75_x65_w14_e2_b7,1790895120000,1790896320000,DEEP
C_peak2.75_x65_w14_e2_b7,1790896320000,1790896349427,LIGHT
C_peak2.75_x65_w15_e1_b5,1790875829427,1790880180000,LIGHT
C_peak2.75_x65_w15_e1_b5,1790880180000,1790881140000,DEEP
C_peak2.75_x65_w15_e1_b5,1790881140000,1790881320000,LIGHT
C_peak2.75_x65_w15_e1_b5,1790881320000,1790882100000,DEEP
C_peak2.75_x65_w15_e1_b5,1790882100000,1790885820000,LIGHT
C_peak2.75_x65_w15_e1_b5,1790885820000,1790886120000,DEEP
C_peak2.75_x65_w15_e1_b5,1790886120000,1790886300000,LIGHT
C_peak2.75_x65_w15_e1_b5,1790886300000,1790890260000,DEEP
C_peak2.75_x65_w15_e1_b5,1790890260000,1790893560000,LIGHT
C_peak2.75_x65_w15_e1_b5,1790893560000,1790894340000,DEEP
C_peak2.75_x65_w15_e1_b5,1790894340000,1790895180000,LIGHT
C_peak2.75_x65_w15_e1_b5,1790895180000,1790896320000,DEEP
C_peak2.75_x65_w15_e1_b5,1790896320000,1790896349427,LIGHT
C_peak2.75_x65_w15_e1_b6,1790875829427,1790880180000,LIGHT
C_peak2.75_x65_w15_e1_b6,1790880180000,1790881140000,DEEP
C_peak2.75_x65_w15_e1_b6,1790881140000,1790881320000,LIGHT
C_peak2.75_x65_w15_e1_b6,1790881320000,1790882100000,DEEP
C_peak2.75_x65_w15_e1_b6,1790882100000,1790886300000,LIGHT
C_peak2.75_x65_w15_e1_b6,1790886300000,1790890260000,DEEP
C_peak2.75_x65_w15_e1_b6,1790890260000,1790893560000,LIGHT
C_peak2.75_x65_w15_e1_b6,1790893560000,1790894340000,DEEP
C_peak2.75_x65_w15_e1_b6,1790894340000,1790895180000,LIGHT
C_peak2.75_x65_w15_e1_b6,1790895180000,1790896320000,DEEP
C_peak2.75_x65_w15_e1_b6,1790896320000,1790896349427,LIGHT
C_peak2.75_x65_w15_e1_b7,1790875829427,1790880180000,LIGHT
C_peak2.75_x65_w15_e1_b7,1790880180000,1790881140000,DEEP
C_peak2.75_x65_w15_e1_b7,1790881140000,1790881320000,LIGHT
C_peak2.75_x65_w15_e1_b7,1790881320000,1790882100000,DEEP
C_peak2.75_x65_w15_e1_b7,1790882100000,1790886300000,LIGHT
C_peak2.75_x65_w15_e1_b7,1790886300000,1790890260000,DEEP
C_peak2.75_x65_w15_e1_b7,1790890260000,1790893560000,LIGHT
C_peak2.75_x65_w15_e1_b7,1790893560000,1790894340000,DEEP
C_peak2.75_x65_w15_e1_b7,1790894340000,1790895180000,LIGHT
C_peak2.75_x65_w15_e1_b7,1790895180000,1790896320000,DEEP
C_peak2.75_x65_w15_e1_b7,1790896320000,1790896349427,LIGHT
C_peak2.75_x65_w15_e2_b5,1790875829427,1790880180000,LIGHT
C_peak2.75_x65_w15_e2_b5,1790880180000,1790881200000,DEEP
C_peak2.75_x65_w15_e2_b5,1790881200000,1790881260000,LIGHT
C_peak2.75_x65_w15_e2_b5,1790881260000,1790882100000,DEEP
C_peak2.75_x65_w15_e2_b5,1790882100000,1790885820000,LIGHT
C_peak2.75_x65_w15_e2_b5,1790885820000,1790886180000,DEEP
C_peak2.75_x65_w15_e2_b5,1790886180000,1790886300000,LIGHT
C_peak2.75_x65_w15_e2_b5,1790886300000,1790890320000,DEEP
C_peak2.75_x65_w15_e2_b5,1790890320000,1790890560000,LIGHT
C_peak2.75_x65_w15_e2_b5,1790890560000,1790890860000,DEEP
C_peak2.75_x65_w15_e2_b5,1790890860000,1790891040000,LIGHT
C_peak2.75_x65_w15_e2_b5,1790891040000,1790891340000,DEEP
C_peak2.75_x65_w15_e2_b5,1790891340000,1790893080000,LIGHT
C_peak2.75_x65_w15_e2_b5,1790893080000,1790893380000,DEEP
C_peak2.75_x65_w15_e2_b5,1790893380000,1790893560000,LIGHT
C_peak2.75_x65_w15_e2_b5,1790893560000,1790894400000,DEEP
C_peak2.75_x65_w15_e2_b5,1790894400000,1790894580000,LIGHT
C_peak2.75_x65_w15_e2_b5,1790894580000,1790894880000,DEEP
C_peak2.75_x65_w15_e2_b5,1790894880000,1790895180000,LIGHT
C_peak2.75_x65_w15_e2_b5,1790895180000,1790896320000,DEEP
C_peak2.75_x65_w15_e2_b5,1790896320000,1790896349427,LIGHT
C_peak2.75_x65_w15_e2_b6,1790875829427,1790880180000,LIGHT
C_peak2.75_x65_w15_e2_b6,1790880180000,1790881200000,DEEP
C_peak2.75_x65_w15_e2_b6,1790881200000,1790881260000,LIGHT
C_peak2.75_x65_w15_e2_b6,1790881260000,1790882100000,DEEP
C_peak2.75_x65_w15_e2_b6,1790882100000,1790885820000,LIGHT
C_peak2.75_x65_w15_e2_b6,1790885820000,1790886180000,DEEP
C_peak2.75_x65_w15_e2_b6,1790886180000,1790886300000,LIGHT
C_peak2.75_x65_w15_e2_b6,1790886300000,1790890320000,DEEP
C_peak2.75_x65_w15_e2_b6,1790890320000,1790893560000,LIGHT
C_peak2.75_x65_w15_e2_b6,1790893560000,1790894400000,DEEP
C_peak2.75_x65_w15_e2_b6,1790894400000,1790895180000,LIGHT
C_peak2.75_x65_w15_e2_b6,1790895180000,1790896320000,DEEP
C_peak2.75_x65_w15_e2_b6,1790896320000,1790896349427,LIGHT
C_peak2.75_x65_w15_e2_b7,1790875829427,1790880180000,LIGHT
C_peak2.75_x65_w15_e2_b7,1790880180000,1790881200000,DEEP
C_peak2.75_x65_w15_e2_b7,1790881200000,1790881260000,LIGHT
C_peak2.75_x65_w15_e2_b7,1790881260000,1790882100000,DEEP
C_peak2.75_x65_w15_e2_b7,1790882100000,1790886300000,LIGHT
C_peak2.75_x65_w15_e2_b7,1790886300000,1790890320000,DEEP
C_peak2.75_x65_w15_e2_b7,1790890320000,1790893560000,LIGHT
C_peak2.75_x65_w15_e2_b7,1790893560000,1790894400000,DEEP
C_peak2.75_x65_w15_e2_b7,1790894400000,1790895180000,LIGHT
C_peak2.75_x65_w15_e2_b7,1790895180000,1790896320000,DEEP
C_peak2.75_x65_w15_e2_b7,1790896320000,1790896349427,LIGHT
C_peak2.75_x67_w12_e1_b5,1790875829427,1790880000000,LIGHT
C_peak2.75_x67_w12_e1_b5,1790880000000,1790881140000,DEEP
C_peak2.75_x67_w12_e1_b5,1790881140000,1790881320000,LIGHT
C_peak2.75_x67_w12_e1_b5,1790881320000,1790882100000,DEEP
C_peak2.75_x67_w12_e1_b5,1790882100000,1790885280000,LIGHT
C_peak2.75_x67_w12_e1_b5,1790885280000,1790885580000,DEEP
C_peak2.75_x67_w12_e1_b5,1790885580000,1790885820000,LIGHT
C_peak2.75_x67_w12_e1_b5,1790885820000,1790886120000,DEEP
C_peak2.75_x67_w12_e1_b5,1790886120000,1790886300000,LIGHT
C_peak2.75_x67_w12_e1_b5,1790886300000,1790890260000,DEEP
C_peak2.75_x67_w12_e1_b5,1790890260000,1790890920000,LIGHT
C_peak2.75_x67_w12_e1_b5,1790890920000,1790891280000,DEEP
C_peak2.75_x67_w12_e1_b5,1790891280000,1790892960000,LIGHT
C_peak2.75_x67_w12_e1_b5,1790892960000,1790893320000,DEEP
C_peak2.75_x67_w12_e1_b5,1790893320000,1790893560000,LIGHT
C_peak2.75_x67_w12_e1_b5,1790893560000,1790894340000,DEEP
C_peak2.75_x67_w12_e1_b5,1790894340000,1790895060000,LIGHT
C_peak2.75_x67_w12_e1_b5,1790895060000,1790896320000,DEEP
C_peak2.75_x67_w12_e1_b5,1790896320000,1790896349427,LIGHT
C_peak2.75_x67_w12_e1_b6,1790875829427,1790880000000,LIGHT
C_peak2.75_x67_w12_e1_b6,1790880000000,1790881140000,DEEP
C_peak2.75_x67_w12_e1_b6,1790881140000,1790881320000,LIGHT
C_peak2.75_x67_w12_e1_b6,1790881320000,1790882100000,DEEP
C_peak2.75_x67_w12_e1_b6,1790882100000,1790886300000,LIGHT
C_peak2.75_x67_w12_e1_b6,1790886300000,1790890260000,DEEP
C_peak2.75_x67_w12_e1_b6,1790890260000,1790890920000,LIGHT
C_peak2.75_x67_w12_e1_b6,1790890920000,1790891280000,DEEP
C_peak2.75_x67_w12_e1_b6,1790891280000,1790892960000,LIGHT
C_peak2.75_x67_w12_e1_b6,1790892960000,1790893320000,DEEP
C_peak2.75_x67_w12_e1_b6,1790893320000,1790893560000,LIGHT
C_peak2.75_x67_w12_e1_b6,1790893560000,1790894340000,DEEP
C_peak2.75_x67_w12_e1_b6,1790894340000,1790895060000,LIGHT
C_peak2.75_x67_w12_e1_b6,1790895060000,1790896320000,DEEP
C_peak2.75_x67_w12_e1_b6,1790896320000,1790896349427,LIGHT
C_peak2.75_x67_w12_e1_b7,1790875829427,1790880000000,LIGHT
C_peak2.75_x67_w12_e1_b7,1790880000000,1790881140000,DEEP
C_peak2.75_x67_w12_e1_b7,1790881140000,1790881320000,LIGHT
C_peak2.75_x67_w12_e1_b7,1790881320000,1790882100000,DEEP
C_peak2.75_x67_w12_e1_b7,1790882100000,1790886300000,LIGHT
C_peak2.75_x67_w12_e1_b7,1790886300000,1790890260000,DEEP
C_peak2.75_x67_w12_e1_b7,1790890260000,1790893560000,LIGHT
C_peak2.75_x67_w12_e1_b7,1790893560000,1790894340000,DEEP
C_peak2.75_x67_w12_e1_b7,1790894340000,1790895060000,LIGHT
C_peak2.75_x67_w12_e1_b7,1790895060000,1790896320000,DEEP
C_peak2.75_x67_w12_e1_b7,1790896320000,1790896349427,LIGHT
C_peak2.75_x67_w12_e2_b5,1790875829427,1790880000000,LIGHT
C_peak2.75_x67_w12_e2_b5,1790880000000,1790881200000,DEEP
C_peak2.75_x67_w12_e2_b5,1790881200000,1790881260000,LIGHT
C_peak2.75_x67_w12_e2_b5,1790881260000,1790882100000,DEEP
C_peak2.75_x67_w12_e2_b5,1790882100000,1790885280000,LIGHT
C_peak2.75_x67_w12_e2_b5,1790885280000,1790885640000,DEEP
C_peak2.75_x67_w12_e2_b5,1790885640000,1790885820000,LIGHT
C_peak2.75_x67_w12_e2_b5,1790885820000,1790886180000,DEEP
C_peak2.75_x67_w12_e2_b5,1790886180000,1790886300000,LIGHT
C_peak2.75_x67_w12_e2_b5,1790886300000,1790890320000,DEEP
C_peak2.75_x67_w12_e2_b5,1790890320000,1790890560000,LIGHT
C_peak2.75_x67_w12_e2_b5,1790890560000,1790890860000,DEEP
C_peak2.75_x67_w12_e2_b5,1790890860000,1790890920000,LIGHT
C_peak2.75_x67_w12_e2_b5,1790890920000,1790891340000,DEEP
C_peak2.75_x67_w12_e2_b5,1790891340000,1790892960000,LIGHT
C_peak2.75_x67_w12_e2_b5,1790892960000,1790893380000,DEEP
C_peak2.75_x67_w12_e2_b5,1790893380000,1790893560000,LIGHT
C_peak2.75_x67_w12_e2_b5,1790893560000,1790894400000,DEEP
C_peak2.75_x67_w12_e2_b5,1790894400000,1790894580000,LIGHT
C_peak2.75_x67_w12_e2_b5,1790894580000,1790894880000,DEEP
C_peak2.75_x67_w12_e2_b5,1790894880000,1790895060000,LIGHT
C_peak2.75_x67_w12_e2_b5,1790895060000,1790896320000,DEEP
C_peak2.75_x67_w12_e2_b5,1790896320000,1790896349427,LIGHT
C_peak2.75_x67_w12_e2_b6,1790875829427,1790880000000,LIGHT
C_peak2.75_x67_w12_e2_b6,1790880000000,1790881200000,DEEP
C_peak2.75_x67_w12_e2_b6,1790881200000,1790881260000,LIGHT
C_peak2.75_x67_w12_e2_b6,1790881260000,1790882100000,DEEP
C_peak2.75_x67_w12_e2_b6,1790882100000,1790885280000,LIGHT
C_peak2.75_x67_w12_e2_b6,1790885280000,1790885640000,DEEP
C_peak2.75_x67_w12_e2_b6,1790885640000,1790885820000,LIGHT
C_peak2.75_x67_w12_e2_b6,1790885820000,1790886180000,DEEP
C_peak2.75_x67_w12_e2_b6,1790886180000,1790886300000,LIGHT
C_peak2.75_x67_w12_e2_b6,1790886300000,1790890320000,DEEP
C_peak2.75_x67_w12_e2_b6,1790890320000,1790890920000,LIGHT
C_peak2.75_x67_w12_e2_b6,1790890920000,1790891340000,DEEP
C_peak2.75_x67_w12_e2_b6,1790891340000,1790892960000,LIGHT
C_peak2.75_x67_w12_e2_b6,1790892960000,1790893380000,DEEP
C_peak2.75_x67_w12_e2_b6,1790893380000,1790893560000,LIGHT
C_peak2.75_x67_w12_e2_b6,1790893560000,1790894400000,DEEP
C_peak2.75_x67_w12_e2_b6,1790894400000,1790895060000,LIGHT
C_peak2.75_x67_w12_e2_b6,1790895060000,1790896320000,DEEP
C_peak2.75_x67_w12_e2_b6,1790896320000,1790896349427,LIGHT
C_peak2.75_x67_w12_e2_b7,1790875829427,1790880000000,LIGHT
C_peak2.75_x67_w12_e2_b7,1790880000000,1790881200000,DEEP
C_peak2.75_x67_w12_e2_b7,1790881200000,1790881260000,LIGHT
C_peak2.75_x67_w12_e2_b7,1790881260000,1790882100000,DEEP
C_peak2.75_x67_w12_e2_b7,1790882100000,1790886300000,LIGHT
C_peak2.75_x67_w12_e2_b7,1790886300000,1790890320000,DEEP
C_peak2.75_x67_w12_e2_b7,1790890320000,1790890920000,LIGHT
C_peak2.75_x67_w12_e2_b7,1790890920000,1790891340000,DEEP
C_peak2.75_x67_w12_e2_b7,1790891340000,1790892960000,LIGHT
C_peak2.75_x67_w12_e2_b7,1790892960000,1790893380000,DEEP
C_peak2.75_x67_w12_e2_b7,1790893380000,1790893560000,LIGHT
C_peak2.75_x67_w12_e2_b7,1790893560000,1790894400000,DEEP
C_peak2.75_x67_w12_e2_b7,1790894400000,1790895060000,LIGHT
C_peak2.75_x67_w12_e2_b7,1790895060000,1790896320000,DEEP
C_peak2.75_x67_w12_e2_b7,1790896320000,1790896349427,LIGHT
C_peak2.75_x67_w13_e1_b5,1790875829427,1790880060000,LIGHT
C_peak2.75_x67_w13_e1_b5,1790880060000,1790881140000,DEEP
C_peak2.75_x67_w13_e1_b5,1790881140000,1790881320000,LIGHT
C_peak2.75_x67_w13_e1_b5,1790881320000,1790882100000,DEEP
C_peak2.75_x67_w13_e1_b5,1790882100000,1790885820000,LIGHT
C_peak2.75_x67_w13_e1_b5,1790885820000,1790886120000,DEEP
C_peak2.75_x67_w13_e1_b5,1790886120000,1790886300000,LIGHT
C_peak2.75_x67_w13_e1_b5,1790886300000,1790890260000,DEEP
C_peak2.75_x67_w13_e1_b5,1790890260000,1790890980000,LIGHT
C_peak2.75_x67_w13_e1_b5,1790890980000,1790891280000,DEEP
C_peak2.75_x67_w13_e1_b5,1790891280000,1790893020000,LIGHT
C_peak2.75_x67_w13_e1_b5,1790893020000,1790893320000,DEEP
C_peak2.75_x67_w13_e1_b5,1790893320000,1790893560000,LIGHT
C_peak2.75_x67_w13_e1_b5,1790893560000,1790894340000,DEEP
C_peak2.75_x67_w13_e1_b5,1790894340000,1790895120000,LIGHT
C_peak2.75_x67_w13_e1_b5,1790895120000,1790896320000,DEEP
C_peak2.75_x67_w13_e1_b5,1790896320000,1790896349427,LIGHT
C_peak2.75_x67_w13_e1_b6,1790875829427,1790880060000,LIGHT
C_peak2.75_x67_w13_e1_b6,1790880060000,1790881140000,DEEP
C_peak2.75_x67_w13_e1_b6,1790881140000,1790881320000,LIGHT
C_peak2.75_x67_w13_e1_b6,1790881320000,1790882100000,DEEP
C_peak2.75_x67_w13_e1_b6,1790882100000,1790886300000,LIGHT
C_peak2.75_x67_w13_e1_b6,1790886300000,1790890260000,DEEP
C_peak2.75_x67_w13_e1_b6,1790890260000,1790893560000,LIGHT
C_peak2.75_x67_w13_e1_b6,1790893560000,1790894340000,DEEP
C_peak2.75_x67_w13_e1_b6,1790894340000,1790895120000,LIGHT
C_peak2.75_x67_w13_e1_b6,1790895120000,1790896320000,DEEP
C_peak2.75_x67_w13_e1_b6,1790896320000,1790896349427,LIGHT
C_peak2.75_x67_w13_e1_b7,1790875829427,1790880060000,LIGHT
C_peak2.75_x67_w13_e1_b7,1790880060000,1790881140000,DEEP
C_peak2.75_x67_w13_e1_b7,1790881140000,1790881320000,LIGHT
C_peak2.75_x67_w13_e1_b7,1790881320000,1790882100000,DEEP
C_peak2.75_x67_w13_e1_b7,1790882100000,1790886300000,LIGHT
C_peak2.75_x67_w13_e1_b7,1790886300000,1790890260000,DEEP
C_peak2.75_x67_w13_e1_b7,1790890260000,1790893560000,LIGHT
C_peak2.75_x67_w13_e1_b7,1790893560000,1790894340000,DEEP
C_peak2.75_x67_w13_e1_b7,1790894340000,1790895120000,LIGHT
C_peak2.75_x67_w13_e1_b7,1790895120000,1790896320000,DEEP
C_peak2.75_x67_w13_e1_b7,1790896320000,1790896349427,LIGHT
C_peak2.75_x67_w13_e2_b5,1790875829427,1790880060000,LIGHT
C_peak2.75_x67_w13_e2_b5,1790880060000,1790881200000,DEEP
C_peak2.75_x67_w13_e2_b5,1790881200000,1790881260000,LIGHT
C_peak2.75_x67_w13_e2_b5,1790881260000,1790882100000,DEEP
C_peak2.75_x67_w13_e2_b5,1790882100000,1790885340000,LIGHT
C_peak2.75_x67_w13_e2_b5,1790885340000,1790885640000,DEEP
C_peak2.75_x67_w13_e2_b5,1790885640000,1790885820000,LIGHT
C_peak2.75_x67_w13_e2_b5,1790885820000,1790886180000,DEEP
C_peak2.75_x67_w13_e2_b5,1790886180000,1790886300000,LIGHT
C_peak2.75_x67_w13_e2_b5,1790886300000,1790890320000,DEEP
C_peak2.75_x67_w13_e2_b5,1790890320000,1790890560000,LIGHT
C_peak2.75_x67_w13_e2_b5,1790890560000,1790890860000,DEEP
C_peak2.75_x67_w13_e2_b5,1790890860000,1790890980000,LIGHT
C_peak2.75_x67_w13_e2_b5,1790890980000,1790891340000,DEEP
C_peak2.75_x67_w13_e2_b5,1790891340000,1790893020000,LIGHT
C_peak2.75_x67_w13_e2_b5,1790893020000,1790893380000,DEEP
C_peak2.75_x67_w13_e2_b5,1790893380000,1790893560000,LIGHT
C_peak2.75_x67_w13_e2_b5,1790893560000,1790894400000,DEEP
C_peak2.75_x67_w13_e2_b5,1790894400000,1790894580000,LIGHT
C_peak2.75_x67_w13_e2_b5,1790894580000,1790894880000,DEEP
C_peak2.75_x67_w13_e2_b5,1790894880000,1790895120000,LIGHT
C_peak2.75_x67_w13_e2_b5,1790895120000,1790896320000,DEEP
C_peak2.75_x67_w13_e2_b5,1790896320000,1790896349427,LIGHT
C_peak2.75_x67_w13_e2_b6,1790875829427,1790880060000,LIGHT
C_peak2.75_x67_w13_e2_b6,1790880060000,1790881200000,DEEP
C_peak2.75_x67_w13_e2_b6,1790881200000,1790881260000,LIGHT
C_peak2.75_x67_w13_e2_b6,1790881260000,1790882100000,DEEP
C_peak2.75_x67_w13_e2_b6,1790882100000,1790885820000,LIGHT
C_peak2.75_x67_w13_e2_b6,1790885820000,1790886180000,DEEP
C_peak2.75_x67_w13_e2_b6,1790886180000,1790886300000,LIGHT
C_peak2.75_x67_w13_e2_b6,1790886300000,1790890320000,DEEP
C_peak2.75_x67_w13_e2_b6,1790890320000,1790890980000,LIGHT
C_peak2.75_x67_w13_e2_b6,1790890980000,1790891340000,DEEP
C_peak2.75_x67_w13_e2_b6,1790891340000,1790893020000,LIGHT
C_peak2.75_x67_w13_e2_b6,1790893020000,1790893380000,DEEP
C_peak2.75_x67_w13_e2_b6,1790893380000,1790893560000,LIGHT
C_peak2.75_x67_w13_e2_b6,1790893560000,1790894400000,DEEP
C_peak2.75_x67_w13_e2_b6,1790894400000,1790895120000,LIGHT
C_peak2.75_x67_w13_e2_b6,1790895120000,1790896320000,DEEP
C_peak2.75_x67_w13_e2_b6,1790896320000,1790896349427,LIGHT
C_peak2.75_x67_w13_e2_b7,1790875829427,1790880060000,LIGHT
C_peak2.75_x67_w13_e2_b7,1790880060000,1790881200000,DEEP
C_peak2.75_x67_w13_e2_b7,1790881200000,1790881260000,LIGHT
C_peak2.75_x67_w13_e2_b7,1790881260000,1790882100000,DEEP
C_peak2.75_x67_w13_e2_b7,1790882100000,1790886300000,LIGHT
C_peak2.75_x67_w13_e2_b7,1790886300000,1790890320000,DEEP
C_peak2.75_x67_w13_e2_b7,1790890320000,1790893560000,LIGHT
C_peak2.75_x67_w13_e2_b7,1790893560000,1790894400000,DEEP
C_peak2.75_x67_w13_e2_b7,1790894400000,1790895120000,LIGHT
C_peak2.75_x67_w13_e2_b7,1790895120000,1790896320000,DEEP
C_peak2.75_x67_w13_e2_b7,1790896320000,1790896349427,LIGHT
C_peak2.75_x67_w14_e1_b5,1790875829427,1790880120000,LIGHT
C_peak2.75_x67_w14_e1_b5,1790880120000,1790881140000,DEEP
C_peak2.75_x67_w14_e1_b5,1790881140000,1790881320000,LIGHT
C_peak2.75_x67_w14_e1_b5,1790881320000,1790882100000,DEEP
C_peak2.75_x67_w14_e1_b5,1790882100000,1790885820000,LIGHT
C_peak2.75_x67_w14_e1_b5,1790885820000,1790886120000,DEEP
C_peak2.75_x67_w14_e1_b5,1790886120000,1790886300000,LIGHT
C_peak2.75_x67_w14_e1_b5,1790886300000,1790890260000,DEEP
C_peak2.75_x67_w14_e1_b5,1790890260000,1790890980000,LIGHT
C_peak2.75_x67_w14_e1_b5,1790890980000,1790891280000,DEEP
C_peak2.75_x67_w14_e1_b5,1790891280000,1790893020000,LIGHT
C_peak2.75_x67_w14_e1_b5,1790893020000,1790893320000,DEEP
C_peak2.75_x67_w14_e1_b5,1790893320000,1790893560000,LIGHT
C_peak2.75_x67_w14_e1_b5,1790893560000,1790894340000,DEEP
C_peak2.75_x67_w14_e1_b5,1790894340000,1790895120000,LIGHT
C_peak2.75_x67_w14_e1_b5,1790895120000,1790896320000,DEEP
C_peak2.75_x67_w14_e1_b5,1790896320000,1790896349427,LIGHT
C_peak2.75_x67_w14_e1_b6,1790875829427,1790880120000,LIGHT
C_peak2.75_x67_w14_e1_b6,1790880120000,1790881140000,DEEP
C_peak2.75_x67_w14_e1_b6,1790881140000,1790881320000,LIGHT
C_peak2.75_x67_w14_e1_b6,1790881320000,1790882100000,DEEP
C_peak2.75_x67_w14_e1_b6,1790882100000,1790886300000,LIGHT
C_peak2.75_x67_w14_e1_b6,1790886300000,1790890260000,DEEP
C_peak2.75_x67_w14_e1_b6,1790890260000,1790893560000,LIGHT
C_peak2.75_x67_w14_e1_b6,1790893560000,1790894340000,DEEP
C_peak2.75_x67_w14_e1_b6,1790894340000,1790895120000,LIGHT
C_peak2.75_x67_w14_e1_b6,1790895120000,1790896320000,DEEP
C_peak2.75_x67_w14_e1_b6,1790896320000,1790896349427,LIGHT
C_peak2.75_x67_w14_e1_b7,1790875829427,1790880120000,LIGHT
C_peak2.75_x67_w14_e1_b7,1790880120000,1790881140000,DEEP
C_peak2.75_x67_w14_e1_b7,1790881140000,1790881320000,LIGHT
C_peak2.75_x67_w14_e1_b7,1790881320000,1790882100000,DEEP
C_peak2.75_x67_w14_e1_b7,1790882100000,1790886300000,LIGHT
C_peak2.75_x67_w14_e1_b7,1790886300000,1790890260000,DEEP
C_peak2.75_x67_w14_e1_b7,1790890260000,1790893560000,LIGHT
C_peak2.75_x67_w14_e1_b7,1790893560000,1790894340000,DEEP
C_peak2.75_x67_w14_e1_b7,1790894340000,1790895120000,LIGHT
C_peak2.75_x67_w14_e1_b7,1790895120000,1790896320000,DEEP
C_peak2.75_x67_w14_e1_b7,1790896320000,1790896349427,LIGHT
C_peak2.75_x67_w14_e2_b5,1790875829427,1790880120000,LIGHT
C_peak2.75_x67_w14_e2_b5,1790880120000,1790881200000,DEEP
C_peak2.75_x67_w14_e2_b5,1790881200000,1790881260000,LIGHT
C_peak2.75_x67_w14_e2_b5,1790881260000,1790882100000,DEEP
C_peak2.75_x67_w14_e2_b5,1790882100000,1790885340000,LIGHT
C_peak2.75_x67_w14_e2_b5,1790885340000,1790885640000,DEEP
C_peak2.75_x67_w14_e2_b5,1790885640000,1790885820000,LIGHT
C_peak2.75_x67_w14_e2_b5,1790885820000,1790886180000,DEEP
C_peak2.75_x67_w14_e2_b5,1790886180000,1790886300000,LIGHT
C_peak2.75_x67_w14_e2_b5,1790886300000,1790890320000,DEEP
C_peak2.75_x67_w14_e2_b5,1790890320000,1790890560000,LIGHT
C_peak2.75_x67_w14_e2_b5,1790890560000,1790890860000,DEEP
C_peak2.75_x67_w14_e2_b5,1790890860000,1790890980000,LIGHT
C_peak2.75_x67_w14_e2_b5,1790890980000,1790891340000,DEEP
C_peak2.75_x67_w14_e2_b5,1790891340000,1790893020000,LIGHT
C_peak2.75_x67_w14_e2_b5,1790893020000,1790893380000,DEEP
C_peak2.75_x67_w14_e2_b5,1790893380000,1790893560000,LIGHT
C_peak2.75_x67_w14_e2_b5,1790893560000,1790894400000,DEEP
C_peak2.75_x67_w14_e2_b5,1790894400000,1790894580000,LIGHT
C_peak2.75_x67_w14_e2_b5,1790894580000,1790894880000,DEEP
C_peak2.75_x67_w14_e2_b5,1790894880000,1790895120000,LIGHT
C_peak2.75_x67_w14_e2_b5,1790895120000,1790896320000,DEEP
C_peak2.75_x67_w14_e2_b5,1790896320000,1790896349427,LIGHT
C_peak2.75_x67_w14_e2_b6,1790875829427,1790880120000,LIGHT
C_peak2.75_x67_w14_e2_b6,1790880120000,1790881200000,DEEP
C_peak2.75_x67_w14_e2_b6,1790881200000,1790881260000,LIGHT
C_peak2.75_x67_w14_e2_b6,1790881260000,1790882100000,DEEP
C_peak2.75_x67_w14_e2_b6,1790882100000,1790885820000,LIGHT
C_peak2.75_x67_w14_e2_b6,1790885820000,1790886180000,DEEP
C_peak2.75_x67_w14_e2_b6,1790886180000,1790886300000,LIGHT
C_peak2.75_x67_w14_e2_b6,1790886300000,1790890320000,DEEP
C_peak2.75_x67_w14_e2_b6,1790890320000,1790890980000,LIGHT
C_peak2.75_x67_w14_e2_b6,1790890980000,1790891340000,DEEP
C_peak2.75_x67_w14_e2_b6,1790891340000,1790893020000,LIGHT
C_peak2.75_x67_w14_e2_b6,1790893020000,1790893380000,DEEP
C_peak2.75_x67_w14_e2_b6,1790893380000,1790893560000,LIGHT
C_peak2.75_x67_w14_e2_b6,1790893560000,1790894400000,DEEP
C_peak2.75_x67_w14_e2_b6,1790894400000,1790895120000,LIGHT
C_peak2.75_x67_w14_e2_b6,1790895120000,1790896320000,DEEP
C_peak2.75_x67_w14_e2_b6,1790896320000,1790896349427,LIGHT
C_peak2.75_x67_w14_e2_b7,1790875829427,1790880120000,LIGHT
C_peak2.75_x67_w14_e2_b7,1790880120000,1790881200000,DEEP
C_peak2.75_x67_w14_e2_b7,1790881200000,1790881260000,LIGHT
C_peak2.75_x67_w14_e2_b7,1790881260000,1790882100000,DEEP
C_peak2.75_x67_w14_e2_b7,1790882100000,1790886300000,LIGHT
C_peak2.75_x67_w14_e2_b7,1790886300000,1790890320000,DEEP
C_peak2.75_x67_w14_e2_b7,1790890320000,1790893560000,LIGHT
C_peak2.75_x67_w14_e2_b7,1790893560000,1790894400000,DEEP
C_peak2.75_x67_w14_e2_b7,1790894400000,1790895120000,LIGHT
C_peak2.75_x67_w14_e2_b7,1790895120000,1790896320000,DEEP
C_peak2.75_x67_w14_e2_b7,1790896320000,1790896349427,LIGHT
C_peak2.75_x67_w15_e1_b5,1790875829427,1790880180000,LIGHT
C_peak2.75_x67_w15_e1_b5,1790880180000,1790881140000,DEEP
C_peak2.75_x67_w15_e1_b5,1790881140000,1790881320000,LIGHT
C_peak2.75_x67_w15_e1_b5,1790881320000,1790882100000,DEEP
C_peak2.75_x67_w15_e1_b5,1790882100000,1790885820000,LIGHT
C_peak2.75_x67_w15_e1_b5,1790885820000,1790886120000,DEEP
C_peak2.75_x67_w15_e1_b5,1790886120000,1790886300000,LIGHT
C_peak2.75_x67_w15_e1_b5,1790886300000,1790890260000,DEEP
C_peak2.75_x67_w15_e1_b5,1790890260000,1790893560000,LIGHT
C_peak2.75_x67_w15_e1_b5,1790893560000,1790894340000,DEEP
C_peak2.75_x67_w15_e1_b5,1790894340000,1790895180000,LIGHT
C_peak2.75_x67_w15_e1_b5,1790895180000,1790896320000,DEEP
C_peak2.75_x67_w15_e1_b5,1790896320000,1790896349427,LIGHT
C_peak2.75_x67_w15_e1_b6,1790875829427,1790880180000,LIGHT
C_peak2.75_x67_w15_e1_b6,1790880180000,1790881140000,DEEP
C_peak2.75_x67_w15_e1_b6,1790881140000,1790881320000,LIGHT
C_peak2.75_x67_w15_e1_b6,1790881320000,1790882100000,DEEP
C_peak2.75_x67_w15_e1_b6,1790882100000,1790886300000,LIGHT
C_peak2.75_x67_w15_e1_b6,1790886300000,1790890260000,DEEP
C_peak2.75_x67_w15_e1_b6,1790890260000,1790893560000,LIGHT
C_peak2.75_x67_w15_e1_b6,1790893560000,1790894340000,DEEP
C_peak2.75_x67_w15_e1_b6,1790894340000,1790895180000,LIGHT
C_peak2.75_x67_w15_e1_b6,1790895180000,1790896320000,DEEP
C_peak2.75_x67_w15_e1_b6,1790896320000,1790896349427,LIGHT
C_peak2.75_x67_w15_e1_b7,1790875829427,1790880180000,LIGHT
C_peak2.75_x67_w15_e1_b7,1790880180000,1790881140000,DEEP
C_peak2.75_x67_w15_e1_b7,1790881140000,1790881320000,LIGHT
C_peak2.75_x67_w15_e1_b7,1790881320000,1790882100000,DEEP
C_peak2.75_x67_w15_e1_b7,1790882100000,1790886300000,LIGHT
C_peak2.75_x67_w15_e1_b7,1790886300000,1790890260000,DEEP
C_peak2.75_x67_w15_e1_b7,1790890260000,1790893560000,LIGHT
C_peak2.75_x67_w15_e1_b7,1790893560000,1790894340000,DEEP
C_peak2.75_x67_w15_e1_b7,1790894340000,1790895180000,LIGHT
C_peak2.75_x67_w15_e1_b7,1790895180000,1790896320000,DEEP
C_peak2.75_x67_w15_e1_b7,1790896320000,1790896349427,LIGHT
C_peak2.75_x67_w15_e2_b5,1790875829427,1790880180000,LIGHT
C_peak2.75_x67_w15_e2_b5,1790880180000,1790881200000,DEEP
C_peak2.75_x67_w15_e2_b5,1790881200000,1790881260000,LIGHT
C_peak2.75_x67_w15_e2_b5,1790881260000,1790882100000,DEEP
C_peak2.75_x67_w15_e2_b5,1790882100000,1790885820000,LIGHT
C_peak2.75_x67_w15_e2_b5,1790885820000,1790886180000,DEEP
C_peak2.75_x67_w15_e2_b5,1790886180000,1790886300000,LIGHT
C_peak2.75_x67_w15_e2_b5,1790886300000,1790890320000,DEEP
C_peak2.75_x67_w15_e2_b5,1790890320000,1790890560000,LIGHT
C_peak2.75_x67_w15_e2_b5,1790890560000,1790890860000,DEEP
C_peak2.75_x67_w15_e2_b5,1790890860000,1790891040000,LIGHT
C_peak2.75_x67_w15_e2_b5,1790891040000,1790891340000,DEEP
C_peak2.75_x67_w15_e2_b5,1790891340000,1790893080000,LIGHT
C_peak2.75_x67_w15_e2_b5,1790893080000,1790893380000,DEEP
C_peak2.75_x67_w15_e2_b5,1790893380000,1790893560000,LIGHT
C_peak2.75_x67_w15_e2_b5,1790893560000,1790894400000,DEEP
C_peak2.75_x67_w15_e2_b5,1790894400000,1790894580000,LIGHT
C_peak2.75_x67_w15_e2_b5,1790894580000,1790894880000,DEEP
C_peak2.75_x67_w15_e2_b5,1790894880000,1790895180000,LIGHT
C_peak2.75_x67_w15_e2_b5,1790895180000,1790896320000,DEEP
C_peak2.75_x67_w15_e2_b5,1790896320000,1790896349427,LIGHT
C_peak2.75_x67_w15_e2_b6,1790875829427,1790880180000,LIGHT
C_peak2.75_x67_w15_e2_b6,1790880180000,1790881200000,DEEP
C_peak2.75_x67_w15_e2_b6,1790881200000,1790881260000,LIGHT
C_peak2.75_x67_w15_e2_b6,1790881260000,1790882100000,DEEP
C_peak2.75_x67_w15_e2_b6,1790882100000,1790885820000,LIGHT
C_peak2.75_x67_w15_e2_b6,1790885820000,1790886180000,DEEP
C_peak2.75_x67_w15_e2_b6,1790886180000,1790886300000,LIGHT
C_peak2.75_x67_w15_e2_b6,1790886300000,1790890320000,DEEP
C_peak2.75_x67_w15_e2_b6,1790890320000,1790893560000,LIGHT
C_peak2.75_x67_w15_e2_b6,1790893560000,1790894400000,DEEP
C_peak2.75_x67_w15_e2_b6,1790894400000,1790895180000,LIGHT
C_peak2.75_x67_w15_e2_b6,1790895180000,1790896320000,DEEP
C_peak2.75_x67_w15_e2_b6,1790896320000,1790896349427,LIGHT
C_peak2.75_x67_w15_e2_b7,1790875829427,1790880180000,LIGHT
C_peak2.75_x67_w15_e2_b7,1790880180000,1790881200000,DEEP
C_peak2.75_x67_w15_e2_b7,1790881200000,1790881260000,LIGHT
C_peak2.75_x67_w15_e2_b7,1790881260000,1790882100000,DEEP
C_peak2.75_x67_w15_e2_b7,1790882100000,1790886300000,LIGHT
C_peak2.75_x67_w15_e2_b7,1790886300000,1790890320000,DEEP
C_peak2.75_x67_w15_e2_b7,1790890320000,1790893560000,LIGHT
C_peak2.75_x67_w15_e2_b7,1790893560000,1790894400000,DEEP
C_peak2.75_x67_w15_e2_b7,1790894400000,1790895180000,LIGHT
C_peak2.75_x67_w15_e2_b7,1790895180000,1790896320000,DEEP
C_peak2.75_x67_w15_e2_b7,1790896320000,1790896349427,LIGHT
C_peak2.75_x70_w12_e1_b5,1790875829427,1790880000000,LIGHT
C_peak2.75_x70_w12_e1_b5,1790880000000,1790882100000,DEEP
C_peak2.75_x70_w12_e1_b5,1790882100000,1790885280000,LIGHT
C_peak2.75_x70_w12_e1_b5,1790885280000,1790885580000,DEEP
C_peak2.75_x70_w12_e1_b5,1790885580000,1790885820000,LIGHT
C_peak2.75_x70_w12_e1_b5,1790885820000,1790886120000,DEEP
C_peak2.75_x70_w12_e1_b5,1790886120000,1790886300000,LIGHT
C_peak2.75_x70_w12_e1_b5,1790886300000,1790890260000,DEEP
C_peak2.75_x70_w12_e1_b5,1790890260000,1790890560000,LIGHT
C_peak2.75_x70_w12_e1_b5,1790890560000,1790891340000,DEEP
C_peak2.75_x70_w12_e1_b5,1790891340000,1790892960000,LIGHT
C_peak2.75_x70_w12_e1_b5,1790892960000,1790893320000,DEEP
C_peak2.75_x70_w12_e1_b5,1790893320000,1790893560000,LIGHT
C_peak2.75_x70_w12_e1_b5,1790893560000,1790894340000,DEEP
C_peak2.75_x70_w12_e1_b5,1790894340000,1790895060000,LIGHT
C_peak2.75_x70_w12_e1_b5,1790895060000,1790896320000,DEEP
C_peak2.75_x70_w12_e1_b5,1790896320000,1790896349427,LIGHT
C_peak2.75_x70_w12_e1_b6,1790875829427,1790880000000,LIGHT
C_peak2.75_x70_w12_e1_b6,1790880000000,1790882100000,DEEP
C_peak2.75_x70_w12_e1_b6,1790882100000,1790886300000,LIGHT
C_peak2.75_x70_w12_e1_b6,1790886300000,1790890260000,DEEP
C_peak2.75_x70_w12_e1_b6,1790890260000,1790890560000,LIGHT
C_peak2.75_x70_w12_e1_b6,1790890560000,1790891340000,DEEP
C_peak2.75_x70_w12_e1_b6,1790891340000,1790892960000,LIGHT
C_peak2.75_x70_w12_e1_b6,1790892960000,1790893320000,DEEP
C_peak2.75_x70_w12_e1_b6,1790893320000,1790893560000,LIGHT
C_peak2.75_x70_w12_e1_b6,1790893560000,1790894340000,DEEP
C_peak2.75_x70_w12_e1_b6,1790894340000,1790895060000,LIGHT
C_peak2.75_x70_w12_e1_b6,1790895060000,1790896320000,DEEP
C_peak2.75_x70_w12_e1_b6,1790896320000,1790896349427,LIGHT
C_peak2.75_x70_w12_e1_b7,1790875829427,1790880000000,LIGHT
C_peak2.75_x70_w12_e1_b7,1790880000000,1790882100000,DEEP
C_peak2.75_x70_w12_e1_b7,1790882100000,1790886300000,LIGHT
C_peak2.75_x70_w12_e1_b7,1790886300000,1790890260000,DEEP
C_peak2.75_x70_w12_e1_b7,1790890260000,1790890560000,LIGHT
C_peak2.75_x70_w12_e1_b7,1790890560000,1790891340000,DEEP
C_peak2.75_x70_w12_e1_b7,1790891340000,1790893560000,LIGHT
C_peak2.75_x70_w12_e1_b7,1790893560000,1790894340000,DEEP
C_peak2.75_x70_w12_e1_b7,1790894340000,1790895060000,LIGHT
C_peak2.75_x70_w12_e1_b7,1790895060000,1790896320000,DEEP
C_peak2.75_x70_w12_e1_b7,1790896320000,1790896349427,LIGHT
C_peak2.75_x70_w12_e2_b5,1790875829427,1790880000000,LIGHT
C_peak2.75_x70_w12_e2_b5,1790880000000,1790882100000,DEEP
C_peak2.75_x70_w12_e2_b5,1790882100000,1790885280000,LIGHT
C_peak2.75_x70_w12_e2_b5,1790885280000,1790885640000,DEEP
C_peak2.75_x70_w12_e2_b5,1790885640000,1790885820000,LIGHT
C_peak2.75_x70_w12_e2_b5,1790885820000,1790886180000,DEEP
C_peak2.75_x70_w12_e2_b5,1790886180000,1790886300000,LIGHT
C_peak2.75_x70_w12_e2_b5,1790886300000,1790890320000,DEEP
C_peak2.75_x70_w12_e2_b5,1790890320000,1790890560000,LIGHT
C_peak2.75_x70_w12_e2_b5,1790890560000,1790891400000,DEEP
C_peak2.75_x70_w12_e2_b5,1790891400000,1790892960000,LIGHT
C_peak2.75_x70_w12_e2_b5,1790892960000,1790893380000,DEEP
C_peak2.75_x70_w12_e2_b5,1790893380000,1790893560000,LIGHT
C_peak2.75_x70_w12_e2_b5,1790893560000,1790894400000,DEEP
C_peak2.75_x70_w12_e2_b5,1790894400000,1790894580000,LIGHT
C_peak2.75_x70_w12_e2_b5,1790894580000,1790894880000,DEEP
C_peak2.75_x70_w12_e2_b5,1790894880000,1790895060000,LIGHT
C_peak2.75_x70_w12_e2_b5,1790895060000,1790896320000,DEEP
C_peak2.75_x70_w12_e2_b5,1790896320000,1790896349427,LIGHT
C_peak2.75_x70_w12_e2_b6,1790875829427,1790880000000,LIGHT
C_peak2.75_x70_w12_e2_b6,1790880000000,1790882100000,DEEP
C_peak2.75_x70_w12_e2_b6,1790882100000,1790885280000,LIGHT
C_peak2.75_x70_w12_e2_b6,1790885280000,1790885640000,DEEP
C_peak2.75_x70_w12_e2_b6,1790885640000,1790885820000,LIGHT
C_peak2.75_x70_w12_e2_b6,1790885820000,1790886180000,DEEP
C_peak2.75_x70_w12_e2_b6,1790886180000,1790886300000,LIGHT
C_peak2.75_x70_w12_e2_b6,1790886300000,1790890320000,DEEP
C_peak2.75_x70_w12_e2_b6,1790890320000,1790890560000,LIGHT
C_peak2.75_x70_w12_e2_b6,1790890560000,1790891400000,DEEP
C_peak2.75_x70_w12_e2_b6,1790891400000,1790892960000,LIGHT
C_peak2.75_x70_w12_e2_b6,1790892960000,1790893380000,DEEP
C_peak2.75_x70_w12_e2_b6,1790893380000,1790893560000,LIGHT
C_peak2.75_x70_w12_e2_b6,1790893560000,1790894400000,DEEP
C_peak2.75_x70_w12_e2_b6,1790894400000,1790895060000,LIGHT
C_peak2.75_x70_w12_e2_b6,1790895060000,1790896320000,DEEP
C_peak2.75_x70_w12_e2_b6,1790896320000,1790896349427,LIGHT
C_peak2.75_x70_w12_e2_b7,1790875829427,1790880000000,LIGHT
C_peak2.75_x70_w12_e2_b7,1790880000000,1790882100000,DEEP
C_peak2.75_x70_w12_e2_b7,1790882100000,1790886300000,LIGHT
C_peak2.75_x70_w12_e2_b7,1790886300000,1790890320000,DEEP
C_peak2.75_x70_w12_e2_b7,1790890320000,1790890560000,LIGHT
C_peak2.75_x70_w12_e2_b7,1790890560000,1790891400000,DEEP
C_peak2.75_x70_w12_e2_b7,1790891400000,1790892960000,LIGHT
C_peak2.75_x70_w12_e2_b7,1790892960000,1790893380000,DEEP
C_peak2.75_x70_w12_e2_b7,1790893380000,1790893560000,LIGHT
C_peak2.75_x70_w12_e2_b7,1790893560000,1790894400000,DEEP
C_peak2.75_x70_w12_e2_b7,1790894400000,1790895060000,LIGHT
C_peak2.75_x70_w12_e2_b7,1790895060000,1790896320000,DEEP
C_peak2.75_x70_w12_e2_b7,1790896320000,1790896349427,LIGHT
C_peak2.75_x70_w13_e1_b5,1790875829427,1790880060000,LIGHT
C_peak2.75_x70_w13_e1_b5,1790880060000,1790882100000,DEEP
C_peak2.75_x70_w13_e1_b5,1790882100000,1790885820000,LIGHT
C_peak2.75_x70_w13_e1_b5,1790885820000,1790886120000,DEEP
C_peak2.75_x70_w13_e1_b5,1790886120000,1790886300000,LIGHT
C_peak2.75_x70_w13_e1_b5,1790886300000,1790890260000,DEEP
C_peak2.75_x70_w13_e1_b5,1790890260000,1790890560000,LIGHT
C_peak2.75_x70_w13_e1_b5,1790890560000,1790891340000,DEEP
C_peak2.75_x70_w13_e1_b5,1790891340000,1790893020000,LIGHT
C_peak2.75_x70_w13_e1_b5,1790893020000,1790893320000,DEEP
C_peak2.75_x70_w13_e1_b5,1790893320000,1790893560000,LIGHT
C_peak2.75_x70_w13_e1_b5,1790893560000,1790894340000,DEEP
C_peak2.75_x70_w13_e1_b5,1790894340000,1790895120000,LIGHT
C_peak2.75_x70_w13_e1_b5,1790895120000,1790896320000,DEEP
C_peak2.75_x70_w13_e1_b5,1790896320000,1790896349427,LIGHT
C_peak2.75_x70_w13_e1_b6,1790875829427,1790880060000,LIGHT
C_peak2.75_x70_w13_e1_b6,1790880060000,1790882100000,DEEP
C_peak2.75_x70_w13_e1_b6,1790882100000,1790886300000,LIGHT
C_peak2.75_x70_w13_e1_b6,1790886300000,1790890260000,DEEP
C_peak2.75_x70_w13_e1_b6,1790890260000,1790890560000,LIGHT
C_peak2.75_x70_w13_e1_b6,1790890560000,1790891340000,DEEP
C_peak2.75_x70_w13_e1_b6,1790891340000,1790893560000,LIGHT
C_peak2.75_x70_w13_e1_b6,1790893560000,1790894340000,DEEP
C_peak2.75_x70_w13_e1_b6,1790894340000,1790895120000,LIGHT
C_peak2.75_x70_w13_e1_b6,1790895120000,1790896320000,DEEP
C_peak2.75_x70_w13_e1_b6,1790896320000,1790896349427,LIGHT
C_peak2.75_x70_w13_e1_b7,1790875829427,1790880060000,LIGHT
C_peak2.75_x70_w13_e1_b7,1790880060000,1790882100000,DEEP
C_peak2.75_x70_w13_e1_b7,1790882100000,1790886300000,LIGHT
C_peak2.75_x70_w13_e1_b7,1790886300000,1790890260000,DEEP
C_peak2.75_x70_w13_e1_b7,1790890260000,1790890560000,LIGHT
C_peak2.75_x70_w13_e1_b7,1790890560000,1790891340000,DEEP
C_peak2.75_x70_w13_e1_b7,1790891340000,1790893560000,LIGHT
C_peak2.75_x70_w13_e1_b7,1790893560000,1790894340000,DEEP
C_peak2.75_x70_w13_e1_b7,1790894340000,1790895120000,LIGHT
C_peak2.75_x70_w13_e1_b7,1790895120000,1790896320000,DEEP
C_peak2.75_x70_w13_e1_b7,1790896320000,1790896349427,LIGHT
C_peak2.75_x70_w13_e2_b5,1790875829427,1790880060000,LIGHT
C_peak2.75_x70_w13_e2_b5,1790880060000,1790882100000,DEEP
C_peak2.75_x70_w13_e2_b5,1790882100000,1790885340000,LIGHT
C_peak2.75_x70_w13_e2_b5,1790885340000,1790885640000,DEEP
C_peak2.75_x70_w13_e2_b5,1790885640000,1790885820000,LIGHT
C_peak2.75_x70_w13_e2_b5,1790885820000,1790886180000,DEEP
C_peak2.75_x70_w13_e2_b5,1790886180000,1790886300000,LIGHT
C_peak2.75_x70_w13_e2_b5,1790886300000,1790890320000,DEEP
C_peak2.75_x70_w13_e2_b5,1790890320000,1790890560000,LIGHT
C_peak2.75_x70_w13_e2_b5,1790890560000,1790891400000,DEEP
C_peak2.75_x70_w13_e2_b5,1790891400000,1790893020000,LIGHT
C_peak2.75_x70_w13_e2_b5,1790893020000,1790893380000,DEEP
C_peak2.75_x70_w13_e2_b5,1790893380000,1790893560000,LIGHT
C_peak2.75_x70_w13_e2_b5,1790893560000,1790894400000,DEEP
C_peak2.75_x70_w13_e2_b5,1790894400000,1790894580000,LIGHT
C_peak2.75_x70_w13_e2_b5,1790894580000,1790894880000,DEEP
C_peak2.75_x70_w13_e2_b5,1790894880000,1790895120000,LIGHT
C_peak2.75_x70_w13_e2_b5,1790895120000,1790896320000,DEEP
C_peak2.75_x70_w13_e2_b5,1790896320000,1790896349427,LIGHT
C_peak2.75_x70_w13_e2_b6,1790875829427,1790880060000,LIGHT
C_peak2.75_x70_w13_e2_b6,1790880060000,1790882100000,DEEP
C_peak2.75_x70_w13_e2_b6,1790882100000,1790885820000,LIGHT
C_peak2.75_x70_w13_e2_b6,1790885820000,1790886180000,DEEP
C_peak2.75_x70_w13_e2_b6,1790886180000,1790886300000,LIGHT
C_peak2.75_x70_w13_e2_b6,1790886300000,1790890320000,DEEP
C_peak2.75_x70_w13_e2_b6,1790890320000,1790890560000,LIGHT
C_peak2.75_x70_w13_e2_b6,1790890560000,1790891400000,DEEP
C_peak2.75_x70_w13_e2_b6,1790891400000,1790893020000,LIGHT
C_peak2.75_x70_w13_e2_b6,1790893020000,1790893380000,DEEP
C_peak2.75_x70_w13_e2_b6,1790893380000,1790893560000,LIGHT
C_peak2.75_x70_w13_e2_b6,1790893560000,1790894400000,DEEP
C_peak2.75_x70_w13_e2_b6,1790894400000,1790895120000,LIGHT
C_peak2.75_x70_w13_e2_b6,1790895120000,1790896320000,DEEP
C_peak2.75_x70_w13_e2_b6,1790896320000,1790896349427,LIGHT
C_peak2.75_x70_w13_e2_b7,1790875829427,1790880060000,LIGHT
C_peak2.75_x70_w13_e2_b7,1790880060000,1790882100000,DEEP
C_peak2.75_x70_w13_e2_b7,1790882100000,1790886300000,LIGHT
C_peak2.75_x70_w13_e2_b7,1790886300000,1790890320000,DEEP
C_peak2.75_x70_w13_e2_b7,1790890320000,1790890560000,LIGHT
C_peak2.75_x70_w13_e2_b7,1790890560000,1790891400000,DEEP
C_peak2.75_x70_w13_e2_b7,1790891400000,1790893560000,LIGHT
C_peak2.75_x70_w13_e2_b7,1790893560000,1790894400000,DEEP
C_peak2.75_x70_w13_e2_b7,1790894400000,1790895120000,LIGHT
C_peak2.75_x70_w13_e2_b7,1790895120000,1790896320000,DEEP
C_peak2.75_x70_w13_e2_b7,1790896320000,1790896349427,LIGHT
C_peak2.75_x70_w14_e1_b5,1790875829427,1790880120000,LIGHT
C_peak2.75_x70_w14_e1_b5,1790880120000,1790882100000,DEEP
C_peak2.75_x70_w14_e1_b5,1790882100000,1790885820000,LIGHT
C_peak2.75_x70_w14_e1_b5,1790885820000,1790886120000,DEEP
C_peak2.75_x70_w14_e1_b5,1790886120000,1790886300000,LIGHT
C_peak2.75_x70_w14_e1_b5,1790886300000,1790890260000,DEEP
C_peak2.75_x70_w14_e1_b5,1790890260000,1790890560000,LIGHT
C_peak2.75_x70_w14_e1_b5,1790890560000,1790891340000,DEEP
C_peak2.75_x70_w14_e1_b5,1790891340000,1790893020000,LIGHT
C_peak2.75_x70_w14_e1_b5,1790893020000,1790893320000,DEEP
C_peak2.75_x70_w14_e1_b5,1790893320000,1790893560000,LIGHT
C_peak2.75_x70_w14_e1_b5,1790893560000,1790894340000,DEEP
C_peak2.75_x70_w14_e1_b5,1790894340000,1790895120000,LIGHT
C_peak2.75_x70_w14_e1_b5,1790895120000,1790896320000,DEEP
C_peak2.75_x70_w14_e1_b5,1790896320000,1790896349427,LIGHT
C_peak2.75_x70_w14_e1_b6,1790875829427,1790880120000,LIGHT
C_peak2.75_x70_w14_e1_b6,1790880120000,1790882100000,DEEP
C_peak2.75_x70_w14_e1_b6,1790882100000,1790886300000,LIGHT
C_peak2.75_x70_w14_e1_b6,1790886300000,1790890260000,DEEP
C_peak2.75_x70_w14_e1_b6,1790890260000,1790890560000,LIGHT
C_peak2.75_x70_w14_e1_b6,1790890560000,1790891340000,DEEP
C_peak2.75_x70_w14_e1_b6,1790891340000,1790893560000,LIGHT
C_peak2.75_x70_w14_e1_b6,1790893560000,1790894340000,DEEP
C_peak2.75_x70_w14_e1_b6,1790894340000,1790895120000,LIGHT
C_peak2.75_x70_w14_e1_b6,1790895120000,1790896320000,DEEP
C_peak2.75_x70_w14_e1_b6,1790896320000,1790896349427,LIGHT
C_peak2.75_x70_w14_e1_b7,1790875829427,1790880120000,LIGHT
C_peak2.75_x70_w14_e1_b7,1790880120000,1790882100000,DEEP
C_peak2.75_x70_w14_e1_b7,1790882100000,1790886300000,LIGHT
C_peak2.75_x70_w14_e1_b7,1790886300000,1790890260000,DEEP
C_peak2.75_x70_w14_e1_b7,1790890260000,1790890560000,LIGHT
C_peak2.75_x70_w14_e1_b7,1790890560000,1790891340000,DEEP
C_peak2.75_x70_w14_e1_b7,1790891340000,1790893560000,LIGHT
C_peak2.75_x70_w14_e1_b7,1790893560000,1790894340000,DEEP
C_peak2.75_x70_w14_e1_b7,1790894340000,1790895120000,LIGHT
C_peak2.75_x70_w14_e1_b7,1790895120000,1790896320000,DEEP
C_peak2.75_x70_w14_e1_b7,1790896320000,1790896349427,LIGHT
C_peak2.75_x70_w14_e2_b5,1790875829427,1790880120000,LIGHT
C_peak2.75_x70_w14_e2_b5,1790880120000,1790882100000,DEEP
C_peak2.75_x70_w14_e2_b5,1790882100000,1790885340000,LIGHT
C_peak2.75_x70_w14_e2_b5,1790885340000,1790885640000,DEEP
C_peak2.75_x70_w14_e2_b5,1790885640000,1790885820000,LIGHT
C_peak2.75_x70_w14_e2_b5,1790885820000,1790886180000,DEEP
C_peak2.75_x70_w14_e2_b5,1790886180000,1790886300000,LIGHT
C_peak2.75_x70_w14_e2_b5,1790886300000,1790890320000,DEEP
C_peak2.75_x70_w14_e2_b5,1790890320000,1790890560000,LIGHT
C_peak2.75_x70_w14_e2_b5,1790890560000,1790891400000,DEEP
C_peak2.75_x70_w14_e2_b5,1790891400000,1790893020000,LIGHT
C_peak2.75_x70_w14_e2_b5,1790893020000,1790893380000,DEEP
C_peak2.75_x70_w14_e2_b5,1790893380000,1790893560000,LIGHT
C_peak2.75_x70_w14_e2_b5,1790893560000,1790894400000,DEEP
C_peak2.75_x70_w14_e2_b5,1790894400000,1790894580000,LIGHT
C_peak2.75_x70_w14_e2_b5,1790894580000,1790894880000,DEEP
C_peak2.75_x70_w14_e2_b5,1790894880000,1790895120000,LIGHT
C_peak2.75_x70_w14_e2_b5,1790895120000,1790896320000,DEEP
C_peak2.75_x70_w14_e2_b5,1790896320000,1790896349427,LIGHT
C_peak2.75_x70_w14_e2_b6,1790875829427,1790880120000,LIGHT
C_peak2.75_x70_w14_e2_b6,1790880120000,1790882100000,DEEP
C_peak2.75_x70_w14_e2_b6,1790882100000,1790885820000,LIGHT
C_peak2.75_x70_w14_e2_b6,1790885820000,1790886180000,DEEP
C_peak2.75_x70_w14_e2_b6,1790886180000,1790886300000,LIGHT
C_peak2.75_x70_w14_e2_b6,1790886300000,1790890320000,DEEP
C_peak2.75_x70_w14_e2_b6,1790890320000,1790890560000,LIGHT
C_peak2.75_x70_w14_e2_b6,1790890560000,1790891400000,DEEP
C_peak2.75_x70_w14_e2_b6,1790891400000,1790893020000,LIGHT
C_peak2.75_x70_w14_e2_b6,1790893020000,1790893380000,DEEP
C_peak2.75_x70_w14_e2_b6,1790893380000,1790893560000,LIGHT
C_peak2.75_x70_w14_e2_b6,1790893560000,1790894400000,DEEP
C_peak2.75_x70_w14_e2_b6,1790894400000,1790895120000,LIGHT
C_peak2.75_x70_w14_e2_b6,1790895120000,1790896320000,DEEP
C_peak2.75_x70_w14_e2_b6,1790896320000,1790896349427,LIGHT
C_peak2.75_x70_w14_e2_b7,1790875829427,1790880120000,LIGHT
C_peak2.75_x70_w14_e2_b7,1790880120000,1790882100000,DEEP
C_peak2.75_x70_w14_e2_b7,1790882100000,1790886300000,LIGHT
C_peak2.75_x70_w14_e2_b7,1790886300000,1790890320000,DEEP
C_peak2.75_x70_w14_e2_b7,1790890320000,1790890560000,LIGHT
C_peak2.75_x70_w14_e2_b7,1790890560000,1790891400000,DEEP
C_peak2.75_x70_w14_e2_b7,1790891400000,1790893560000,LIGHT
C_peak2.75_x70_w14_e2_b7,1790893560000,1790894400000,DEEP
C_peak2.75_x70_w14_e2_b7,1790894400000,1790895120000,LIGHT
C_peak2.75_x70_w14_e2_b7,1790895120000,1790896320000,DEEP
C_peak2.75_x70_w14_e2_b7,1790896320000,1790896349427,LIGHT
C_peak2.75_x70_w15_e1_b5,1790875829427,1790880180000,LIGHT
C_peak2.75_x70_w15_e1_b5,1790880180000,1790882100000,DEEP
C_peak2.75_x70_w15_e1_b5,1790882100000,1790885820000,LIGHT
C_peak2.75_x70_w15_e1_b5,1790885820000,1790886120000,DEEP
C_peak2.75_x70_w15_e1_b5,1790886120000,1790886300000,LIGHT
C_peak2.75_x70_w15_e1_b5,1790886300000,1790890260000,DEEP
C_peak2.75_x70_w15_e1_b5,1790890260000,1790890560000,LIGHT
C_peak2.75_x70_w15_e1_b5,1790890560000,1790891340000,DEEP
C_peak2.75_x70_w15_e1_b5,1790891340000,1790893560000,LIGHT
C_peak2.75_x70_w15_e1_b5,1790893560000,1790894340000,DEEP
C_peak2.75_x70_w15_e1_b5,1790894340000,1790895180000,LIGHT
C_peak2.75_x70_w15_e1_b5,1790895180000,1790896320000,DEEP
C_peak2.75_x70_w15_e1_b5,1790896320000,1790896349427,LIGHT
C_peak2.75_x70_w15_e1_b6,1790875829427,1790880180000,LIGHT
C_peak2.75_x70_w15_e1_b6,1790880180000,1790882100000,DEEP
C_peak2.75_x70_w15_e1_b6,1790882100000,1790886300000,LIGHT
C_peak2.75_x70_w15_e1_b6,1790886300000,1790890260000,DEEP
C_peak2.75_x70_w15_e1_b6,1790890260000,1790890560000,LIGHT
C_peak2.75_x70_w15_e1_b6,1790890560000,1790891340000,DEEP
C_peak2.75_x70_w15_e1_b6,1790891340000,1790893560000,LIGHT
C_peak2.75_x70_w15_e1_b6,1790893560000,1790894340000,DEEP
C_peak2.75_x70_w15_e1_b6,1790894340000,1790895180000,LIGHT
C_peak2.75_x70_w15_e1_b6,1790895180000,1790896320000,DEEP
C_peak2.75_x70_w15_e1_b6,1790896320000,1790896349427,LIGHT
C_peak2.75_x70_w15_e1_b7,1790875829427,1790880180000,LIGHT
C_peak2.75_x70_w15_e1_b7,1790880180000,1790882100000,DEEP
C_peak2.75_x70_w15_e1_b7,1790882100000,1790886300000,LIGHT
C_peak2.75_x70_w15_e1_b7,1790886300000,1790890260000,DEEP
C_peak2.75_x70_w15_e1_b7,1790890260000,1790890560000,LIGHT
C_peak2.75_x70_w15_e1_b7,1790890560000,1790891340000,DEEP
C_peak2.75_x70_w15_e1_b7,1790891340000,1790893560000,LIGHT
C_peak2.75_x70_w15_e1_b7,1790893560000,1790894340000,DEEP
C_peak2.75_x70_w15_e1_b7,1790894340000,1790895180000,LIGHT
C_peak2.75_x70_w15_e1_b7,1790895180000,1790896320000,DEEP
C_peak2.75_x70_w15_e1_b7,1790896320000,1790896349427,LIGHT
C_peak2.75_x70_w15_e2_b5,1790875829427,1790880180000,LIGHT
C_peak2.75_x70_w15_e2_b5,1790880180000,1790882100000,DEEP
C_peak2.75_x70_w15_e2_b5,1790882100000,1790885820000,LIGHT
C_peak2.75_x70_w15_e2_b5,1790885820000,1790886180000,DEEP
C_peak2.75_x70_w15_e2_b5,1790886180000,1790886300000,LIGHT
C_peak2.75_x70_w15_e2_b5,1790886300000,1790890320000,DEEP
C_peak2.75_x70_w15_e2_b5,1790890320000,1790890560000,LIGHT
C_peak2.75_x70_w15_e2_b5,1790890560000,1790891400000,DEEP
C_peak2.75_x70_w15_e2_b5,1790891400000,1790893080000,LIGHT
C_peak2.75_x70_w15_e2_b5,1790893080000,1790893380000,DEEP
C_peak2.75_x70_w15_e2_b5,1790893380000,1790893560000,LIGHT
C_peak2.75_x70_w15_e2_b5,1790893560000,1790894400000,DEEP
C_peak2.75_x70_w15_e2_b5,1790894400000,1790894580000,LIGHT
C_peak2.75_x70_w15_e2_b5,1790894580000,1790894880000,DEEP
C_peak2.75_x70_w15_e2_b5,1790894880000,1790895180000,LIGHT
C_peak2.75_x70_w15_e2_b5,1790895180000,1790896320000,DEEP
C_peak2.75_x70_w15_e2_b5,1790896320000,1790896349427,LIGHT
C_peak2.75_x70_w15_e2_b6,1790875829427,1790880180000,LIGHT
C_peak2.75_x70_w15_e2_b6,1790880180000,1790882100000,DEEP
C_peak2.75_x70_w15_e2_b6,1790882100000,1790885820000,LIGHT
C_peak2.75_x70_w15_e2_b6,1790885820000,1790886180000,DEEP
C_peak2.75_x70_w15_e2_b6,1790886180000,1790886300000,LIGHT
C_peak2.75_x70_w15_e2_b6,1790886300000,1790890320000,DEEP
C_peak2.75_x70_w15_e2_b6,1790890320000,1790890560000,LIGHT
C_peak2.75_x70_w15_e2_b6,1790890560000,1790891400000,DEEP
C_peak2.75_x70_w15_e2_b6,1790891400000,1790893560000,LIGHT
C_peak2.75_x70_w15_e2_b6,1790893560000,1790894400000,DEEP
C_peak2.75_x70_w15_e2_b6,1790894400000,1790895180000,LIGHT
C_peak2.75_x70_w15_e2_b6,1790895180000,1790896320000,DEEP
C_peak2.75_x70_w15_e2_b6,1790896320000,1790896349427,LIGHT
C_peak2.75_x70_w15_e2_b7,1790875829427,1790880180000,LIGHT
C_peak2.75_x70_w15_e2_b7,1790880180000,1790882100000,DEEP
C_peak2.75_x70_w15_e2_b7,1790882100000,1790886300000,LIGHT
C_peak2.75_x70_w15_e2_b7,1790886300000,1790890320000,DEEP
C_peak2.75_x70_w15_e2_b7,1790890320000,1790890560000,LIGHT
C_peak2.75_x70_w15_e2_b7,1790890560000,1790891400000,DEEP
C_peak2.75_x70_w15_e2_b7,1790891400000,1790893560000,LIGHT
C_peak2.75_x70_w15_e2_b7,1790893560000,1790894400000,DEEP
C_peak2.75_x70_w15_e2_b7,1790894400000,1790895180000,LIGHT
C_peak2.75_x70_w15_e2_b7,1790895180000,1790896320000,DEEP
C_peak2.75_x70_w15_e2_b7,1790896320000,1790896349427,LIGHT
