profile,start_ms,end_ms,stage
baseline,1790875829427,1790886960000,LIGHT
baseline,1790886960000,1790888820000,DEEP
baseline,1790888820000,1790896349427,LIGHT
movements2,1790875829427,1790886480000,LIGHT
movements2,1790886480000,1790888820000,DEEP
movements2,1790888820000,1790896349427,LIGHT
noise2.5,1790875829427,1790882940000,LIGHT
noise2.5,1790882940000,1790883720000,DEEP
noise2.5,1790883720000,1790887020000,LIGHT
noise2.5,1790887020000,1790889780000,DEEP
noise2.5,1790889780000,1790896349427,LIGHT
noise2.0,1790875829427,1790882940000,LIGHT
noise2.0,1790882940000,1790883720000,DEEP
noise2.0,1790883720000,1790887020000,LIGHT
noise2.0,1790887020000,1790889780000,DEEP
noise2.0,1790889780000,1790896349427,LIGHT
renew2.5,1790875829427,1790887020000,LIGHT
renew2.5,1790887020000,1790889780000,DEEP
renew2.5,1790889780000,1790896349427,LIGHT
renew2.0,1790875829427,1790887020000,LIGHT
renew2.0,1790887020000,1790889780000,DEEP
renew2.0,1790889780000,1790896349427,LIGHT
hold60,1790875829427,1790887020000,LIGHT
hold60,1790887020000,1790889780000,DEEP
hold60,1790889780000,1790896349427,LIGHT
hold90,1790875829427,1790887020000,LIGHT
hold90,1790887020000,1790889780000,DEEP
hold90,1790889780000,1790896349427,LIGHT
peak2.5,1790875829427,1790886480000,LIGHT
peak2.5,1790886480000,1790888820000,DEEP
peak2.5,1790888820000,1790893560000,LIGHT
peak2.5,1790893560000,1790894460000,DEEP
peak2.5,1790894460000,1790896349427,LIGHT
peak3.0,1790875829427,1790885820000,LIGHT
peak3.0,1790885820000,1790890380000,DEEP
peak3.0,1790890380000,1790890620000,LIGHT
peak3.0,1790890620000,1790891640000,DEEP
peak3.0,1790891640000,1790893080000,LIGHT
peak3.0,1790893080000,1790894460000,DEEP
peak3.0,1790894460000,1790896349427,LIGHT
composite_peak,1790875829427,1790886480000,LIGHT
composite_peak,1790886480000,1790889840000,DEEP
composite_peak,1790889840000,1790893620000,LIGHT
composite_peak,1790893620000,1790894460000,DEEP
composite_peak,1790894460000,1790896349427,LIGHT
entry12,1790875829427,1790886900000,LIGHT
entry12,1790886900000,1790888820000,DEEP
entry12,1790888820000,1790896349427,LIGHT
entry10,1790875829427,1790886840000,LIGHT
entry10,1790886840000,1790888820000,DEEP
entry10,1790888820000,1790896349427,LIGHT
entryP65,1790875829427,1790886540000,LIGHT
entryP65,1790886540000,1790888820000,DEEP
entryP65,1790888820000,1790896349427,LIGHT
entryP70,1790875829427,1790886480000,LIGHT
entryP70,1790886480000,1790888820000,DEEP
entryP70,1790888820000,1790896349427,LIGHT
bout5,1790875829427,1790886960000,LIGHT
bout5,1790886960000,1790888820000,DEEP
bout5,1790888820000,1790896349427,LIGHT
bout2,1790875829427,1790886960000,LIGHT
bout2,1790886960000,1790888820000,DEEP
bout2,1790888820000,1790896349427,LIGHT
exitP65,1790875829427,1790887440000,LIGHT
exitP65,1790887440000,1790888820000,DEEP
exitP65,1790888820000,1790896349427,LIGHT
exitP50,1790875829427,1790887440000,LIGHT
exitP50,1790887440000,1790888820000,DEEP
exitP50,1790888820000,1790896349427,LIGHT
exitWindows2,1790875829427,1790886960000,LIGHT
exitWindows2,1790886960000,1790888820000,DEEP
exitWindows2,1790888820000,1790896349427,LIGHT
exitWindows1,1790875829427,1790886960000,LIGHT
exitWindows1,1790886960000,1790888820000,DEEP
exitWindows1,1790888820000,1790896349427,LIGHT
exitEvents6,1790875829427,1790886960000,LIGHT
exitEvents6,1790886960000,1790888820000,DEEP
exitEvents6,1790888820000,1790896349427,LIGHT
exitEvents4,1790875829427,1790886960000,LIGHT
exitEvents4,1790886960000,1790888820000,DEEP
exitEvents4,1790888820000,1790896349427,LIGHT
grid_n3_noise3.0_peak1.5_h45_w15_p50_x70,1790875829427,1790886960000,LIGHT
grid_n3_noise3.0_peak1.5_h45_w15_p50_x70,1790886960000,1790888820000,DEEP
grid_n3_noise3.0_peak1.5_h45_w15_p50_x70,1790888820000,1790896349427,LIGHT
grid_n3_noise3.0_peak1.5_h45_w15_p50_x65,1790875829427,1790887440000,LIGHT
grid_n3_noise3.0_peak1.5_h45_w15_p50_x65,1790887440000,1790888820000,DEEP
grid_n3_noise3.0_peak1.5_h45_w15_p50_x65,1790888820000,1790896349427,LIGHT
grid_n3_noise3.0_peak1.5_h45_w15_p65_x70,1790875829427,1790886540000,LIGHT
grid_n3_noise3.0_peak1.5_h45_w15_p65_x70,1790886540000,1790888820000,DEEP
grid_n3_noise3.0_peak1.5_h45_w15_p65_x70,1790888820000,1790896349427,LIGHT
grid_n3_noise3.0_peak1.5_h45_w15_p65_x65,1790875829427,1790886540000,LIGHT
grid_n3_noise3.0_peak1.5_h45_w15_p65_x65,1790886540000,1790887380000,DEEP
grid_n3_noise3.0_peak1.5_h45_w15_p65_x65,1790887380000,1790887440000,LIGHT
grid_n3_noise3.0_peak1.5_h45_w15_p65_x65,1790887440000,1790888820000,DEEP
grid_n3_noise3.0_peak1.5_h45_w15_p65_x65,1790888820000,1790896349427,LIGHT
grid_n3_noise3.0_peak1.5_h45_w10_p50_x70,1790875829427,1790886840000,LIGHT
grid_n3_noise3.0_peak1.5_h45_w10_p50_x70,1790886840000,1790888820000,DEEP
grid_n3_noise3.0_peak1.5_h45_w10_p50_x70,1790888820000,1790896349427,LIGHT
grid_n3_noise3.0_peak1.5_h45_w10_p50_x65,1790875829427,1790887440000,LIGHT
grid_n3_noise3.0_peak1.5_h45_w10_p50_x65,1790887440000,1790888820000,DEEP
grid_n3_noise3.0_peak1.5_h45_w10_p50_x65,1790888820000,1790896349427,LIGHT
grid_n3_noise3.0_peak1.5_h45_w10_p65_x70,1790875829427,1790886600000,LIGHT
grid_n3_noise3.0_peak1.5_h45_w10_p65_x70,1790886600000,1790888820000,DEEP
grid_n3_noise3.0_peak1.5_h45_w10_p65_x70,1790888820000,1790896349427,LIGHT
grid_n3_noise3.0_peak1.5_h45_w10_p65_x65,1790875829427,1790886600000,LIGHT
grid_n3_noise3.0_peak1.5_h45_w10_p65_x65,1790886600000,1790887380000,DEEP
grid_n3_noise3.0_peak1.5_h45_w10_p65_x65,1790887380000,1790887440000,LIGHT
grid_n3_noise3.0_peak1.5_h45_w10_p65_x65,1790887440000,1790888820000,DEEP
grid_n3_noise3.0_peak1.5_h45_w10_p65_x65,1790888820000,1790896349427,LIGHT
grid_n3_noise3.0_peak1.5_h60_w15_p50_x70,1790875829427,1790887020000,LIGHT
grid_n3_noise3.0_peak1.5_h60_w15_p50_x70,1790887020000,1790889780000,DEEP
grid_n3_noise3.0_peak1.5_h60_w15_p50_x70,1790889780000,1790896349427,LIGHT
grid_n3_noise3.0_peak1.5_h60_w15_p50_x65,1790875829427,1790887440000,LIGHT
grid_n3_noise3.0_peak1.5_h60_w15_p50_x65,1790887440000,1790889780000,DEEP
grid_n3_noise3.0_peak1.5_h60_w15_p50_x65,1790889780000,1790896349427,LIGHT
grid_n3_noise3.0_peak1.5_h60_w15_p65_x70,1790875829427,1790886540000,LIGHT
grid_n3_noise3.0_peak1.5_h60_w15_p65_x70,1790886540000,1790889780000,DEEP
grid_n3_noise3.0_peak1.5_h60_w15_p65_x70,1790889780000,1790896349427,LIGHT
grid_n3_noise3.0_peak1.5_h60_w15_p65_x65,1790875829427,1790886540000,LIGHT
grid_n3_noise3.0_peak1.5_h60_w15_p65_x65,1790886540000,1790887380000,DEEP
grid_n3_noise3.0_peak1.5_h60_w15_p65_x65,1790887380000,1790887440000,LIGHT
grid_n3_noise3.0_peak1.5_h60_w15_p65_x65,1790887440000,1790889780000,DEEP
grid_n3_noise3.0_peak1.5_h60_w15_p65_x65,1790889780000,1790896349427,LIGHT
grid_n3_noise3.0_peak1.5_h60_w10_p50_x70,1790875829427,1790886840000,LIGHT
grid_n3_noise3.0_peak1.5_h60_w10_p50_x70,1790886840000,1790889780000,DEEP
grid_n3_noise3.0_peak1.5_h60_w10_p50_x70,1790889780000,1790896349427,LIGHT
grid_n3_noise3.0_peak1.5_h60_w10_p50_x65,1790875829427,1790887440000,LIGHT
grid_n3_noise3.0_peak1.5_h60_w10_p50_x65,1790887440000,1790889780000,DEEP
grid_n3_noise3.0_peak1.5_h60_w10_p50_x65,1790889780000,1790896349427,LIGHT
grid_n3_noise3.0_peak1.5_h60_w10_p65_x70,1790875829427,1790886600000,LIGHT
grid_n3_noise3.0_peak1.5_h60_w10_p65_x70,1790886600000,1790889780000,DEEP
grid_n3_noise3.0_peak1.5_h60_w10_p65_x70,1790889780000,1790896349427,LIGHT
grid_n3_noise3.0_peak1.5_h60_w10_p65_x65,1790875829427,1790886600000,LIGHT
grid_n3_noise3.0_peak1.5_h60_w10_p65_x65,1790886600000,1790887380000,DEEP
grid_n3_noise3.0_peak1.5_h60_w10_p65_x65,1790887380000,1790887440000,LIGHT
grid_n3_noise3.0_peak1.5_h60_w10_p65_x65,1790887440000,1790889780000,DEEP
grid_n3_noise3.0_peak1.5_h60_w10_p65_x65,1790889780000,1790896349427,LIGHT
grid_n3_noise3.0_peak3.0_h45_w15_p50_x70,1790875829427,1790885820000,LIGHT
grid_n3_noise3.0_peak3.0_h45_w15_p50_x70,1790885820000,1790890380000,DEEP
grid_n3_noise3.0_peak3.0_h45_w15_p50_x70,1790890380000,1790890620000,LIGHT
grid_n3_noise3.0_peak3.0_h45_w15_p50_x70,1790890620000,1790891640000,DEEP
grid_n3_noise3.0_peak3.0_h45_w15_p50_x70,1790891640000,1790893080000,LIGHT
grid_n3_noise3.0_peak3.0_h45_w15_p50_x70,1790893080000,1790894460000,DEEP
grid_n3_noise3.0_peak3.0_h45_w15_p50_x70,1790894460000,1790896349427,LIGHT
grid_n3_noise3.0_peak3.0_h45_w15_p50_x65,1790875829427,1790886480000,LIGHT
grid_n3_noise3.0_peak3.0_h45_w15_p50_x65,1790886480000,1790890380000,DEEP
grid_n3_noise3.0_peak3.0_h45_w15_p50_x65,1790890380000,1790893500000,LIGHT
grid_n3_noise3.0_peak3.0_h45_w15_p50_x65,1790893500000,1790894460000,DEEP
grid_n3_noise3.0_peak3.0_h45_w15_p50_x65,1790894460000,1790896349427,LIGHT
grid_n3_noise3.0_peak3.0_h45_w15_p65_x70,1790875829427,1790885820000,LIGHT
grid_n3_noise3.0_peak3.0_h45_w15_p65_x70,1790885820000,1790890380000,DEEP
grid_n3_noise3.0_peak3.0_h45_w15_p65_x70,1790890380000,1790890560000,LIGHT
grid_n3_noise3.0_peak3.0_h45_w15_p65_x70,1790890560000,1790891640000,DEEP
grid_n3_noise3.0_peak3.0_h45_w15_p65_x70,1790891640000,1790893080000,LIGHT
grid_n3_noise3.0_peak3.0_h45_w15_p65_x70,1790893080000,1790894460000,DEEP
grid_n3_noise3.0_peak3.0_h45_w15_p65_x70,1790894460000,1790895120000,LIGHT
grid_n3_noise3.0_peak3.0_h45_w15_p65_x70,1790895120000,1790896320000,DEEP
grid_n3_noise3.0_peak3.0_h45_w15_p65_x70,1790896320000,1790896349427,LIGHT
grid_n3_noise3.0_peak3.0_h45_w15_p65_x65,1790875829427,1790886300000,LIGHT
grid_n3_noise3.0_peak3.0_h45_w15_p65_x65,1790886300000,1790890380000,DEEP
grid_n3_noise3.0_peak3.0_h45_w15_p65_x65,1790890380000,1790893500000,LIGHT
grid_n3_noise3.0_peak3.0_h45_w15_p65_x65,1790893500000,1790894460000,DEEP
grid_n3_noise3.0_peak3.0_h45_w15_p65_x65,1790894460000,1790895120000,LIGHT
grid_n3_noise3.0_peak3.0_h45_w15_p65_x65,1790895120000,1790896320000,DEEP
grid_n3_noise3.0_peak3.0_h45_w15_p65_x65,1790896320000,1790896349427,LIGHT
grid_n3_noise3.0_peak3.0_h45_w10_p50_x70,1790875829427,1790886600000,LIGHT
grid_n3_noise3.0_peak3.0_h45_w10_p50_x70,1790886600000,1790890380000,DEEP
grid_n3_noise3.0_peak3.0_h45_w10_p50_x70,1790890380000,1790890920000,LIGHT
grid_n3_noise3.0_peak3.0_h45_w10_p50_x70,1790890920000,1790891640000,DEEP
grid_n3_noise3.0_peak3.0_h45_w10_p50_x70,1790891640000,1790892960000,LIGHT
grid_n3_noise3.0_peak3.0_h45_w10_p50_x70,1790892960000,1790894460000,DEEP
grid_n3_noise3.0_peak3.0_h45_w10_p50_x70,1790894460000,1790896349427,LIGHT
grid_n3_noise3.0_peak3.0_h45_w10_p50_x65,1790875829427,1790886600000,LIGHT
grid_n3_noise3.0_peak3.0_h45_w10_p50_x65,1790886600000,1790890380000,DEEP
grid_n3_noise3.0_peak3.0_h45_w10_p50_x65,1790890380000,1790896349427,LIGHT
grid_n3_noise3.0_peak3.0_h45_w10_p65_x70,1790875829427,1790885820000,LIGHT
grid_n3_noise3.0_peak3.0_h45_w10_p65_x70,1790885820000,1790890380000,DEEP
grid_n3_noise3.0_peak3.0_h45_w10_p65_x70,1790890380000,1790890560000,LIGHT
grid_n3_noise3.0_peak3.0_h45_w10_p65_x70,1790890560000,1790891640000,DEEP
grid_n3_noise3.0_peak3.0_h45_w10_p65_x70,1790891640000,1790892900000,LIGHT
grid_n3_noise3.0_peak3.0_h45_w10_p65_x70,1790892900000,1790894460000,DEEP
grid_n3_noise3.0_peak3.0_h45_w10_p65_x70,1790894460000,1790895060000,LIGHT
grid_n3_noise3.0_peak3.0_h45_w10_p65_x70,1790895060000,1790896320000,DEEP
grid_n3_noise3.0_peak3.0_h45_w10_p65_x70,1790896320000,1790896349427,LIGHT
grid_n3_noise3.0_peak3.0_h45_w10_p65_x65,1790875829427,1790886300000,LIGHT
grid_n3_noise3.0_peak3.0_h45_w10_p65_x65,1790886300000,1790890380000,DEEP
grid_n3_noise3.0_peak3.0_h45_w10_p65_x65,1790890380000,1790893500000,LIGHT
grid_n3_noise3.0_peak3.0_h45_w10_p65_x65,1790893500000,1790894460000,DEEP
grid_n3_noise3.0_peak3.0_h45_w10_p65_x65,1790894460000,1790895060000,LIGHT
grid_n3_noise3.0_peak3.0_h45_w10_p65_x65,1790895060000,1790896320000,DEEP
grid_n3_noise3.0_peak3.0_h45_w10_p65_x65,1790896320000,1790896349427,LIGHT
grid_n3_noise3.0_peak3.0_h60_w15_p50_x70,1790875829427,1790885820000,LIGHT
grid_n3_noise3.0_peak3.0_h60_w15_p50_x70,1790885820000,1790890380000,DEEP
grid_n3_noise3.0_peak3.0_h60_w15_p50_x70,1790890380000,1790890620000,LIGHT
grid_n3_noise3.0_peak3.0_h60_w15_p50_x70,1790890620000,1790891640000,DEEP
grid_n3_noise3.0_peak3.0_h60_w15_p50_x70,1790891640000,1790893080000,LIGHT
grid_n3_noise3.0_peak3.0_h60_w15_p50_x70,1790893080000,1790894460000,DEEP
grid_n3_noise3.0_peak3.0_h60_w15_p50_x70,1790894460000,1790896349427,LIGHT
grid_n3_noise3.0_peak3.0_h60_w15_p50_x65,1790875829427,1790886480000,LIGHT
grid_n3_noise3.0_peak3.0_h60_w15_p50_x65,1790886480000,1790890380000,DEEP
grid_n3_noise3.0_peak3.0_h60_w15_p50_x65,1790890380000,1790893500000,LIGHT
grid_n3_noise3.0_peak3.0_h60_w15_p50_x65,1790893500000,1790894460000,DEEP
grid_n3_noise3.0_peak3.0_h60_w15_p50_x65,1790894460000,1790896349427,LIGHT
grid_n3_noise3.0_peak3.0_h60_w15_p65_x70,1790875829427,1790885820000,LIGHT
grid_n3_noise3.0_peak3.0_h60_w15_p65_x70,1790885820000,1790890380000,DEEP
grid_n3_noise3.0_peak3.0_h60_w15_p65_x70,1790890380000,1790890560000,LIGHT
grid_n3_noise3.0_peak3.0_h60_w15_p65_x70,1790890560000,1790891640000,DEEP
grid_n3_noise3.0_peak3.0_h60_w15_p65_x70,1790891640000,1790893080000,LIGHT
grid_n3_noise3.0_peak3.0_h60_w15_p65_x70,1790893080000,1790894460000,DEEP
grid_n3_noise3.0_peak3.0_h60_w15_p65_x70,1790894460000,1790895120000,LIGHT
grid_n3_noise3.0_peak3.0_h60_w15_p65_x70,1790895120000,1790896320000,DEEP
grid_n3_noise3.0_peak3.0_h60_w15_p65_x70,1790896320000,1790896349427,LIGHT
grid_n3_noise3.0_peak3.0_h60_w15_p65_x65,1790875829427,1790886300000,LIGHT
grid_n3_noise3.0_peak3.0_h60_w15_p65_x65,1790886300000,1790890380000,DEEP
grid_n3_noise3.0_peak3.0_h60_w15_p65_x65,1790890380000,1790893500000,LIGHT
grid_n3_noise3.0_peak3.0_h60_w15_p65_x65,1790893500000,1790894460000,DEEP
grid_n3_noise3.0_peak3.0_h60_w15_p65_x65,1790894460000,1790895120000,LIGHT
grid_n3_noise3.0_peak3.0_h60_w15_p65_x65,1790895120000,1790896320000,DEEP
grid_n3_noise3.0_peak3.0_h60_w15_p65_x65,1790896320000,1790896349427,LIGHT
grid_n3_noise3.0_peak3.0_h60_w10_p50_x70,1790875829427,1790886600000,LIGHT
grid_n3_noise3.0_peak3.0_h60_w10_p50_x70,1790886600000,1790890380000,DEEP
grid_n3_noise3.0_peak3.0_h60_w10_p50_x70,1790890380000,1790890920000,LIGHT
grid_n3_noise3.0_peak3.0_h60_w10_p50_x70,1790890920000,1790891640000,DEEP
grid_n3_noise3.0_peak3.0_h60_w10_p50_x70,1790891640000,1790892960000,LIGHT
grid_n3_noise3.0_peak3.0_h60_w10_p50_x70,1790892960000,1790894460000,DEEP
grid_n3_noise3.0_peak3.0_h60_w10_p50_x70,1790894460000,1790896349427,LIGHT
grid_n3_noise3.0_peak3.0_h60_w10_p50_x65,1790875829427,1790886600000,LIGHT
grid_n3_noise3.0_peak3.0_h60_w10_p50_x65,1790886600000,1790890380000,DEEP
grid_n3_noise3.0_peak3.0_h60_w10_p50_x65,1790890380000,1790896349427,LIGHT
grid_n3_noise3.0_peak3.0_h60_w10_p65_x70,1790875829427,1790885820000,LIGHT
grid_n3_noise3.0_peak3.0_h60_w10_p65_x70,1790885820000,1790890380000,DEEP
grid_n3_noise3.0_peak3.0_h60_w10_p65_x70,1790890380000,1790890560000,LIGHT
grid_n3_noise3.0_peak3.0_h60_w10_p65_x70,1790890560000,1790891640000,DEEP
grid_n3_noise3.0_peak3.0_h60_w10_p65_x70,1790891640000,1790892900000,LIGHT
grid_n3_noise3.0_peak3.0_h60_w10_p65_x70,1790892900000,1790894460000,DEEP
grid_n3_noise3.0_peak3.0_h60_w10_p65_x70,1790894460000,1790895060000,LIGHT
grid_n3_noise3.0_peak3.0_h60_w10_p65_x70,1790895060000,1790896320000,DEEP
grid_n3_noise3.0_peak3.0_h60_w10_p65_x70,1790896320000,1790896349427,LIGHT
grid_n3_noise3.0_peak3.0_h60_w10_p65_x65,1790875829427,1790886300000,LIGHT
grid_n3_noise3.0_peak3.0_h60_w10_p65_x65,1790886300000,1790890380000,DEEP
grid_n3_noise3.0_peak3.0_h60_w10_p65_x65,1790890380000,1790893500000,LIGHT
grid_n3_noise3.0_peak3.0_h60_w10_p65_x65,1790893500000,1790894460000,DEEP
grid_n3_noise3.0_peak3.0_h60_w10_p65_x65,1790894460000,1790895060000,LIGHT
grid_n3_noise3.0_peak3.0_h60_w10_p65_x65,1790895060000,1790896320000,DEEP
grid_n3_noise3.0_peak3.0_h60_w10_p65_x65,1790896320000,1790896349427,LIGHT
grid_n3_noise2.5_peak1.5_h45_w15_p50_x70,1790875829427,1790882940000,LIGHT
grid_n3_noise2.5_peak1.5_h45_w15_p50_x70,1790882940000,1790883720000,DEEP
grid_n3_noise2.5_peak1.5_h45_w15_p50_x70,1790883720000,1790887020000,LIGHT
grid_n3_noise2.5_peak1.5_h45_w15_p50_x70,1790887020000,1790889780000,DEEP
grid_n3_noise2.5_peak1.5_h45_w15_p50_x70,1790889780000,1790896349427,LIGHT
grid_n3_noise2.5_peak1.5_h45_w15_p50_x65,1790875829427,1790882940000,LIGHT
grid_n3_noise2.5_peak1.5_h45_w15_p50_x65,1790882940000,1790883720000,DEEP
grid_n3_noise2.5_peak1.5_h45_w15_p50_x65,1790883720000,1790887020000,LIGHT
grid_n3_noise2.5_peak1.5_h45_w15_p50_x65,1790887020000,1790889780000,DEEP
grid_n3_noise2.5_peak1.5_h45_w15_p50_x65,1790889780000,1790896349427,LIGHT
grid_n3_noise2.5_peak1.5_h45_w15_p65_x70,1790875829427,1790882880000,LIGHT
grid_n3_noise2.5_peak1.5_h45_w15_p65_x70,1790882880000,1790883720000,DEEP
grid_n3_noise2.5_peak1.5_h45_w15_p65_x70,1790883720000,1790886480000,LIGHT
grid_n3_noise2.5_peak1.5_h45_w15_p65_x70,1790886480000,1790889780000,DEEP
grid_n3_noise2.5_peak1.5_h45_w15_p65_x70,1790889780000,1790896349427,LIGHT
grid_n3_noise2.5_peak1.5_h45_w15_p65_x65,1790875829427,1790882880000,LIGHT
grid_n3_noise2.5_peak1.5_h45_w15_p65_x65,1790882880000,1790883720000,DEEP
grid_n3_noise2.5_peak1.5_h45_w15_p65_x65,1790883720000,1790886480000,LIGHT
grid_n3_noise2.5_peak1.5_h45_w15_p65_x65,1790886480000,1790889780000,DEEP
grid_n3_noise2.5_peak1.5_h45_w15_p65_x65,1790889780000,1790896349427,LIGHT
grid_n3_noise2.5_peak1.5_h45_w10_p50_x70,1790875829427,1790882820000,LIGHT
grid_n3_noise2.5_peak1.5_h45_w10_p50_x70,1790882820000,1790883720000,DEEP
grid_n3_noise2.5_peak1.5_h45_w10_p50_x70,1790883720000,1790886840000,LIGHT
grid_n3_noise2.5_peak1.5_h45_w10_p50_x70,1790886840000,1790889780000,DEEP
grid_n3_noise2.5_peak1.5_h45_w10_p50_x70,1790889780000,1790896349427,LIGHT
grid_n3_noise2.5_peak1.5_h45_w10_p50_x65,1790875829427,1790882820000,LIGHT
grid_n3_noise2.5_peak1.5_h45_w10_p50_x65,1790882820000,1790883720000,DEEP
grid_n3_noise2.5_peak1.5_h45_w10_p50_x65,1790883720000,1790886840000,LIGHT
grid_n3_noise2.5_peak1.5_h45_w10_p50_x65,1790886840000,1790889780000,DEEP
grid_n3_noise2.5_peak1.5_h45_w10_p50_x65,1790889780000,1790896349427,LIGHT
grid_n3_noise2.5_peak1.5_h45_w10_p65_x70,1790875829427,1790882640000,LIGHT
grid_n3_noise2.5_peak1.5_h45_w10_p65_x70,1790882640000,1790883720000,DEEP
grid_n3_noise2.5_peak1.5_h45_w10_p65_x70,1790883720000,1790886600000,LIGHT
grid_n3_noise2.5_peak1.5_h45_w10_p65_x70,1790886600000,1790889780000,DEEP
grid_n3_noise2.5_peak1.5_h45_w10_p65_x70,1790889780000,1790896349427,LIGHT
grid_n3_noise2.5_peak1.5_h45_w10_p65_x65,1790875829427,1790882640000,LIGHT
grid_n3_noise2.5_peak1.5_h45_w10_p65_x65,1790882640000,1790883720000,DEEP
grid_n3_noise2.5_peak1.5_h45_w10_p65_x65,1790883720000,1790886600000,LIGHT
grid_n3_noise2.5_peak1.5_h45_w10_p65_x65,1790886600000,1790889780000,DEEP
grid_n3_noise2.5_peak1.5_h45_w10_p65_x65,1790889780000,1790896349427,LIGHT
grid_n3_noise2.5_peak1.5_h60_w15_p50_x70,1790875829427,1790882940000,LIGHT
grid_n3_noise2.5_peak1.5_h60_w15_p50_x70,1790882940000,1790883720000,DEEP
grid_n3_noise2.5_peak1.5_h60_w15_p50_x70,1790883720000,1790887020000,LIGHT
grid_n3_noise2.5_peak1.5_h60_w15_p50_x70,1790887020000,1790889780000,DEEP
grid_n3_noise2.5_peak1.5_h60_w15_p50_x70,1790889780000,1790896349427,LIGHT
grid_n3_noise2.5_peak1.5_h60_w15_p50_x65,1790875829427,1790882940000,LIGHT
grid_n3_noise2.5_peak1.5_h60_w15_p50_x65,1790882940000,1790883720000,DEEP
grid_n3_noise2.5_peak1.5_h60_w15_p50_x65,1790883720000,1790887020000,LIGHT
grid_n3_noise2.5_peak1.5_h60_w15_p50_x65,1790887020000,1790889780000,DEEP
grid_n3_noise2.5_peak1.5_h60_w15_p50_x65,1790889780000,1790896349427,LIGHT
grid_n3_noise2.5_peak1.5_h60_w15_p65_x70,1790875829427,1790882880000,LIGHT
grid_n3_noise2.5_peak1.5_h60_w15_p65_x70,1790882880000,1790883720000,DEEP
grid_n3_noise2.5_peak1.5_h60_w15_p65_x70,1790883720000,1790886480000,LIGHT
grid_n3_noise2.5_peak1.5_h60_w15_p65_x70,1790886480000,1790889780000,DEEP
grid_n3_noise2.5_peak1.5_h60_w15_p65_x70,1790889780000,1790896349427,LIGHT
grid_n3_noise2.5_peak1.5_h60_w15_p65_x65,1790875829427,1790882880000,LIGHT
grid_n3_noise2.5_peak1.5_h60_w15_p65_x65,1790882880000,1790883720000,DEEP
grid_n3_noise2.5_peak1.5_h60_w15_p65_x65,1790883720000,1790886480000,LIGHT
grid_n3_noise2.5_peak1.5_h60_w15_p65_x65,1790886480000,1790889780000,DEEP
grid_n3_noise2.5_peak1.5_h60_w15_p65_x65,1790889780000,1790896349427,LIGHT
grid_n3_noise2.5_peak1.5_h60_w10_p50_x70,1790875829427,1790882820000,LIGHT
grid_n3_noise2.5_peak1.5_h60_w10_p50_x70,1790882820000,1790883720000,DEEP
grid_n3_noise2.5_peak1.5_h60_w10_p50_x70,1790883720000,1790886840000,LIGHT
grid_n3_noise2.5_peak1.5_h60_w10_p50_x70,1790886840000,1790889780000,DEEP
grid_n3_noise2.5_peak1.5_h60_w10_p50_x70,1790889780000,1790896349427,LIGHT
grid_n3_noise2.5_peak1.5_h60_w10_p50_x65,1790875829427,1790882820000,LIGHT
grid_n3_noise2.5_peak1.5_h60_w10_p50_x65,1790882820000,1790883720000,DEEP
grid_n3_noise2.5_peak1.5_h60_w10_p50_x65,1790883720000,1790886840000,LIGHT
grid_n3_noise2.5_peak1.5_h60_w10_p50_x65,1790886840000,1790889780000,DEEP
grid_n3_noise2.5_peak1.5_h60_w10_p50_x65,1790889780000,1790896349427,LIGHT
grid_n3_noise2.5_peak1.5_h60_w10_p65_x70,1790875829427,1790882640000,LIGHT
grid_n3_noise2.5_peak1.5_h60_w10_p65_x70,1790882640000,1790883720000,DEEP
grid_n3_noise2.5_peak1.5_h60_w10_p65_x70,1790883720000,1790886600000,LIGHT
grid_n3_noise2.5_peak1.5_h60_w10_p65_x70,1790886600000,1790889780000,DEEP
grid_n3_noise2.5_peak1.5_h60_w10_p65_x70,1790889780000,1790896349427,LIGHT
grid_n3_noise2.5_peak1.5_h60_w10_p65_x65,1790875829427,1790882640000,LIGHT
grid_n3_noise2.5_peak1.5_h60_w10_p65_x65,1790882640000,1790883720000,DEEP
grid_n3_noise2.5_peak1.5_h60_w10_p65_x65,1790883720000,1790886600000,LIGHT
grid_n3_noise2.5_peak1.5_h60_w10_p65_x65,1790886600000,1790889780000,DEEP
grid_n3_noise2.5_peak1.5_h60_w10_p65_x65,1790889780000,1790896349427,LIGHT
grid_n3_noise2.5_peak3.0_h45_w15_p50_x70,1790875829427,1790882700000,LIGHT
grid_n3_noise2.5_peak3.0_h45_w15_p50_x70,1790882700000,1790884680000,DEEP
grid_n3_noise2.5_peak3.0_h45_w15_p50_x70,1790884680000,1790886480000,LIGHT
grid_n3_noise2.5_peak3.0_h45_w15_p50_x70,1790886480000,1790890380000,DEEP
grid_n3_noise2.5_peak3.0_h45_w15_p50_x70,1790890380000,1790893560000,LIGHT
grid_n3_noise2.5_peak3.0_h45_w15_p50_x70,1790893560000,1790894460000,DEEP
grid_n3_noise2.5_peak3.0_h45_w15_p50_x70,1790894460000,1790896349427,LIGHT
grid_n3_noise2.5_peak3.0_h45_w15_p50_x65,1790875829427,1790882700000,LIGHT
grid_n3_noise2.5_peak3.0_h45_w15_p50_x65,1790882700000,1790884680000,DEEP
grid_n3_noise2.5_peak3.0_h45_w15_p50_x65,1790884680000,1790886480000,LIGHT
grid_n3_noise2.5_peak3.0_h45_w15_p50_x65,1790886480000,1790889900000,DEEP
grid_n3_noise2.5_peak3.0_h45_w15_p50_x65,1790889900000,1790893560000,LIGHT
grid_n3_noise2.5_peak3.0_h45_w15_p50_x65,1790893560000,1790894460000,DEEP
grid_n3_noise2.5_peak3.0_h45_w15_p50_x65,1790894460000,1790896349427,LIGHT
grid_n3_noise2.5_peak3.0_h45_w15_p65_x70,1790875829427,1790882700000,LIGHT
grid_n3_noise2.5_peak3.0_h45_w15_p65_x70,1790882700000,1790884680000,DEEP
grid_n3_noise2.5_peak3.0_h45_w15_p65_x70,1790884680000,1790886300000,LIGHT
grid_n3_noise2.5_peak3.0_h45_w15_p65_x70,1790886300000,1790890380000,DEEP
grid_n3_noise2.5_peak3.0_h45_w15_p65_x70,1790890380000,1790893560000,LIGHT
grid_n3_noise2.5_peak3.0_h45_w15_p65_x70,1790893560000,1790894460000,DEEP
grid_n3_noise2.5_peak3.0_h45_w15_p65_x70,1790894460000,1790895240000,LIGHT
grid_n3_noise2.5_peak3.0_h45_w15_p65_x70,1790895240000,1790896320000,DEEP
grid_n3_noise2.5_peak3.0_h45_w15_p65_x70,1790896320000,1790896349427,LIGHT
grid_n3_noise2.5_peak3.0_h45_w15_p65_x65,1790875829427,1790882700000,LIGHT
grid_n3_noise2.5_peak3.0_h45_w15_p65_x65,1790882700000,1790884680000,DEEP
grid_n3_noise2.5_peak3.0_h45_w15_p65_x65,1790884680000,1790886300000,LIGHT
grid_n3_noise2.5_peak3.0_h45_w15_p65_x65,1790886300000,1790889900000,DEEP
grid_n3_noise2.5_peak3.0_h45_w15_p65_x65,1790889900000,1790893560000,LIGHT
grid_n3_noise2.5_peak3.0_h45_w15_p65_x65,1790893560000,1790894460000,DEEP
grid_n3_noise2.5_peak3.0_h45_w15_p65_x65,1790894460000,1790895240000,LIGHT
grid_n3_noise2.5_peak3.0_h45_w15_p65_x65,1790895240000,1790896320000,DEEP
grid_n3_noise2.5_peak3.0_h45_w15_p65_x65,1790896320000,1790896349427,LIGHT
grid_n3_noise2.5_peak3.0_h45_w10_p50_x70,1790875829427,1790882580000,LIGHT
grid_n3_noise2.5_peak3.0_h45_w10_p50_x70,1790882580000,1790884680000,DEEP
grid_n3_noise2.5_peak3.0_h45_w10_p50_x70,1790884680000,1790886600000,LIGHT
grid_n3_noise2.5_peak3.0_h45_w10_p50_x70,1790886600000,1790890380000,DEEP
grid_n3_noise2.5_peak3.0_h45_w10_p50_x70,1790890380000,1790896349427,LIGHT
grid_n3_noise2.5_peak3.0_h45_w10_p50_x65,1790875829427,1790882580000,LIGHT
grid_n3_noise2.5_peak3.0_h45_w10_p50_x65,1790882580000,1790884680000,DEEP
grid_n3_noise2.5_peak3.0_h45_w10_p50_x65,1790884680000,1790886600000,LIGHT
grid_n3_noise2.5_peak3.0_h45_w10_p50_x65,1790886600000,1790889900000,DEEP
grid_n3_noise2.5_peak3.0_h45_w10_p50_x65,1790889900000,1790896349427,LIGHT
grid_n3_noise2.5_peak3.0_h45_w10_p65_x70,1790875829427,1790882400000,LIGHT
grid_n3_noise2.5_peak3.0_h45_w10_p65_x70,1790882400000,1790884680000,DEEP
grid_n3_noise2.5_peak3.0_h45_w10_p65_x70,1790884680000,1790886300000,LIGHT
grid_n3_noise2.5_peak3.0_h45_w10_p65_x70,1790886300000,1790890380000,DEEP
grid_n3_noise2.5_peak3.0_h45_w10_p65_x70,1790890380000,1790893560000,LIGHT
grid_n3_noise2.5_peak3.0_h45_w10_p65_x70,1790893560000,1790894460000,DEEP
grid_n3_noise2.5_peak3.0_h45_w10_p65_x70,1790894460000,1790895480000,LIGHT
grid_n3_noise2.5_peak3.0_h45_w10_p65_x70,1790895480000,1790896320000,DEEP
grid_n3_noise2.5_peak3.0_h45_w10_p65_x70,1790896320000,1790896349427,LIGHT
grid_n3_noise2.5_peak3.0_h45_w10_p65_x65,1790875829427,1790882400000,LIGHT
grid_n3_noise2.5_peak3.0_h45_w10_p65_x65,1790882400000,1790884680000,DEEP
grid_n3_noise2.5_peak3.0_h45_w10_p65_x65,1790884680000,1790886300000,LIGHT
grid_n3_noise2.5_peak3.0_h45_w10_p65_x65,1790886300000,1790889900000,DEEP
grid_n3_noise2.5_peak3.0_h45_w10_p65_x65,1790889900000,1790893560000,LIGHT
grid_n3_noise2.5_peak3.0_h45_w10_p65_x65,1790893560000,1790894460000,DEEP
grid_n3_noise2.5_peak3.0_h45_w10_p65_x65,1790894460000,1790895480000,LIGHT
grid_n3_noise2.5_peak3.0_h45_w10_p65_x65,1790895480000,1790896320000,DEEP
grid_n3_noise2.5_peak3.0_h45_w10_p65_x65,1790896320000,1790896349427,LIGHT
grid_n3_noise2.5_peak3.0_h60_w15_p50_x70,1790875829427,1790882700000,LIGHT
grid_n3_noise2.5_peak3.0_h60_w15_p50_x70,1790882700000,1790884680000,DEEP
grid_n3_noise2.5_peak3.0_h60_w15_p50_x70,1790884680000,1790886480000,LIGHT
grid_n3_noise2.5_peak3.0_h60_w15_p50_x70,1790886480000,1790890380000,DEEP
grid_n3_noise2.5_peak3.0_h60_w15_p50_x70,1790890380000,1790893560000,LIGHT
grid_n3_noise2.5_peak3.0_h60_w15_p50_x70,1790893560000,1790894460000,DEEP
grid_n3_noise2.5_peak3.0_h60_w15_p50_x70,1790894460000,1790896349427,LIGHT
grid_n3_noise2.5_peak3.0_h60_w15_p50_x65,1790875829427,1790882700000,LIGHT
grid_n3_noise2.5_peak3.0_h60_w15_p50_x65,1790882700000,1790884680000,DEEP
grid_n3_noise2.5_peak3.0_h60_w15_p50_x65,1790884680000,1790886480000,LIGHT
grid_n3_noise2.5_peak3.0_h60_w15_p50_x65,1790886480000,1790889900000,DEEP
grid_n3_noise2.5_peak3.0_h60_w15_p50_x65,1790889900000,1790893560000,LIGHT
grid_n3_noise2.5_peak3.0_h60_w15_p50_x65,1790893560000,1790894460000,DEEP
grid_n3_noise2.5_peak3.0_h60_w15_p50_x65,1790894460000,1790896349427,LIGHT
grid_n3_noise2.5_peak3.0_h60_w15_p65_x70,1790875829427,1790882700000,LIGHT
grid_n3_noise2.5_peak3.0_h60_w15_p65_x70,1790882700000,1790884680000,DEEP
grid_n3_noise2.5_peak3.0_h60_w15_p65_x70,1790884680000,1790886300000,LIGHT
grid_n3_noise2.5_peak3.0_h60_w15_p65_x70,1790886300000,1790890380000,DEEP
grid_n3_noise2.5_peak3.0_h60_w15_p65_x70,1790890380000,1790893560000,LIGHT
grid_n3_noise2.5_peak3.0_h60_w15_p65_x70,1790893560000,1790894460000,DEEP
grid_n3_noise2.5_peak3.0_h60_w15_p65_x70,1790894460000,1790895240000,LIGHT
grid_n3_noise2.5_peak3.0_h60_w15_p65_x70,1790895240000,1790896320000,DEEP
grid_n3_noise2.5_peak3.0_h60_w15_p65_x70,1790896320000,1790896349427,LIGHT
grid_n3_noise2.5_peak3.0_h60_w15_p65_x65,1790875829427,1790882700000,LIGHT
grid_n3_noise2.5_peak3.0_h60_w15_p65_x65,1790882700000,1790884680000,DEEP
grid_n3_noise2.5_peak3.0_h60_w15_p65_x65,1790884680000,1790886300000,LIGHT
grid_n3_noise2.5_peak3.0_h60_w15_p65_x65,1790886300000,1790889900000,DEEP
grid_n3_noise2.5_peak3.0_h60_w15_p65_x65,1790889900000,1790893560000,LIGHT
grid_n3_noise2.5_peak3.0_h60_w15_p65_x65,1790893560000,1790894460000,DEEP
grid_n3_noise2.5_peak3.0_h60_w15_p65_x65,1790894460000,1790895240000,LIGHT
grid_n3_noise2.5_peak3.0_h60_w15_p65_x65,1790895240000,1790896320000,DEEP
grid_n3_noise2.5_peak3.0_h60_w15_p65_x65,1790896320000,1790896349427,LIGHT
grid_n3_noise2.5_peak3.0_h60_w10_p50_x70,1790875829427,1790882580000,LIGHT
grid_n3_noise2.5_peak3.0_h60_w10_p50_x70,1790882580000,1790884680000,DEEP
grid_n3_noise2.5_peak3.0_h60_w10_p50_x70,1790884680000,1790886600000,LIGHT
grid_n3_noise2.5_peak3.0_h60_w10_p50_x70,1790886600000,1790890380000,DEEP
grid_n3_noise2.5_peak3.0_h60_w10_p50_x70,1790890380000,1790896349427,LIGHT
grid_n3_noise2.5_peak3.0_h60_w10_p50_x65,1790875829427,1790882580000,LIGHT
grid_n3_noise2.5_peak3.0_h60_w10_p50_x65,1790882580000,1790884680000,DEEP
grid_n3_noise2.5_peak3.0_h60_w10_p50_x65,1790884680000,1790886600000,LIGHT
grid_n3_noise2.5_peak3.0_h60_w10_p50_x65,1790886600000,1790889900000,DEEP
grid_n3_noise2.5_peak3.0_h60_w10_p50_x65,1790889900000,1790896349427,LIGHT
grid_n3_noise2.5_peak3.0_h60_w10_p65_x70,1790875829427,1790882400000,LIGHT
grid_n3_noise2.5_peak3.0_h60_w10_p65_x70,1790882400000,1790884680000,DEEP
grid_n3_noise2.5_peak3.0_h60_w10_p65_x70,1790884680000,1790886300000,LIGHT
grid_n3_noise2.5_peak3.0_h60_w10_p65_x70,1790886300000,1790890380000,DEEP
grid_n3_noise2.5_peak3.0_h60_w10_p65_x70,1790890380000,1790893560000,LIGHT
grid_n3_noise2.5_peak3.0_h60_w10_p65_x70,1790893560000,1790894460000,DEEP
grid_n3_noise2.5_peak3.0_h60_w10_p65_x70,1790894460000,1790895480000,LIGHT
grid_n3_noise2.5_peak3.0_h60_w10_p65_x70,1790895480000,1790896320000,DEEP
grid_n3_noise2.5_peak3.0_h60_w10_p65_x70,1790896320000,1790896349427,LIGHT
grid_n3_noise2.5_peak3.0_h60_w10_p65_x65,1790875829427,1790882400000,LIGHT
grid_n3_noise2.5_peak3.0_h60_w10_p65_x65,1790882400000,1790884680000,DEEP
grid_n3_noise2.5_peak3.0_h60_w10_p65_x65,1790884680000,1790886300000,LIGHT
grid_n3_noise2.5_peak3.0_h60_w10_p65_x65,1790886300000,1790889900000,DEEP
grid_n3_noise2.5_peak3.0_h60_w10_p65_x65,1790889900000,1790893560000,LIGHT
grid_n3_noise2.5_peak3.0_h60_w10_p65_x65,1790893560000,1790894460000,DEEP
grid_n3_noise2.5_peak3.0_h60_w10_p65_x65,1790894460000,1790895480000,LIGHT
grid_n3_noise2.5_peak3.0_h60_w10_p65_x65,1790895480000,1790896320000,DEEP
grid_n3_noise2.5_peak3.0_h60_w10_p65_x65,1790896320000,1790896349427,LIGHT
grid_n2_noise3.0_peak1.5_h45_w15_p50_x70,1790875829427,1790886480000,LIGHT
grid_n2_noise3.0_peak1.5_h45_w15_p50_x70,1790886480000,1790888820000,DEEP
grid_n2_noise3.0_peak1.5_h45_w15_p50_x70,1790888820000,1790896349427,LIGHT
grid_n2_noise3.0_peak1.5_h45_w15_p50_x65,1790875829427,1790886480000,LIGHT
grid_n2_noise3.0_peak1.5_h45_w15_p50_x65,1790886480000,1790888820000,DEEP
grid_n2_noise3.0_peak1.5_h45_w15_p50_x65,1790888820000,1790896349427,LIGHT
grid_n2_noise3.0_peak1.5_h45_w15_p65_x70,1790875829427,1790880180000,LIGHT
grid_n2_noise3.0_peak1.5_h45_w15_p65_x70,1790880180000,1790881260000,DEEP
grid_n2_noise3.0_peak1.5_h45_w15_p65_x70,1790881260000,1790881380000,LIGHT
grid_n2_noise3.0_peak1.5_h45_w15_p65_x70,1790881380000,1790882100000,DEEP
grid_n2_noise3.0_peak1.5_h45_w15_p65_x70,1790882100000,1790886480000,LIGHT
grid_n2_noise3.0_peak1.5_h45_w15_p65_x70,1790886480000,1790888820000,DEEP
grid_n2_noise3.0_peak1.5_h45_w15_p65_x70,1790888820000,1790895180000,LIGHT
grid_n2_noise3.0_peak1.5_h45_w15_p65_x70,1790895180000,1790896320000,DEEP
grid_n2_noise3.0_peak1.5_h45_w15_p65_x70,1790896320000,1790896349427,LIGHT
grid_n2_noise3.0_peak1.5_h45_w15_p65_x65,1790875829427,1790880180000,LIGHT
grid_n2_noise3.0_peak1.5_h45_w15_p65_x65,1790880180000,1790881260000,DEEP
grid_n2_noise3.0_peak1.5_h45_w15_p65_x65,1790881260000,1790886480000,LIGHT
grid_n2_noise3.0_peak1.5_h45_w15_p65_x65,1790886480000,1790888820000,DEEP
grid_n2_noise3.0_peak1.5_h45_w15_p65_x65,1790888820000,1790895180000,LIGHT
grid_n2_noise3.0_peak1.5_h45_w15_p65_x65,1790895180000,1790896320000,DEEP
grid_n2_noise3.0_peak1.5_h45_w15_p65_x65,1790896320000,1790896349427,LIGHT
grid_n2_noise3.0_peak1.5_h45_w10_p50_x70,1790875829427,1790886300000,LIGHT
grid_n2_noise3.0_peak1.5_h45_w10_p50_x70,1790886300000,1790888820000,DEEP
grid_n2_noise3.0_peak1.5_h45_w10_p50_x70,1790888820000,1790896349427,LIGHT
grid_n2_noise3.0_peak1.5_h45_w10_p50_x65,1790875829427,1790886300000,LIGHT
grid_n2_noise3.0_peak1.5_h45_w10_p50_x65,1790886300000,1790888820000,DEEP
grid_n2_noise3.0_peak1.5_h45_w10_p50_x65,1790888820000,1790896349427,LIGHT
grid_n2_noise3.0_peak1.5_h45_w10_p65_x70,1790875829427,1790880360000,LIGHT
grid_n2_noise3.0_peak1.5_h45_w10_p65_x70,1790880360000,1790881260000,DEEP
grid_n2_noise3.0_peak1.5_h45_w10_p65_x70,1790881260000,1790886300000,LIGHT
grid_n2_noise3.0_peak1.5_h45_w10_p65_x70,1790886300000,1790888820000,DEEP
grid_n2_noise3.0_peak1.5_h45_w10_p65_x70,1790888820000,1790895420000,LIGHT
grid_n2_noise3.0_peak1.5_h45_w10_p65_x70,1790895420000,1790896320000,DEEP
grid_n2_noise3.0_peak1.5_h45_w10_p65_x70,1790896320000,1790896349427,LIGHT
grid_n2_noise3.0_peak1.5_h45_w10_p65_x65,1790875829427,1790880360000,LIGHT
grid_n2_noise3.0_peak1.5_h45_w10_p65_x65,1790880360000,1790881260000,DEEP
grid_n2_noise3.0_peak1.5_h45_w10_p65_x65,1790881260000,1790886300000,LIGHT
grid_n2_noise3.0_peak1.5_h45_w10_p65_x65,1790886300000,1790888820000,DEEP
grid_n2_noise3.0_peak1.5_h45_w10_p65_x65,1790888820000,1790895420000,LIGHT
grid_n2_noise3.0_peak1.5_h45_w10_p65_x65,1790895420000,1790896320000,DEEP
grid_n2_noise3.0_peak1.5_h45_w10_p65_x65,1790896320000,1790896349427,LIGHT
grid_n2_noise3.0_peak1.5_h60_w15_p50_x70,1790875829427,1790886480000,LIGHT
grid_n2_noise3.0_peak1.5_h60_w15_p50_x70,1790886480000,1790889840000,DEEP
grid_n2_noise3.0_peak1.5_h60_w15_p50_x70,1790889840000,1790896349427,LIGHT
grid_n2_noise3.0_peak1.5_h60_w15_p50_x65,1790875829427,1790886480000,LIGHT
grid_n2_noise3.0_peak1.5_h60_w15_p50_x65,1790886480000,1790889840000,DEEP
grid_n2_noise3.0_peak1.5_h60_w15_p50_x65,1790889840000,1790896349427,LIGHT
grid_n2_noise3.0_peak1.5_h60_w15_p65_x70,1790875829427,1790880660000,LIGHT
grid_n2_noise3.0_peak1.5_h60_w15_p65_x70,1790880660000,1790881260000,DEEP
grid_n2_noise3.0_peak1.5_h60_w15_p65_x70,1790881260000,1790882100000,LIGHT
grid_n2_noise3.0_peak1.5_h60_w15_p65_x70,1790882100000,1790883000000,DEEP
grid_n2_noise3.0_peak1.5_h60_w15_p65_x70,1790883000000,1790886480000,LIGHT
grid_n2_noise3.0_peak1.5_h60_w15_p65_x70,1790886480000,1790889840000,DEEP
grid_n2_noise3.0_peak1.5_h60_w15_p65_x70,1790889840000,1790895180000,LIGHT
grid_n2_noise3.0_peak1.5_h60_w15_p65_x70,1790895180000,1790896320000,DEEP
grid_n2_noise3.0_peak1.5_h60_w15_p65_x70,1790896320000,1790896349427,LIGHT
grid_n2_noise3.0_peak1.5_h60_w15_p65_x65,1790875829427,1790880660000,LIGHT
grid_n2_noise3.0_peak1.5_h60_w15_p65_x65,1790880660000,1790881260000,DEEP
grid_n2_noise3.0_peak1.5_h60_w15_p65_x65,1790881260000,1790882100000,LIGHT
grid_n2_noise3.0_peak1.5_h60_w15_p65_x65,1790882100000,1790883000000,DEEP
grid_n2_noise3.0_peak1.5_h60_w15_p65_x65,1790883000000,1790886480000,LIGHT
grid_n2_noise3.0_peak1.5_h60_w15_p65_x65,1790886480000,1790889840000,DEEP
grid_n2_noise3.0_peak1.5_h60_w15_p65_x65,1790889840000,1790895180000,LIGHT
grid_n2_noise3.0_peak1.5_h60_w15_p65_x65,1790895180000,1790896320000,DEEP
grid_n2_noise3.0_peak1.5_h60_w15_p65_x65,1790896320000,1790896349427,LIGHT
grid_n2_noise3.0_peak1.5_h60_w10_p50_x70,1790875829427,1790886300000,LIGHT
grid_n2_noise3.0_peak1.5_h60_w10_p50_x70,1790886300000,1790889840000,DEEP
grid_n2_noise3.0_peak1.5_h60_w10_p50_x70,1790889840000,1790896349427,LIGHT
grid_n2_noise3.0_peak1.5_h60_w10_p50_x65,1790875829427,1790886300000,LIGHT
grid_n2_noise3.0_peak1.5_h60_w10_p50_x65,1790886300000,1790889840000,DEEP
grid_n2_noise3.0_peak1.5_h60_w10_p50_x65,1790889840000,1790896349427,LIGHT
grid_n2_noise3.0_peak1.5_h60_w10_p65_x70,1790875829427,1790880420000,LIGHT
grid_n2_noise3.0_peak1.5_h60_w10_p65_x70,1790880420000,1790881260000,DEEP
grid_n2_noise3.0_peak1.5_h60_w10_p65_x70,1790881260000,1790882040000,LIGHT
grid_n2_noise3.0_peak1.5_h60_w10_p65_x70,1790882040000,1790883000000,DEEP
grid_n2_noise3.0_peak1.5_h60_w10_p65_x70,1790883000000,1790886300000,LIGHT
grid_n2_noise3.0_peak1.5_h60_w10_p65_x70,1790886300000,1790889840000,DEEP
grid_n2_noise3.0_peak1.5_h60_w10_p65_x70,1790889840000,1790895420000,LIGHT
grid_n2_noise3.0_peak1.5_h60_w10_p65_x70,1790895420000,1790896320000,DEEP
grid_n2_noise3.0_peak1.5_h60_w10_p65_x70,1790896320000,1790896349427,LIGHT
grid_n2_noise3.0_peak1.5_h60_w10_p65_x65,1790875829427,1790880420000,LIGHT
grid_n2_noise3.0_peak1.5_h60_w10_p65_x65,1790880420000,1790881260000,DEEP
grid_n2_noise3.0_peak1.5_h60_w10_p65_x65,1790881260000,1790882040000,LIGHT
grid_n2_noise3.0_peak1.5_h60_w10_p65_x65,1790882040000,1790883000000,DEEP
grid_n2_noise3.0_peak1.5_h60_w10_p65_x65,1790883000000,1790886300000,LIGHT
grid_n2_noise3.0_peak1.5_h60_w10_p65_x65,1790886300000,1790889840000,DEEP
grid_n2_noise3.0_peak1.5_h60_w10_p65_x65,1790889840000,1790895420000,LIGHT
grid_n2_noise3.0_peak1.5_h60_w10_p65_x65,1790895420000,1790896320000,DEEP
grid_n2_noise3.0_peak1.5_h60_w10_p65_x65,1790896320000,1790896349427,LIGHT
grid_n2_noise3.0_peak3.0_h45_w15_p50_x70,1790875829427,1790886420000,LIGHT
grid_n2_noise3.0_peak3.0_h45_w15_p50_x70,1790886420000,1790890380000,DEEP
grid_n2_noise3.0_peak3.0_h45_w15_p50_x70,1790890380000,1790890620000,LIGHT
grid_n2_noise3.0_peak3.0_h45_w15_p50_x70,1790890620000,1790891460000,DEEP
grid_n2_noise3.0_peak3.0_h45_w15_p50_x70,1790891460000,1790893560000,LIGHT
grid_n2_noise3.0_peak3.0_h45_w15_p50_x70,1790893560000,1790894460000,DEEP
grid_n2_noise3.0_peak3.0_h45_w15_p50_x70,1790894460000,1790896349427,LIGHT
grid_n2_noise3.0_peak3.0_h45_w15_p50_x65,1790875829427,1790886420000,LIGHT
grid_n2_noise3.0_peak3.0_h45_w15_p50_x65,1790886420000,1790890380000,DEEP
grid_n2_noise3.0_peak3.0_h45_w15_p50_x65,1790890380000,1790893560000,LIGHT
grid_n2_noise3.0_peak3.0_h45_w15_p50_x65,1790893560000,1790894460000,DEEP
grid_n2_noise3.0_peak3.0_h45_w15_p50_x65,1790894460000,1790896349427,LIGHT
grid_n2_noise3.0_peak3.0_h45_w15_p65_x70,1790875829427,1790880180000,LIGHT
grid_n2_noise3.0_peak3.0_h45_w15_p65_x70,1790880180000,1790882100000,DEEP
grid_n2_noise3.0_peak3.0_h45_w15_p65_x70,1790882100000,1790886300000,LIGHT
grid_n2_noise3.0_peak3.0_h45_w15_p65_x70,1790886300000,1790890380000,DEEP
grid_n2_noise3.0_peak3.0_h45_w15_p65_x70,1790890380000,1790890560000,LIGHT
grid_n2_noise3.0_peak3.0_h45_w15_p65_x70,1790890560000,1790891460000,DEEP
grid_n2_noise3.0_peak3.0_h45_w15_p65_x70,1790891460000,1790893560000,LIGHT
grid_n2_noise3.0_peak3.0_h45_w15_p65_x70,1790893560000,1790894460000,DEEP
grid_n2_noise3.0_peak3.0_h45_w15_p65_x70,1790894460000,1790895180000,LIGHT
grid_n2_noise3.0_peak3.0_h45_w15_p65_x70,1790895180000,1790896320000,DEEP
grid_n2_noise3.0_peak3.0_h45_w15_p65_x70,1790896320000,1790896349427,LIGHT
grid_n2_noise3.0_peak3.0_h45_w15_p65_x65,1790875829427,1790880180000,LIGHT
grid_n2_noise3.0_peak3.0_h45_w15_p65_x65,1790880180000,1790881260000,DEEP
grid_n2_noise3.0_peak3.0_h45_w15_p65_x65,1790881260000,1790881320000,LIGHT
grid_n2_noise3.0_peak3.0_h45_w15_p65_x65,1790881320000,1790882100000,DEEP
grid_n2_noise3.0_peak3.0_h45_w15_p65_x65,1790882100000,1790886300000,LIGHT
grid_n2_noise3.0_peak3.0_h45_w15_p65_x65,1790886300000,1790890380000,DEEP
grid_n2_noise3.0_peak3.0_h45_w15_p65_x65,1790890380000,1790893560000,LIGHT
grid_n2_noise3.0_peak3.0_h45_w15_p65_x65,1790893560000,1790894460000,DEEP
grid_n2_noise3.0_peak3.0_h45_w15_p65_x65,1790894460000,1790895180000,LIGHT
grid_n2_noise3.0_peak3.0_h45_w15_p65_x65,1790895180000,1790896320000,DEEP
grid_n2_noise3.0_peak3.0_h45_w15_p65_x65,1790896320000,1790896349427,LIGHT
grid_n2_noise3.0_peak3.0_h45_w10_p50_x70,1790875829427,1790886300000,LIGHT
grid_n2_noise3.0_peak3.0_h45_w10_p50_x70,1790886300000,1790890380000,DEEP
grid_n2_noise3.0_peak3.0_h45_w10_p50_x70,1790890380000,1790890560000,LIGHT
grid_n2_noise3.0_peak3.0_h45_w10_p50_x70,1790890560000,1790891460000,DEEP
grid_n2_noise3.0_peak3.0_h45_w10_p50_x70,1790891460000,1790893560000,LIGHT
grid_n2_noise3.0_peak3.0_h45_w10_p50_x70,1790893560000,1790894460000,DEEP
grid_n2_noise3.0_peak3.0_h45_w10_p50_x70,1790894460000,1790896349427,LIGHT
grid_n2_noise3.0_peak3.0_h45_w10_p50_x65,1790875829427,1790886300000,LIGHT
grid_n2_noise3.0_peak3.0_h45_w10_p50_x65,1790886300000,1790890380000,DEEP
grid_n2_noise3.0_peak3.0_h45_w10_p50_x65,1790890380000,1790893560000,LIGHT
grid_n2_noise3.0_peak3.0_h45_w10_p50_x65,1790893560000,1790894460000,DEEP
grid_n2_noise3.0_peak3.0_h45_w10_p50_x65,1790894460000,1790896349427,LIGHT
grid_n2_noise3.0_peak3.0_h45_w10_p65_x70,1790875829427,1790879940000,LIGHT
grid_n2_noise3.0_peak3.0_h45_w10_p65_x70,1790879940000,1790882100000,DEEP
grid_n2_noise3.0_peak3.0_h45_w10_p65_x70,1790882100000,1790886300000,LIGHT
grid_n2_noise3.0_peak3.0_h45_w10_p65_x70,1790886300000,1790890380000,DEEP
grid_n2_noise3.0_peak3.0_h45_w10_p65_x70,1790890380000,1790890560000,LIGHT
grid_n2_noise3.0_peak3.0_h45_w10_p65_x70,1790890560000,1790891460000,DEEP
grid_n2_noise3.0_peak3.0_h45_w10_p65_x70,1790891460000,1790893560000,LIGHT
grid_n2_noise3.0_peak3.0_h45_w10_p65_x70,1790893560000,1790894460000,DEEP
grid_n2_noise3.0_peak3.0_h45_w10_p65_x70,1790894460000,1790895060000,LIGHT
grid_n2_noise3.0_peak3.0_h45_w10_p65_x70,1790895060000,1790896320000,DEEP
grid_n2_noise3.0_peak3.0_h45_w10_p65_x70,1790896320000,1790896349427,LIGHT
grid_n2_noise3.0_peak3.0_h45_w10_p65_x65,1790875829427,1790879940000,LIGHT
grid_n2_noise3.0_peak3.0_h45_w10_p65_x65,1790879940000,1790881260000,DEEP
grid_n2_noise3.0_peak3.0_h45_w10_p65_x65,1790881260000,1790881320000,LIGHT
grid_n2_noise3.0_peak3.0_h45_w10_p65_x65,1790881320000,1790882100000,DEEP
grid_n2_noise3.0_peak3.0_h45_w10_p65_x65,1790882100000,1790886300000,LIGHT
grid_n2_noise3.0_peak3.0_h45_w10_p65_x65,1790886300000,1790890380000,DEEP
grid_n2_noise3.0_peak3.0_h45_w10_p65_x65,1790890380000,1790893560000,LIGHT
grid_n2_noise3.0_peak3.0_h45_w10_p65_x65,1790893560000,1790894460000,DEEP
grid_n2_noise3.0_peak3.0_h45_w10_p65_x65,1790894460000,1790895060000,LIGHT
grid_n2_noise3.0_peak3.0_h45_w10_p65_x65,1790895060000,1790896320000,DEEP
grid_n2_noise3.0_peak3.0_h45_w10_p65_x65,1790896320000,1790896349427,LIGHT
grid_n2_noise3.0_peak3.0_h60_w15_p50_x70,1790875829427,1790886420000,LIGHT
grid_n2_noise3.0_peak3.0_h60_w15_p50_x70,1790886420000,1790890380000,DEEP
grid_n2_noise3.0_peak3.0_h60_w15_p50_x70,1790890380000,1790893560000,LIGHT
grid_n2_noise3.0_peak3.0_h60_w15_p50_x70,1790893560000,1790894460000,DEEP
grid_n2_noise3.0_peak3.0_h60_w15_p50_x70,1790894460000,1790896349427,LIGHT
grid_n2_noise3.0_peak3.0_h60_w15_p50_x65,1790875829427,1790886420000,LIGHT
grid_n2_noise3.0_peak3.0_h60_w15_p50_x65,1790886420000,1790890380000,DEEP
grid_n2_noise3.0_peak3.0_h60_w15_p50_x65,1790890380000,1790893560000,LIGHT
grid_n2_noise3.0_peak3.0_h60_w15_p50_x65,1790893560000,1790894460000,DEEP
grid_n2_noise3.0_peak3.0_h60_w15_p50_x65,1790894460000,1790896349427,LIGHT
grid_n2_noise3.0_peak3.0_h60_w15_p65_x70,1790875829427,1790880180000,LIGHT
grid_n2_noise3.0_peak3.0_h60_w15_p65_x70,1790880180000,1790883000000,DEEP
grid_n2_noise3.0_peak3.0_h60_w15_p65_x70,1790883000000,1790886300000,LIGHT
grid_n2_noise3.0_peak3.0_h60_w15_p65_x70,1790886300000,1790890380000,DEEP
grid_n2_noise3.0_peak3.0_h60_w15_p65_x70,1790890380000,1790893560000,LIGHT
grid_n2_noise3.0_peak3.0_h60_w15_p65_x70,1790893560000,1790894460000,DEEP
grid_n2_noise3.0_peak3.0_h60_w15_p65_x70,1790894460000,1790895180000,LIGHT
grid_n2_noise3.0_peak3.0_h60_w15_p65_x70,1790895180000,1790896320000,DEEP
grid_n2_noise3.0_peak3.0_h60_w15_p65_x70,1790896320000,1790896349427,LIGHT
grid_n2_noise3.0_peak3.0_h60_w15_p65_x65,1790875829427,1790880180000,LIGHT
grid_n2_noise3.0_peak3.0_h60_w15_p65_x65,1790880180000,1790881260000,DEEP
grid_n2_noise3.0_peak3.0_h60_w15_p65_x65,1790881260000,1790881560000,LIGHT
grid_n2_noise3.0_peak3.0_h60_w15_p65_x65,1790881560000,1790883000000,DEEP
grid_n2_noise3.0_peak3.0_h60_w15_p65_x65,1790883000000,1790886300000,LIGHT
grid_n2_noise3.0_peak3.0_h60_w15_p65_x65,1790886300000,1790890380000,DEEP
grid_n2_noise3.0_peak3.0_h60_w15_p65_x65,1790890380000,1790893560000,LIGHT
grid_n2_noise3.0_peak3.0_h60_w15_p65_x65,1790893560000,1790894460000,DEEP
grid_n2_noise3.0_peak3.0_h60_w15_p65_x65,1790894460000,1790895180000,LIGHT
grid_n2_noise3.0_peak3.0_h60_w15_p65_x65,1790895180000,1790896320000,DEEP
grid_n2_noise3.0_peak3.0_h60_w15_p65_x65,1790896320000,1790896349427,LIGHT
grid_n2_noise3.0_peak3.0_h60_w10_p50_x70,1790875829427,1790886300000,LIGHT
grid_n2_noise3.0_peak3.0_h60_w10_p50_x70,1790886300000,1790890380000,DEEP
grid_n2_noise3.0_peak3.0_h60_w10_p50_x70,1790890380000,1790893560000,LIGHT
grid_n2_noise3.0_peak3.0_h60_w10_p50_x70,1790893560000,1790894460000,DEEP
grid_n2_noise3.0_peak3.0_h60_w10_p50_x70,1790894460000,1790896349427,LIGHT
grid_n2_noise3.0_peak3.0_h60_w10_p50_x65,1790875829427,1790886300000,LIGHT
grid_n2_noise3.0_peak3.0_h60_w10_p50_x65,1790886300000,1790890380000,DEEP
grid_n2_noise3.0_peak3.0_h60_w10_p50_x65,1790890380000,1790893560000,LIGHT
grid_n2_noise3.0_peak3.0_h60_w10_p50_x65,1790893560000,1790894460000,DEEP
grid_n2_noise3.0_peak3.0_h60_w10_p50_x65,1790894460000,1790896349427,LIGHT
grid_n2_noise3.0_peak3.0_h60_w10_p65_x70,1790875829427,1790880300000,LIGHT
grid_n2_noise3.0_peak3.0_h60_w10_p65_x70,1790880300000,1790883000000,DEEP
grid_n2_noise3.0_peak3.0_h60_w10_p65_x70,1790883000000,1790886300000,LIGHT
grid_n2_noise3.0_peak3.0_h60_w10_p65_x70,1790886300000,1790890380000,DEEP
grid_n2_noise3.0_peak3.0_h60_w10_p65_x70,1790890380000,1790893560000,LIGHT
grid_n2_noise3.0_peak3.0_h60_w10_p65_x70,1790893560000,1790894460000,DEEP
grid_n2_noise3.0_peak3.0_h60_w10_p65_x70,1790894460000,1790895420000,LIGHT
grid_n2_noise3.0_peak3.0_h60_w10_p65_x70,1790895420000,1790896320000,DEEP
grid_n2_noise3.0_peak3.0_h60_w10_p65_x70,1790896320000,1790896349427,LIGHT
grid_n2_noise3.0_peak3.0_h60_w10_p65_x65,1790875829427,1790880300000,LIGHT
grid_n2_noise3.0_peak3.0_h60_w10_p65_x65,1790880300000,1790881260000,DEEP
grid_n2_noise3.0_peak3.0_h60_w10_p65_x65,1790881260000,1790881680000,LIGHT
grid_n2_noise3.0_peak3.0_h60_w10_p65_x65,1790881680000,1790883000000,DEEP
grid_n2_noise3.0_peak3.0_h60_w10_p65_x65,1790883000000,1790886300000,LIGHT
grid_n2_noise3.0_peak3.0_h60_w10_p65_x65,1790886300000,1790890380000,DEEP
grid_n2_noise3.0_peak3.0_h60_w10_p65_x65,1790890380000,1790893560000,LIGHT
grid_n2_noise3.0_peak3.0_h60_w10_p65_x65,1790893560000,1790894460000,DEEP
grid_n2_noise3.0_peak3.0_h60_w10_p65_x65,1790894460000,1790895420000,LIGHT
grid_n2_noise3.0_peak3.0_h60_w10_p65_x65,1790895420000,1790896320000,DEEP
grid_n2_noise3.0_peak3.0_h60_w10_p65_x65,1790896320000,1790896349427,LIGHT
grid_n2_noise2.5_peak1.5_h45_w15_p50_x70,1790875829427,1790882700000,LIGHT
grid_n2_noise2.5_peak1.5_h45_w15_p50_x70,1790882700000,1790884440000,DEEP
grid_n2_noise2.5_peak1.5_h45_w15_p50_x70,1790884440000,1790886480000,LIGHT
grid_n2_noise2.5_peak1.5_h45_w15_p50_x70,1790886480000,1790889840000,DEEP
grid_n2_noise2.5_peak1.5_h45_w15_p50_x70,1790889840000,1790896349427,LIGHT
grid_n2_noise2.5_peak1.5_h45_w15_p50_x65,1790875829427,1790882700000,LIGHT
grid_n2_noise2.5_peak1.5_h45_w15_p50_x65,1790882700000,1790884440000,DEEP
grid_n2_noise2.5_peak1.5_h45_w15_p50_x65,1790884440000,1790886480000,LIGHT
grid_n2_noise2.5_peak1.5_h45_w15_p50_x65,1790886480000,1790889840000,DEEP
grid_n2_noise2.5_peak1.5_h45_w15_p50_x65,1790889840000,1790896349427,LIGHT
grid_n2_noise2.5_peak1.5_h45_w15_p65_x70,1790875829427,1790880660000,LIGHT
grid_n2_noise2.5_peak1.5_h45_w15_p65_x70,1790880660000,1790881260000,DEEP
grid_n2_noise2.5_peak1.5_h45_w15_p65_x70,1790881260000,1790882400000,LIGHT
grid_n2_noise2.5_peak1.5_h45_w15_p65_x70,1790882400000,1790884440000,DEEP
grid_n2_noise2.5_peak1.5_h45_w15_p65_x70,1790884440000,1790886480000,LIGHT
grid_n2_noise2.5_peak1.5_h45_w15_p65_x70,1790886480000,1790889840000,DEEP
grid_n2_noise2.5_peak1.5_h45_w15_p65_x70,1790889840000,1790895720000,LIGHT
grid_n2_noise2.5_peak1.5_h45_w15_p65_x70,1790895720000,1790896320000,DEEP
grid_n2_noise2.5_peak1.5_h45_w15_p65_x70,1790896320000,1790896349427,LIGHT
grid_n2_noise2.5_peak1.5_h45_w15_p65_x65,1790875829427,1790880660000,LIGHT
grid_n2_noise2.5_peak1.5_h45_w15_p65_x65,1790880660000,1790881260000,DEEP
grid_n2_noise2.5_peak1.5_h45_w15_p65_x65,1790881260000,1790882400000,LIGHT
grid_n2_noise2.5_peak1.5_h45_w15_p65_x65,1790882400000,1790884440000,DEEP
grid_n2_noise2.5_peak1.5_h45_w15_p65_x65,1790884440000,1790886480000,LIGHT
grid_n2_noise2.5_peak1.5_h45_w15_p65_x65,1790886480000,1790889840000,DEEP
grid_n2_noise2.5_peak1.5_h45_w15_p65_x65,1790889840000,1790895720000,LIGHT
grid_n2_noise2.5_peak1.5_h45_w15_p65_x65,1790895720000,1790896320000,DEEP
grid_n2_noise2.5_peak1.5_h45_w15_p65_x65,1790896320000,1790896349427,LIGHT
grid_n2_noise2.5_peak1.5_h45_w10_p50_x70,1790875829427,1790882520000,LIGHT
grid_n2_noise2.5_peak1.5_h45_w10_p50_x70,1790882520000,1790884440000,DEEP
grid_n2_noise2.5_peak1.5_h45_w10_p50_x70,1790884440000,1790886300000,LIGHT
grid_n2_noise2.5_peak1.5_h45_w10_p50_x70,1790886300000,1790889840000,DEEP
grid_n2_noise2.5_peak1.5_h45_w10_p50_x70,1790889840000,1790896349427,LIGHT
grid_n2_noise2.5_peak1.5_h45_w10_p50_x65,1790875829427,1790882520000,LIGHT
grid_n2_noise2.5_peak1.5_h45_w10_p50_x65,1790882520000,1790884440000,DEEP
grid_n2_noise2.5_peak1.5_h45_w10_p50_x65,1790884440000,1790886300000,LIGHT
grid_n2_noise2.5_peak1.5_h45_w10_p50_x65,1790886300000,1790889840000,DEEP
grid_n2_noise2.5_peak1.5_h45_w10_p50_x65,1790889840000,1790896349427,LIGHT
grid_n2_noise2.5_peak1.5_h45_w10_p65_x70,1790875829427,1790880480000,LIGHT
grid_n2_noise2.5_peak1.5_h45_w10_p65_x70,1790880480000,1790881260000,DEEP
grid_n2_noise2.5_peak1.5_h45_w10_p65_x70,1790881260000,1790882400000,LIGHT
grid_n2_noise2.5_peak1.5_h45_w10_p65_x70,1790882400000,1790884440000,DEEP
grid_n2_noise2.5_peak1.5_h45_w10_p65_x70,1790884440000,1790886300000,LIGHT
grid_n2_noise2.5_peak1.5_h45_w10_p65_x70,1790886300000,1790889840000,DEEP
grid_n2_noise2.5_peak1.5_h45_w10_p65_x70,1790889840000,1790895540000,LIGHT
grid_n2_noise2.5_peak1.5_h45_w10_p65_x70,1790895540000,1790896320000,DEEP
grid_n2_noise2.5_peak1.5_h45_w10_p65_x70,1790896320000,1790896349427,LIGHT
grid_n2_noise2.5_peak1.5_h45_w10_p65_x65,1790875829427,1790880480000,LIGHT
grid_n2_noise2.5_peak1.5_h45_w10_p65_x65,1790880480000,1790881260000,DEEP
grid_n2_noise2.5_peak1.5_h45_w10_p65_x65,1790881260000,1790882400000,LIGHT
grid_n2_noise2.5_peak1.5_h45_w10_p65_x65,1790882400000,1790884440000,DEEP
grid_n2_noise2.5_peak1.5_h45_w10_p65_x65,1790884440000,1790886300000,LIGHT
grid_n2_noise2.5_peak1.5_h45_w10_p65_x65,1790886300000,1790889840000,DEEP
grid_n2_noise2.5_peak1.5_h45_w10_p65_x65,1790889840000,1790895540000,LIGHT
grid_n2_noise2.5_peak1.5_h45_w10_p65_x65,1790895540000,1790896320000,DEEP
grid_n2_noise2.5_peak1.5_h45_w10_p65_x65,1790896320000,1790896349427,LIGHT
grid_n2_noise2.5_peak1.5_h60_w15_p50_x70,1790875829427,1790882700000,LIGHT
grid_n2_noise2.5_peak1.5_h60_w15_p50_x70,1790882700000,1790884440000,DEEP
grid_n2_noise2.5_peak1.5_h60_w15_p50_x70,1790884440000,1790886480000,LIGHT
grid_n2_noise2.5_peak1.5_h60_w15_p50_x70,1790886480000,1790889840000,DEEP
grid_n2_noise2.5_peak1.5_h60_w15_p50_x70,1790889840000,1790896349427,LIGHT
grid_n2_noise2.5_peak1.5_h60_w15_p50_x65,1790875829427,1790882700000,LIGHT
grid_n2_noise2.5_peak1.5_h60_w15_p50_x65,1790882700000,1790884440000,DEEP
grid_n2_noise2.5_peak1.5_h60_w15_p50_x65,1790884440000,1790886480000,LIGHT
grid_n2_noise2.5_peak1.5_h60_w15_p50_x65,1790886480000,1790889840000,DEEP
grid_n2_noise2.5_peak1.5_h60_w15_p50_x65,1790889840000,1790896349427,LIGHT
grid_n2_noise2.5_peak1.5_h60_w15_p65_x70,1790875829427,1790880660000,LIGHT
grid_n2_noise2.5_peak1.5_h60_w15_p65_x70,1790880660000,1790881260000,DEEP
grid_n2_noise2.5_peak1.5_h60_w15_p65_x70,1790881260000,1790882400000,LIGHT
grid_n2_noise2.5_peak1.5_h60_w15_p65_x70,1790882400000,1790884440000,DEEP
grid_n2_noise2.5_peak1.5_h60_w15_p65_x70,1790884440000,1790886480000,LIGHT
grid_n2_noise2.5_peak1.5_h60_w15_p65_x70,1790886480000,1790889840000,DEEP
grid_n2_noise2.5_peak1.5_h60_w15_p65_x70,1790889840000,1790895720000,LIGHT
grid_n2_noise2.5_peak1.5_h60_w15_p65_x70,1790895720000,1790896320000,DEEP
grid_n2_noise2.5_peak1.5_h60_w15_p65_x70,1790896320000,1790896349427,LIGHT
grid_n2_noise2.5_peak1.5_h60_w15_p65_x65,1790875829427,1790880660000,LIGHT
grid_n2_noise2.5_peak1.5_h60_w15_p65_x65,1790880660000,1790881260000,DEEP
grid_n2_noise2.5_peak1.5_h60_w15_p65_x65,1790881260000,1790882400000,LIGHT
grid_n2_noise2.5_peak1.5_h60_w15_p65_x65,1790882400000,1790884440000,DEEP
grid_n2_noise2.5_peak1.5_h60_w15_p65_x65,1790884440000,1790886480000,LIGHT
grid_n2_noise2.5_peak1.5_h60_w15_p65_x65,1790886480000,1790889840000,DEEP
grid_n2_noise2.5_peak1.5_h60_w15_p65_x65,1790889840000,1790895720000,LIGHT
grid_n2_noise2.5_peak1.5_h60_w15_p65_x65,1790895720000,1790896320000,DEEP
grid_n2_noise2.5_peak1.5_h60_w15_p65_x65,1790896320000,1790896349427,LIGHT
grid_n2_noise2.5_peak1.5_h60_w10_p50_x70,1790875829427,1790882520000,LIGHT
grid_n2_noise2.5_peak1.5_h60_w10_p50_x70,1790882520000,1790884440000,DEEP
grid_n2_noise2.5_peak1.5_h60_w10_p50_x70,1790884440000,1790886300000,LIGHT
grid_n2_noise2.5_peak1.5_h60_w10_p50_x70,1790886300000,1790889840000,DEEP
grid_n2_noise2.5_peak1.5_h60_w10_p50_x70,1790889840000,1790896349427,LIGHT
grid_n2_noise2.5_peak1.5_h60_w10_p50_x65,1790875829427,1790882520000,LIGHT
grid_n2_noise2.5_peak1.5_h60_w10_p50_x65,1790882520000,1790884440000,DEEP
grid_n2_noise2.5_peak1.5_h60_w10_p50_x65,1790884440000,1790886300000,LIGHT
grid_n2_noise2.5_peak1.5_h60_w10_p50_x65,1790886300000,1790889840000,DEEP
grid_n2_noise2.5_peak1.5_h60_w10_p50_x65,1790889840000,1790896349427,LIGHT
grid_n2_noise2.5_peak1.5_h60_w10_p65_x70,1790875829427,1790880480000,LIGHT
grid_n2_noise2.5_peak1.5_h60_w10_p65_x70,1790880480000,1790881260000,DEEP
grid_n2_noise2.5_peak1.5_h60_w10_p65_x70,1790881260000,1790882400000,LIGHT
grid_n2_noise2.5_peak1.5_h60_w10_p65_x70,1790882400000,1790884440000,DEEP
grid_n2_noise2.5_peak1.5_h60_w10_p65_x70,1790884440000,1790886300000,LIGHT
grid_n2_noise2.5_peak1.5_h60_w10_p65_x70,1790886300000,1790889840000,DEEP
grid_n2_noise2.5_peak1.5_h60_w10_p65_x70,1790889840000,1790895540000,LIGHT
grid_n2_noise2.5_peak1.5_h60_w10_p65_x70,1790895540000,1790896320000,DEEP
grid_n2_noise2.5_peak1.5_h60_w10_p65_x70,1790896320000,1790896349427,LIGHT
grid_n2_noise2.5_peak1.5_h60_w10_p65_x65,1790875829427,1790880480000,LIGHT
grid_n2_noise2.5_peak1.5_h60_w10_p65_x65,1790880480000,1790881260000,DEEP
grid_n2_noise2.5_peak1.5_h60_w10_p65_x65,1790881260000,1790882400000,LIGHT
grid_n2_noise2.5_peak1.5_h60_w10_p65_x65,1790882400000,1790884440000,DEEP
grid_n2_noise2.5_peak1.5_h60_w10_p65_x65,1790884440000,1790886300000,LIGHT
grid_n2_noise2.5_peak1.5_h60_w10_p65_x65,1790886300000,1790889840000,DEEP
grid_n2_noise2.5_peak1.5_h60_w10_p65_x65,1790889840000,1790895540000,LIGHT
grid_n2_noise2.5_peak1.5_h60_w10_p65_x65,1790895540000,1790896320000,DEEP
grid_n2_noise2.5_peak1.5_h60_w10_p65_x65,1790896320000,1790896349427,LIGHT
grid_n2_noise2.5_peak3.0_h45_w15_p50_x70,1790875829427,1790882700000,LIGHT
grid_n2_noise2.5_peak3.0_h45_w15_p50_x70,1790882700000,1790884680000,DEEP
grid_n2_noise2.5_peak3.0_h45_w15_p50_x70,1790884680000,1790886420000,LIGHT
grid_n2_noise2.5_peak3.0_h45_w15_p50_x70,1790886420000,1790890380000,DEEP
grid_n2_noise2.5_peak3.0_h45_w15_p50_x70,1790890380000,1790893620000,LIGHT
grid_n2_noise2.5_peak3.0_h45_w15_p50_x70,1790893620000,1790894460000,DEEP
grid_n2_noise2.5_peak3.0_h45_w15_p50_x70,1790894460000,1790896349427,LIGHT
grid_n2_noise2.5_peak3.0_h45_w15_p50_x65,1790875829427,1790882700000,LIGHT
grid_n2_noise2.5_peak3.0_h45_w15_p50_x65,1790882700000,1790884680000,DEEP
grid_n2_noise2.5_peak3.0_h45_w15_p50_x65,1790884680000,1790886420000,LIGHT
grid_n2_noise2.5_peak3.0_h45_w15_p50_x65,1790886420000,1790890380000,DEEP
grid_n2_noise2.5_peak3.0_h45_w15_p50_x65,1790890380000,1790893620000,LIGHT
grid_n2_noise2.5_peak3.0_h45_w15_p50_x65,1790893620000,1790894460000,DEEP
grid_n2_noise2.5_peak3.0_h45_w15_p50_x65,1790894460000,1790896349427,LIGHT
grid_n2_noise2.5_peak3.0_h45_w15_p65_x70,1790875829427,1790880660000,LIGHT
grid_n2_noise2.5_peak3.0_h45_w15_p65_x70,1790880660000,1790881260000,DEEP
grid_n2_noise2.5_peak3.0_h45_w15_p65_x70,1790881260000,1790881380000,LIGHT
grid_n2_noise2.5_peak3.0_h45_w15_p65_x70,1790881380000,1790884680000,DEEP
grid_n2_noise2.5_peak3.0_h45_w15_p65_x70,1790884680000,1790886300000,LIGHT
grid_n2_noise2.5_peak3.0_h45_w15_p65_x70,1790886300000,1790890380000,DEEP
grid_n2_noise2.5_peak3.0_h45_w15_p65_x70,1790890380000,1790893620000,LIGHT
grid_n2_noise2.5_peak3.0_h45_w15_p65_x70,1790893620000,1790894460000,DEEP
grid_n2_noise2.5_peak3.0_h45_w15_p65_x70,1790894460000,1790895720000,LIGHT
grid_n2_noise2.5_peak3.0_h45_w15_p65_x70,1790895720000,1790896320000,DEEP
grid_n2_noise2.5_peak3.0_h45_w15_p65_x70,1790896320000,1790896349427,LIGHT
grid_n2_noise2.5_peak3.0_h45_w15_p65_x65,1790875829427,1790880660000,LIGHT
grid_n2_noise2.5_peak3.0_h45_w15_p65_x65,1790880660000,1790881260000,DEEP
grid_n2_noise2.5_peak3.0_h45_w15_p65_x65,1790881260000,1790882100000,LIGHT
grid_n2_noise2.5_peak3.0_h45_w15_p65_x65,1790882100000,1790884680000,DEEP
grid_n2_noise2.5_peak3.0_h45_w15_p65_x65,1790884680000,1790886300000,LIGHT
grid_n2_noise2.5_peak3.0_h45_w15_p65_x65,1790886300000,1790890380000,DEEP
grid_n2_noise2.5_peak3.0_h45_w15_p65_x65,1790890380000,1790893620000,LIGHT
grid_n2_noise2.5_peak3.0_h45_w15_p65_x65,1790893620000,1790894460000,DEEP
grid_n2_noise2.5_peak3.0_h45_w15_p65_x65,1790894460000,1790895180000,LIGHT
grid_n2_noise2.5_peak3.0_h45_w15_p65_x65,1790895180000,1790896320000,DEEP
grid_n2_noise2.5_peak3.0_h45_w15_p65_x65,1790896320000,1790896349427,LIGHT
grid_n2_noise2.5_peak3.0_h45_w10_p50_x70,1790875829427,1790882520000,LIGHT
grid_n2_noise2.5_peak3.0_h45_w10_p50_x70,1790882520000,1790884680000,DEEP
grid_n2_noise2.5_peak3.0_h45_w10_p50_x70,1790884680000,1790886300000,LIGHT
grid_n2_noise2.5_peak3.0_h45_w10_p50_x70,1790886300000,1790890380000,DEEP
grid_n2_noise2.5_peak3.0_h45_w10_p50_x70,1790890380000,1790893620000,LIGHT
grid_n2_noise2.5_peak3.0_h45_w10_p50_x70,1790893620000,1790894460000,DEEP
grid_n2_noise2.5_peak3.0_h45_w10_p50_x70,1790894460000,1790896349427,LIGHT
grid_n2_noise2.5_peak3.0_h45_w10_p50_x65,1790875829427,1790882520000,LIGHT
grid_n2_noise2.5_peak3.0_h45_w10_p50_x65,1790882520000,1790884680000,DEEP
grid_n2_noise2.5_peak3.0_h45_w10_p50_x65,1790884680000,1790886300000,LIGHT
grid_n2_noise2.5_peak3.0_h45_w10_p50_x65,1790886300000,1790890380000,DEEP
grid_n2_noise2.5_peak3.0_h45_w10_p50_x65,1790890380000,1790893620000,LIGHT
grid_n2_noise2.5_peak3.0_h45_w10_p50_x65,1790893620000,1790894460000,DEEP
grid_n2_noise2.5_peak3.0_h45_w10_p50_x65,1790894460000,1790896349427,LIGHT
grid_n2_noise2.5_peak3.0_h45_w10_p65_x70,1790875829427,1790880480000,LIGHT
grid_n2_noise2.5_peak3.0_h45_w10_p65_x70,1790880480000,1790881140000,DEEP
grid_n2_noise2.5_peak3.0_h45_w10_p65_x70,1790881140000,1790881800000,LIGHT
grid_n2_noise2.5_peak3.0_h45_w10_p65_x70,1790881800000,1790884680000,DEEP
grid_n2_noise2.5_peak3.0_h45_w10_p65_x70,1790884680000,1790886300000,LIGHT
grid_n2_noise2.5_peak3.0_h45_w10_p65_x70,1790886300000,1790890380000,DEEP
grid_n2_noise2.5_peak3.0_h45_w10_p65_x70,1790890380000,1790893620000,LIGHT
grid_n2_noise2.5_peak3.0_h45_w10_p65_x70,1790893620000,1790894460000,DEEP
grid_n2_noise2.5_peak3.0_h45_w10_p65_x70,1790894460000,1790895420000,LIGHT
grid_n2_noise2.5_peak3.0_h45_w10_p65_x70,1790895420000,1790896320000,DEEP
grid_n2_noise2.5_peak3.0_h45_w10_p65_x70,1790896320000,1790896349427,LIGHT
grid_n2_noise2.5_peak3.0_h45_w10_p65_x65,1790875829427,1790880480000,LIGHT
grid_n2_noise2.5_peak3.0_h45_w10_p65_x65,1790880480000,1790881260000,DEEP
grid_n2_noise2.5_peak3.0_h45_w10_p65_x65,1790881260000,1790881800000,LIGHT
grid_n2_noise2.5_peak3.0_h45_w10_p65_x65,1790881800000,1790884680000,DEEP
grid_n2_noise2.5_peak3.0_h45_w10_p65_x65,1790884680000,1790886300000,LIGHT
grid_n2_noise2.5_peak3.0_h45_w10_p65_x65,1790886300000,1790890380000,DEEP
grid_n2_noise2.5_peak3.0_h45_w10_p65_x65,1790890380000,1790893620000,LIGHT
grid_n2_noise2.5_peak3.0_h45_w10_p65_x65,1790893620000,1790894460000,DEEP
grid_n2_noise2.5_peak3.0_h45_w10_p65_x65,1790894460000,1790895420000,LIGHT
grid_n2_noise2.5_peak3.0_h45_w10_p65_x65,1790895420000,1790896320000,DEEP
grid_n2_noise2.5_peak3.0_h45_w10_p65_x65,1790896320000,1790896349427,LIGHT
grid_n2_noise2.5_peak3.0_h60_w15_p50_x70,1790875829427,1790882700000,LIGHT
grid_n2_noise2.5_peak3.0_h60_w15_p50_x70,1790882700000,1790884680000,DEEP
grid_n2_noise2.5_peak3.0_h60_w15_p50_x70,1790884680000,1790886420000,LIGHT
grid_n2_noise2.5_peak3.0_h60_w15_p50_x70,1790886420000,1790890380000,DEEP
grid_n2_noise2.5_peak3.0_h60_w15_p50_x70,1790890380000,1790893620000,LIGHT
grid_n2_noise2.5_peak3.0_h60_w15_p50_x70,1790893620000,1790894460000,DEEP
grid_n2_noise2.5_peak3.0_h60_w15_p50_x70,1790894460000,1790896349427,LIGHT
grid_n2_noise2.5_peak3.0_h60_w15_p50_x65,1790875829427,1790882700000,LIGHT
grid_n2_noise2.5_peak3.0_h60_w15_p50_x65,1790882700000,1790884680000,DEEP
grid_n2_noise2.5_peak3.0_h60_w15_p50_x65,1790884680000,1790886420000,LIGHT
grid_n2_noise2.5_peak3.0_h60_w15_p50_x65,1790886420000,1790890380000,DEEP
grid_n2_noise2.5_peak3.0_h60_w15_p50_x65,1790890380000,1790893620000,LIGHT
grid_n2_noise2.5_peak3.0_h60_w15_p50_x65,1790893620000,1790894460000,DEEP
grid_n2_noise2.5_peak3.0_h60_w15_p50_x65,1790894460000,1790896349427,LIGHT
grid_n2_noise2.5_peak3.0_h60_w15_p65_x70,1790875829427,1790880660000,LIGHT
grid_n2_noise2.5_peak3.0_h60_w15_p65_x70,1790880660000,1790881260000,DEEP
grid_n2_noise2.5_peak3.0_h60_w15_p65_x70,1790881260000,1790881380000,LIGHT
grid_n2_noise2.5_peak3.0_h60_w15_p65_x70,1790881380000,1790884680000,DEEP
grid_n2_noise2.5_peak3.0_h60_w15_p65_x70,1790884680000,1790886300000,LIGHT
grid_n2_noise2.5_peak3.0_h60_w15_p65_x70,1790886300000,1790890380000,DEEP
grid_n2_noise2.5_peak3.0_h60_w15_p65_x70,1790890380000,1790893620000,LIGHT
grid_n2_noise2.5_peak3.0_h60_w15_p65_x70,1790893620000,1790894460000,DEEP
grid_n2_noise2.5_peak3.0_h60_w15_p65_x70,1790894460000,1790895720000,LIGHT
grid_n2_noise2.5_peak3.0_h60_w15_p65_x70,1790895720000,1790896320000,DEEP
grid_n2_noise2.5_peak3.0_h60_w15_p65_x70,1790896320000,1790896349427,LIGHT
grid_n2_noise2.5_peak3.0_h60_w15_p65_x65,1790875829427,1790880660000,LIGHT
grid_n2_noise2.5_peak3.0_h60_w15_p65_x65,1790880660000,1790881260000,DEEP
grid_n2_noise2.5_peak3.0_h60_w15_p65_x65,1790881260000,1790882100000,LIGHT
grid_n2_noise2.5_peak3.0_h60_w15_p65_x65,1790882100000,1790884680000,DEEP
grid_n2_noise2.5_peak3.0_h60_w15_p65_x65,1790884680000,1790886300000,LIGHT
grid_n2_noise2.5_peak3.0_h60_w15_p65_x65,1790886300000,1790890380000,DEEP
grid_n2_noise2.5_peak3.0_h60_w15_p65_x65,1790890380000,1790893620000,LIGHT
grid_n2_noise2.5_peak3.0_h60_w15_p65_x65,1790893620000,1790894460000,DEEP
grid_n2_noise2.5_peak3.0_h60_w15_p65_x65,1790894460000,1790895180000,LIGHT
grid_n2_noise2.5_peak3.0_h60_w15_p65_x65,1790895180000,1790896320000,DEEP
grid_n2_noise2.5_peak3.0_h60_w15_p65_x65,1790896320000,1790896349427,LIGHT
grid_n2_noise2.5_peak3.0_h60_w10_p50_x70,1790875829427,1790882520000,LIGHT
grid_n2_noise2.5_peak3.0_h60_w10_p50_x70,1790882520000,1790884680000,DEEP
grid_n2_noise2.5_peak3.0_h60_w10_p50_x70,1790884680000,1790886300000,LIGHT
grid_n2_noise2.5_peak3.0_h60_w10_p50_x70,1790886300000,1790890380000,DEEP
grid_n2_noise2.5_peak3.0_h60_w10_p50_x70,1790890380000,1790893620000,LIGHT
grid_n2_noise2.5_peak3.0_h60_w10_p50_x70,1790893620000,1790894460000,DEEP
grid_n2_noise2.5_peak3.0_h60_w10_p50_x70,1790894460000,1790896349427,LIGHT
grid_n2_noise2.5_peak3.0_h60_w10_p50_x65,1790875829427,1790882520000,LIGHT
grid_n2_noise2.5_peak3.0_h60_w10_p50_x65,1790882520000,1790884680000,DEEP
grid_n2_noise2.5_peak3.0_h60_w10_p50_x65,1790884680000,1790886300000,LIGHT
grid_n2_noise2.5_peak3.0_h60_w10_p50_x65,1790886300000,1790890380000,DEEP
grid_n2_noise2.5_peak3.0_h60_w10_p50_x65,1790890380000,1790893620000,LIGHT
grid_n2_noise2.5_peak3.0_h60_w10_p50_x65,1790893620000,1790894460000,DEEP
grid_n2_noise2.5_peak3.0_h60_w10_p50_x65,1790894460000,1790896349427,LIGHT
grid_n2_noise2.5_peak3.0_h60_w10_p65_x70,1790875829427,1790880480000,LIGHT
grid_n2_noise2.5_peak3.0_h60_w10_p65_x70,1790880480000,1790881140000,DEEP
grid_n2_noise2.5_peak3.0_h60_w10_p65_x70,1790881140000,1790881800000,LIGHT
grid_n2_noise2.5_peak3.0_h60_w10_p65_x70,1790881800000,1790884680000,DEEP
grid_n2_noise2.5_peak3.0_h60_w10_p65_x70,1790884680000,1790886300000,LIGHT
grid_n2_noise2.5_peak3.0_h60_w10_p65_x70,1790886300000,1790890380000,DEEP
grid_n2_noise2.5_peak3.0_h60_w10_p65_x70,1790890380000,1790893620000,LIGHT
grid_n2_noise2.5_peak3.0_h60_w10_p65_x70,1790893620000,1790894460000,DEEP
grid_n2_noise2.5_peak3.0_h60_w10_p65_x70,1790894460000,1790895420000,LIGHT
grid_n2_noise2.5_peak3.0_h60_w10_p65_x70,1790895420000,1790896320000,DEEP
grid_n2_noise2.5_peak3.0_h60_w10_p65_x70,1790896320000,1790896349427,LIGHT
grid_n2_noise2.5_peak3.0_h60_w10_p65_x65,1790875829427,1790880480000,LIGHT
grid_n2_noise2.5_peak3.0_h60_w10_p65_x65,1790880480000,1790881260000,DEEP
grid_n2_noise2.5_peak3.0_h60_w10_p65_x65,1790881260000,1790881800000,LIGHT
grid_n2_noise2.5_peak3.0_h60_w10_p65_x65,1790881800000,1790884680000,DEEP
grid_n2_noise2.5_peak3.0_h60_w10_p65_x65,1790884680000,1790886300000,LIGHT
grid_n2_noise2.5_peak3.0_h60_w10_p65_x65,1790886300000,1790890380000,DEEP
grid_n2_noise2.5_peak3.0_h60_w10_p65_x65,1790890380000,1790893620000,LIGHT
grid_n2_noise2.5_peak3.0_h60_w10_p65_x65,1790893620000,1790894460000,DEEP
grid_n2_noise2.5_peak3.0_h60_w10_p65_x65,1790894460000,1790895420000,LIGHT
grid_n2_noise2.5_peak3.0_h60_w10_p65_x65,1790895420000,1790896320000,DEEP
grid_n2_noise2.5_peak3.0_h60_w10_p65_x65,1790896320000,1790896349427,LIGHT
composite_n3_r-1.0_w15_x70,1790875829427,1790886480000,LIGHT
composite_n3_r-1.0_w15_x70,1790886480000,1790889840000,DEEP
composite_n3_r-1.0_w15_x70,1790889840000,1790893620000,LIGHT
composite_n3_r-1.0_w15_x70,1790893620000,1790894460000,DEEP
composite_n3_r-1.0_w15_x70,1790894460000,1790896349427,LIGHT
composite_n3_r-1.0_w15_x65,1790875829427,1790886480000,LIGHT
composite_n3_r-1.0_w15_x65,1790886480000,1790889840000,DEEP
composite_n3_r-1.0_w15_x65,1790889840000,1790893620000,LIGHT
composite_n3_r-1.0_w15_x65,1790893620000,1790894460000,DEEP
composite_n3_r-1.0_w15_x65,1790894460000,1790896349427,LIGHT
composite_n3_r-1.0_w10_x70,1790875829427,1790886600000,LIGHT
composite_n3_r-1.0_w10_x70,1790886600000,1790889840000,DEEP
composite_n3_r-1.0_w10_x70,1790889840000,1790896349427,LIGHT
composite_n3_r-1.0_w10_x65,1790875829427,1790886600000,LIGHT
composite_n3_r-1.0_w10_x65,1790886600000,1790889840000,DEEP
composite_n3_r-1.0_w10_x65,1790889840000,1790896349427,LIGHT
composite_n3_r2.5_w15_x70,1790875829427,1790886480000,LIGHT
composite_n3_r2.5_w15_x70,1790886480000,1790889840000,DEEP
composite_n3_r2.5_w15_x70,1790889840000,1790893620000,LIGHT
composite_n3_r2.5_w15_x70,1790893620000,1790894460000,DEEP
composite_n3_r2.5_w15_x70,1790894460000,1790896349427,LIGHT
composite_n3_r2.5_w15_x65,1790875829427,1790886480000,LIGHT
composite_n3_r2.5_w15_x65,1790886480000,1790889840000,DEEP
composite_n3_r2.5_w15_x65,1790889840000,1790893620000,LIGHT
composite_n3_r2.5_w15_x65,1790893620000,1790894460000,DEEP
composite_n3_r2.5_w15_x65,1790894460000,1790896349427,LIGHT
composite_n3_r2.5_w10_x70,1790875829427,1790886600000,LIGHT
composite_n3_r2.5_w10_x70,1790886600000,1790889840000,DEEP
composite_n3_r2.5_w10_x70,1790889840000,1790896349427,LIGHT
composite_n3_r2.5_w10_x65,1790875829427,1790886600000,LIGHT
composite_n3_r2.5_w10_x65,1790886600000,1790889840000,DEEP
composite_n3_r2.5_w10_x65,1790889840000,1790896349427,LIGHT
composite_n2_r-1.0_w15_x70,1790875829427,1790886420000,LIGHT
composite_n2_r-1.0_w15_x70,1790886420000,1790889840000,DEEP
composite_n2_r-1.0_w15_x70,1790889840000,1790893560000,LIGHT
composite_n2_r-1.0_w15_x70,1790893560000,1790894460000,DEEP
composite_n2_r-1.0_w15_x70,1790894460000,1790896349427,LIGHT
composite_n2_r-1.0_w15_x65,1790875829427,1790886420000,LIGHT
composite_n2_r-1.0_w15_x65,1790886420000,1790889840000,DEEP
composite_n2_r-1.0_w15_x65,1790889840000,1790893560000,LIGHT
composite_n2_r-1.0_w15_x65,1790893560000,1790894460000,DEEP
composite_n2_r-1.0_w15_x65,1790894460000,1790896349427,LIGHT
composite_n2_r-1.0_w10_x70,1790875829427,1790886300000,LIGHT
composite_n2_r-1.0_w10_x70,1790886300000,1790889840000,DEEP
composite_n2_r-1.0_w10_x70,1790889840000,1790893560000,LIGHT
composite_n2_r-1.0_w10_x70,1790893560000,1790894460000,DEEP
composite_n2_r-1.0_w10_x70,1790894460000,1790896349427,LIGHT
composite_n2_r-1.0_w10_x65,1790875829427,1790886300000,LIGHT
composite_n2_r-1.0_w10_x65,1790886300000,1790889840000,DEEP
composite_n2_r-1.0_w10_x65,1790889840000,1790893560000,LIGHT
composite_n2_r-1.0_w10_x65,1790893560000,1790894460000,DEEP
composite_n2_r-1.0_w10_x65,1790894460000,1790896349427,LIGHT
composite_n2_r2.5_w15_x70,1790875829427,1790882700000,LIGHT
composite_n2_r2.5_w15_x70,1790882700000,1790884680000,DEEP
composite_n2_r2.5_w15_x70,1790884680000,1790886420000,LIGHT
composite_n2_r2.5_w15_x70,1790886420000,1790889840000,DEEP
composite_n2_r2.5_w15_x70,1790889840000,1790893620000,LIGHT
composite_n2_r2.5_w15_x70,1790893620000,1790894460000,DEEP
composite_n2_r2.5_w15_x70,1790894460000,1790896349427,LIGHT
composite_n2_r2.5_w15_x65,1790875829427,1790882700000,LIGHT
composite_n2_r2.5_w15_x65,1790882700000,1790884680000,DEEP
composite_n2_r2.5_w15_x65,1790884680000,1790886420000,LIGHT
composite_n2_r2.5_w15_x65,1790886420000,1790889840000,DEEP
composite_n2_r2.5_w15_x65,1790889840000,1790893620000,LIGHT
composite_n2_r2.5_w15_x65,1790893620000,1790894460000,DEEP
composite_n2_r2.5_w15_x65,1790894460000,1790896349427,LIGHT
composite_n2_r2.5_w10_x70,1790875829427,1790882520000,LIGHT
composite_n2_r2.5_w10_x70,1790882520000,1790884680000,DEEP
composite_n2_r2.5_w10_x70,1790884680000,1790886540000,LIGHT
composite_n2_r2.5_w10_x70,1790886540000,1790889840000,DEEP
composite_n2_r2.5_w10_x70,1790889840000,1790893740000,LIGHT
composite_n2_r2.5_w10_x70,1790893740000,1790894460000,DEEP
composite_n2_r2.5_w10_x70,1790894460000,1790896349427,LIGHT
composite_n2_r2.5_w10_x65,1790875829427,1790882520000,LIGHT
composite_n2_r2.5_w10_x65,1790882520000,1790884680000,DEEP
composite_n2_r2.5_w10_x65,1790884680000,1790886540000,LIGHT
composite_n2_r2.5_w10_x65,1790886540000,1790889840000,DEEP
composite_n2_r2.5_w10_x65,1790889840000,1790893740000,LIGHT
composite_n2_r2.5_w10_x65,1790893740000,1790894460000,DEEP
composite_n2_r2.5_w10_x65,1790894460000,1790896349427,LIGHT
focused_pair_b10_x70_e3_w15,1790875829427,1790880180000,LIGHT
focused_pair_b10_x70_e3_w15,1790880180000,1790881260000,DEEP
focused_pair_b10_x70_e3_w15,1790881260000,1790881380000,LIGHT
focused_pair_b10_x70_e3_w15,1790881380000,1790882100000,DEEP
focused_pair_b10_x70_e3_w15,1790882100000,1790886480000,LIGHT
focused_pair_b10_x70_e3_w15,1790886480000,1790888820000,DEEP
focused_pair_b10_x70_e3_w15,1790888820000,1790895180000,LIGHT
focused_pair_b10_x70_e3_w15,1790895180000,1790896320000,DEEP
focused_pair_b10_x70_e3_w15,1790896320000,1790896349427,LIGHT
focused_pair_b10_x70_e3_w10,1790875829427,1790880360000,LIGHT
focused_pair_b10_x70_e3_w10,1790880360000,1790881260000,DEEP
focused_pair_b10_x70_e3_w10,1790881260000,1790886300000,LIGHT
focused_pair_b10_x70_e3_w10,1790886300000,1790888820000,DEEP
focused_pair_b10_x70_e3_w10,1790888820000,1790895420000,LIGHT
focused_pair_b10_x70_e3_w10,1790895420000,1790896320000,DEEP
focused_pair_b10_x70_e3_w10,1790896320000,1790896349427,LIGHT
focused_pair_b10_x70_e2_w15,1790875829427,1790880180000,LIGHT
focused_pair_b10_x70_e2_w15,1790880180000,1790881200000,DEEP
focused_pair_b10_x70_e2_w15,1790881200000,1790881380000,LIGHT
focused_pair_b10_x70_e2_w15,1790881380000,1790882100000,DEEP
focused_pair_b10_x70_e2_w15,1790882100000,1790886480000,LIGHT
focused_pair_b10_x70_e2_w15,1790886480000,1790888820000,DEEP
focused_pair_b10_x70_e2_w15,1790888820000,1790895180000,LIGHT
focused_pair_b10_x70_e2_w15,1790895180000,1790896320000,DEEP
focused_pair_b10_x70_e2_w15,1790896320000,1790896349427,LIGHT
focused_pair_b10_x70_e2_w10,1790875829427,1790880360000,LIGHT
focused_pair_b10_x70_e2_w10,1790880360000,1790881200000,DEEP
focused_pair_b10_x70_e2_w10,1790881200000,1790886300000,LIGHT
focused_pair_b10_x70_e2_w10,1790886300000,1790888820000,DEEP
focused_pair_b10_x70_e2_w10,1790888820000,1790895420000,LIGHT
focused_pair_b10_x70_e2_w10,1790895420000,1790896320000,DEEP
focused_pair_b10_x70_e2_w10,1790896320000,1790896349427,LIGHT
focused_pair_b10_x70_e1_w15,1790875829427,1790880180000,LIGHT
focused_pair_b10_x70_e1_w15,1790880180000,1790881140000,DEEP
focused_pair_b10_x70_e1_w15,1790881140000,1790881380000,LIGHT
focused_pair_b10_x70_e1_w15,1790881380000,1790882100000,DEEP
focused_pair_b10_x70_e1_w15,1790882100000,1790886480000,LIGHT
focused_pair_b10_x70_e1_w15,1790886480000,1790888820000,DEEP
focused_pair_b10_x70_e1_w15,1790888820000,1790895180000,LIGHT
focused_pair_b10_x70_e1_w15,1790895180000,1790896320000,DEEP
focused_pair_b10_x70_e1_w15,1790896320000,1790896349427,LIGHT
focused_pair_b10_x70_e1_w10,1790875829427,1790880360000,LIGHT
focused_pair_b10_x70_e1_w10,1790880360000,1790881140000,DEEP
focused_pair_b10_x70_e1_w10,1790881140000,1790886300000,LIGHT
focused_pair_b10_x70_e1_w10,1790886300000,1790888820000,DEEP
focused_pair_b10_x70_e1_w10,1790888820000,1790895420000,LIGHT
focused_pair_b10_x70_e1_w10,1790895420000,1790896320000,DEEP
focused_pair_b10_x70_e1_w10,1790896320000,1790896349427,LIGHT
focused_pair_b10_x65_e3_w15,1790875829427,1790880180000,LIGHT
focused_pair_b10_x65_e3_w15,1790880180000,1790881260000,DEEP
focused_pair_b10_x65_e3_w15,1790881260000,1790886480000,LIGHT
focused_pair_b10_x65_e3_w15,1790886480000,1790888820000,DEEP
focused_pair_b10_x65_e3_w15,1790888820000,1790895180000,LIGHT
focused_pair_b10_x65_e3_w15,1790895180000,1790896320000,DEEP
focused_pair_b10_x65_e3_w15,1790896320000,1790896349427,LIGHT
focused_pair_b10_x65_e3_w10,1790875829427,1790880360000,LIGHT
focused_pair_b10_x65_e3_w10,1790880360000,1790881260000,DEEP
focused_pair_b10_x65_e3_w10,1790881260000,1790886300000,LIGHT
focused_pair_b10_x65_e3_w10,1790886300000,1790888820000,DEEP
focused_pair_b10_x65_e3_w10,1790888820000,1790895420000,LIGHT
focused_pair_b10_x65_e3_w10,1790895420000,1790896320000,DEEP
focused_pair_b10_x65_e3_w10,1790896320000,1790896349427,LIGHT
focused_pair_b10_x65_e2_w15,1790875829427,1790880180000,LIGHT
focused_pair_b10_x65_e2_w15,1790880180000,1790881200000,DEEP
focused_pair_b10_x65_e2_w15,1790881200000,1790886480000,LIGHT
focused_pair_b10_x65_e2_w15,1790886480000,1790888820000,DEEP
focused_pair_b10_x65_e2_w15,1790888820000,1790895180000,LIGHT
focused_pair_b10_x65_e2_w15,1790895180000,1790896320000,DEEP
focused_pair_b10_x65_e2_w15,1790896320000,1790896349427,LIGHT
focused_pair_b10_x65_e2_w10,1790875829427,1790880360000,LIGHT
focused_pair_b10_x65_e2_w10,1790880360000,1790881200000,DEEP
focused_pair_b10_x65_e2_w10,1790881200000,1790886300000,LIGHT
focused_pair_b10_x65_e2_w10,1790886300000,1790888820000,DEEP
focused_pair_b10_x65_e2_w10,1790888820000,1790895420000,LIGHT
focused_pair_b10_x65_e2_w10,1790895420000,1790896320000,DEEP
focused_pair_b10_x65_e2_w10,1790896320000,1790896349427,LIGHT
focused_pair_b10_x65_e1_w15,1790875829427,1790880180000,LIGHT
focused_pair_b10_x65_e1_w15,1790880180000,1790881140000,DEEP
focused_pair_b10_x65_e1_w15,1790881140000,1790886480000,LIGHT
focused_pair_b10_x65_e1_w15,1790886480000,1790888820000,DEEP
focused_pair_b10_x65_e1_w15,1790888820000,1790895180000,LIGHT
focused_pair_b10_x65_e1_w15,1790895180000,1790896320000,DEEP
focused_pair_b10_x65_e1_w15,1790896320000,1790896349427,LIGHT
focused_pair_b10_x65_e1_w10,1790875829427,1790880360000,LIGHT
focused_pair_b10_x65_e1_w10,1790880360000,1790881140000,DEEP
focused_pair_b10_x65_e1_w10,1790881140000,1790886300000,LIGHT
focused_pair_b10_x65_e1_w10,1790886300000,1790888820000,DEEP
focused_pair_b10_x65_e1_w10,1790888820000,1790895420000,LIGHT
focused_pair_b10_x65_e1_w10,1790895420000,1790896320000,DEEP
focused_pair_b10_x65_e1_w10,1790896320000,1790896349427,LIGHT
focused_pair_b10_x50_e3_w15,1790875829427,1790880660000,LIGHT
focused_pair_b10_x50_e3_w15,1790880660000,1790881260000,DEEP
focused_pair_b10_x50_e3_w15,1790881260000,1790886480000,LIGHT
focused_pair_b10_x50_e3_w15,1790886480000,1790888820000,DEEP
focused_pair_b10_x50_e3_w15,1790888820000,1790896349427,LIGHT
focused_pair_b10_x50_e3_w10,1790875829427,1790886300000,LIGHT
focused_pair_b10_x50_e3_w10,1790886300000,1790888820000,DEEP
focused_pair_b10_x50_e3_w10,1790888820000,1790896349427,LIGHT
focused_pair_b10_x50_e2_w15,1790875829427,1790886480000,LIGHT
focused_pair_b10_x50_e2_w15,1790886480000,1790888820000,DEEP
focused_pair_b10_x50_e2_w15,1790888820000,1790896349427,LIGHT
focused_pair_b10_x50_e2_w10,1790875829427,1790886300000,LIGHT
focused_pair_b10_x50_e2_w10,1790886300000,1790888820000,DEEP
focused_pair_b10_x50_e2_w10,1790888820000,1790896349427,LIGHT
focused_pair_b10_x50_e1_w15,1790875829427,1790886480000,LIGHT
focused_pair_b10_x50_e1_w15,1790886480000,1790888820000,DEEP
focused_pair_b10_x50_e1_w15,1790888820000,1790896349427,LIGHT
focused_pair_b10_x50_e1_w10,1790875829427,1790886420000,LIGHT
focused_pair_b10_x50_e1_w10,1790886420000,1790888820000,DEEP
focused_pair_b10_x50_e1_w10,1790888820000,1790896349427,LIGHT
focused_pair_b5_x70_e3_w15,1790875829427,1790880180000,LIGHT
focused_pair_b5_x70_e3_w15,1790880180000,1790881260000,DEEP
focused_pair_b5_x70_e3_w15,1790881260000,1790881380000,LIGHT
focused_pair_b5_x70_e3_w15,1790881380000,1790882100000,DEEP
focused_pair_b5_x70_e3_w15,1790882100000,1790886480000,LIGHT
focused_pair_b5_x70_e3_w15,1790886480000,1790888820000,DEEP
focused_pair_b5_x70_e3_w15,1790888820000,1790895180000,LIGHT
focused_pair_b5_x70_e3_w15,1790895180000,1790896320000,DEEP
focused_pair_b5_x70_e3_w15,1790896320000,1790896349427,LIGHT
focused_pair_b5_x70_e3_w10,1790875829427,1790880360000,LIGHT
focused_pair_b5_x70_e3_w10,1790880360000,1790881260000,DEEP
focused_pair_b5_x70_e3_w10,1790881260000,1790881800000,LIGHT
focused_pair_b5_x70_e3_w10,1790881800000,1790882100000,DEEP
focused_pair_b5_x70_e3_w10,1790882100000,1790886300000,LIGHT
focused_pair_b5_x70_e3_w10,1790886300000,1790888820000,DEEP
focused_pair_b5_x70_e3_w10,1790888820000,1790895420000,LIGHT
focused_pair_b5_x70_e3_w10,1790895420000,1790896320000,DEEP
focused_pair_b5_x70_e3_w10,1790896320000,1790896349427,LIGHT
focused_pair_b5_x70_e2_w15,1790875829427,1790880180000,LIGHT
focused_pair_b5_x70_e2_w15,1790880180000,1790881200000,DEEP
focused_pair_b5_x70_e2_w15,1790881200000,1790881380000,LIGHT
focused_pair_b5_x70_e2_w15,1790881380000,1790882100000,DEEP
focused_pair_b5_x70_e2_w15,1790882100000,1790886480000,LIGHT
focused_pair_b5_x70_e2_w15,1790886480000,1790888820000,DEEP
focused_pair_b5_x70_e2_w15,1790888820000,1790895180000,LIGHT
focused_pair_b5_x70_e2_w15,1790895180000,1790896320000,DEEP
focused_pair_b5_x70_e2_w15,1790896320000,1790896349427,LIGHT
focused_pair_b5_x70_e2_w10,1790875829427,1790880360000,LIGHT
focused_pair_b5_x70_e2_w10,1790880360000,1790881200000,DEEP
focused_pair_b5_x70_e2_w10,1790881200000,1790881800000,LIGHT
focused_pair_b5_x70_e2_w10,1790881800000,1790882100000,DEEP
focused_pair_b5_x70_e2_w10,1790882100000,1790886300000,LIGHT
focused_pair_b5_x70_e2_w10,1790886300000,1790888820000,DEEP
focused_pair_b5_x70_e2_w10,1790888820000,1790895420000,LIGHT
focused_pair_b5_x70_e2_w10,1790895420000,1790896320000,DEEP
focused_pair_b5_x70_e2_w10,1790896320000,1790896349427,LIGHT
focused_pair_b5_x70_e1_w15,1790875829427,1790880180000,LIGHT
focused_pair_b5_x70_e1_w15,1790880180000,1790881140000,DEEP
focused_pair_b5_x70_e1_w15,1790881140000,1790881380000,LIGHT
focused_pair_b5_x70_e1_w15,1790881380000,1790882100000,DEEP
focused_pair_b5_x70_e1_w15,1790882100000,1790886480000,LIGHT
focused_pair_b5_x70_e1_w15,1790886480000,1790888820000,DEEP
focused_pair_b5_x70_e1_w15,1790888820000,1790895180000,LIGHT
focused_pair_b5_x70_e1_w15,1790895180000,1790896320000,DEEP
focused_pair_b5_x70_e1_w15,1790896320000,1790896349427,LIGHT
focused_pair_b5_x70_e1_w10,1790875829427,1790880360000,LIGHT
focused_pair_b5_x70_e1_w10,1790880360000,1790881140000,DEEP
focused_pair_b5_x70_e1_w10,1790881140000,1790881800000,LIGHT
focused_pair_b5_x70_e1_w10,1790881800000,1790882100000,DEEP
focused_pair_b5_x70_e1_w10,1790882100000,1790886300000,LIGHT
focused_pair_b5_x70_e1_w10,1790886300000,1790888820000,DEEP
focused_pair_b5_x70_e1_w10,1790888820000,1790895420000,LIGHT
focused_pair_b5_x70_e1_w10,1790895420000,1790896320000,DEEP
focused_pair_b5_x70_e1_w10,1790896320000,1790896349427,LIGHT
focused_pair_b5_x65_e3_w15,1790875829427,1790880180000,LIGHT
focused_pair_b5_x65_e3_w15,1790880180000,1790881260000,DEEP
focused_pair_b5_x65_e3_w15,1790881260000,1790886480000,LIGHT
focused_pair_b5_x65_e3_w15,1790886480000,1790888820000,DEEP
focused_pair_b5_x65_e3_w15,1790888820000,1790895180000,LIGHT
focused_pair_b5_x65_e3_w15,1790895180000,1790896320000,DEEP
focused_pair_b5_x65_e3_w15,1790896320000,1790896349427,LIGHT
focused_pair_b5_x65_e3_w10,1790875829427,1790880360000,LIGHT
focused_pair_b5_x65_e3_w10,1790880360000,1790881260000,DEEP
focused_pair_b5_x65_e3_w10,1790881260000,1790881800000,LIGHT
focused_pair_b5_x65_e3_w10,1790881800000,1790882100000,DEEP
focused_pair_b5_x65_e3_w10,1790882100000,1790886300000,LIGHT
focused_pair_b5_x65_e3_w10,1790886300000,1790888820000,DEEP
focused_pair_b5_x65_e3_w10,1790888820000,1790895420000,LIGHT
focused_pair_b5_x65_e3_w10,1790895420000,1790896320000,DEEP
focused_pair_b5_x65_e3_w10,1790896320000,1790896349427,LIGHT
focused_pair_b5_x65_e2_w15,1790875829427,1790880180000,LIGHT
focused_pair_b5_x65_e2_w15,1790880180000,1790881200000,DEEP
focused_pair_b5_x65_e2_w15,1790881200000,1790886480000,LIGHT
focused_pair_b5_x65_e2_w15,1790886480000,1790888820000,DEEP
focused_pair_b5_x65_e2_w15,1790888820000,1790895180000,LIGHT
focused_pair_b5_x65_e2_w15,1790895180000,1790896320000,DEEP
focused_pair_b5_x65_e2_w15,1790896320000,1790896349427,LIGHT
focused_pair_b5_x65_e2_w10,1790875829427,1790880360000,LIGHT
focused_pair_b5_x65_e2_w10,1790880360000,1790881200000,DEEP
focused_pair_b5_x65_e2_w10,1790881200000,1790881800000,LIGHT
focused_pair_b5_x65_e2_w10,1790881800000,1790882100000,DEEP
focused_pair_b5_x65_e2_w10,1790882100000,1790886300000,LIGHT
focused_pair_b5_x65_e2_w10,1790886300000,1790888820000,DEEP
focused_pair_b5_x65_e2_w10,1790888820000,1790895420000,LIGHT
focused_pair_b5_x65_e2_w10,1790895420000,1790896320000,DEEP
focused_pair_b5_x65_e2_w10,1790896320000,1790896349427,LIGHT
focused_pair_b5_x65_e1_w15,1790875829427,1790880180000,LIGHT
focused_pair_b5_x65_e1_w15,1790880180000,1790881140000,DEEP
focused_pair_b5_x65_e1_w15,1790881140000,1790886480000,LIGHT
focused_pair_b5_x65_e1_w15,1790886480000,1790888820000,DEEP
focused_pair_b5_x65_e1_w15,1790888820000,1790895180000,LIGHT
focused_pair_b5_x65_e1_w15,1790895180000,1790896320000,DEEP
focused_pair_b5_x65_e1_w15,1790896320000,1790896349427,LIGHT
focused_pair_b5_x65_e1_w10,1790875829427,1790880360000,LIGHT
focused_pair_b5_x65_e1_w10,1790880360000,1790881140000,DEEP
focused_pair_b5_x65_e1_w10,1790881140000,1790886300000,LIGHT
focused_pair_b5_x65_e1_w10,1790886300000,1790888820000,DEEP
focused_pair_b5_x65_e1_w10,1790888820000,1790895420000,LIGHT
focused_pair_b5_x65_e1_w10,1790895420000,1790896320000,DEEP
focused_pair_b5_x65_e1_w10,1790896320000,1790896349427,LIGHT
focused_pair_b5_x50_e3_w15,1790875829427,1790880660000,LIGHT
focused_pair_b5_x50_e3_w15,1790880660000,1790881260000,DEEP
focused_pair_b5_x50_e3_w15,1790881260000,1790886480000,LIGHT
focused_pair_b5_x50_e3_w15,1790886480000,1790888820000,DEEP
focused_pair_b5_x50_e3_w15,1790888820000,1790895420000,LIGHT
focused_pair_b5_x50_e3_w15,1790895420000,1790895840000,DEEP
focused_pair_b5_x50_e3_w15,1790895840000,1790895900000,LIGHT
focused_pair_b5_x50_e3_w15,1790895900000,1790896320000,DEEP
focused_pair_b5_x50_e3_w15,1790896320000,1790896349427,LIGHT
focused_pair_b5_x50_e3_w10,1790875829427,1790880840000,LIGHT
focused_pair_b5_x50_e3_w10,1790880840000,1790881260000,DEEP
focused_pair_b5_x50_e3_w10,1790881260000,1790886300000,LIGHT
focused_pair_b5_x50_e3_w10,1790886300000,1790888820000,DEEP
focused_pair_b5_x50_e3_w10,1790888820000,1790895420000,LIGHT
focused_pair_b5_x50_e3_w10,1790895420000,1790895840000,DEEP
focused_pair_b5_x50_e3_w10,1790895840000,1790895900000,LIGHT
focused_pair_b5_x50_e3_w10,1790895900000,1790896320000,DEEP
focused_pair_b5_x50_e3_w10,1790896320000,1790896349427,LIGHT
focused_pair_b5_x50_e2_w15,1790875829427,1790880720000,LIGHT
focused_pair_b5_x50_e2_w15,1790880720000,1790881200000,DEEP
focused_pair_b5_x50_e2_w15,1790881200000,1790886480000,LIGHT
focused_pair_b5_x50_e2_w15,1790886480000,1790888820000,DEEP
focused_pair_b5_x50_e2_w15,1790888820000,1790895360000,LIGHT
focused_pair_b5_x50_e2_w15,1790895360000,1790895780000,DEEP
focused_pair_b5_x50_e2_w15,1790895780000,1790896020000,LIGHT
focused_pair_b5_x50_e2_w15,1790896020000,1790896320000,DEEP
focused_pair_b5_x50_e2_w15,1790896320000,1790896349427,LIGHT
focused_pair_b5_x50_e2_w10,1790875829427,1790880720000,LIGHT
focused_pair_b5_x50_e2_w10,1790880720000,1790881200000,DEEP
focused_pair_b5_x50_e2_w10,1790881200000,1790886300000,LIGHT
focused_pair_b5_x50_e2_w10,1790886300000,1790888820000,DEEP
focused_pair_b5_x50_e2_w10,1790888820000,1790895420000,LIGHT
focused_pair_b5_x50_e2_w10,1790895420000,1790895780000,DEEP
focused_pair_b5_x50_e2_w10,1790895780000,1790896020000,LIGHT
focused_pair_b5_x50_e2_w10,1790896020000,1790896320000,DEEP
focused_pair_b5_x50_e2_w10,1790896320000,1790896349427,LIGHT
focused_pair_b5_x50_e1_w15,1790875829427,1790880780000,LIGHT
focused_pair_b5_x50_e1_w15,1790880780000,1790881140000,DEEP
focused_pair_b5_x50_e1_w15,1790881140000,1790886480000,LIGHT
focused_pair_b5_x50_e1_w15,1790886480000,1790888820000,DEEP
focused_pair_b5_x50_e1_w15,1790888820000,1790895420000,LIGHT
focused_pair_b5_x50_e1_w15,1790895420000,1790895720000,DEEP
focused_pair_b5_x50_e1_w15,1790895720000,1790896020000,LIGHT
focused_pair_b5_x50_e1_w15,1790896020000,1790896320000,DEEP
focused_pair_b5_x50_e1_w15,1790896320000,1790896349427,LIGHT
focused_pair_b5_x50_e1_w10,1790875829427,1790880840000,LIGHT
focused_pair_b5_x50_e1_w10,1790880840000,1790881140000,DEEP
focused_pair_b5_x50_e1_w10,1790881140000,1790886420000,LIGHT
focused_pair_b5_x50_e1_w10,1790886420000,1790888820000,DEEP
focused_pair_b5_x50_e1_w10,1790888820000,1790895420000,LIGHT
focused_pair_b5_x50_e1_w10,1790895420000,1790895720000,DEEP
focused_pair_b5_x50_e1_w10,1790895720000,1790896020000,LIGHT
focused_pair_b5_x50_e1_w10,1790896020000,1790896320000,DEEP
focused_pair_b5_x50_e1_w10,1790896320000,1790896349427,LIGHT
focused_pair_b2_x70_e3_w15,1790875829427,1790880180000,LIGHT
focused_pair_b2_x70_e3_w15,1790880180000,1790881260000,DEEP
focused_pair_b2_x70_e3_w15,1790881260000,1790881380000,LIGHT
focused_pair_b2_x70_e3_w15,1790881380000,1790882100000,DEEP
focused_pair_b2_x70_e3_w15,1790882100000,1790886480000,LIGHT
focused_pair_b2_x70_e3_w15,1790886480000,1790888820000,DEEP
focused_pair_b2_x70_e3_w15,1790888820000,1790895180000,LIGHT
focused_pair_b2_x70_e3_w15,1790895180000,1790896320000,DEEP
focused_pair_b2_x70_e3_w15,1790896320000,1790896349427,LIGHT
focused_pair_b2_x70_e3_w10,1790875829427,1790880360000,LIGHT
focused_pair_b2_x70_e3_w10,1790880360000,1790881260000,DEEP
focused_pair_b2_x70_e3_w10,1790881260000,1790881800000,LIGHT
focused_pair_b2_x70_e3_w10,1790881800000,1790882100000,DEEP
focused_pair_b2_x70_e3_w10,1790882100000,1790886300000,LIGHT
focused_pair_b2_x70_e3_w10,1790886300000,1790888820000,DEEP
focused_pair_b2_x70_e3_w10,1790888820000,1790895420000,LIGHT
focused_pair_b2_x70_e3_w10,1790895420000,1790896320000,DEEP
focused_pair_b2_x70_e3_w10,1790896320000,1790896349427,LIGHT
focused_pair_b2_x70_e2_w15,1790875829427,1790880180000,LIGHT
focused_pair_b2_x70_e2_w15,1790880180000,1790881200000,DEEP
focused_pair_b2_x70_e2_w15,1790881200000,1790881380000,LIGHT
focused_pair_b2_x70_e2_w15,1790881380000,1790882100000,DEEP
focused_pair_b2_x70_e2_w15,1790882100000,1790886480000,LIGHT
focused_pair_b2_x70_e2_w15,1790886480000,1790888820000,DEEP
focused_pair_b2_x70_e2_w15,1790888820000,1790895180000,LIGHT
focused_pair_b2_x70_e2_w15,1790895180000,1790896320000,DEEP
focused_pair_b2_x70_e2_w15,1790896320000,1790896349427,LIGHT
focused_pair_b2_x70_e2_w10,1790875829427,1790880360000,LIGHT
focused_pair_b2_x70_e2_w10,1790880360000,1790881200000,DEEP
focused_pair_b2_x70_e2_w10,1790881200000,1790881800000,LIGHT
focused_pair_b2_x70_e2_w10,1790881800000,1790882100000,DEEP
focused_pair_b2_x70_e2_w10,1790882100000,1790886300000,LIGHT
focused_pair_b2_x70_e2_w10,1790886300000,1790888820000,DEEP
focused_pair_b2_x70_e2_w10,1790888820000,1790895420000,LIGHT
focused_pair_b2_x70_e2_w10,1790895420000,1790896320000,DEEP
focused_pair_b2_x70_e2_w10,1790896320000,1790896349427,LIGHT
focused_pair_b2_x70_e1_w15,1790875829427,1790880180000,LIGHT
focused_pair_b2_x70_e1_w15,1790880180000,1790881140000,DEEP
focused_pair_b2_x70_e1_w15,1790881140000,1790881380000,LIGHT
focused_pair_b2_x70_e1_w15,1790881380000,1790882100000,DEEP
focused_pair_b2_x70_e1_w15,1790882100000,1790886480000,LIGHT
focused_pair_b2_x70_e1_w15,1790886480000,1790888820000,DEEP
focused_pair_b2_x70_e1_w15,1790888820000,1790895180000,LIGHT
focused_pair_b2_x70_e1_w15,1790895180000,1790896320000,DEEP
focused_pair_b2_x70_e1_w15,1790896320000,1790896349427,LIGHT
focused_pair_b2_x70_e1_w10,1790875829427,1790880360000,LIGHT
focused_pair_b2_x70_e1_w10,1790880360000,1790881140000,DEEP
focused_pair_b2_x70_e1_w10,1790881140000,1790881800000,LIGHT
focused_pair_b2_x70_e1_w10,1790881800000,1790882100000,DEEP
focused_pair_b2_x70_e1_w10,1790882100000,1790886300000,LIGHT
focused_pair_b2_x70_e1_w10,1790886300000,1790888820000,DEEP
focused_pair_b2_x70_e1_w10,1790888820000,1790895420000,LIGHT
focused_pair_b2_x70_e1_w10,1790895420000,1790896320000,DEEP
focused_pair_b2_x70_e1_w10,1790896320000,1790896349427,LIGHT
focused_pair_b2_x65_e3_w15,1790875829427,1790880180000,LIGHT
focused_pair_b2_x65_e3_w15,1790880180000,1790881260000,DEEP
focused_pair_b2_x65_e3_w15,1790881260000,1790881380000,LIGHT
focused_pair_b2_x65_e3_w15,1790881380000,1790881560000,DEEP
focused_pair_b2_x65_e3_w15,1790881560000,1790886480000,LIGHT
focused_pair_b2_x65_e3_w15,1790886480000,1790888820000,DEEP
focused_pair_b2_x65_e3_w15,1790888820000,1790895180000,LIGHT
focused_pair_b2_x65_e3_w15,1790895180000,1790896320000,DEEP
focused_pair_b2_x65_e3_w15,1790896320000,1790896349427,LIGHT
focused_pair_b2_x65_e3_w10,1790875829427,1790880360000,LIGHT
focused_pair_b2_x65_e3_w10,1790880360000,1790881260000,DEEP
focused_pair_b2_x65_e3_w10,1790881260000,1790881800000,LIGHT
focused_pair_b2_x65_e3_w10,1790881800000,1790882100000,DEEP
focused_pair_b2_x65_e3_w10,1790882100000,1790886300000,LIGHT
focused_pair_b2_x65_e3_w10,1790886300000,1790888820000,DEEP
focused_pair_b2_x65_e3_w10,1790888820000,1790895420000,LIGHT
focused_pair_b2_x65_e3_w10,1790895420000,1790896320000,DEEP
focused_pair_b2_x65_e3_w10,1790896320000,1790896349427,LIGHT
focused_pair_b2_x65_e2_w15,1790875829427,1790880180000,LIGHT
focused_pair_b2_x65_e2_w15,1790880180000,1790881200000,DEEP
focused_pair_b2_x65_e2_w15,1790881200000,1790881380000,LIGHT
focused_pair_b2_x65_e2_w15,1790881380000,1790881500000,DEEP
focused_pair_b2_x65_e2_w15,1790881500000,1790886480000,LIGHT
focused_pair_b2_x65_e2_w15,1790886480000,1790888820000,DEEP
focused_pair_b2_x65_e2_w15,1790888820000,1790895180000,LIGHT
focused_pair_b2_x65_e2_w15,1790895180000,1790896320000,DEEP
focused_pair_b2_x65_e2_w15,1790896320000,1790896349427,LIGHT
focused_pair_b2_x65_e2_w10,1790875829427,1790880360000,LIGHT
focused_pair_b2_x65_e2_w10,1790880360000,1790881200000,DEEP
focused_pair_b2_x65_e2_w10,1790881200000,1790881800000,LIGHT
focused_pair_b2_x65_e2_w10,1790881800000,1790882100000,DEEP
focused_pair_b2_x65_e2_w10,1790882100000,1790886300000,LIGHT
focused_pair_b2_x65_e2_w10,1790886300000,1790888820000,DEEP
focused_pair_b2_x65_e2_w10,1790888820000,1790895420000,LIGHT
focused_pair_b2_x65_e2_w10,1790895420000,1790896320000,DEEP
focused_pair_b2_x65_e2_w10,1790896320000,1790896349427,LIGHT
focused_pair_b2_x65_e1_w15,1790875829427,1790880180000,LIGHT
focused_pair_b2_x65_e1_w15,1790880180000,1790881140000,DEEP
focused_pair_b2_x65_e1_w15,1790881140000,1790886480000,LIGHT
focused_pair_b2_x65_e1_w15,1790886480000,1790888820000,DEEP
focused_pair_b2_x65_e1_w15,1790888820000,1790895180000,LIGHT
focused_pair_b2_x65_e1_w15,1790895180000,1790896320000,DEEP
focused_pair_b2_x65_e1_w15,1790896320000,1790896349427,LIGHT
focused_pair_b2_x65_e1_w10,1790875829427,1790880360000,LIGHT
focused_pair_b2_x65_e1_w10,1790880360000,1790881140000,DEEP
focused_pair_b2_x65_e1_w10,1790881140000,1790881800000,LIGHT
focused_pair_b2_x65_e1_w10,1790881800000,1790881980000,DEEP
focused_pair_b2_x65_e1_w10,1790881980000,1790886300000,LIGHT
focused_pair_b2_x65_e1_w10,1790886300000,1790888820000,DEEP
focused_pair_b2_x65_e1_w10,1790888820000,1790895420000,LIGHT
focused_pair_b2_x65_e1_w10,1790895420000,1790896320000,DEEP
focused_pair_b2_x65_e1_w10,1790896320000,1790896349427,LIGHT
focused_pair_b2_x50_e3_w15,1790875829427,1790880180000,LIGHT
focused_pair_b2_x50_e3_w15,1790880180000,1790880360000,DEEP
focused_pair_b2_x50_e3_w15,1790880360000,1790880420000,LIGHT
focused_pair_b2_x50_e3_w15,1790880420000,1790880600000,DEEP
focused_pair_b2_x50_e3_w15,1790880600000,1790880660000,LIGHT
focused_pair_b2_x50_e3_w15,1790880660000,1790881260000,DEEP
focused_pair_b2_x50_e3_w15,1790881260000,1790881380000,LIGHT
focused_pair_b2_x50_e3_w15,1790881380000,1790881560000,DEEP
focused_pair_b2_x50_e3_w15,1790881560000,1790886480000,LIGHT
focused_pair_b2_x50_e3_w15,1790886480000,1790888820000,DEEP
focused_pair_b2_x50_e3_w15,1790888820000,1790895180000,LIGHT
focused_pair_b2_x50_e3_w15,1790895180000,1790895360000,DEEP
focused_pair_b2_x50_e3_w15,1790895360000,1790895420000,LIGHT
focused_pair_b2_x50_e3_w15,1790895420000,1790895840000,DEEP
focused_pair_b2_x50_e3_w15,1790895840000,1790895900000,LIGHT
focused_pair_b2_x50_e3_w15,1790895900000,1790896320000,DEEP
focused_pair_b2_x50_e3_w15,1790896320000,1790896349427,LIGHT
focused_pair_b2_x50_e3_w10,1790875829427,1790880360000,LIGHT
focused_pair_b2_x50_e3_w10,1790880360000,1790880540000,DEEP
focused_pair_b2_x50_e3_w10,1790880540000,1790880600000,LIGHT
focused_pair_b2_x50_e3_w10,1790880600000,1790880780000,DEEP
focused_pair_b2_x50_e3_w10,1790880780000,1790880840000,LIGHT
focused_pair_b2_x50_e3_w10,1790880840000,1790881260000,DEEP
focused_pair_b2_x50_e3_w10,1790881260000,1790881800000,LIGHT
focused_pair_b2_x50_e3_w10,1790881800000,1790881980000,DEEP
focused_pair_b2_x50_e3_w10,1790881980000,1790886300000,LIGHT
focused_pair_b2_x50_e3_w10,1790886300000,1790888820000,DEEP
focused_pair_b2_x50_e3_w10,1790888820000,1790895420000,LIGHT
focused_pair_b2_x50_e3_w10,1790895420000,1790895840000,DEEP
focused_pair_b2_x50_e3_w10,1790895840000,1790895900000,LIGHT
focused_pair_b2_x50_e3_w10,1790895900000,1790896320000,DEEP
focused_pair_b2_x50_e3_w10,1790896320000,1790896349427,LIGHT
focused_pair_b2_x50_e2_w15,1790875829427,1790880180000,LIGHT
focused_pair_b2_x50_e2_w15,1790880180000,1790880300000,DEEP
focused_pair_b2_x50_e2_w15,1790880300000,1790880360000,LIGHT
focused_pair_b2_x50_e2_w15,1790880360000,1790880480000,DEEP
focused_pair_b2_x50_e2_w15,1790880480000,1790880540000,LIGHT
focused_pair_b2_x50_e2_w15,1790880540000,1790880660000,DEEP
focused_pair_b2_x50_e2_w15,1790880660000,1790880720000,LIGHT
focused_pair_b2_x50_e2_w15,1790880720000,1790881200000,DEEP
focused_pair_b2_x50_e2_w15,1790881200000,1790881380000,LIGHT
focused_pair_b2_x50_e2_w15,1790881380000,1790881500000,DEEP
focused_pair_b2_x50_e2_w15,1790881500000,1790886480000,LIGHT
focused_pair_b2_x50_e2_w15,1790886480000,1790888820000,DEEP
focused_pair_b2_x50_e2_w15,1790888820000,1790895180000,LIGHT
focused_pair_b2_x50_e2_w15,1790895180000,1790895300000,DEEP
focused_pair_b2_x50_e2_w15,1790895300000,1790895360000,LIGHT
focused_pair_b2_x50_e2_w15,1790895360000,1790895780000,DEEP
focused_pair_b2_x50_e2_w15,1790895780000,1790895840000,LIGHT
focused_pair_b2_x50_e2_w15,1790895840000,1790895960000,DEEP
focused_pair_b2_x50_e2_w15,1790895960000,1790896020000,LIGHT
focused_pair_b2_x50_e2_w15,1790896020000,1790896320000,DEEP
focused_pair_b2_x50_e2_w15,1790896320000,1790896349427,LIGHT
focused_pair_b2_x50_e2_w10,1790875829427,1790880360000,LIGHT
focused_pair_b2_x50_e2_w10,1790880360000,1790880480000,DEEP
focused_pair_b2_x50_e2_w10,1790880480000,1790880540000,LIGHT
focused_pair_b2_x50_e2_w10,1790880540000,1790880660000,DEEP
focused_pair_b2_x50_e2_w10,1790880660000,1790880720000,LIGHT
focused_pair_b2_x50_e2_w10,1790880720000,1790881200000,DEEP
focused_pair_b2_x50_e2_w10,1790881200000,1790881800000,LIGHT
focused_pair_b2_x50_e2_w10,1790881800000,1790881920000,DEEP
focused_pair_b2_x50_e2_w10,1790881920000,1790881980000,LIGHT
focused_pair_b2_x50_e2_w10,1790881980000,1790882100000,DEEP
focused_pair_b2_x50_e2_w10,1790882100000,1790886300000,LIGHT
focused_pair_b2_x50_e2_w10,1790886300000,1790888820000,DEEP
focused_pair_b2_x50_e2_w10,1790888820000,1790895420000,LIGHT
focused_pair_b2_x50_e2_w10,1790895420000,1790895780000,DEEP
focused_pair_b2_x50_e2_w10,1790895780000,1790895840000,LIGHT
focused_pair_b2_x50_e2_w10,1790895840000,1790895960000,DEEP
focused_pair_b2_x50_e2_w10,1790895960000,1790896020000,LIGHT
focused_pair_b2_x50_e2_w10,1790896020000,1790896320000,DEEP
focused_pair_b2_x50_e2_w10,1790896320000,1790896349427,LIGHT
focused_pair_b2_x50_e1_w15,1790875829427,1790880780000,LIGHT
focused_pair_b2_x50_e1_w15,1790880780000,1790881140000,DEEP
focused_pair_b2_x50_e1_w15,1790881140000,1790886480000,LIGHT
focused_pair_b2_x50_e1_w15,1790886480000,1790888820000,DEEP
focused_pair_b2_x50_e1_w15,1790888820000,1790895420000,LIGHT
focused_pair_b2_x50_e1_w15,1790895420000,1790895720000,DEEP
focused_pair_b2_x50_e1_w15,1790895720000,1790896020000,LIGHT
focused_pair_b2_x50_e1_w15,1790896020000,1790896320000,DEEP
focused_pair_b2_x50_e1_w15,1790896320000,1790896349427,LIGHT
focused_pair_b2_x50_e1_w10,1790875829427,1790880840000,LIGHT
focused_pair_b2_x50_e1_w10,1790880840000,1790881140000,DEEP
focused_pair_b2_x50_e1_w10,1790881140000,1790886420000,LIGHT
focused_pair_b2_x50_e1_w10,1790886420000,1790888820000,DEEP
focused_pair_b2_x50_e1_w10,1790888820000,1790895420000,LIGHT
focused_pair_b2_x50_e1_w10,1790895420000,1790895720000,DEEP
focused_pair_b2_x50_e1_w10,1790895720000,1790896020000,LIGHT
focused_pair_b2_x50_e1_w10,1790896020000,1790896320000,DEEP
focused_pair_b2_x50_e1_w10,1790896320000,1790896349427,LIGHT
focused_noise_b10_x70_e3_w15,1790875829427,1790882880000,LIGHT
focused_noise_b10_x70_e3_w15,1790882880000,1790883720000,DEEP
focused_noise_b10_x70_e3_w15,1790883720000,1790886480000,LIGHT
focused_noise_b10_x70_e3_w15,1790886480000,1790889780000,DEEP
focused_noise_b10_x70_e3_w15,1790889780000,1790896349427,LIGHT
focused_noise_b10_x70_e3_w10,1790875829427,1790882640000,LIGHT
focused_noise_b10_x70_e3_w10,1790882640000,1790883720000,DEEP
focused_noise_b10_x70_e3_w10,1790883720000,1790886600000,LIGHT
focused_noise_b10_x70_e3_w10,1790886600000,1790889780000,DEEP
focused_noise_b10_x70_e3_w10,1790889780000,1790896349427,LIGHT
focused_noise_b10_x70_e2_w15,1790875829427,1790882880000,LIGHT
focused_noise_b10_x70_e2_w15,1790882880000,1790883660000,DEEP
focused_noise_b10_x70_e2_w15,1790883660000,1790886480000,LIGHT
focused_noise_b10_x70_e2_w15,1790886480000,1790889720000,DEEP
focused_noise_b10_x70_e2_w15,1790889720000,1790896349427,LIGHT
focused_noise_b10_x70_e2_w10,1790875829427,1790882640000,LIGHT
focused_noise_b10_x70_e2_w10,1790882640000,1790883660000,DEEP
focused_noise_b10_x70_e2_w10,1790883660000,1790886600000,LIGHT
focused_noise_b10_x70_e2_w10,1790886600000,1790889720000,DEEP
focused_noise_b10_x70_e2_w10,1790889720000,1790896349427,LIGHT
focused_noise_b10_x70_e1_w15,1790875829427,1790882880000,LIGHT
focused_noise_b10_x70_e1_w15,1790882880000,1790883600000,DEEP
focused_noise_b10_x70_e1_w15,1790883600000,1790886480000,LIGHT
focused_noise_b10_x70_e1_w15,1790886480000,1790889660000,DEEP
focused_noise_b10_x70_e1_w15,1790889660000,1790896349427,LIGHT
focused_noise_b10_x70_e1_w10,1790875829427,1790882640000,LIGHT
focused_noise_b10_x70_e1_w10,1790882640000,1790883600000,DEEP
focused_noise_b10_x70_e1_w10,1790883600000,1790886600000,LIGHT
focused_noise_b10_x70_e1_w10,1790886600000,1790889660000,DEEP
focused_noise_b10_x70_e1_w10,1790889660000,1790896349427,LIGHT
focused_noise_b10_x65_e3_w15,1790875829427,1790882880000,LIGHT
focused_noise_b10_x65_e3_w15,1790882880000,1790883720000,DEEP
focused_noise_b10_x65_e3_w15,1790883720000,1790886480000,LIGHT
focused_noise_b10_x65_e3_w15,1790886480000,1790889780000,DEEP
focused_noise_b10_x65_e3_w15,1790889780000,1790896349427,LIGHT
focused_noise_b10_x65_e3_w10,1790875829427,1790882640000,LIGHT
focused_noise_b10_x65_e3_w10,1790882640000,1790883720000,DEEP
focused_noise_b10_x65_e3_w10,1790883720000,1790886600000,LIGHT
focused_noise_b10_x65_e3_w10,1790886600000,1790889780000,DEEP
focused_noise_b10_x65_e3_w10,1790889780000,1790896349427,LIGHT
focused_noise_b10_x65_e2_w15,1790875829427,1790882880000,LIGHT
focused_noise_b10_x65_e2_w15,1790882880000,1790883660000,DEEP
focused_noise_b10_x65_e2_w15,1790883660000,1790886480000,LIGHT
focused_noise_b10_x65_e2_w15,1790886480000,1790889720000,DEEP
focused_noise_b10_x65_e2_w15,1790889720000,1790896349427,LIGHT
focused_noise_b10_x65_e2_w10,1790875829427,1790882640000,LIGHT
focused_noise_b10_x65_e2_w10,1790882640000,1790883660000,DEEP
focused_noise_b10_x65_e2_w10,1790883660000,1790886600000,LIGHT
focused_noise_b10_x65_e2_w10,1790886600000,1790889720000,DEEP
focused_noise_b10_x65_e2_w10,1790889720000,1790896349427,LIGHT
focused_noise_b10_x65_e1_w15,1790875829427,1790882880000,LIGHT
focused_noise_b10_x65_e1_w15,1790882880000,1790883600000,DEEP
focused_noise_b10_x65_e1_w15,1790883600000,1790886480000,LIGHT
focused_noise_b10_x65_e1_w15,1790886480000,1790889660000,DEEP
focused_noise_b10_x65_e1_w15,1790889660000,1790896349427,LIGHT
focused_noise_b10_x65_e1_w10,1790875829427,1790882640000,LIGHT
focused_noise_b10_x65_e1_w10,1790882640000,1790883600000,DEEP
focused_noise_b10_x65_e1_w10,1790883600000,1790886600000,LIGHT
focused_noise_b10_x65_e1_w10,1790886600000,1790889660000,DEEP
focused_noise_b10_x65_e1_w10,1790889660000,1790896349427,LIGHT
focused_noise_b10_x50_e3_w15,1790875829427,1790882880000,LIGHT
focused_noise_b10_x50_e3_w15,1790882880000,1790883720000,DEEP
focused_noise_b10_x50_e3_w15,1790883720000,1790886480000,LIGHT
focused_noise_b10_x50_e3_w15,1790886480000,1790887380000,DEEP
focused_noise_b10_x50_e3_w15,1790887380000,1790887440000,LIGHT
focused_noise_b10_x50_e3_w15,1790887440000,1790888640000,DEEP
focused_noise_b10_x50_e3_w15,1790888640000,1790888700000,LIGHT
focused_noise_b10_x50_e3_w15,1790888700000,1790889780000,DEEP
focused_noise_b10_x50_e3_w15,1790889780000,1790896349427,LIGHT
focused_noise_b10_x50_e3_w10,1790875829427,1790882640000,LIGHT
focused_noise_b10_x50_e3_w10,1790882640000,1790883720000,DEEP
focused_noise_b10_x50_e3_w10,1790883720000,1790886600000,LIGHT
focused_noise_b10_x50_e3_w10,1790886600000,1790887380000,DEEP
focused_noise_b10_x50_e3_w10,1790887380000,1790887440000,LIGHT
focused_noise_b10_x50_e3_w10,1790887440000,1790888640000,DEEP
focused_noise_b10_x50_e3_w10,1790888640000,1790888700000,LIGHT
focused_noise_b10_x50_e3_w10,1790888700000,1790889780000,DEEP
focused_noise_b10_x50_e3_w10,1790889780000,1790896349427,LIGHT
focused_noise_b10_x50_e2_w15,1790875829427,1790882880000,LIGHT
focused_noise_b10_x50_e2_w15,1790882880000,1790883660000,DEEP
focused_noise_b10_x50_e2_w15,1790883660000,1790887380000,LIGHT
focused_noise_b10_x50_e2_w15,1790887380000,1790888580000,DEEP
focused_noise_b10_x50_e2_w15,1790888580000,1790888640000,LIGHT
focused_noise_b10_x50_e2_w15,1790888640000,1790889720000,DEEP
focused_noise_b10_x50_e2_w15,1790889720000,1790896349427,LIGHT
focused_noise_b10_x50_e2_w10,1790875829427,1790882880000,LIGHT
focused_noise_b10_x50_e2_w10,1790882880000,1790883660000,DEEP
focused_noise_b10_x50_e2_w10,1790883660000,1790887380000,LIGHT
focused_noise_b10_x50_e2_w10,1790887380000,1790888580000,DEEP
focused_noise_b10_x50_e2_w10,1790888580000,1790888640000,LIGHT
focused_noise_b10_x50_e2_w10,1790888640000,1790889720000,DEEP
focused_noise_b10_x50_e2_w10,1790889720000,1790896349427,LIGHT
focused_noise_b10_x50_e1_w15,1790875829427,1790882880000,LIGHT
focused_noise_b10_x50_e1_w15,1790882880000,1790883600000,DEEP
focused_noise_b10_x50_e1_w15,1790883600000,1790887440000,LIGHT
focused_noise_b10_x50_e1_w15,1790887440000,1790888520000,DEEP
focused_noise_b10_x50_e1_w15,1790888520000,1790888700000,LIGHT
focused_noise_b10_x50_e1_w15,1790888700000,1790889660000,DEEP
focused_noise_b10_x50_e1_w15,1790889660000,1790896349427,LIGHT
focused_noise_b10_x50_e1_w10,1790875829427,1790882820000,LIGHT
focused_noise_b10_x50_e1_w10,1790882820000,1790883600000,DEEP
focused_noise_b10_x50_e1_w10,1790883600000,1790887440000,LIGHT
focused_noise_b10_x50_e1_w10,1790887440000,1790888520000,DEEP
focused_noise_b10_x50_e1_w10,1790888520000,1790888700000,LIGHT
focused_noise_b10_x50_e1_w10,1790888700000,1790889660000,DEEP
focused_noise_b10_x50_e1_w10,1790889660000,1790896349427,LIGHT
focused_noise_b5_x70_e3_w15,1790875829427,1790882880000,LIGHT
focused_noise_b5_x70_e3_w15,1790882880000,1790883720000,DEEP
focused_noise_b5_x70_e3_w15,1790883720000,1790883900000,LIGHT
focused_noise_b5_x70_e3_w15,1790883900000,1790884440000,DEEP
focused_noise_b5_x70_e3_w15,1790884440000,1790886480000,LIGHT
focused_noise_b5_x70_e3_w15,1790886480000,1790889780000,DEEP
focused_noise_b5_x70_e3_w15,1790889780000,1790896349427,LIGHT
focused_noise_b5_x70_e3_w10,1790875829427,1790882640000,LIGHT
focused_noise_b5_x70_e3_w10,1790882640000,1790883720000,DEEP
focused_noise_b5_x70_e3_w10,1790883720000,1790884020000,LIGHT
focused_noise_b5_x70_e3_w10,1790884020000,1790884440000,DEEP
focused_noise_b5_x70_e3_w10,1790884440000,1790886600000,LIGHT
focused_noise_b5_x70_e3_w10,1790886600000,1790889780000,DEEP
focused_noise_b5_x70_e3_w10,1790889780000,1790896349427,LIGHT
focused_noise_b5_x70_e2_w15,1790875829427,1790882880000,LIGHT
focused_noise_b5_x70_e2_w15,1790882880000,1790883660000,DEEP
focused_noise_b5_x70_e2_w15,1790883660000,1790883900000,LIGHT
focused_noise_b5_x70_e2_w15,1790883900000,1790884440000,DEEP
focused_noise_b5_x70_e2_w15,1790884440000,1790886480000,LIGHT
focused_noise_b5_x70_e2_w15,1790886480000,1790889720000,DEEP
focused_noise_b5_x70_e2_w15,1790889720000,1790896349427,LIGHT
focused_noise_b5_x70_e2_w10,1790875829427,1790882640000,LIGHT
focused_noise_b5_x70_e2_w10,1790882640000,1790883660000,DEEP
focused_noise_b5_x70_e2_w10,1790883660000,1790884020000,LIGHT
focused_noise_b5_x70_e2_w10,1790884020000,1790884440000,DEEP
focused_noise_b5_x70_e2_w10,1790884440000,1790886600000,LIGHT
focused_noise_b5_x70_e2_w10,1790886600000,1790889720000,DEEP
focused_noise_b5_x70_e2_w10,1790889720000,1790896349427,LIGHT
focused_noise_b5_x70_e1_w15,1790875829427,1790882880000,LIGHT
focused_noise_b5_x70_e1_w15,1790882880000,1790883600000,DEEP
focused_noise_b5_x70_e1_w15,1790883600000,1790883900000,LIGHT
focused_noise_b5_x70_e1_w15,1790883900000,1790884440000,DEEP
focused_noise_b5_x70_e1_w15,1790884440000,1790886480000,LIGHT
focused_noise_b5_x70_e1_w15,1790886480000,1790889660000,DEEP
focused_noise_b5_x70_e1_w15,1790889660000,1790896349427,LIGHT
focused_noise_b5_x70_e1_w10,1790875829427,1790882640000,LIGHT
focused_noise_b5_x70_e1_w10,1790882640000,1790883600000,DEEP
focused_noise_b5_x70_e1_w10,1790883600000,1790884020000,LIGHT
focused_noise_b5_x70_e1_w10,1790884020000,1790884440000,DEEP
focused_noise_b5_x70_e1_w10,1790884440000,1790886600000,LIGHT
focused_noise_b5_x70_e1_w10,1790886600000,1790889660000,DEEP
focused_noise_b5_x70_e1_w10,1790889660000,1790896349427,LIGHT
focused_noise_b5_x65_e3_w15,1790875829427,1790882880000,LIGHT
focused_noise_b5_x65_e3_w15,1790882880000,1790883720000,DEEP
focused_noise_b5_x65_e3_w15,1790883720000,1790883900000,LIGHT
focused_noise_b5_x65_e3_w15,1790883900000,1790884440000,DEEP
focused_noise_b5_x65_e3_w15,1790884440000,1790886480000,LIGHT
focused_noise_b5_x65_e3_w15,1790886480000,1790889780000,DEEP
focused_noise_b5_x65_e3_w15,1790889780000,1790896349427,LIGHT
focused_noise_b5_x65_e3_w10,1790875829427,1790882640000,LIGHT
focused_noise_b5_x65_e3_w10,1790882640000,1790883720000,DEEP
focused_noise_b5_x65_e3_w10,1790883720000,1790884020000,LIGHT
focused_noise_b5_x65_e3_w10,1790884020000,1790884440000,DEEP
focused_noise_b5_x65_e3_w10,1790884440000,1790886600000,LIGHT
focused_noise_b5_x65_e3_w10,1790886600000,1790889780000,DEEP
focused_noise_b5_x65_e3_w10,1790889780000,1790896349427,LIGHT
focused_noise_b5_x65_e2_w15,1790875829427,1790882880000,LIGHT
focused_noise_b5_x65_e2_w15,1790882880000,1790883660000,DEEP
focused_noise_b5_x65_e2_w15,1790883660000,1790883900000,LIGHT
focused_noise_b5_x65_e2_w15,1790883900000,1790884440000,DEEP
focused_noise_b5_x65_e2_w15,1790884440000,1790886480000,LIGHT
focused_noise_b5_x65_e2_w15,1790886480000,1790889720000,DEEP
focused_noise_b5_x65_e2_w15,1790889720000,1790896349427,LIGHT
focused_noise_b5_x65_e2_w10,1790875829427,1790882640000,LIGHT
focused_noise_b5_x65_e2_w10,1790882640000,1790883660000,DEEP
focused_noise_b5_x65_e2_w10,1790883660000,1790884020000,LIGHT
focused_noise_b5_x65_e2_w10,1790884020000,1790884440000,DEEP
focused_noise_b5_x65_e2_w10,1790884440000,1790886600000,LIGHT
focused_noise_b5_x65_e2_w10,1790886600000,1790889720000,DEEP
focused_noise_b5_x65_e2_w10,1790889720000,1790896349427,LIGHT
focused_noise_b5_x65_e1_w15,1790875829427,1790882880000,LIGHT
focused_noise_b5_x65_e1_w15,1790882880000,1790883600000,DEEP
focused_noise_b5_x65_e1_w15,1790883600000,1790883900000,LIGHT
focused_noise_b5_x65_e1_w15,1790883900000,1790884440000,DEEP
focused_noise_b5_x65_e1_w15,1790884440000,1790886480000,LIGHT
focused_noise_b5_x65_e1_w15,1790886480000,1790889660000,DEEP
focused_noise_b5_x65_e1_w15,1790889660000,1790896349427,LIGHT
focused_noise_b5_x65_e1_w10,1790875829427,1790882640000,LIGHT
focused_noise_b5_x65_e1_w10,1790882640000,1790883600000,DEEP
focused_noise_b5_x65_e1_w10,1790883600000,1790884020000,LIGHT
focused_noise_b5_x65_e1_w10,1790884020000,1790884440000,DEEP
focused_noise_b5_x65_e1_w10,1790884440000,1790886600000,LIGHT
focused_noise_b5_x65_e1_w10,1790886600000,1790889660000,DEEP
focused_noise_b5_x65_e1_w10,1790889660000,1790896349427,LIGHT
focused_noise_b5_x50_e3_w15,1790875829427,1790882880000,LIGHT
focused_noise_b5_x50_e3_w15,1790882880000,1790883720000,DEEP
focused_noise_b5_x50_e3_w15,1790883720000,1790883900000,LIGHT
focused_noise_b5_x50_e3_w15,1790883900000,1790884440000,DEEP
focused_noise_b5_x50_e3_w15,1790884440000,1790886480000,LIGHT
focused_noise_b5_x50_e3_w15,1790886480000,1790887380000,DEEP
focused_noise_b5_x50_e3_w15,1790887380000,1790887440000,LIGHT
focused_noise_b5_x50_e3_w15,1790887440000,1790888640000,DEEP
focused_noise_b5_x50_e3_w15,1790888640000,1790888700000,LIGHT
focused_noise_b5_x50_e3_w15,1790888700000,1790889780000,DEEP
focused_noise_b5_x50_e3_w15,1790889780000,1790896349427,LIGHT
focused_noise_b5_x50_e3_w10,1790875829427,1790882640000,LIGHT
focused_noise_b5_x50_e3_w10,1790882640000,1790883720000,DEEP
focused_noise_b5_x50_e3_w10,1790883720000,1790884020000,LIGHT
focused_noise_b5_x50_e3_w10,1790884020000,1790884440000,DEEP
focused_noise_b5_x50_e3_w10,1790884440000,1790886600000,LIGHT
focused_noise_b5_x50_e3_w10,1790886600000,1790887380000,DEEP
focused_noise_b5_x50_e3_w10,1790887380000,1790887440000,LIGHT
focused_noise_b5_x50_e3_w10,1790887440000,1790888640000,DEEP
focused_noise_b5_x50_e3_w10,1790888640000,1790888700000,LIGHT
focused_noise_b5_x50_e3_w10,1790888700000,1790889780000,DEEP
focused_noise_b5_x50_e3_w10,1790889780000,1790896349427,LIGHT
focused_noise_b5_x50_e2_w15,1790875829427,1790882880000,LIGHT
focused_noise_b5_x50_e2_w15,1790882880000,1790883660000,DEEP
focused_noise_b5_x50_e2_w15,1790883660000,1790883900000,LIGHT
focused_noise_b5_x50_e2_w15,1790883900000,1790884440000,DEEP
focused_noise_b5_x50_e2_w15,1790884440000,1790886480000,LIGHT
focused_noise_b5_x50_e2_w15,1790886480000,1790886960000,DEEP
focused_noise_b5_x50_e2_w15,1790886960000,1790887020000,LIGHT
focused_noise_b5_x50_e2_w15,1790887020000,1790887320000,DEEP
focused_noise_b5_x50_e2_w15,1790887320000,1790887380000,LIGHT
focused_noise_b5_x50_e2_w15,1790887380000,1790888580000,DEEP
focused_noise_b5_x50_e2_w15,1790888580000,1790888640000,LIGHT
focused_noise_b5_x50_e2_w15,1790888640000,1790889720000,DEEP
focused_noise_b5_x50_e2_w15,1790889720000,1790896349427,LIGHT
focused_noise_b5_x50_e2_w10,1790875829427,1790882880000,LIGHT
focused_noise_b5_x50_e2_w10,1790882880000,1790883660000,DEEP
focused_noise_b5_x50_e2_w10,1790883660000,1790884020000,LIGHT
focused_noise_b5_x50_e2_w10,1790884020000,1790884440000,DEEP
focused_noise_b5_x50_e2_w10,1790884440000,1790886600000,LIGHT
focused_noise_b5_x50_e2_w10,1790886600000,1790886960000,DEEP
focused_noise_b5_x50_e2_w10,1790886960000,1790887020000,LIGHT
focused_noise_b5_x50_e2_w10,1790887020000,1790887320000,DEEP
focused_noise_b5_x50_e2_w10,1790887320000,1790887380000,LIGHT
focused_noise_b5_x50_e2_w10,1790887380000,1790888580000,DEEP
focused_noise_b5_x50_e2_w10,1790888580000,1790888640000,LIGHT
focused_noise_b5_x50_e2_w10,1790888640000,1790889720000,DEEP
focused_noise_b5_x50_e2_w10,1790889720000,1790896349427,LIGHT
focused_noise_b5_x50_e1_w15,1790875829427,1790882880000,LIGHT
focused_noise_b5_x50_e1_w15,1790882880000,1790883600000,DEEP
focused_noise_b5_x50_e1_w15,1790883600000,1790883900000,LIGHT
focused_noise_b5_x50_e1_w15,1790883900000,1790884440000,DEEP
focused_noise_b5_x50_e1_w15,1790884440000,1790886480000,LIGHT
focused_noise_b5_x50_e1_w15,1790886480000,1790886900000,DEEP
focused_noise_b5_x50_e1_w15,1790886900000,1790886960000,LIGHT
focused_noise_b5_x50_e1_w15,1790886960000,1790887260000,DEEP
focused_noise_b5_x50_e1_w15,1790887260000,1790887440000,LIGHT
focused_noise_b5_x50_e1_w15,1790887440000,1790888520000,DEEP
focused_noise_b5_x50_e1_w15,1790888520000,1790888700000,LIGHT
focused_noise_b5_x50_e1_w15,1790888700000,1790889660000,DEEP
focused_noise_b5_x50_e1_w15,1790889660000,1790896349427,LIGHT
focused_noise_b5_x50_e1_w10,1790875829427,1790882820000,LIGHT
focused_noise_b5_x50_e1_w10,1790882820000,1790883600000,DEEP
focused_noise_b5_x50_e1_w10,1790883600000,1790884020000,LIGHT
focused_noise_b5_x50_e1_w10,1790884020000,1790884440000,DEEP
focused_noise_b5_x50_e1_w10,1790884440000,1790886600000,LIGHT
focused_noise_b5_x50_e1_w10,1790886600000,1790886900000,DEEP
focused_noise_b5_x50_e1_w10,1790886900000,1790886960000,LIGHT
focused_noise_b5_x50_e1_w10,1790886960000,1790887260000,DEEP
focused_noise_b5_x50_e1_w10,1790887260000,1790887440000,LIGHT
focused_noise_b5_x50_e1_w10,1790887440000,1790888520000,DEEP
focused_noise_b5_x50_e1_w10,1790888520000,1790888700000,LIGHT
focused_noise_b5_x50_e1_w10,1790888700000,1790889660000,DEEP
focused_noise_b5_x50_e1_w10,1790889660000,1790896349427,LIGHT
focused_noise_b2_x70_e3_w15,1790875829427,1790882880000,LIGHT
focused_noise_b2_x70_e3_w15,1790882880000,1790883720000,DEEP
focused_noise_b2_x70_e3_w15,1790883720000,1790883900000,LIGHT
focused_noise_b2_x70_e3_w15,1790883900000,1790884440000,DEEP
focused_noise_b2_x70_e3_w15,1790884440000,1790886480000,LIGHT
focused_noise_b2_x70_e3_w15,1790886480000,1790889780000,DEEP
focused_noise_b2_x70_e3_w15,1790889780000,1790896349427,LIGHT
focused_noise_b2_x70_e3_w10,1790875829427,1790882640000,LIGHT
focused_noise_b2_x70_e3_w10,1790882640000,1790883720000,DEEP
focused_noise_b2_x70_e3_w10,1790883720000,1790884020000,LIGHT
focused_noise_b2_x70_e3_w10,1790884020000,1790884440000,DEEP
focused_noise_b2_x70_e3_w10,1790884440000,1790886600000,LIGHT
focused_noise_b2_x70_e3_w10,1790886600000,1790889780000,DEEP
focused_noise_b2_x70_e3_w10,1790889780000,1790896349427,LIGHT
focused_noise_b2_x70_e2_w15,1790875829427,1790882880000,LIGHT
focused_noise_b2_x70_e2_w15,1790882880000,1790883660000,DEEP
focused_noise_b2_x70_e2_w15,1790883660000,1790883900000,LIGHT
focused_noise_b2_x70_e2_w15,1790883900000,1790884440000,DEEP
focused_noise_b2_x70_e2_w15,1790884440000,1790886480000,LIGHT
focused_noise_b2_x70_e2_w15,1790886480000,1790889720000,DEEP
focused_noise_b2_x70_e2_w15,1790889720000,1790896349427,LIGHT
focused_noise_b2_x70_e2_w10,1790875829427,1790882640000,LIGHT
focused_noise_b2_x70_e2_w10,1790882640000,1790883660000,DEEP
focused_noise_b2_x70_e2_w10,1790883660000,1790884020000,LIGHT
focused_noise_b2_x70_e2_w10,1790884020000,1790884440000,DEEP
focused_noise_b2_x70_e2_w10,1790884440000,1790886600000,LIGHT
focused_noise_b2_x70_e2_w10,1790886600000,1790889720000,DEEP
focused_noise_b2_x70_e2_w10,1790889720000,1790896349427,LIGHT
focused_noise_b2_x70_e1_w15,1790875829427,1790882880000,LIGHT
focused_noise_b2_x70_e1_w15,1790882880000,1790883600000,DEEP
focused_noise_b2_x70_e1_w15,1790883600000,1790883900000,LIGHT
focused_noise_b2_x70_e1_w15,1790883900000,1790884440000,DEEP
focused_noise_b2_x70_e1_w15,1790884440000,1790886480000,LIGHT
focused_noise_b2_x70_e1_w15,1790886480000,1790889660000,DEEP
focused_noise_b2_x70_e1_w15,1790889660000,1790896349427,LIGHT
focused_noise_b2_x70_e1_w10,1790875829427,1790882640000,LIGHT
focused_noise_b2_x70_e1_w10,1790882640000,1790883600000,DEEP
focused_noise_b2_x70_e1_w10,1790883600000,1790884020000,LIGHT
focused_noise_b2_x70_e1_w10,1790884020000,1790884440000,DEEP
focused_noise_b2_x70_e1_w10,1790884440000,1790886600000,LIGHT
focused_noise_b2_x70_e1_w10,1790886600000,1790889660000,DEEP
focused_noise_b2_x70_e1_w10,1790889660000,1790896349427,LIGHT
focused_noise_b2_x65_e3_w15,1790875829427,1790882880000,LIGHT
focused_noise_b2_x65_e3_w15,1790882880000,1790883720000,DEEP
focused_noise_b2_x65_e3_w15,1790883720000,1790883900000,LIGHT
focused_noise_b2_x65_e3_w15,1790883900000,1790884440000,DEEP
focused_noise_b2_x65_e3_w15,1790884440000,1790886480000,LIGHT
focused_noise_b2_x65_e3_w15,1790886480000,1790889780000,DEEP
focused_noise_b2_x65_e3_w15,1790889780000,1790896349427,LIGHT
focused_noise_b2_x65_e3_w10,1790875829427,1790882640000,LIGHT
focused_noise_b2_x65_e3_w10,1790882640000,1790883720000,DEEP
focused_noise_b2_x65_e3_w10,1790883720000,1790884020000,LIGHT
focused_noise_b2_x65_e3_w10,1790884020000,1790884440000,DEEP
focused_noise_b2_x65_e3_w10,1790884440000,1790886600000,LIGHT
focused_noise_b2_x65_e3_w10,1790886600000,1790889780000,DEEP
focused_noise_b2_x65_e3_w10,1790889780000,1790896349427,LIGHT
focused_noise_b2_x65_e2_w15,1790875829427,1790882880000,LIGHT
focused_noise_b2_x65_e2_w15,1790882880000,1790883660000,DEEP
focused_noise_b2_x65_e2_w15,1790883660000,1790883900000,LIGHT
focused_noise_b2_x65_e2_w15,1790883900000,1790884440000,DEEP
focused_noise_b2_x65_e2_w15,1790884440000,1790886480000,LIGHT
focused_noise_b2_x65_e2_w15,1790886480000,1790889720000,DEEP
focused_noise_b2_x65_e2_w15,1790889720000,1790896349427,LIGHT
focused_noise_b2_x65_e2_w10,1790875829427,1790882640000,LIGHT
focused_noise_b2_x65_e2_w10,1790882640000,1790883660000,DEEP
focused_noise_b2_x65_e2_w10,1790883660000,1790884020000,LIGHT
focused_noise_b2_x65_e2_w10,1790884020000,1790884440000,DEEP
focused_noise_b2_x65_e2_w10,1790884440000,1790886600000,LIGHT
focused_noise_b2_x65_e2_w10,1790886600000,1790889720000,DEEP
focused_noise_b2_x65_e2_w10,1790889720000,1790896349427,LIGHT
focused_noise_b2_x65_e1_w15,1790875829427,1790882880000,LIGHT
focused_noise_b2_x65_e1_w15,1790882880000,1790883600000,DEEP
focused_noise_b2_x65_e1_w15,1790883600000,1790883900000,LIGHT
focused_noise_b2_x65_e1_w15,1790883900000,1790884440000,DEEP
focused_noise_b2_x65_e1_w15,1790884440000,1790886480000,LIGHT
focused_noise_b2_x65_e1_w15,1790886480000,1790889660000,DEEP
focused_noise_b2_x65_e1_w15,1790889660000,1790896349427,LIGHT
focused_noise_b2_x65_e1_w10,1790875829427,1790882640000,LIGHT
focused_noise_b2_x65_e1_w10,1790882640000,1790883600000,DEEP
focused_noise_b2_x65_e1_w10,1790883600000,1790884020000,LIGHT
focused_noise_b2_x65_e1_w10,1790884020000,1790884440000,DEEP
focused_noise_b2_x65_e1_w10,1790884440000,1790886600000,LIGHT
focused_noise_b2_x65_e1_w10,1790886600000,1790889660000,DEEP
focused_noise_b2_x65_e1_w10,1790889660000,1790896349427,LIGHT
focused_noise_b2_x50_e3_w15,1790875829427,1790882880000,LIGHT
focused_noise_b2_x50_e3_w15,1790882880000,1790883720000,DEEP
focused_noise_b2_x50_e3_w15,1790883720000,1790883900000,LIGHT
focused_noise_b2_x50_e3_w15,1790883900000,1790884440000,DEEP
focused_noise_b2_x50_e3_w15,1790884440000,1790886480000,LIGHT
focused_noise_b2_x50_e3_w15,1790886480000,1790887380000,DEEP
focused_noise_b2_x50_e3_w15,1790887380000,1790887440000,LIGHT
focused_noise_b2_x50_e3_w15,1790887440000,1790888640000,DEEP
focused_noise_b2_x50_e3_w15,1790888640000,1790888700000,LIGHT
focused_noise_b2_x50_e3_w15,1790888700000,1790889780000,DEEP
focused_noise_b2_x50_e3_w15,1790889780000,1790896349427,LIGHT
focused_noise_b2_x50_e3_w10,1790875829427,1790882640000,LIGHT
focused_noise_b2_x50_e3_w10,1790882640000,1790883720000,DEEP
focused_noise_b2_x50_e3_w10,1790883720000,1790884020000,LIGHT
focused_noise_b2_x50_e3_w10,1790884020000,1790884440000,DEEP
focused_noise_b2_x50_e3_w10,1790884440000,1790886600000,LIGHT
focused_noise_b2_x50_e3_w10,1790886600000,1790887380000,DEEP
focused_noise_b2_x50_e3_w10,1790887380000,1790887440000,LIGHT
focused_noise_b2_x50_e3_w10,1790887440000,1790888640000,DEEP
focused_noise_b2_x50_e3_w10,1790888640000,1790888700000,LIGHT
focused_noise_b2_x50_e3_w10,1790888700000,1790889780000,DEEP
focused_noise_b2_x50_e3_w10,1790889780000,1790896349427,LIGHT
focused_noise_b2_x50_e2_w15,1790875829427,1790882880000,LIGHT
focused_noise_b2_x50_e2_w15,1790882880000,1790883660000,DEEP
focused_noise_b2_x50_e2_w15,1790883660000,1790883900000,LIGHT
focused_noise_b2_x50_e2_w15,1790883900000,1790884440000,DEEP
focused_noise_b2_x50_e2_w15,1790884440000,1790886480000,LIGHT
focused_noise_b2_x50_e2_w15,1790886480000,1790886960000,DEEP
focused_noise_b2_x50_e2_w15,1790886960000,1790887020000,LIGHT
focused_noise_b2_x50_e2_w15,1790887020000,1790887320000,DEEP
focused_noise_b2_x50_e2_w15,1790887320000,1790887380000,LIGHT
focused_noise_b2_x50_e2_w15,1790887380000,1790888580000,DEEP
focused_noise_b2_x50_e2_w15,1790888580000,1790888640000,LIGHT
focused_noise_b2_x50_e2_w15,1790888640000,1790889720000,DEEP
focused_noise_b2_x50_e2_w15,1790889720000,1790896349427,LIGHT
focused_noise_b2_x50_e2_w10,1790875829427,1790882640000,LIGHT
focused_noise_b2_x50_e2_w10,1790882640000,1790882820000,DEEP
focused_noise_b2_x50_e2_w10,1790882820000,1790882880000,LIGHT
focused_noise_b2_x50_e2_w10,1790882880000,1790883660000,DEEP
focused_noise_b2_x50_e2_w10,1790883660000,1790884020000,LIGHT
focused_noise_b2_x50_e2_w10,1790884020000,1790884440000,DEEP
focused_noise_b2_x50_e2_w10,1790884440000,1790886600000,LIGHT
focused_noise_b2_x50_e2_w10,1790886600000,1790886960000,DEEP
focused_noise_b2_x50_e2_w10,1790886960000,1790887020000,LIGHT
focused_noise_b2_x50_e2_w10,1790887020000,1790887320000,DEEP
focused_noise_b2_x50_e2_w10,1790887320000,1790887380000,LIGHT
focused_noise_b2_x50_e2_w10,1790887380000,1790888580000,DEEP
focused_noise_b2_x50_e2_w10,1790888580000,1790888640000,LIGHT
focused_noise_b2_x50_e2_w10,1790888640000,1790889720000,DEEP
focused_noise_b2_x50_e2_w10,1790889720000,1790896349427,LIGHT
focused_noise_b2_x50_e1_w15,1790875829427,1790882880000,LIGHT
focused_noise_b2_x50_e1_w15,1790882880000,1790883600000,DEEP
focused_noise_b2_x50_e1_w15,1790883600000,1790883900000,LIGHT
focused_noise_b2_x50_e1_w15,1790883900000,1790884440000,DEEP
focused_noise_b2_x50_e1_w15,1790884440000,1790886480000,LIGHT
focused_noise_b2_x50_e1_w15,1790886480000,1790886900000,DEEP
focused_noise_b2_x50_e1_w15,1790886900000,1790886960000,LIGHT
focused_noise_b2_x50_e1_w15,1790886960000,1790887260000,DEEP
focused_noise_b2_x50_e1_w15,1790887260000,1790887440000,LIGHT
focused_noise_b2_x50_e1_w15,1790887440000,1790888520000,DEEP
focused_noise_b2_x50_e1_w15,1790888520000,1790888700000,LIGHT
focused_noise_b2_x50_e1_w15,1790888700000,1790889660000,DEEP
focused_noise_b2_x50_e1_w15,1790889660000,1790896349427,LIGHT
focused_noise_b2_x50_e1_w10,1790875829427,1790882640000,LIGHT
focused_noise_b2_x50_e1_w10,1790882640000,1790882760000,DEEP
focused_noise_b2_x50_e1_w10,1790882760000,1790882820000,LIGHT
focused_noise_b2_x50_e1_w10,1790882820000,1790883600000,DEEP
focused_noise_b2_x50_e1_w10,1790883600000,1790884020000,LIGHT
focused_noise_b2_x50_e1_w10,1790884020000,1790884440000,DEEP
focused_noise_b2_x50_e1_w10,1790884440000,1790886600000,LIGHT
focused_noise_b2_x50_e1_w10,1790886600000,1790886900000,DEEP
focused_noise_b2_x50_e1_w10,1790886900000,1790886960000,LIGHT
focused_noise_b2_x50_e1_w10,1790886960000,1790887260000,DEEP
focused_noise_b2_x50_e1_w10,1790887260000,1790887440000,LIGHT
focused_noise_b2_x50_e1_w10,1790887440000,1790888520000,DEEP
focused_noise_b2_x50_e1_w10,1790888520000,1790888700000,LIGHT
focused_noise_b2_x50_e1_w10,1790888700000,1790889660000,DEEP
focused_noise_b2_x50_e1_w10,1790889660000,1790896349427,LIGHT
focused_peak_b10_x70_e3_w15,1790875829427,1790880180000,LIGHT
focused_peak_b10_x70_e3_w15,1790880180000,1790882100000,DEEP
focused_peak_b10_x70_e3_w15,1790882100000,1790886300000,LIGHT
focused_peak_b10_x70_e3_w15,1790886300000,1790890380000,DEEP
focused_peak_b10_x70_e3_w15,1790890380000,1790890560000,LIGHT
focused_peak_b10_x70_e3_w15,1790890560000,1790891460000,DEEP
focused_peak_b10_x70_e3_w15,1790891460000,1790893560000,LIGHT
focused_peak_b10_x70_e3_w15,1790893560000,1790894460000,DEEP
focused_peak_b10_x70_e3_w15,1790894460000,1790895180000,LIGHT
focused_peak_b10_x70_e3_w15,1790895180000,1790896320000,DEEP
focused_peak_b10_x70_e3_w15,1790896320000,1790896349427,LIGHT
focused_peak_b10_x70_e3_w10,1790875829427,1790879940000,LIGHT
focused_peak_b10_x70_e3_w10,1790879940000,1790882100000,DEEP
focused_peak_b10_x70_e3_w10,1790882100000,1790886300000,LIGHT
focused_peak_b10_x70_e3_w10,1790886300000,1790890380000,DEEP
focused_peak_b10_x70_e3_w10,1790890380000,1790890560000,LIGHT
focused_peak_b10_x70_e3_w10,1790890560000,1790891460000,DEEP
focused_peak_b10_x70_e3_w10,1790891460000,1790893560000,LIGHT
focused_peak_b10_x70_e3_w10,1790893560000,1790894460000,DEEP
focused_peak_b10_x70_e3_w10,1790894460000,1790895060000,LIGHT
focused_peak_b10_x70_e3_w10,1790895060000,1790896320000,DEEP
focused_peak_b10_x70_e3_w10,1790896320000,1790896349427,LIGHT
focused_peak_b10_x70_e2_w15,1790875829427,1790880180000,LIGHT
focused_peak_b10_x70_e2_w15,1790880180000,1790882100000,DEEP
focused_peak_b10_x70_e2_w15,1790882100000,1790886300000,LIGHT
focused_peak_b10_x70_e2_w15,1790886300000,1790890320000,DEEP
focused_peak_b10_x70_e2_w15,1790890320000,1790890560000,LIGHT
focused_peak_b10_x70_e2_w15,1790890560000,1790891400000,DEEP
focused_peak_b10_x70_e2_w15,1790891400000,1790893560000,LIGHT
focused_peak_b10_x70_e2_w15,1790893560000,1790894400000,DEEP
focused_peak_b10_x70_e2_w15,1790894400000,1790895180000,LIGHT
focused_peak_b10_x70_e2_w15,1790895180000,1790896320000,DEEP
focused_peak_b10_x70_e2_w15,1790896320000,1790896349427,LIGHT
focused_peak_b10_x70_e2_w10,1790875829427,1790879940000,LIGHT
focused_peak_b10_x70_e2_w10,1790879940000,1790882100000,DEEP
focused_peak_b10_x70_e2_w10,1790882100000,1790886300000,LIGHT
focused_peak_b10_x70_e2_w10,1790886300000,1790890320000,DEEP
focused_peak_b10_x70_e2_w10,1790890320000,1790890560000,LIGHT
focused_peak_b10_x70_e2_w10,1790890560000,1790891400000,DEEP
focused_peak_b10_x70_e2_w10,1790891400000,1790893560000,LIGHT
focused_peak_b10_x70_e2_w10,1790893560000,1790894400000,DEEP
focused_peak_b10_x70_e2_w10,1790894400000,1790895060000,LIGHT
focused_peak_b10_x70_e2_w10,1790895060000,1790896320000,DEEP
focused_peak_b10_x70_e2_w10,1790896320000,1790896349427,LIGHT
focused_peak_b10_x70_e1_w15,1790875829427,1790880180000,LIGHT
focused_peak_b10_x70_e1_w15,1790880180000,1790882100000,DEEP
focused_peak_b10_x70_e1_w15,1790882100000,1790886300000,LIGHT
focused_peak_b10_x70_e1_w15,1790886300000,1790890260000,DEEP
focused_peak_b10_x70_e1_w15,1790890260000,1790890560000,LIGHT
focused_peak_b10_x70_e1_w15,1790890560000,1790891340000,DEEP
focused_peak_b10_x70_e1_w15,1790891340000,1790893560000,LIGHT
focused_peak_b10_x70_e1_w15,1790893560000,1790894340000,DEEP
focused_peak_b10_x70_e1_w15,1790894340000,1790895180000,LIGHT
focused_peak_b10_x70_e1_w15,1790895180000,1790896320000,DEEP
focused_peak_b10_x70_e1_w15,1790896320000,1790896349427,LIGHT
focused_peak_b10_x70_e1_w10,1790875829427,1790879940000,LIGHT
focused_peak_b10_x70_e1_w10,1790879940000,1790882100000,DEEP
focused_peak_b10_x70_e1_w10,1790882100000,1790886300000,LIGHT
focused_peak_b10_x70_e1_w10,1790886300000,1790890260000,DEEP
focused_peak_b10_x70_e1_w10,1790890260000,1790890560000,LIGHT
focused_peak_b10_x70_e1_w10,1790890560000,1790891340000,DEEP
focused_peak_b10_x70_e1_w10,1790891340000,1790893560000,LIGHT
focused_peak_b10_x70_e1_w10,1790893560000,1790894340000,DEEP
focused_peak_b10_x70_e1_w10,1790894340000,1790895060000,LIGHT
focused_peak_b10_x70_e1_w10,1790895060000,1790896320000,DEEP
focused_peak_b10_x70_e1_w10,1790896320000,1790896349427,LIGHT
focused_peak_b10_x65_e3_w15,1790875829427,1790880180000,LIGHT
focused_peak_b10_x65_e3_w15,1790880180000,1790881260000,DEEP
focused_peak_b10_x65_e3_w15,1790881260000,1790881320000,LIGHT
focused_peak_b10_x65_e3_w15,1790881320000,1790882100000,DEEP
focused_peak_b10_x65_e3_w15,1790882100000,1790886300000,LIGHT
focused_peak_b10_x65_e3_w15,1790886300000,1790890380000,DEEP
focused_peak_b10_x65_e3_w15,1790890380000,1790893560000,LIGHT
focused_peak_b10_x65_e3_w15,1790893560000,1790894460000,DEEP
focused_peak_b10_x65_e3_w15,1790894460000,1790895180000,LIGHT
focused_peak_b10_x65_e3_w15,1790895180000,1790896320000,DEEP
focused_peak_b10_x65_e3_w15,1790896320000,1790896349427,LIGHT
focused_peak_b10_x65_e3_w10,1790875829427,1790879940000,LIGHT
focused_peak_b10_x65_e3_w10,1790879940000,1790881260000,DEEP
focused_peak_b10_x65_e3_w10,1790881260000,1790881320000,LIGHT
focused_peak_b10_x65_e3_w10,1790881320000,1790882100000,DEEP
focused_peak_b10_x65_e3_w10,1790882100000,1790886300000,LIGHT
focused_peak_b10_x65_e3_w10,1790886300000,1790890380000,DEEP
focused_peak_b10_x65_e3_w10,1790890380000,1790893560000,LIGHT
focused_peak_b10_x65_e3_w10,1790893560000,1790894460000,DEEP
focused_peak_b10_x65_e3_w10,1790894460000,1790895060000,LIGHT
focused_peak_b10_x65_e3_w10,1790895060000,1790896320000,DEEP
focused_peak_b10_x65_e3_w10,1790896320000,1790896349427,LIGHT
focused_peak_b10_x65_e2_w15,1790875829427,1790880180000,LIGHT
focused_peak_b10_x65_e2_w15,1790880180000,1790881200000,DEEP
focused_peak_b10_x65_e2_w15,1790881200000,1790881260000,LIGHT
focused_peak_b10_x65_e2_w15,1790881260000,1790882100000,DEEP
focused_peak_b10_x65_e2_w15,1790882100000,1790886300000,LIGHT
focused_peak_b10_x65_e2_w15,1790886300000,1790890320000,DEEP
focused_peak_b10_x65_e2_w15,1790890320000,1790893560000,LIGHT
focused_peak_b10_x65_e2_w15,1790893560000,1790894400000,DEEP
focused_peak_b10_x65_e2_w15,1790894400000,1790895180000,LIGHT
focused_peak_b10_x65_e2_w15,1790895180000,1790896320000,DEEP
focused_peak_b10_x65_e2_w15,1790896320000,1790896349427,LIGHT
focused_peak_b10_x65_e2_w10,1790875829427,1790880120000,LIGHT
focused_peak_b10_x65_e2_w10,1790880120000,1790881200000,DEEP
focused_peak_b10_x65_e2_w10,1790881200000,1790881260000,LIGHT
focused_peak_b10_x65_e2_w10,1790881260000,1790882100000,DEEP
focused_peak_b10_x65_e2_w10,1790882100000,1790886300000,LIGHT
focused_peak_b10_x65_e2_w10,1790886300000,1790890320000,DEEP
focused_peak_b10_x65_e2_w10,1790890320000,1790893560000,LIGHT
focused_peak_b10_x65_e2_w10,1790893560000,1790894400000,DEEP
focused_peak_b10_x65_e2_w10,1790894400000,1790895060000,LIGHT
focused_peak_b10_x65_e2_w10,1790895060000,1790896320000,DEEP
focused_peak_b10_x65_e2_w10,1790896320000,1790896349427,LIGHT
focused_peak_b10_x65_e1_w15,1790875829427,1790880180000,LIGHT
focused_peak_b10_x65_e1_w15,1790880180000,1790881140000,DEEP
focused_peak_b10_x65_e1_w15,1790881140000,1790881320000,LIGHT
focused_peak_b10_x65_e1_w15,1790881320000,1790882100000,DEEP
focused_peak_b10_x65_e1_w15,1790882100000,1790886300000,LIGHT
focused_peak_b10_x65_e1_w15,1790886300000,1790890260000,DEEP
focused_peak_b10_x65_e1_w15,1790890260000,1790893560000,LIGHT
focused_peak_b10_x65_e1_w15,1790893560000,1790894340000,DEEP
focused_peak_b10_x65_e1_w15,1790894340000,1790895180000,LIGHT
focused_peak_b10_x65_e1_w15,1790895180000,1790896320000,DEEP
focused_peak_b10_x65_e1_w15,1790896320000,1790896349427,LIGHT
focused_peak_b10_x65_e1_w10,1790875829427,1790880060000,LIGHT
focused_peak_b10_x65_e1_w10,1790880060000,1790881140000,DEEP
focused_peak_b10_x65_e1_w10,1790881140000,1790881320000,LIGHT
focused_peak_b10_x65_e1_w10,1790881320000,1790882100000,DEEP
focused_peak_b10_x65_e1_w10,1790882100000,1790886300000,LIGHT
focused_peak_b10_x65_e1_w10,1790886300000,1790890260000,DEEP
focused_peak_b10_x65_e1_w10,1790890260000,1790893560000,LIGHT
focused_peak_b10_x65_e1_w10,1790893560000,1790894340000,DEEP
focused_peak_b10_x65_e1_w10,1790894340000,1790895060000,LIGHT
focused_peak_b10_x65_e1_w10,1790895060000,1790896320000,DEEP
focused_peak_b10_x65_e1_w10,1790896320000,1790896349427,LIGHT
focused_peak_b10_x50_e3_w15,1790875829427,1790886300000,LIGHT
focused_peak_b10_x50_e3_w15,1790886300000,1790889900000,DEEP
focused_peak_b10_x50_e3_w15,1790889900000,1790893560000,LIGHT
focused_peak_b10_x50_e3_w15,1790893560000,1790894460000,DEEP
focused_peak_b10_x50_e3_w15,1790894460000,1790896349427,LIGHT
focused_peak_b10_x50_e3_w10,1790875829427,1790886300000,LIGHT
focused_peak_b10_x50_e3_w10,1790886300000,1790889900000,DEEP
focused_peak_b10_x50_e3_w10,1790889900000,1790893560000,LIGHT
focused_peak_b10_x50_e3_w10,1790893560000,1790894460000,DEEP
focused_peak_b10_x50_e3_w10,1790894460000,1790896349427,LIGHT
focused_peak_b10_x50_e2_w15,1790875829427,1790886300000,LIGHT
focused_peak_b10_x50_e2_w15,1790886300000,1790889840000,DEEP
focused_peak_b10_x50_e2_w15,1790889840000,1790893560000,LIGHT
focused_peak_b10_x50_e2_w15,1790893560000,1790894400000,DEEP
focused_peak_b10_x50_e2_w15,1790894400000,1790896349427,LIGHT
focused_peak_b10_x50_e2_w10,1790875829427,1790886300000,LIGHT
focused_peak_b10_x50_e2_w10,1790886300000,1790889840000,DEEP
focused_peak_b10_x50_e2_w10,1790889840000,1790893560000,LIGHT
focused_peak_b10_x50_e2_w10,1790893560000,1790894400000,DEEP
focused_peak_b10_x50_e2_w10,1790894400000,1790896349427,LIGHT
focused_peak_b10_x50_e1_w15,1790875829427,1790886420000,LIGHT
focused_peak_b10_x50_e1_w15,1790886420000,1790889780000,DEEP
focused_peak_b10_x50_e1_w15,1790889780000,1790893560000,LIGHT
focused_peak_b10_x50_e1_w15,1790893560000,1790894340000,DEEP
focused_peak_b10_x50_e1_w15,1790894340000,1790896349427,LIGHT
focused_peak_b10_x50_e1_w10,1790875829427,1790886420000,LIGHT
focused_peak_b10_x50_e1_w10,1790886420000,1790889780000,DEEP
focused_peak_b10_x50_e1_w10,1790889780000,1790893560000,LIGHT
focused_peak_b10_x50_e1_w10,1790893560000,1790894340000,DEEP
focused_peak_b10_x50_e1_w10,1790894340000,1790896349427,LIGHT
focused_peak_b5_x70_e3_w15,1790875829427,1790880180000,LIGHT
focused_peak_b5_x70_e3_w15,1790880180000,1790882100000,DEEP
focused_peak_b5_x70_e3_w15,1790882100000,1790885820000,LIGHT
focused_peak_b5_x70_e3_w15,1790885820000,1790886240000,DEEP
focused_peak_b5_x70_e3_w15,1790886240000,1790886300000,LIGHT
focused_peak_b5_x70_e3_w15,1790886300000,1790890380000,DEEP
focused_peak_b5_x70_e3_w15,1790890380000,1790890560000,LIGHT
focused_peak_b5_x70_e3_w15,1790890560000,1790891460000,DEEP
focused_peak_b5_x70_e3_w15,1790891460000,1790893080000,LIGHT
focused_peak_b5_x70_e3_w15,1790893080000,1790893440000,DEEP
focused_peak_b5_x70_e3_w15,1790893440000,1790893560000,LIGHT
focused_peak_b5_x70_e3_w15,1790893560000,1790894460000,DEEP
focused_peak_b5_x70_e3_w15,1790894460000,1790894580000,LIGHT
focused_peak_b5_x70_e3_w15,1790894580000,1790894940000,DEEP
focused_peak_b5_x70_e3_w15,1790894940000,1790895180000,LIGHT
focused_peak_b5_x70_e3_w15,1790895180000,1790896320000,DEEP
focused_peak_b5_x70_e3_w15,1790896320000,1790896349427,LIGHT
focused_peak_b5_x70_e3_w10,1790875829427,1790879940000,LIGHT
focused_peak_b5_x70_e3_w10,1790879940000,1790882100000,DEEP
focused_peak_b5_x70_e3_w10,1790882100000,1790885160000,LIGHT
focused_peak_b5_x70_e3_w10,1790885160000,1790885700000,DEEP
focused_peak_b5_x70_e3_w10,1790885700000,1790885820000,LIGHT
focused_peak_b5_x70_e3_w10,1790885820000,1790886240000,DEEP
focused_peak_b5_x70_e3_w10,1790886240000,1790886300000,LIGHT
focused_peak_b5_x70_e3_w10,1790886300000,1790890380000,DEEP
focused_peak_b5_x70_e3_w10,1790890380000,1790890560000,LIGHT
focused_peak_b5_x70_e3_w10,1790890560000,1790891460000,DEEP
focused_peak_b5_x70_e3_w10,1790891460000,1790892900000,LIGHT
focused_peak_b5_x70_e3_w10,1790892900000,1790893440000,DEEP
focused_peak_b5_x70_e3_w10,1790893440000,1790893560000,LIGHT
focused_peak_b5_x70_e3_w10,1790893560000,1790894460000,DEEP
focused_peak_b5_x70_e3_w10,1790894460000,1790894580000,LIGHT
focused_peak_b5_x70_e3_w10,1790894580000,1790894940000,DEEP
focused_peak_b5_x70_e3_w10,1790894940000,1790895060000,LIGHT
focused_peak_b5_x70_e3_w10,1790895060000,1790896320000,DEEP
focused_peak_b5_x70_e3_w10,1790896320000,1790896349427,LIGHT
focused_peak_b5_x70_e2_w15,1790875829427,1790880180000,LIGHT
focused_peak_b5_x70_e2_w15,1790880180000,1790882100000,DEEP
focused_peak_b5_x70_e2_w15,1790882100000,1790885820000,LIGHT
focused_peak_b5_x70_e2_w15,1790885820000,1790886180000,DEEP
focused_peak_b5_x70_e2_w15,1790886180000,1790886300000,LIGHT
focused_peak_b5_x70_e2_w15,1790886300000,1790890320000,DEEP
focused_peak_b5_x70_e2_w15,1790890320000,1790890560000,LIGHT
focused_peak_b5_x70_e2_w15,1790890560000,1790891400000,DEEP
focused_peak_b5_x70_e2_w15,1790891400000,1790893080000,LIGHT
focused_peak_b5_x70_e2_w15,1790893080000,1790893380000,DEEP
focused_peak_b5_x70_e2_w15,1790893380000,1790893560000,LIGHT
focused_peak_b5_x70_e2_w15,1790893560000,1790894400000,DEEP
focused_peak_b5_x70_e2_w15,1790894400000,1790894580000,LIGHT
focused_peak_b5_x70_e2_w15,1790894580000,1790894880000,DEEP
focused_peak_b5_x70_e2_w15,1790894880000,1790895180000,LIGHT
focused_peak_b5_x70_e2_w15,1790895180000,1790896320000,DEEP
focused_peak_b5_x70_e2_w15,1790896320000,1790896349427,LIGHT
focused_peak_b5_x70_e2_w10,1790875829427,1790879940000,LIGHT
focused_peak_b5_x70_e2_w10,1790879940000,1790882100000,DEEP
focused_peak_b5_x70_e2_w10,1790882100000,1790885160000,LIGHT
focused_peak_b5_x70_e2_w10,1790885160000,1790885640000,DEEP
focused_peak_b5_x70_e2_w10,1790885640000,1790885820000,LIGHT
focused_peak_b5_x70_e2_w10,1790885820000,1790886180000,DEEP
focused_peak_b5_x70_e2_w10,1790886180000,1790886300000,LIGHT
focused_peak_b5_x70_e2_w10,1790886300000,1790890320000,DEEP
focused_peak_b5_x70_e2_w10,1790890320000,1790890560000,LIGHT
focused_peak_b5_x70_e2_w10,1790890560000,1790891400000,DEEP
focused_peak_b5_x70_e2_w10,1790891400000,1790892900000,LIGHT
focused_peak_b5_x70_e2_w10,1790892900000,1790893380000,DEEP
focused_peak_b5_x70_e2_w10,1790893380000,1790893560000,LIGHT
focused_peak_b5_x70_e2_w10,1790893560000,1790894400000,DEEP
focused_peak_b5_x70_e2_w10,1790894400000,1790894580000,LIGHT
focused_peak_b5_x70_e2_w10,1790894580000,1790894880000,DEEP
focused_peak_b5_x70_e2_w10,1790894880000,1790895060000,LIGHT
focused_peak_b5_x70_e2_w10,1790895060000,1790896320000,DEEP
focused_peak_b5_x70_e2_w10,1790896320000,1790896349427,LIGHT
focused_peak_b5_x70_e1_w15,1790875829427,1790880180000,LIGHT
focused_peak_b5_x70_e1_w15,1790880180000,1790882100000,DEEP
focused_peak_b5_x70_e1_w15,1790882100000,1790885820000,LIGHT
focused_peak_b5_x70_e1_w15,1790885820000,1790886120000,DEEP
focused_peak_b5_x70_e1_w15,1790886120000,1790886300000,LIGHT
focused_peak_b5_x70_e1_w15,1790886300000,1790890260000,DEEP
focused_peak_b5_x70_e1_w15,1790890260000,1790890560000,LIGHT
focused_peak_b5_x70_e1_w15,1790890560000,1790891340000,DEEP
focused_peak_b5_x70_e1_w15,1790891340000,1790893560000,LIGHT
focused_peak_b5_x70_e1_w15,1790893560000,1790894340000,DEEP
focused_peak_b5_x70_e1_w15,1790894340000,1790895180000,LIGHT
focused_peak_b5_x70_e1_w15,1790895180000,1790896320000,DEEP
focused_peak_b5_x70_e1_w15,1790896320000,1790896349427,LIGHT
focused_peak_b5_x70_e1_w10,1790875829427,1790879940000,LIGHT
focused_peak_b5_x70_e1_w10,1790879940000,1790882100000,DEEP
focused_peak_b5_x70_e1_w10,1790882100000,1790885160000,LIGHT
focused_peak_b5_x70_e1_w10,1790885160000,1790885580000,DEEP
focused_peak_b5_x70_e1_w10,1790885580000,1790885820000,LIGHT
focused_peak_b5_x70_e1_w10,1790885820000,1790886120000,DEEP
focused_peak_b5_x70_e1_w10,1790886120000,1790886300000,LIGHT
focused_peak_b5_x70_e1_w10,1790886300000,1790890260000,DEEP
focused_peak_b5_x70_e1_w10,1790890260000,1790890560000,LIGHT
focused_peak_b5_x70_e1_w10,1790890560000,1790891340000,DEEP
focused_peak_b5_x70_e1_w10,1790891340000,1790892900000,LIGHT
focused_peak_b5_x70_e1_w10,1790892900000,1790893320000,DEEP
focused_peak_b5_x70_e1_w10,1790893320000,1790893560000,LIGHT
focused_peak_b5_x70_e1_w10,1790893560000,1790894340000,DEEP
focused_peak_b5_x70_e1_w10,1790894340000,1790895060000,LIGHT
focused_peak_b5_x70_e1_w10,1790895060000,1790896320000,DEEP
focused_peak_b5_x70_e1_w10,1790896320000,1790896349427,LIGHT
focused_peak_b5_x65_e3_w15,1790875829427,1790880180000,LIGHT
focused_peak_b5_x65_e3_w15,1790880180000,1790881260000,DEEP
focused_peak_b5_x65_e3_w15,1790881260000,1790881320000,LIGHT
focused_peak_b5_x65_e3_w15,1790881320000,1790882100000,DEEP
focused_peak_b5_x65_e3_w15,1790882100000,1790885820000,LIGHT
focused_peak_b5_x65_e3_w15,1790885820000,1790886240000,DEEP
focused_peak_b5_x65_e3_w15,1790886240000,1790886300000,LIGHT
focused_peak_b5_x65_e3_w15,1790886300000,1790890380000,DEEP
focused_peak_b5_x65_e3_w15,1790890380000,1790890560000,LIGHT
focused_peak_b5_x65_e3_w15,1790890560000,1790890920000,DEEP
focused_peak_b5_x65_e3_w15,1790890920000,1790891040000,LIGHT
focused_peak_b5_x65_e3_w15,1790891040000,1790891400000,DEEP
focused_peak_b5_x65_e3_w15,1790891400000,1790893080000,LIGHT
focused_peak_b5_x65_e3_w15,1790893080000,1790893440000,DEEP
focused_peak_b5_x65_e3_w15,1790893440000,1790893560000,LIGHT
focused_peak_b5_x65_e3_w15,1790893560000,1790894460000,DEEP
focused_peak_b5_x65_e3_w15,1790894460000,1790894580000,LIGHT
focused_peak_b5_x65_e3_w15,1790894580000,1790894940000,DEEP
focused_peak_b5_x65_e3_w15,1790894940000,1790895180000,LIGHT
focused_peak_b5_x65_e3_w15,1790895180000,1790896320000,DEEP
focused_peak_b5_x65_e3_w15,1790896320000,1790896349427,LIGHT
focused_peak_b5_x65_e3_w10,1790875829427,1790879940000,LIGHT
focused_peak_b5_x65_e3_w10,1790879940000,1790881260000,DEEP
focused_peak_b5_x65_e3_w10,1790881260000,1790881320000,LIGHT
focused_peak_b5_x65_e3_w10,1790881320000,1790882100000,DEEP
focused_peak_b5_x65_e3_w10,1790882100000,1790885160000,LIGHT
focused_peak_b5_x65_e3_w10,1790885160000,1790885700000,DEEP
focused_peak_b5_x65_e3_w10,1790885700000,1790885820000,LIGHT
focused_peak_b5_x65_e3_w10,1790885820000,1790886240000,DEEP
focused_peak_b5_x65_e3_w10,1790886240000,1790886300000,LIGHT
focused_peak_b5_x65_e3_w10,1790886300000,1790890380000,DEEP
focused_peak_b5_x65_e3_w10,1790890380000,1790890560000,LIGHT
focused_peak_b5_x65_e3_w10,1790890560000,1790890920000,DEEP
focused_peak_b5_x65_e3_w10,1790890920000,1790890980000,LIGHT
focused_peak_b5_x65_e3_w10,1790890980000,1790891400000,DEEP
focused_peak_b5_x65_e3_w10,1790891400000,1790892900000,LIGHT
focused_peak_b5_x65_e3_w10,1790892900000,1790893440000,DEEP
focused_peak_b5_x65_e3_w10,1790893440000,1790893560000,LIGHT
focused_peak_b5_x65_e3_w10,1790893560000,1790894460000,DEEP
focused_peak_b5_x65_e3_w10,1790894460000,1790894580000,LIGHT
focused_peak_b5_x65_e3_w10,1790894580000,1790894940000,DEEP
focused_peak_b5_x65_e3_w10,1790894940000,1790895060000,LIGHT
focused_peak_b5_x65_e3_w10,1790895060000,1790896320000,DEEP
focused_peak_b5_x65_e3_w10,1790896320000,1790896349427,LIGHT
focused_peak_b5_x65_e2_w15,1790875829427,1790880180000,LIGHT
focused_peak_b5_x65_e2_w15,1790880180000,1790881200000,DEEP
focused_peak_b5_x65_e2_w15,1790881200000,1790881260000,LIGHT
focused_peak_b5_x65_e2_w15,1790881260000,1790882100000,DEEP
focused_peak_b5_x65_e2_w15,1790882100000,1790885820000,LIGHT
focused_peak_b5_x65_e2_w15,1790885820000,1790886180000,DEEP
focused_peak_b5_x65_e2_w15,1790886180000,1790886300000,LIGHT
focused_peak_b5_x65_e2_w15,1790886300000,1790890320000,DEEP
focused_peak_b5_x65_e2_w15,1790890320000,1790890560000,LIGHT
focused_peak_b5_x65_e2_w15,1790890560000,1790890860000,DEEP
focused_peak_b5_x65_e2_w15,1790890860000,1790891040000,LIGHT
focused_peak_b5_x65_e2_w15,1790891040000,1790891340000,DEEP
focused_peak_b5_x65_e2_w15,1790891340000,1790893080000,LIGHT
focused_peak_b5_x65_e2_w15,1790893080000,1790893380000,DEEP
focused_peak_b5_x65_e2_w15,1790893380000,1790893560000,LIGHT
focused_peak_b5_x65_e2_w15,1790893560000,1790894400000,DEEP
focused_peak_b5_x65_e2_w15,1790894400000,1790894580000,LIGHT
focused_peak_b5_x65_e2_w15,1790894580000,1790894880000,DEEP
focused_peak_b5_x65_e2_w15,1790894880000,1790895180000,LIGHT
focused_peak_b5_x65_e2_w15,1790895180000,1790896320000,DEEP
focused_peak_b5_x65_e2_w15,1790896320000,1790896349427,LIGHT
focused_peak_b5_x65_e2_w10,1790875829427,1790880120000,LIGHT
focused_peak_b5_x65_e2_w10,1790880120000,1790881200000,DEEP
focused_peak_b5_x65_e2_w10,1790881200000,1790881260000,LIGHT
focused_peak_b5_x65_e2_w10,1790881260000,1790882100000,DEEP
focused_peak_b5_x65_e2_w10,1790882100000,1790885160000,LIGHT
focused_peak_b5_x65_e2_w10,1790885160000,1790885640000,DEEP
focused_peak_b5_x65_e2_w10,1790885640000,1790885820000,LIGHT
focused_peak_b5_x65_e2_w10,1790885820000,1790886180000,DEEP
focused_peak_b5_x65_e2_w10,1790886180000,1790886300000,LIGHT
focused_peak_b5_x65_e2_w10,1790886300000,1790890320000,DEEP
focused_peak_b5_x65_e2_w10,1790890320000,1790890560000,LIGHT
focused_peak_b5_x65_e2_w10,1790890560000,1790890860000,DEEP
focused_peak_b5_x65_e2_w10,1790890860000,1790890920000,LIGHT
focused_peak_b5_x65_e2_w10,1790890920000,1790891340000,DEEP
focused_peak_b5_x65_e2_w10,1790891340000,1790892900000,LIGHT
focused_peak_b5_x65_e2_w10,1790892900000,1790893380000,DEEP
focused_peak_b5_x65_e2_w10,1790893380000,1790893560000,LIGHT
focused_peak_b5_x65_e2_w10,1790893560000,1790894400000,DEEP
focused_peak_b5_x65_e2_w10,1790894400000,1790894580000,LIGHT
focused_peak_b5_x65_e2_w10,1790894580000,1790894880000,DEEP
focused_peak_b5_x65_e2_w10,1790894880000,1790895060000,LIGHT
focused_peak_b5_x65_e2_w10,1790895060000,1790896320000,DEEP
focused_peak_b5_x65_e2_w10,1790896320000,1790896349427,LIGHT
focused_peak_b5_x65_e1_w15,1790875829427,1790880180000,LIGHT
focused_peak_b5_x65_e1_w15,1790880180000,1790881140000,DEEP
focused_peak_b5_x65_e1_w15,1790881140000,1790881320000,LIGHT
focused_peak_b5_x65_e1_w15,1790881320000,1790882100000,DEEP
focused_peak_b5_x65_e1_w15,1790882100000,1790885820000,LIGHT
focused_peak_b5_x65_e1_w15,1790885820000,1790886120000,DEEP
focused_peak_b5_x65_e1_w15,1790886120000,1790886300000,LIGHT
focused_peak_b5_x65_e1_w15,1790886300000,1790890260000,DEEP
focused_peak_b5_x65_e1_w15,1790890260000,1790893560000,LIGHT
focused_peak_b5_x65_e1_w15,1790893560000,1790894340000,DEEP
focused_peak_b5_x65_e1_w15,1790894340000,1790895180000,LIGHT
focused_peak_b5_x65_e1_w15,1790895180000,1790896320000,DEEP
focused_peak_b5_x65_e1_w15,1790896320000,1790896349427,LIGHT
focused_peak_b5_x65_e1_w10,1790875829427,1790880060000,LIGHT
focused_peak_b5_x65_e1_w10,1790880060000,1790881140000,DEEP
focused_peak_b5_x65_e1_w10,1790881140000,1790881320000,LIGHT
focused_peak_b5_x65_e1_w10,1790881320000,1790882100000,DEEP
focused_peak_b5_x65_e1_w10,1790882100000,1790885160000,LIGHT
focused_peak_b5_x65_e1_w10,1790885160000,1790885580000,DEEP
focused_peak_b5_x65_e1_w10,1790885580000,1790885820000,LIGHT
focused_peak_b5_x65_e1_w10,1790885820000,1790886120000,DEEP
focused_peak_b5_x65_e1_w10,1790886120000,1790886300000,LIGHT
focused_peak_b5_x65_e1_w10,1790886300000,1790890260000,DEEP
focused_peak_b5_x65_e1_w10,1790890260000,1790890980000,LIGHT
focused_peak_b5_x65_e1_w10,1790890980000,1790891280000,DEEP
focused_peak_b5_x65_e1_w10,1790891280000,1790892900000,LIGHT
focused_peak_b5_x65_e1_w10,1790892900000,1790893320000,DEEP
focused_peak_b5_x65_e1_w10,1790893320000,1790893560000,LIGHT
focused_peak_b5_x65_e1_w10,1790893560000,1790894340000,DEEP
focused_peak_b5_x65_e1_w10,1790894340000,1790895060000,LIGHT
focused_peak_b5_x65_e1_w10,1790895060000,1790896320000,DEEP
focused_peak_b5_x65_e1_w10,1790896320000,1790896349427,LIGHT
focused_peak_b5_x50_e3_w15,1790875829427,1790880900000,LIGHT
focused_peak_b5_x50_e3_w15,1790880900000,1790881260000,DEEP
focused_peak_b5_x50_e3_w15,1790881260000,1790885820000,LIGHT
focused_peak_b5_x50_e3_w15,1790885820000,1790886240000,DEEP
focused_peak_b5_x50_e3_w15,1790886240000,1790886300000,LIGHT
focused_peak_b5_x50_e3_w15,1790886300000,1790889900000,DEEP
focused_peak_b5_x50_e3_w15,1790889900000,1790889960000,LIGHT
focused_peak_b5_x50_e3_w15,1790889960000,1790890380000,DEEP
focused_peak_b5_x50_e3_w15,1790890380000,1790890560000,LIGHT
focused_peak_b5_x50_e3_w15,1790890560000,1790890920000,DEEP
focused_peak_b5_x50_e3_w15,1790890920000,1790891040000,LIGHT
focused_peak_b5_x50_e3_w15,1790891040000,1790891400000,DEEP
focused_peak_b5_x50_e3_w15,1790891400000,1790893080000,LIGHT
focused_peak_b5_x50_e3_w15,1790893080000,1790893440000,DEEP
focused_peak_b5_x50_e3_w15,1790893440000,1790893560000,LIGHT
focused_peak_b5_x50_e3_w15,1790893560000,1790894460000,DEEP
focused_peak_b5_x50_e3_w15,1790894460000,1790894580000,LIGHT
focused_peak_b5_x50_e3_w15,1790894580000,1790894880000,DEEP
focused_peak_b5_x50_e3_w15,1790894880000,1790895420000,LIGHT
focused_peak_b5_x50_e3_w15,1790895420000,1790895840000,DEEP
focused_peak_b5_x50_e3_w15,1790895840000,1790895900000,LIGHT
focused_peak_b5_x50_e3_w15,1790895900000,1790896320000,DEEP
focused_peak_b5_x50_e3_w15,1790896320000,1790896349427,LIGHT
focused_peak_b5_x50_e3_w10,1790875829427,1790880900000,LIGHT
focused_peak_b5_x50_e3_w10,1790880900000,1790881260000,DEEP
focused_peak_b5_x50_e3_w10,1790881260000,1790885160000,LIGHT
focused_peak_b5_x50_e3_w10,1790885160000,1790885580000,DEEP
focused_peak_b5_x50_e3_w10,1790885580000,1790885820000,LIGHT
focused_peak_b5_x50_e3_w10,1790885820000,1790886240000,DEEP
focused_peak_b5_x50_e3_w10,1790886240000,1790886300000,LIGHT
focused_peak_b5_x50_e3_w10,1790886300000,1790889900000,DEEP
focused_peak_b5_x50_e3_w10,1790889900000,1790889960000,LIGHT
focused_peak_b5_x50_e3_w10,1790889960000,1790890380000,DEEP
focused_peak_b5_x50_e3_w10,1790890380000,1790890560000,LIGHT
focused_peak_b5_x50_e3_w10,1790890560000,1790890920000,DEEP
focused_peak_b5_x50_e3_w10,1790890920000,1790890980000,LIGHT
focused_peak_b5_x50_e3_w10,1790890980000,1790891400000,DEEP
focused_peak_b5_x50_e3_w10,1790891400000,1790892900000,LIGHT
focused_peak_b5_x50_e3_w10,1790892900000,1790893440000,DEEP
focused_peak_b5_x50_e3_w10,1790893440000,1790893560000,LIGHT
focused_peak_b5_x50_e3_w10,1790893560000,1790894460000,DEEP
focused_peak_b5_x50_e3_w10,1790894460000,1790894580000,LIGHT
focused_peak_b5_x50_e3_w10,1790894580000,1790894880000,DEEP
focused_peak_b5_x50_e3_w10,1790894880000,1790895300000,LIGHT
focused_peak_b5_x50_e3_w10,1790895300000,1790895840000,DEEP
focused_peak_b5_x50_e3_w10,1790895840000,1790895900000,LIGHT
focused_peak_b5_x50_e3_w10,1790895900000,1790896320000,DEEP
focused_peak_b5_x50_e3_w10,1790896320000,1790896349427,LIGHT
focused_peak_b5_x50_e2_w15,1790875829427,1790880900000,LIGHT
focused_peak_b5_x50_e2_w15,1790880900000,1790881200000,DEEP
focused_peak_b5_x50_e2_w15,1790881200000,1790885820000,LIGHT
focused_peak_b5_x50_e2_w15,1790885820000,1790886180000,DEEP
focused_peak_b5_x50_e2_w15,1790886180000,1790886300000,LIGHT
focused_peak_b5_x50_e2_w15,1790886300000,1790889840000,DEEP
focused_peak_b5_x50_e2_w15,1790889840000,1790889900000,LIGHT
focused_peak_b5_x50_e2_w15,1790889900000,1790890320000,DEEP
focused_peak_b5_x50_e2_w15,1790890320000,1790890560000,LIGHT
focused_peak_b5_x50_e2_w15,1790890560000,1790890860000,DEEP
focused_peak_b5_x50_e2_w15,1790890860000,1790891040000,LIGHT
focused_peak_b5_x50_e2_w15,1790891040000,1790891340000,DEEP
focused_peak_b5_x50_e2_w15,1790891340000,1790893080000,LIGHT
focused_peak_b5_x50_e2_w15,1790893080000,1790893380000,DEEP
focused_peak_b5_x50_e2_w15,1790893380000,1790893560000,LIGHT
focused_peak_b5_x50_e2_w15,1790893560000,1790894400000,DEEP
focused_peak_b5_x50_e2_w15,1790894400000,1790895360000,LIGHT
focused_peak_b5_x50_e2_w15,1790895360000,1790895780000,DEEP
focused_peak_b5_x50_e2_w15,1790895780000,1790896020000,LIGHT
focused_peak_b5_x50_e2_w15,1790896020000,1790896320000,DEEP
focused_peak_b5_x50_e2_w15,1790896320000,1790896349427,LIGHT
focused_peak_b5_x50_e2_w10,1790875829427,1790880840000,LIGHT
focused_peak_b5_x50_e2_w10,1790880840000,1790881200000,DEEP
focused_peak_b5_x50_e2_w10,1790881200000,1790885160000,LIGHT
focused_peak_b5_x50_e2_w10,1790885160000,1790885520000,DEEP
focused_peak_b5_x50_e2_w10,1790885520000,1790885820000,LIGHT
focused_peak_b5_x50_e2_w10,1790885820000,1790886180000,DEEP
focused_peak_b5_x50_e2_w10,1790886180000,1790886300000,LIGHT
focused_peak_b5_x50_e2_w10,1790886300000,1790889840000,DEEP
focused_peak_b5_x50_e2_w10,1790889840000,1790889900000,LIGHT
focused_peak_b5_x50_e2_w10,1790889900000,1790890320000,DEEP
focused_peak_b5_x50_e2_w10,1790890320000,1790890560000,LIGHT
focused_peak_b5_x50_e2_w10,1790890560000,1790890860000,DEEP
focused_peak_b5_x50_e2_w10,1790890860000,1790890920000,LIGHT
focused_peak_b5_x50_e2_w10,1790890920000,1790891340000,DEEP
focused_peak_b5_x50_e2_w10,1790891340000,1790892900000,LIGHT
focused_peak_b5_x50_e2_w10,1790892900000,1790893380000,DEEP
focused_peak_b5_x50_e2_w10,1790893380000,1790893560000,LIGHT
focused_peak_b5_x50_e2_w10,1790893560000,1790894400000,DEEP
focused_peak_b5_x50_e2_w10,1790894400000,1790895420000,LIGHT
focused_peak_b5_x50_e2_w10,1790895420000,1790895780000,DEEP
focused_peak_b5_x50_e2_w10,1790895780000,1790896020000,LIGHT
focused_peak_b5_x50_e2_w10,1790896020000,1790896320000,DEEP
focused_peak_b5_x50_e2_w10,1790896320000,1790896349427,LIGHT
focused_peak_b5_x50_e1_w15,1790875829427,1790885820000,LIGHT
focused_peak_b5_x50_e1_w15,1790885820000,1790886120000,DEEP
focused_peak_b5_x50_e1_w15,1790886120000,1790886420000,LIGHT
focused_peak_b5_x50_e1_w15,1790886420000,1790889780000,DEEP
focused_peak_b5_x50_e1_w15,1790889780000,1790893560000,LIGHT
focused_peak_b5_x50_e1_w15,1790893560000,1790894340000,DEEP
focused_peak_b5_x50_e1_w15,1790894340000,1790895420000,LIGHT
focused_peak_b5_x50_e1_w15,1790895420000,1790895720000,DEEP
focused_peak_b5_x50_e1_w15,1790895720000,1790896020000,LIGHT
focused_peak_b5_x50_e1_w15,1790896020000,1790896320000,DEEP
focused_peak_b5_x50_e1_w15,1790896320000,1790896349427,LIGHT
focused_peak_b5_x50_e1_w10,1790875829427,1790885160000,LIGHT
focused_peak_b5_x50_e1_w10,1790885160000,1790885460000,DEEP
focused_peak_b5_x50_e1_w10,1790885460000,1790885820000,LIGHT
focused_peak_b5_x50_e1_w10,1790885820000,1790886120000,DEEP
focused_peak_b5_x50_e1_w10,1790886120000,1790886420000,LIGHT
focused_peak_b5_x50_e1_w10,1790886420000,1790889780000,DEEP
focused_peak_b5_x50_e1_w10,1790889780000,1790890980000,LIGHT
focused_peak_b5_x50_e1_w10,1790890980000,1790891280000,DEEP
focused_peak_b5_x50_e1_w10,1790891280000,1790892900000,LIGHT
focused_peak_b5_x50_e1_w10,1790892900000,1790893320000,DEEP
focused_peak_b5_x50_e1_w10,1790893320000,1790893560000,LIGHT
focused_peak_b5_x50_e1_w10,1790893560000,1790894340000,DEEP
focused_peak_b5_x50_e1_w10,1790894340000,1790895420000,LIGHT
focused_peak_b5_x50_e1_w10,1790895420000,1790895720000,DEEP
focused_peak_b5_x50_e1_w10,1790895720000,1790896020000,LIGHT
focused_peak_b5_x50_e1_w10,1790896020000,1790896320000,DEEP
focused_peak_b5_x50_e1_w10,1790896320000,1790896349427,LIGHT
focused_peak_b2_x70_e3_w15,1790875829427,1790880180000,LIGHT
focused_peak_b2_x70_e3_w15,1790880180000,1790882100000,DEEP
focused_peak_b2_x70_e3_w15,1790882100000,1790885460000,LIGHT
focused_peak_b2_x70_e3_w15,1790885460000,1790885700000,DEEP
focused_peak_b2_x70_e3_w15,1790885700000,1790885820000,LIGHT
focused_peak_b2_x70_e3_w15,1790885820000,1790886240000,DEEP
focused_peak_b2_x70_e3_w15,1790886240000,1790886300000,LIGHT
focused_peak_b2_x70_e3_w15,1790886300000,1790890380000,DEEP
focused_peak_b2_x70_e3_w15,1790890380000,1790890560000,LIGHT
focused_peak_b2_x70_e3_w15,1790890560000,1790891460000,DEEP
focused_peak_b2_x70_e3_w15,1790891460000,1790893080000,LIGHT
focused_peak_b2_x70_e3_w15,1790893080000,1790893440000,DEEP
focused_peak_b2_x70_e3_w15,1790893440000,1790893560000,LIGHT
focused_peak_b2_x70_e3_w15,1790893560000,1790894460000,DEEP
focused_peak_b2_x70_e3_w15,1790894460000,1790894580000,LIGHT
focused_peak_b2_x70_e3_w15,1790894580000,1790894940000,DEEP
focused_peak_b2_x70_e3_w15,1790894940000,1790895180000,LIGHT
focused_peak_b2_x70_e3_w15,1790895180000,1790896320000,DEEP
focused_peak_b2_x70_e3_w15,1790896320000,1790896349427,LIGHT
focused_peak_b2_x70_e3_w10,1790875829427,1790879940000,LIGHT
focused_peak_b2_x70_e3_w10,1790879940000,1790882100000,DEEP
focused_peak_b2_x70_e3_w10,1790882100000,1790885160000,LIGHT
focused_peak_b2_x70_e3_w10,1790885160000,1790885700000,DEEP
focused_peak_b2_x70_e3_w10,1790885700000,1790885820000,LIGHT
focused_peak_b2_x70_e3_w10,1790885820000,1790886240000,DEEP
focused_peak_b2_x70_e3_w10,1790886240000,1790886300000,LIGHT
focused_peak_b2_x70_e3_w10,1790886300000,1790890380000,DEEP
focused_peak_b2_x70_e3_w10,1790890380000,1790890560000,LIGHT
focused_peak_b2_x70_e3_w10,1790890560000,1790891460000,DEEP
focused_peak_b2_x70_e3_w10,1790891460000,1790892900000,LIGHT
focused_peak_b2_x70_e3_w10,1790892900000,1790893440000,DEEP
focused_peak_b2_x70_e3_w10,1790893440000,1790893560000,LIGHT
focused_peak_b2_x70_e3_w10,1790893560000,1790894460000,DEEP
focused_peak_b2_x70_e3_w10,1790894460000,1790894580000,LIGHT
focused_peak_b2_x70_e3_w10,1790894580000,1790894940000,DEEP
focused_peak_b2_x70_e3_w10,1790894940000,1790895060000,LIGHT
focused_peak_b2_x70_e3_w10,1790895060000,1790896320000,DEEP
focused_peak_b2_x70_e3_w10,1790896320000,1790896349427,LIGHT
focused_peak_b2_x70_e2_w15,1790875829427,1790880180000,LIGHT
focused_peak_b2_x70_e2_w15,1790880180000,1790882100000,DEEP
focused_peak_b2_x70_e2_w15,1790882100000,1790885460000,LIGHT
focused_peak_b2_x70_e2_w15,1790885460000,1790885640000,DEEP
focused_peak_b2_x70_e2_w15,1790885640000,1790885820000,LIGHT
focused_peak_b2_x70_e2_w15,1790885820000,1790886180000,DEEP
focused_peak_b2_x70_e2_w15,1790886180000,1790886300000,LIGHT
focused_peak_b2_x70_e2_w15,1790886300000,1790890320000,DEEP
focused_peak_b2_x70_e2_w15,1790890320000,1790890560000,LIGHT
focused_peak_b2_x70_e2_w15,1790890560000,1790891400000,DEEP
focused_peak_b2_x70_e2_w15,1790891400000,1790893080000,LIGHT
focused_peak_b2_x70_e2_w15,1790893080000,1790893380000,DEEP
focused_peak_b2_x70_e2_w15,1790893380000,1790893560000,LIGHT
focused_peak_b2_x70_e2_w15,1790893560000,1790894400000,DEEP
focused_peak_b2_x70_e2_w15,1790894400000,1790894580000,LIGHT
focused_peak_b2_x70_e2_w15,1790894580000,1790894880000,DEEP
focused_peak_b2_x70_e2_w15,1790894880000,1790895180000,LIGHT
focused_peak_b2_x70_e2_w15,1790895180000,1790896320000,DEEP
focused_peak_b2_x70_e2_w15,1790896320000,1790896349427,LIGHT
focused_peak_b2_x70_e2_w10,1790875829427,1790879940000,LIGHT
focused_peak_b2_x70_e2_w10,1790879940000,1790882100000,DEEP
focused_peak_b2_x70_e2_w10,1790882100000,1790885160000,LIGHT
focused_peak_b2_x70_e2_w10,1790885160000,1790885640000,DEEP
focused_peak_b2_x70_e2_w10,1790885640000,1790885820000,LIGHT
focused_peak_b2_x70_e2_w10,1790885820000,1790886180000,DEEP
focused_peak_b2_x70_e2_w10,1790886180000,1790886300000,LIGHT
focused_peak_b2_x70_e2_w10,1790886300000,1790890320000,DEEP
focused_peak_b2_x70_e2_w10,1790890320000,1790890560000,LIGHT
focused_peak_b2_x70_e2_w10,1790890560000,1790891400000,DEEP
focused_peak_b2_x70_e2_w10,1790891400000,1790892900000,LIGHT
focused_peak_b2_x70_e2_w10,1790892900000,1790893380000,DEEP
focused_peak_b2_x70_e2_w10,1790893380000,1790893560000,LIGHT
focused_peak_b2_x70_e2_w10,1790893560000,1790894400000,DEEP
focused_peak_b2_x70_e2_w10,1790894400000,1790894580000,LIGHT
focused_peak_b2_x70_e2_w10,1790894580000,1790894880000,DEEP
focused_peak_b2_x70_e2_w10,1790894880000,1790895060000,LIGHT
focused_peak_b2_x70_e2_w10,1790895060000,1790896320000,DEEP
focused_peak_b2_x70_e2_w10,1790896320000,1790896349427,LIGHT
focused_peak_b2_x70_e1_w15,1790875829427,1790880180000,LIGHT
focused_peak_b2_x70_e1_w15,1790880180000,1790882100000,DEEP
focused_peak_b2_x70_e1_w15,1790882100000,1790885460000,LIGHT
focused_peak_b2_x70_e1_w15,1790885460000,1790885580000,DEEP
focused_peak_b2_x70_e1_w15,1790885580000,1790885820000,LIGHT
focused_peak_b2_x70_e1_w15,1790885820000,1790886120000,DEEP
focused_peak_b2_x70_e1_w15,1790886120000,1790886300000,LIGHT
focused_peak_b2_x70_e1_w15,1790886300000,1790890260000,DEEP
focused_peak_b2_x70_e1_w15,1790890260000,1790890560000,LIGHT
focused_peak_b2_x70_e1_w15,1790890560000,1790891340000,DEEP
focused_peak_b2_x70_e1_w15,1790891340000,1790893080000,LIGHT
focused_peak_b2_x70_e1_w15,1790893080000,1790893320000,DEEP
focused_peak_b2_x70_e1_w15,1790893320000,1790893560000,LIGHT
focused_peak_b2_x70_e1_w15,1790893560000,1790894340000,DEEP
focused_peak_b2_x70_e1_w15,1790894340000,1790894580000,LIGHT
focused_peak_b2_x70_e1_w15,1790894580000,1790894820000,DEEP
focused_peak_b2_x70_e1_w15,1790894820000,1790895180000,LIGHT
focused_peak_b2_x70_e1_w15,1790895180000,1790896320000,DEEP
focused_peak_b2_x70_e1_w15,1790896320000,1790896349427,LIGHT
focused_peak_b2_x70_e1_w10,1790875829427,1790879940000,LIGHT
focused_peak_b2_x70_e1_w10,1790879940000,1790882100000,DEEP
focused_peak_b2_x70_e1_w10,1790882100000,1790885160000,LIGHT
focused_peak_b2_x70_e1_w10,1790885160000,1790885580000,DEEP
focused_peak_b2_x70_e1_w10,1790885580000,1790885820000,LIGHT
focused_peak_b2_x70_e1_w10,1790885820000,1790886120000,DEEP
focused_peak_b2_x70_e1_w10,1790886120000,1790886300000,LIGHT
focused_peak_b2_x70_e1_w10,1790886300000,1790890260000,DEEP
focused_peak_b2_x70_e1_w10,1790890260000,1790890560000,LIGHT
focused_peak_b2_x70_e1_w10,1790890560000,1790891340000,DEEP
focused_peak_b2_x70_e1_w10,1790891340000,1790892900000,LIGHT
focused_peak_b2_x70_e1_w10,1790892900000,1790893320000,DEEP
focused_peak_b2_x70_e1_w10,1790893320000,1790893560000,LIGHT
focused_peak_b2_x70_e1_w10,1790893560000,1790894340000,DEEP
focused_peak_b2_x70_e1_w10,1790894340000,1790894580000,LIGHT
focused_peak_b2_x70_e1_w10,1790894580000,1790894820000,DEEP
focused_peak_b2_x70_e1_w10,1790894820000,1790895060000,LIGHT
focused_peak_b2_x70_e1_w10,1790895060000,1790896320000,DEEP
focused_peak_b2_x70_e1_w10,1790896320000,1790896349427,LIGHT
focused_peak_b2_x65_e3_w15,1790875829427,1790880180000,LIGHT
focused_peak_b2_x65_e3_w15,1790880180000,1790881260000,DEEP
focused_peak_b2_x65_e3_w15,1790881260000,1790881320000,LIGHT
focused_peak_b2_x65_e3_w15,1790881320000,1790882100000,DEEP
focused_peak_b2_x65_e3_w15,1790882100000,1790885460000,LIGHT
focused_peak_b2_x65_e3_w15,1790885460000,1790885700000,DEEP
focused_peak_b2_x65_e3_w15,1790885700000,1790885820000,LIGHT
focused_peak_b2_x65_e3_w15,1790885820000,1790886240000,DEEP
focused_peak_b2_x65_e3_w15,1790886240000,1790886300000,LIGHT
focused_peak_b2_x65_e3_w15,1790886300000,1790890380000,DEEP
focused_peak_b2_x65_e3_w15,1790890380000,1790890560000,LIGHT
focused_peak_b2_x65_e3_w15,1790890560000,1790890920000,DEEP
focused_peak_b2_x65_e3_w15,1790890920000,1790891040000,LIGHT
focused_peak_b2_x65_e3_w15,1790891040000,1790891400000,DEEP
focused_peak_b2_x65_e3_w15,1790891400000,1790893080000,LIGHT
focused_peak_b2_x65_e3_w15,1790893080000,1790893440000,DEEP
focused_peak_b2_x65_e3_w15,1790893440000,1790893560000,LIGHT
focused_peak_b2_x65_e3_w15,1790893560000,1790894460000,DEEP
focused_peak_b2_x65_e3_w15,1790894460000,1790894580000,LIGHT
focused_peak_b2_x65_e3_w15,1790894580000,1790894940000,DEEP
focused_peak_b2_x65_e3_w15,1790894940000,1790895180000,LIGHT
focused_peak_b2_x65_e3_w15,1790895180000,1790896320000,DEEP
focused_peak_b2_x65_e3_w15,1790896320000,1790896349427,LIGHT
focused_peak_b2_x65_e3_w10,1790875829427,1790879940000,LIGHT
focused_peak_b2_x65_e3_w10,1790879940000,1790881260000,DEEP
focused_peak_b2_x65_e3_w10,1790881260000,1790881320000,LIGHT
focused_peak_b2_x65_e3_w10,1790881320000,1790882100000,DEEP
focused_peak_b2_x65_e3_w10,1790882100000,1790885160000,LIGHT
focused_peak_b2_x65_e3_w10,1790885160000,1790885700000,DEEP
focused_peak_b2_x65_e3_w10,1790885700000,1790885820000,LIGHT
focused_peak_b2_x65_e3_w10,1790885820000,1790886240000,DEEP
focused_peak_b2_x65_e3_w10,1790886240000,1790886300000,LIGHT
focused_peak_b2_x65_e3_w10,1790886300000,1790890380000,DEEP
focused_peak_b2_x65_e3_w10,1790890380000,1790890560000,LIGHT
focused_peak_b2_x65_e3_w10,1790890560000,1790890920000,DEEP
focused_peak_b2_x65_e3_w10,1790890920000,1790890980000,LIGHT
focused_peak_b2_x65_e3_w10,1790890980000,1790891400000,DEEP
focused_peak_b2_x65_e3_w10,1790891400000,1790892900000,LIGHT
focused_peak_b2_x65_e3_w10,1790892900000,1790893440000,DEEP
focused_peak_b2_x65_e3_w10,1790893440000,1790893560000,LIGHT
focused_peak_b2_x65_e3_w10,1790893560000,1790894460000,DEEP
focused_peak_b2_x65_e3_w10,1790894460000,1790894580000,LIGHT
focused_peak_b2_x65_e3_w10,1790894580000,1790894940000,DEEP
focused_peak_b2_x65_e3_w10,1790894940000,1790895060000,LIGHT
focused_peak_b2_x65_e3_w10,1790895060000,1790896320000,DEEP
focused_peak_b2_x65_e3_w10,1790896320000,1790896349427,LIGHT
focused_peak_b2_x65_e2_w15,1790875829427,1790880180000,LIGHT
focused_peak_b2_x65_e2_w15,1790880180000,1790881200000,DEEP
focused_peak_b2_x65_e2_w15,1790881200000,1790881260000,LIGHT
focused_peak_b2_x65_e2_w15,1790881260000,1790882100000,DEEP
focused_peak_b2_x65_e2_w15,1790882100000,1790885460000,LIGHT
focused_peak_b2_x65_e2_w15,1790885460000,1790885640000,DEEP
focused_peak_b2_x65_e2_w15,1790885640000,1790885820000,LIGHT
focused_peak_b2_x65_e2_w15,1790885820000,1790886180000,DEEP
focused_peak_b2_x65_e2_w15,1790886180000,1790886300000,LIGHT
focused_peak_b2_x65_e2_w15,1790886300000,1790890320000,DEEP
focused_peak_b2_x65_e2_w15,1790890320000,1790890560000,LIGHT
focused_peak_b2_x65_e2_w15,1790890560000,1790890860000,DEEP
focused_peak_b2_x65_e2_w15,1790890860000,1790891040000,LIGHT
focused_peak_b2_x65_e2_w15,1790891040000,1790891340000,DEEP
focused_peak_b2_x65_e2_w15,1790891340000,1790893080000,LIGHT
focused_peak_b2_x65_e2_w15,1790893080000,1790893380000,DEEP
focused_peak_b2_x65_e2_w15,1790893380000,1790893560000,LIGHT
focused_peak_b2_x65_e2_w15,1790893560000,1790894400000,DEEP
focused_peak_b2_x65_e2_w15,1790894400000,1790894580000,LIGHT
focused_peak_b2_x65_e2_w15,1790894580000,1790894880000,DEEP
focused_peak_b2_x65_e2_w15,1790894880000,1790895180000,LIGHT
focused_peak_b2_x65_e2_w15,1790895180000,1790896320000,DEEP
focused_peak_b2_x65_e2_w15,1790896320000,1790896349427,LIGHT
focused_peak_b2_x65_e2_w10,1790875829427,1790879940000,LIGHT
focused_peak_b2_x65_e2_w10,1790879940000,1790880060000,DEEP
focused_peak_b2_x65_e2_w10,1790880060000,1790880120000,LIGHT
focused_peak_b2_x65_e2_w10,1790880120000,1790881200000,DEEP
focused_peak_b2_x65_e2_w10,1790881200000,1790881260000,LIGHT
focused_peak_b2_x65_e2_w10,1790881260000,1790882100000,DEEP
focused_peak_b2_x65_e2_w10,1790882100000,1790885160000,LIGHT
focused_peak_b2_x65_e2_w10,1790885160000,1790885640000,DEEP
focused_peak_b2_x65_e2_w10,1790885640000,1790885820000,LIGHT
focused_peak_b2_x65_e2_w10,1790885820000,1790886180000,DEEP
focused_peak_b2_x65_e2_w10,1790886180000,1790886300000,LIGHT
focused_peak_b2_x65_e2_w10,1790886300000,1790890320000,DEEP
focused_peak_b2_x65_e2_w10,1790890320000,1790890560000,LIGHT
focused_peak_b2_x65_e2_w10,1790890560000,1790890860000,DEEP
focused_peak_b2_x65_e2_w10,1790890860000,1790890920000,LIGHT
focused_peak_b2_x65_e2_w10,1790890920000,1790891340000,DEEP
focused_peak_b2_x65_e2_w10,1790891340000,1790892900000,LIGHT
focused_peak_b2_x65_e2_w10,1790892900000,1790893380000,DEEP
focused_peak_b2_x65_e2_w10,1790893380000,1790893560000,LIGHT
focused_peak_b2_x65_e2_w10,1790893560000,1790894400000,DEEP
focused_peak_b2_x65_e2_w10,1790894400000,1790894580000,LIGHT
focused_peak_b2_x65_e2_w10,1790894580000,1790894880000,DEEP
focused_peak_b2_x65_e2_w10,1790894880000,1790895060000,LIGHT
focused_peak_b2_x65_e2_w10,1790895060000,1790896320000,DEEP
focused_peak_b2_x65_e2_w10,1790896320000,1790896349427,LIGHT
focused_peak_b2_x65_e1_w15,1790875829427,1790880180000,LIGHT
focused_peak_b2_x65_e1_w15,1790880180000,1790881140000,DEEP
focused_peak_b2_x65_e1_w15,1790881140000,1790881320000,LIGHT
focused_peak_b2_x65_e1_w15,1790881320000,1790882100000,DEEP
focused_peak_b2_x65_e1_w15,1790882100000,1790885460000,LIGHT
focused_peak_b2_x65_e1_w15,1790885460000,1790885580000,DEEP
focused_peak_b2_x65_e1_w15,1790885580000,1790885820000,LIGHT
focused_peak_b2_x65_e1_w15,1790885820000,1790886120000,DEEP
focused_peak_b2_x65_e1_w15,1790886120000,1790886300000,LIGHT
focused_peak_b2_x65_e1_w15,1790886300000,1790890260000,DEEP
focused_peak_b2_x65_e1_w15,1790890260000,1790890560000,LIGHT
focused_peak_b2_x65_e1_w15,1790890560000,1790890800000,DEEP
focused_peak_b2_x65_e1_w15,1790890800000,1790891040000,LIGHT
focused_peak_b2_x65_e1_w15,1790891040000,1790891280000,DEEP
focused_peak_b2_x65_e1_w15,1790891280000,1790893080000,LIGHT
focused_peak_b2_x65_e1_w15,1790893080000,1790893320000,DEEP
focused_peak_b2_x65_e1_w15,1790893320000,1790893560000,LIGHT
focused_peak_b2_x65_e1_w15,1790893560000,1790894340000,DEEP
focused_peak_b2_x65_e1_w15,1790894340000,1790894580000,LIGHT
focused_peak_b2_x65_e1_w15,1790894580000,1790894820000,DEEP
focused_peak_b2_x65_e1_w15,1790894820000,1790895180000,LIGHT
focused_peak_b2_x65_e1_w15,1790895180000,1790896320000,DEEP
focused_peak_b2_x65_e1_w15,1790896320000,1790896349427,LIGHT
focused_peak_b2_x65_e1_w10,1790875829427,1790880060000,LIGHT
focused_peak_b2_x65_e1_w10,1790880060000,1790881140000,DEEP
focused_peak_b2_x65_e1_w10,1790881140000,1790881320000,LIGHT
focused_peak_b2_x65_e1_w10,1790881320000,1790882100000,DEEP
focused_peak_b2_x65_e1_w10,1790882100000,1790885160000,LIGHT
focused_peak_b2_x65_e1_w10,1790885160000,1790885580000,DEEP
focused_peak_b2_x65_e1_w10,1790885580000,1790885820000,LIGHT
focused_peak_b2_x65_e1_w10,1790885820000,1790886120000,DEEP
focused_peak_b2_x65_e1_w10,1790886120000,1790886300000,LIGHT
focused_peak_b2_x65_e1_w10,1790886300000,1790890260000,DEEP
focused_peak_b2_x65_e1_w10,1790890260000,1790890560000,LIGHT
focused_peak_b2_x65_e1_w10,1790890560000,1790890800000,DEEP
focused_peak_b2_x65_e1_w10,1790890800000,1790890980000,LIGHT
focused_peak_b2_x65_e1_w10,1790890980000,1790891280000,DEEP
focused_peak_b2_x65_e1_w10,1790891280000,1790892900000,LIGHT
focused_peak_b2_x65_e1_w10,1790892900000,1790893320000,DEEP
focused_peak_b2_x65_e1_w10,1790893320000,1790893560000,LIGHT
focused_peak_b2_x65_e1_w10,1790893560000,1790894340000,DEEP
focused_peak_b2_x65_e1_w10,1790894340000,1790894580000,LIGHT
focused_peak_b2_x65_e1_w10,1790894580000,1790894820000,DEEP
focused_peak_b2_x65_e1_w10,1790894820000,1790895060000,LIGHT
focused_peak_b2_x65_e1_w10,1790895060000,1790896320000,DEEP
focused_peak_b2_x65_e1_w10,1790896320000,1790896349427,LIGHT
focused_peak_b2_x50_e3_w15,1790875829427,1790880180000,LIGHT
focused_peak_b2_x50_e3_w15,1790880180000,1790880360000,DEEP
focused_peak_b2_x50_e3_w15,1790880360000,1790880420000,LIGHT
focused_peak_b2_x50_e3_w15,1790880420000,1790880600000,DEEP
focused_peak_b2_x50_e3_w15,1790880600000,1790880660000,LIGHT
focused_peak_b2_x50_e3_w15,1790880660000,1790880840000,DEEP
focused_peak_b2_x50_e3_w15,1790880840000,1790880900000,LIGHT
focused_peak_b2_x50_e3_w15,1790880900000,1790881260000,DEEP
focused_peak_b2_x50_e3_w15,1790881260000,1790881320000,LIGHT
focused_peak_b2_x50_e3_w15,1790881320000,1790881500000,DEEP
focused_peak_b2_x50_e3_w15,1790881500000,1790881560000,LIGHT
focused_peak_b2_x50_e3_w15,1790881560000,1790881740000,DEEP
focused_peak_b2_x50_e3_w15,1790881740000,1790881800000,LIGHT
focused_peak_b2_x50_e3_w15,1790881800000,1790881980000,DEEP
focused_peak_b2_x50_e3_w15,1790881980000,1790885460000,LIGHT
focused_peak_b2_x50_e3_w15,1790885460000,1790885640000,DEEP
focused_peak_b2_x50_e3_w15,1790885640000,1790885820000,LIGHT
focused_peak_b2_x50_e3_w15,1790885820000,1790886240000,DEEP
focused_peak_b2_x50_e3_w15,1790886240000,1790886300000,LIGHT
focused_peak_b2_x50_e3_w15,1790886300000,1790889900000,DEEP
focused_peak_b2_x50_e3_w15,1790889900000,1790889960000,LIGHT
focused_peak_b2_x50_e3_w15,1790889960000,1790890380000,DEEP
focused_peak_b2_x50_e3_w15,1790890380000,1790890560000,LIGHT
focused_peak_b2_x50_e3_w15,1790890560000,1790890920000,DEEP
focused_peak_b2_x50_e3_w15,1790890920000,1790891040000,LIGHT
focused_peak_b2_x50_e3_w15,1790891040000,1790891400000,DEEP
focused_peak_b2_x50_e3_w15,1790891400000,1790893080000,LIGHT
focused_peak_b2_x50_e3_w15,1790893080000,1790893440000,DEEP
focused_peak_b2_x50_e3_w15,1790893440000,1790893560000,LIGHT
focused_peak_b2_x50_e3_w15,1790893560000,1790894460000,DEEP
focused_peak_b2_x50_e3_w15,1790894460000,1790894580000,LIGHT
focused_peak_b2_x50_e3_w15,1790894580000,1790894880000,DEEP
focused_peak_b2_x50_e3_w15,1790894880000,1790895180000,LIGHT
focused_peak_b2_x50_e3_w15,1790895180000,1790895360000,DEEP
focused_peak_b2_x50_e3_w15,1790895360000,1790895420000,LIGHT
focused_peak_b2_x50_e3_w15,1790895420000,1790895840000,DEEP
focused_peak_b2_x50_e3_w15,1790895840000,1790895900000,LIGHT
focused_peak_b2_x50_e3_w15,1790895900000,1790896320000,DEEP
focused_peak_b2_x50_e3_w15,1790896320000,1790896349427,LIGHT
focused_peak_b2_x50_e3_w10,1790875829427,1790879940000,LIGHT
focused_peak_b2_x50_e3_w10,1790879940000,1790880120000,DEEP
focused_peak_b2_x50_e3_w10,1790880120000,1790880180000,LIGHT
focused_peak_b2_x50_e3_w10,1790880180000,1790880360000,DEEP
focused_peak_b2_x50_e3_w10,1790880360000,1790880420000,LIGHT
focused_peak_b2_x50_e3_w10,1790880420000,1790880600000,DEEP
focused_peak_b2_x50_e3_w10,1790880600000,1790880660000,LIGHT
focused_peak_b2_x50_e3_w10,1790880660000,1790880840000,DEEP
focused_peak_b2_x50_e3_w10,1790880840000,1790880900000,LIGHT
focused_peak_b2_x50_e3_w10,1790880900000,1790881260000,DEEP
focused_peak_b2_x50_e3_w10,1790881260000,1790881320000,LIGHT
focused_peak_b2_x50_e3_w10,1790881320000,1790881500000,DEEP
focused_peak_b2_x50_e3_w10,1790881500000,1790881560000,LIGHT
focused_peak_b2_x50_e3_w10,1790881560000,1790881740000,DEEP
focused_peak_b2_x50_e3_w10,1790881740000,1790881800000,LIGHT
focused_peak_b2_x50_e3_w10,1790881800000,1790881980000,DEEP
focused_peak_b2_x50_e3_w10,1790881980000,1790885160000,LIGHT
focused_peak_b2_x50_e3_w10,1790885160000,1790885580000,DEEP
focused_peak_b2_x50_e3_w10,1790885580000,1790885820000,LIGHT
focused_peak_b2_x50_e3_w10,1790885820000,1790886240000,DEEP
focused_peak_b2_x50_e3_w10,1790886240000,1790886300000,LIGHT
focused_peak_b2_x50_e3_w10,1790886300000,1790889900000,DEEP
focused_peak_b2_x50_e3_w10,1790889900000,1790889960000,LIGHT
focused_peak_b2_x50_e3_w10,1790889960000,1790890380000,DEEP
focused_peak_b2_x50_e3_w10,1790890380000,1790890560000,LIGHT
focused_peak_b2_x50_e3_w10,1790890560000,1790890920000,DEEP
focused_peak_b2_x50_e3_w10,1790890920000,1790890980000,LIGHT
focused_peak_b2_x50_e3_w10,1790890980000,1790891400000,DEEP
focused_peak_b2_x50_e3_w10,1790891400000,1790892900000,LIGHT
focused_peak_b2_x50_e3_w10,1790892900000,1790893440000,DEEP
focused_peak_b2_x50_e3_w10,1790893440000,1790893560000,LIGHT
focused_peak_b2_x50_e3_w10,1790893560000,1790894460000,DEEP
focused_peak_b2_x50_e3_w10,1790894460000,1790894580000,LIGHT
focused_peak_b2_x50_e3_w10,1790894580000,1790894880000,DEEP
focused_peak_b2_x50_e3_w10,1790894880000,1790895060000,LIGHT
focused_peak_b2_x50_e3_w10,1790895060000,1790895240000,DEEP
focused_peak_b2_x50_e3_w10,1790895240000,1790895300000,LIGHT
focused_peak_b2_x50_e3_w10,1790895300000,1790895840000,DEEP
focused_peak_b2_x50_e3_w10,1790895840000,1790895900000,LIGHT
focused_peak_b2_x50_e3_w10,1790895900000,1790896320000,DEEP
focused_peak_b2_x50_e3_w10,1790896320000,1790896349427,LIGHT
focused_peak_b2_x50_e2_w15,1790875829427,1790880180000,LIGHT
focused_peak_b2_x50_e2_w15,1790880180000,1790880300000,DEEP
focused_peak_b2_x50_e2_w15,1790880300000,1790880360000,LIGHT
focused_peak_b2_x50_e2_w15,1790880360000,1790880480000,DEEP
focused_peak_b2_x50_e2_w15,1790880480000,1790880540000,LIGHT
focused_peak_b2_x50_e2_w15,1790880540000,1790880660000,DEEP
focused_peak_b2_x50_e2_w15,1790880660000,1790880720000,LIGHT
focused_peak_b2_x50_e2_w15,1790880720000,1790880840000,DEEP
focused_peak_b2_x50_e2_w15,1790880840000,1790880900000,LIGHT
focused_peak_b2_x50_e2_w15,1790880900000,1790881200000,DEEP
focused_peak_b2_x50_e2_w15,1790881200000,1790881260000,LIGHT
focused_peak_b2_x50_e2_w15,1790881260000,1790881380000,DEEP
focused_peak_b2_x50_e2_w15,1790881380000,1790881440000,LIGHT
focused_peak_b2_x50_e2_w15,1790881440000,1790881560000,DEEP
focused_peak_b2_x50_e2_w15,1790881560000,1790881620000,LIGHT
focused_peak_b2_x50_e2_w15,1790881620000,1790881740000,DEEP
focused_peak_b2_x50_e2_w15,1790881740000,1790881800000,LIGHT
focused_peak_b2_x50_e2_w15,1790881800000,1790881920000,DEEP
focused_peak_b2_x50_e2_w15,1790881920000,1790881980000,LIGHT
focused_peak_b2_x50_e2_w15,1790881980000,1790882100000,DEEP
focused_peak_b2_x50_e2_w15,1790882100000,1790885460000,LIGHT
focused_peak_b2_x50_e2_w15,1790885460000,1790885580000,DEEP
focused_peak_b2_x50_e2_w15,1790885580000,1790885820000,LIGHT
focused_peak_b2_x50_e2_w15,1790885820000,1790886180000,DEEP
focused_peak_b2_x50_e2_w15,1790886180000,1790886300000,LIGHT
focused_peak_b2_x50_e2_w15,1790886300000,1790889840000,DEEP
focused_peak_b2_x50_e2_w15,1790889840000,1790889900000,LIGHT
focused_peak_b2_x50_e2_w15,1790889900000,1790890320000,DEEP
focused_peak_b2_x50_e2_w15,1790890320000,1790890560000,LIGHT
focused_peak_b2_x50_e2_w15,1790890560000,1790890860000,DEEP
focused_peak_b2_x50_e2_w15,1790890860000,1790891040000,LIGHT
focused_peak_b2_x50_e2_w15,1790891040000,1790891340000,DEEP
focused_peak_b2_x50_e2_w15,1790891340000,1790893080000,LIGHT
focused_peak_b2_x50_e2_w15,1790893080000,1790893380000,DEEP
focused_peak_b2_x50_e2_w15,1790893380000,1790893560000,LIGHT
focused_peak_b2_x50_e2_w15,1790893560000,1790894400000,DEEP
focused_peak_b2_x50_e2_w15,1790894400000,1790894580000,LIGHT
focused_peak_b2_x50_e2_w15,1790894580000,1790894820000,DEEP
focused_peak_b2_x50_e2_w15,1790894820000,1790895180000,LIGHT
focused_peak_b2_x50_e2_w15,1790895180000,1790895300000,DEEP
focused_peak_b2_x50_e2_w15,1790895300000,1790895360000,LIGHT
focused_peak_b2_x50_e2_w15,1790895360000,1790895780000,DEEP
focused_peak_b2_x50_e2_w15,1790895780000,1790895840000,LIGHT
focused_peak_b2_x50_e2_w15,1790895840000,1790895960000,DEEP
focused_peak_b2_x50_e2_w15,1790895960000,1790896020000,LIGHT
focused_peak_b2_x50_e2_w15,1790896020000,1790896320000,DEEP
focused_peak_b2_x50_e2_w15,1790896320000,1790896349427,LIGHT
focused_peak_b2_x50_e2_w10,1790875829427,1790879940000,LIGHT
focused_peak_b2_x50_e2_w10,1790879940000,1790880060000,DEEP
focused_peak_b2_x50_e2_w10,1790880060000,1790880120000,LIGHT
focused_peak_b2_x50_e2_w10,1790880120000,1790880240000,DEEP
focused_peak_b2_x50_e2_w10,1790880240000,1790880300000,LIGHT
focused_peak_b2_x50_e2_w10,1790880300000,1790880420000,DEEP
focused_peak_b2_x50_e2_w10,1790880420000,1790880480000,LIGHT
focused_peak_b2_x50_e2_w10,1790880480000,1790880600000,DEEP
focused_peak_b2_x50_e2_w10,1790880600000,1790880660000,LIGHT
focused_peak_b2_x50_e2_w10,1790880660000,1790880780000,DEEP
focused_peak_b2_x50_e2_w10,1790880780000,1790880840000,LIGHT
focused_peak_b2_x50_e2_w10,1790880840000,1790881200000,DEEP
focused_peak_b2_x50_e2_w10,1790881200000,1790881260000,LIGHT
focused_peak_b2_x50_e2_w10,1790881260000,1790881380000,DEEP
focused_peak_b2_x50_e2_w10,1790881380000,1790881440000,LIGHT
focused_peak_b2_x50_e2_w10,1790881440000,1790881560000,DEEP
focused_peak_b2_x50_e2_w10,1790881560000,1790881620000,LIGHT
focused_peak_b2_x50_e2_w10,1790881620000,1790881740000,DEEP
focused_peak_b2_x50_e2_w10,1790881740000,1790881800000,LIGHT
focused_peak_b2_x50_e2_w10,1790881800000,1790881920000,DEEP
focused_peak_b2_x50_e2_w10,1790881920000,1790881980000,LIGHT
focused_peak_b2_x50_e2_w10,1790881980000,1790882100000,DEEP
focused_peak_b2_x50_e2_w10,1790882100000,1790885160000,LIGHT
focused_peak_b2_x50_e2_w10,1790885160000,1790885520000,DEEP
focused_peak_b2_x50_e2_w10,1790885520000,1790885820000,LIGHT
focused_peak_b2_x50_e2_w10,1790885820000,1790886180000,DEEP
focused_peak_b2_x50_e2_w10,1790886180000,1790886300000,LIGHT
focused_peak_b2_x50_e2_w10,1790886300000,1790889840000,DEEP
focused_peak_b2_x50_e2_w10,1790889840000,1790889900000,LIGHT
focused_peak_b2_x50_e2_w10,1790889900000,1790890320000,DEEP
focused_peak_b2_x50_e2_w10,1790890320000,1790890560000,LIGHT
focused_peak_b2_x50_e2_w10,1790890560000,1790890860000,DEEP
focused_peak_b2_x50_e2_w10,1790890860000,1790890920000,LIGHT
focused_peak_b2_x50_e2_w10,1790890920000,1790891340000,DEEP
focused_peak_b2_x50_e2_w10,1790891340000,1790892900000,LIGHT
focused_peak_b2_x50_e2_w10,1790892900000,1790893380000,DEEP
focused_peak_b2_x50_e2_w10,1790893380000,1790893560000,LIGHT
focused_peak_b2_x50_e2_w10,1790893560000,1790894400000,DEEP
focused_peak_b2_x50_e2_w10,1790894400000,1790894580000,LIGHT
focused_peak_b2_x50_e2_w10,1790894580000,1790894820000,DEEP
focused_peak_b2_x50_e2_w10,1790894820000,1790895060000,LIGHT
focused_peak_b2_x50_e2_w10,1790895060000,1790895180000,DEEP
focused_peak_b2_x50_e2_w10,1790895180000,1790895240000,LIGHT
focused_peak_b2_x50_e2_w10,1790895240000,1790895360000,DEEP
focused_peak_b2_x50_e2_w10,1790895360000,1790895420000,LIGHT
focused_peak_b2_x50_e2_w10,1790895420000,1790895780000,DEEP
focused_peak_b2_x50_e2_w10,1790895780000,1790895840000,LIGHT
focused_peak_b2_x50_e2_w10,1790895840000,1790895960000,DEEP
focused_peak_b2_x50_e2_w10,1790895960000,1790896020000,LIGHT
focused_peak_b2_x50_e2_w10,1790896020000,1790896320000,DEEP
focused_peak_b2_x50_e2_w10,1790896320000,1790896349427,LIGHT
focused_peak_b2_x50_e1_w15,1790875829427,1790881020000,LIGHT
focused_peak_b2_x50_e1_w15,1790881020000,1790881140000,DEEP
focused_peak_b2_x50_e1_w15,1790881140000,1790885820000,LIGHT
focused_peak_b2_x50_e1_w15,1790885820000,1790886120000,DEEP
focused_peak_b2_x50_e1_w15,1790886120000,1790886420000,LIGHT
focused_peak_b2_x50_e1_w15,1790886420000,1790889780000,DEEP
focused_peak_b2_x50_e1_w15,1790889780000,1790890020000,LIGHT
focused_peak_b2_x50_e1_w15,1790890020000,1790890260000,DEEP
focused_peak_b2_x50_e1_w15,1790890260000,1790890560000,LIGHT
focused_peak_b2_x50_e1_w15,1790890560000,1790890800000,DEEP
focused_peak_b2_x50_e1_w15,1790890800000,1790891040000,LIGHT
focused_peak_b2_x50_e1_w15,1790891040000,1790891280000,DEEP
focused_peak_b2_x50_e1_w15,1790891280000,1790893080000,LIGHT
focused_peak_b2_x50_e1_w15,1790893080000,1790893320000,DEEP
focused_peak_b2_x50_e1_w15,1790893320000,1790893560000,LIGHT
focused_peak_b2_x50_e1_w15,1790893560000,1790894340000,DEEP
focused_peak_b2_x50_e1_w15,1790894340000,1790894580000,LIGHT
focused_peak_b2_x50_e1_w15,1790894580000,1790894760000,DEEP
focused_peak_b2_x50_e1_w15,1790894760000,1790895420000,LIGHT
focused_peak_b2_x50_e1_w15,1790895420000,1790895720000,DEEP
focused_peak_b2_x50_e1_w15,1790895720000,1790896020000,LIGHT
focused_peak_b2_x50_e1_w15,1790896020000,1790896320000,DEEP
focused_peak_b2_x50_e1_w15,1790896320000,1790896349427,LIGHT
focused_peak_b2_x50_e1_w10,1790875829427,1790881020000,LIGHT
focused_peak_b2_x50_e1_w10,1790881020000,1790881140000,DEEP
focused_peak_b2_x50_e1_w10,1790881140000,1790885160000,LIGHT
focused_peak_b2_x50_e1_w10,1790885160000,1790885460000,DEEP
focused_peak_b2_x50_e1_w10,1790885460000,1790885820000,LIGHT
focused_peak_b2_x50_e1_w10,1790885820000,1790886120000,DEEP
focused_peak_b2_x50_e1_w10,1790886120000,1790886420000,LIGHT
focused_peak_b2_x50_e1_w10,1790886420000,1790889780000,DEEP
focused_peak_b2_x50_e1_w10,1790889780000,1790890020000,LIGHT
focused_peak_b2_x50_e1_w10,1790890020000,1790890260000,DEEP
focused_peak_b2_x50_e1_w10,1790890260000,1790890560000,LIGHT
focused_peak_b2_x50_e1_w10,1790890560000,1790890800000,DEEP
focused_peak_b2_x50_e1_w10,1790890800000,1790890980000,LIGHT
focused_peak_b2_x50_e1_w10,1790890980000,1790891280000,DEEP
focused_peak_b2_x50_e1_w10,1790891280000,1790892900000,LIGHT
focused_peak_b2_x50_e1_w10,1790892900000,1790893320000,DEEP
focused_peak_b2_x50_e1_w10,1790893320000,1790893560000,LIGHT
focused_peak_b2_x50_e1_w10,1790893560000,1790894340000,DEEP
focused_peak_b2_x50_e1_w10,1790894340000,1790894580000,LIGHT
focused_peak_b2_x50_e1_w10,1790894580000,1790894760000,DEEP
focused_peak_b2_x50_e1_w10,1790894760000,1790895420000,LIGHT
focused_peak_b2_x50_e1_w10,1790895420000,1790895720000,DEEP
focused_peak_b2_x50_e1_w10,1790895720000,1790896020000,LIGHT
focused_peak_b2_x50_e1_w10,1790896020000,1790896320000,DEEP
focused_peak_b2_x50_e1_w10,1790896320000,1790896349427,LIGHT
focused_composite_b10_x70_e3_w15,1790875829427,1790880180000,LIGHT
focused_composite_b10_x70_e3_w15,1790880180000,1790881260000,DEEP
focused_composite_b10_x70_e3_w15,1790881260000,1790881380000,LIGHT
focused_composite_b10_x70_e3_w15,1790881380000,1790882100000,DEEP
focused_composite_b10_x70_e3_w15,1790882100000,1790886300000,LIGHT
focused_composite_b10_x70_e3_w15,1790886300000,1790889840000,DEEP
focused_composite_b10_x70_e3_w15,1790889840000,1790893560000,LIGHT
focused_composite_b10_x70_e3_w15,1790893560000,1790894460000,DEEP
focused_composite_b10_x70_e3_w15,1790894460000,1790895180000,LIGHT
focused_composite_b10_x70_e3_w15,1790895180000,1790896320000,DEEP
focused_composite_b10_x70_e3_w15,1790896320000,1790896349427,LIGHT
focused_composite_b10_x70_e3_w10,1790875829427,1790880360000,LIGHT
focused_composite_b10_x70_e3_w10,1790880360000,1790881260000,DEEP
focused_composite_b10_x70_e3_w10,1790881260000,1790886300000,LIGHT
focused_composite_b10_x70_e3_w10,1790886300000,1790889840000,DEEP
focused_composite_b10_x70_e3_w10,1790889840000,1790893560000,LIGHT
focused_composite_b10_x70_e3_w10,1790893560000,1790894460000,DEEP
focused_composite_b10_x70_e3_w10,1790894460000,1790895420000,LIGHT
focused_composite_b10_x70_e3_w10,1790895420000,1790896320000,DEEP
focused_composite_b10_x70_e3_w10,1790896320000,1790896349427,LIGHT
focused_composite_b10_x70_e2_w15,1790875829427,1790880180000,LIGHT
focused_composite_b10_x70_e2_w15,1790880180000,1790881200000,DEEP
focused_composite_b10_x70_e2_w15,1790881200000,1790881380000,LIGHT
focused_composite_b10_x70_e2_w15,1790881380000,1790882100000,DEEP
focused_composite_b10_x70_e2_w15,1790882100000,1790886300000,LIGHT
focused_composite_b10_x70_e2_w15,1790886300000,1790889840000,DEEP
focused_composite_b10_x70_e2_w15,1790889840000,1790893560000,LIGHT
focused_composite_b10_x70_e2_w15,1790893560000,1790894400000,DEEP
focused_composite_b10_x70_e2_w15,1790894400000,1790895180000,LIGHT
focused_composite_b10_x70_e2_w15,1790895180000,1790896320000,DEEP
focused_composite_b10_x70_e2_w15,1790896320000,1790896349427,LIGHT
focused_composite_b10_x70_e2_w10,1790875829427,1790880360000,LIGHT
focused_composite_b10_x70_e2_w10,1790880360000,1790881200000,DEEP
focused_composite_b10_x70_e2_w10,1790881200000,1790886300000,LIGHT
focused_composite_b10_x70_e2_w10,1790886300000,1790889840000,DEEP
focused_composite_b10_x70_e2_w10,1790889840000,1790893560000,LIGHT
focused_composite_b10_x70_e2_w10,1790893560000,1790894400000,DEEP
focused_composite_b10_x70_e2_w10,1790894400000,1790895420000,LIGHT
focused_composite_b10_x70_e2_w10,1790895420000,1790896320000,DEEP
focused_composite_b10_x70_e2_w10,1790896320000,1790896349427,LIGHT
focused_composite_b10_x70_e1_w15,1790875829427,1790880180000,LIGHT
focused_composite_b10_x70_e1_w15,1790880180000,1790881140000,DEEP
focused_composite_b10_x70_e1_w15,1790881140000,1790881380000,LIGHT
focused_composite_b10_x70_e1_w15,1790881380000,1790882100000,DEEP
focused_composite_b10_x70_e1_w15,1790882100000,1790886300000,LIGHT
focused_composite_b10_x70_e1_w15,1790886300000,1790889840000,DEEP
focused_composite_b10_x70_e1_w15,1790889840000,1790893560000,LIGHT
focused_composite_b10_x70_e1_w15,1790893560000,1790894340000,DEEP
focused_composite_b10_x70_e1_w15,1790894340000,1790895180000,LIGHT
focused_composite_b10_x70_e1_w15,1790895180000,1790896320000,DEEP
focused_composite_b10_x70_e1_w15,1790896320000,1790896349427,LIGHT
focused_composite_b10_x70_e1_w10,1790875829427,1790880360000,LIGHT
focused_composite_b10_x70_e1_w10,1790880360000,1790881140000,DEEP
focused_composite_b10_x70_e1_w10,1790881140000,1790886300000,LIGHT
focused_composite_b10_x70_e1_w10,1790886300000,1790889840000,DEEP
focused_composite_b10_x70_e1_w10,1790889840000,1790893560000,LIGHT
focused_composite_b10_x70_e1_w10,1790893560000,1790894340000,DEEP
focused_composite_b10_x70_e1_w10,1790894340000,1790895420000,LIGHT
focused_composite_b10_x70_e1_w10,1790895420000,1790896320000,DEEP
focused_composite_b10_x70_e1_w10,1790896320000,1790896349427,LIGHT
focused_composite_b10_x65_e3_w15,1790875829427,1790880180000,LIGHT
focused_composite_b10_x65_e3_w15,1790880180000,1790881260000,DEEP
focused_composite_b10_x65_e3_w15,1790881260000,1790886300000,LIGHT
focused_composite_b10_x65_e3_w15,1790886300000,1790889840000,DEEP
focused_composite_b10_x65_e3_w15,1790889840000,1790893560000,LIGHT
focused_composite_b10_x65_e3_w15,1790893560000,1790894460000,DEEP
focused_composite_b10_x65_e3_w15,1790894460000,1790895180000,LIGHT
focused_composite_b10_x65_e3_w15,1790895180000,1790896320000,DEEP
focused_composite_b10_x65_e3_w15,1790896320000,1790896349427,LIGHT
focused_composite_b10_x65_e3_w10,1790875829427,1790880360000,LIGHT
focused_composite_b10_x65_e3_w10,1790880360000,1790881260000,DEEP
focused_composite_b10_x65_e3_w10,1790881260000,1790886300000,LIGHT
focused_composite_b10_x65_e3_w10,1790886300000,1790889840000,DEEP
focused_composite_b10_x65_e3_w10,1790889840000,1790893560000,LIGHT
focused_composite_b10_x65_e3_w10,1790893560000,1790894460000,DEEP
focused_composite_b10_x65_e3_w10,1790894460000,1790895420000,LIGHT
focused_composite_b10_x65_e3_w10,1790895420000,1790896320000,DEEP
focused_composite_b10_x65_e3_w10,1790896320000,1790896349427,LIGHT
focused_composite_b10_x65_e2_w15,1790875829427,1790880180000,LIGHT
focused_composite_b10_x65_e2_w15,1790880180000,1790881200000,DEEP
focused_composite_b10_x65_e2_w15,1790881200000,1790886300000,LIGHT
focused_composite_b10_x65_e2_w15,1790886300000,1790889840000,DEEP
focused_composite_b10_x65_e2_w15,1790889840000,1790893560000,LIGHT
focused_composite_b10_x65_e2_w15,1790893560000,1790894400000,DEEP
focused_composite_b10_x65_e2_w15,1790894400000,1790895180000,LIGHT
focused_composite_b10_x65_e2_w15,1790895180000,1790896320000,DEEP
focused_composite_b10_x65_e2_w15,1790896320000,1790896349427,LIGHT
focused_composite_b10_x65_e2_w10,1790875829427,1790880360000,LIGHT
focused_composite_b10_x65_e2_w10,1790880360000,1790881200000,DEEP
focused_composite_b10_x65_e2_w10,1790881200000,1790886300000,LIGHT
focused_composite_b10_x65_e2_w10,1790886300000,1790889840000,DEEP
focused_composite_b10_x65_e2_w10,1790889840000,1790893560000,LIGHT
focused_composite_b10_x65_e2_w10,1790893560000,1790894400000,DEEP
focused_composite_b10_x65_e2_w10,1790894400000,1790895420000,LIGHT
focused_composite_b10_x65_e2_w10,1790895420000,1790896320000,DEEP
focused_composite_b10_x65_e2_w10,1790896320000,1790896349427,LIGHT
focused_composite_b10_x65_e1_w15,1790875829427,1790880180000,LIGHT
focused_composite_b10_x65_e1_w15,1790880180000,1790881140000,DEEP
focused_composite_b10_x65_e1_w15,1790881140000,1790886300000,LIGHT
focused_composite_b10_x65_e1_w15,1790886300000,1790889840000,DEEP
focused_composite_b10_x65_e1_w15,1790889840000,1790893560000,LIGHT
focused_composite_b10_x65_e1_w15,1790893560000,1790894340000,DEEP
focused_composite_b10_x65_e1_w15,1790894340000,1790895180000,LIGHT
focused_composite_b10_x65_e1_w15,1790895180000,1790896320000,DEEP
focused_composite_b10_x65_e1_w15,1790896320000,1790896349427,LIGHT
focused_composite_b10_x65_e1_w10,1790875829427,1790880360000,LIGHT
focused_composite_b10_x65_e1_w10,1790880360000,1790881140000,DEEP
focused_composite_b10_x65_e1_w10,1790881140000,1790886300000,LIGHT
focused_composite_b10_x65_e1_w10,1790886300000,1790889840000,DEEP
focused_composite_b10_x65_e1_w10,1790889840000,1790893560000,LIGHT
focused_composite_b10_x65_e1_w10,1790893560000,1790894340000,DEEP
focused_composite_b10_x65_e1_w10,1790894340000,1790895420000,LIGHT
focused_composite_b10_x65_e1_w10,1790895420000,1790896320000,DEEP
focused_composite_b10_x65_e1_w10,1790896320000,1790896349427,LIGHT
focused_composite_b10_x50_e3_w15,1790875829427,1790886300000,LIGHT
focused_composite_b10_x50_e3_w15,1790886300000,1790889840000,DEEP
focused_composite_b10_x50_e3_w15,1790889840000,1790893560000,LIGHT
focused_composite_b10_x50_e3_w15,1790893560000,1790894460000,DEEP
focused_composite_b10_x50_e3_w15,1790894460000,1790896349427,LIGHT
focused_composite_b10_x50_e3_w10,1790875829427,1790886300000,LIGHT
focused_composite_b10_x50_e3_w10,1790886300000,1790889840000,DEEP
focused_composite_b10_x50_e3_w10,1790889840000,1790893560000,LIGHT
focused_composite_b10_x50_e3_w10,1790893560000,1790894460000,DEEP
focused_composite_b10_x50_e3_w10,1790894460000,1790896349427,LIGHT
focused_composite_b10_x50_e2_w15,1790875829427,1790886300000,LIGHT
focused_composite_b10_x50_e2_w15,1790886300000,1790889780000,DEEP
focused_composite_b10_x50_e2_w15,1790889780000,1790893560000,LIGHT
focused_composite_b10_x50_e2_w15,1790893560000,1790894400000,DEEP
focused_composite_b10_x50_e2_w15,1790894400000,1790896349427,LIGHT
focused_composite_b10_x50_e2_w10,1790875829427,1790886300000,LIGHT
focused_composite_b10_x50_e2_w10,1790886300000,1790889780000,DEEP
focused_composite_b10_x50_e2_w10,1790889780000,1790893560000,LIGHT
focused_composite_b10_x50_e2_w10,1790893560000,1790894400000,DEEP
focused_composite_b10_x50_e2_w10,1790894400000,1790896349427,LIGHT
focused_composite_b10_x50_e1_w15,1790875829427,1790886420000,LIGHT
focused_composite_b10_x50_e1_w15,1790886420000,1790889720000,DEEP
focused_composite_b10_x50_e1_w15,1790889720000,1790893560000,LIGHT
focused_composite_b10_x50_e1_w15,1790893560000,1790894340000,DEEP
focused_composite_b10_x50_e1_w15,1790894340000,1790896349427,LIGHT
focused_composite_b10_x50_e1_w10,1790875829427,1790886420000,LIGHT
focused_composite_b10_x50_e1_w10,1790886420000,1790889720000,DEEP
focused_composite_b10_x50_e1_w10,1790889720000,1790893560000,LIGHT
focused_composite_b10_x50_e1_w10,1790893560000,1790894340000,DEEP
focused_composite_b10_x50_e1_w10,1790894340000,1790896349427,LIGHT
focused_composite_b5_x70_e3_w15,1790875829427,1790880180000,LIGHT
focused_composite_b5_x70_e3_w15,1790880180000,1790881260000,DEEP
focused_composite_b5_x70_e3_w15,1790881260000,1790881380000,LIGHT
focused_composite_b5_x70_e3_w15,1790881380000,1790882100000,DEEP
focused_composite_b5_x70_e3_w15,1790882100000,1790885820000,LIGHT
focused_composite_b5_x70_e3_w15,1790885820000,1790886240000,DEEP
focused_composite_b5_x70_e3_w15,1790886240000,1790886300000,LIGHT
focused_composite_b5_x70_e3_w15,1790886300000,1790889840000,DEEP
focused_composite_b5_x70_e3_w15,1790889840000,1790893080000,LIGHT
focused_composite_b5_x70_e3_w15,1790893080000,1790893440000,DEEP
focused_composite_b5_x70_e3_w15,1790893440000,1790893560000,LIGHT
focused_composite_b5_x70_e3_w15,1790893560000,1790894460000,DEEP
focused_composite_b5_x70_e3_w15,1790894460000,1790894580000,LIGHT
focused_composite_b5_x70_e3_w15,1790894580000,1790894940000,DEEP
focused_composite_b5_x70_e3_w15,1790894940000,1790895180000,LIGHT
focused_composite_b5_x70_e3_w15,1790895180000,1790896320000,DEEP
focused_composite_b5_x70_e3_w15,1790896320000,1790896349427,LIGHT
focused_composite_b5_x70_e3_w10,1790875829427,1790880360000,LIGHT
focused_composite_b5_x70_e3_w10,1790880360000,1790881260000,DEEP
focused_composite_b5_x70_e3_w10,1790881260000,1790881800000,LIGHT
focused_composite_b5_x70_e3_w10,1790881800000,1790882100000,DEEP
focused_composite_b5_x70_e3_w10,1790882100000,1790885160000,LIGHT
focused_composite_b5_x70_e3_w10,1790885160000,1790885700000,DEEP
focused_composite_b5_x70_e3_w10,1790885700000,1790885820000,LIGHT
focused_composite_b5_x70_e3_w10,1790885820000,1790886240000,DEEP
focused_composite_b5_x70_e3_w10,1790886240000,1790886300000,LIGHT
focused_composite_b5_x70_e3_w10,1790886300000,1790889840000,DEEP
focused_composite_b5_x70_e3_w10,1790889840000,1790892900000,LIGHT
focused_composite_b5_x70_e3_w10,1790892900000,1790893440000,DEEP
focused_composite_b5_x70_e3_w10,1790893440000,1790893560000,LIGHT
focused_composite_b5_x70_e3_w10,1790893560000,1790894460000,DEEP
focused_composite_b5_x70_e3_w10,1790894460000,1790894580000,LIGHT
focused_composite_b5_x70_e3_w10,1790894580000,1790894940000,DEEP
focused_composite_b5_x70_e3_w10,1790894940000,1790895420000,LIGHT
focused_composite_b5_x70_e3_w10,1790895420000,1790896320000,DEEP
focused_composite_b5_x70_e3_w10,1790896320000,1790896349427,LIGHT
focused_composite_b5_x70_e2_w15,1790875829427,1790880180000,LIGHT
focused_composite_b5_x70_e2_w15,1790880180000,1790881200000,DEEP
focused_composite_b5_x70_e2_w15,1790881200000,1790881380000,LIGHT
focused_composite_b5_x70_e2_w15,1790881380000,1790882100000,DEEP
focused_composite_b5_x70_e2_w15,1790882100000,1790885820000,LIGHT
focused_composite_b5_x70_e2_w15,1790885820000,1790886180000,DEEP
focused_composite_b5_x70_e2_w15,1790886180000,1790886300000,LIGHT
focused_composite_b5_x70_e2_w15,1790886300000,1790889840000,DEEP
focused_composite_b5_x70_e2_w15,1790889840000,1790893080000,LIGHT
focused_composite_b5_x70_e2_w15,1790893080000,1790893380000,DEEP
focused_composite_b5_x70_e2_w15,1790893380000,1790893560000,LIGHT
focused_composite_b5_x70_e2_w15,1790893560000,1790894400000,DEEP
focused_composite_b5_x70_e2_w15,1790894400000,1790894580000,LIGHT
focused_composite_b5_x70_e2_w15,1790894580000,1790894880000,DEEP
focused_composite_b5_x70_e2_w15,1790894880000,1790895180000,LIGHT
focused_composite_b5_x70_e2_w15,1790895180000,1790896320000,DEEP
focused_composite_b5_x70_e2_w15,1790896320000,1790896349427,LIGHT
focused_composite_b5_x70_e2_w10,1790875829427,1790880360000,LIGHT
focused_composite_b5_x70_e2_w10,1790880360000,1790881200000,DEEP
focused_composite_b5_x70_e2_w10,1790881200000,1790881800000,LIGHT
focused_composite_b5_x70_e2_w10,1790881800000,1790882100000,DEEP
focused_composite_b5_x70_e2_w10,1790882100000,1790885160000,LIGHT
focused_composite_b5_x70_e2_w10,1790885160000,1790885640000,DEEP
focused_composite_b5_x70_e2_w10,1790885640000,1790885820000,LIGHT
focused_composite_b5_x70_e2_w10,1790885820000,1790886180000,DEEP
focused_composite_b5_x70_e2_w10,1790886180000,1790886300000,LIGHT
focused_composite_b5_x70_e2_w10,1790886300000,1790889840000,DEEP
focused_composite_b5_x70_e2_w10,1790889840000,1790892900000,LIGHT
focused_composite_b5_x70_e2_w10,1790892900000,1790893380000,DEEP
focused_composite_b5_x70_e2_w10,1790893380000,1790893560000,LIGHT
focused_composite_b5_x70_e2_w10,1790893560000,1790894400000,DEEP
focused_composite_b5_x70_e2_w10,1790894400000,1790894580000,LIGHT
focused_composite_b5_x70_e2_w10,1790894580000,1790894880000,DEEP
focused_composite_b5_x70_e2_w10,1790894880000,1790895420000,LIGHT
focused_composite_b5_x70_e2_w10,1790895420000,1790896320000,DEEP
focused_composite_b5_x70_e2_w10,1790896320000,1790896349427,LIGHT
focused_composite_b5_x70_e1_w15,1790875829427,1790880180000,LIGHT
focused_composite_b5_x70_e1_w15,1790880180000,1790881140000,DEEP
focused_composite_b5_x70_e1_w15,1790881140000,1790881380000,LIGHT
focused_composite_b5_x70_e1_w15,1790881380000,1790882100000,DEEP
focused_composite_b5_x70_e1_w15,1790882100000,1790885820000,LIGHT
focused_composite_b5_x70_e1_w15,1790885820000,1790886120000,DEEP
focused_composite_b5_x70_e1_w15,1790886120000,1790886300000,LIGHT
focused_composite_b5_x70_e1_w15,1790886300000,1790889840000,DEEP
focused_composite_b5_x70_e1_w15,1790889840000,1790893560000,LIGHT
focused_composite_b5_x70_e1_w15,1790893560000,1790894340000,DEEP
focused_composite_b5_x70_e1_w15,1790894340000,1790895180000,LIGHT
focused_composite_b5_x70_e1_w15,1790895180000,1790896320000,DEEP
focused_composite_b5_x70_e1_w15,1790896320000,1790896349427,LIGHT
focused_composite_b5_x70_e1_w10,1790875829427,1790880360000,LIGHT
focused_composite_b5_x70_e1_w10,1790880360000,1790881140000,DEEP
focused_composite_b5_x70_e1_w10,1790881140000,1790881800000,LIGHT
focused_composite_b5_x70_e1_w10,1790881800000,1790882100000,DEEP
focused_composite_b5_x70_e1_w10,1790882100000,1790885160000,LIGHT
focused_composite_b5_x70_e1_w10,1790885160000,1790885580000,DEEP
focused_composite_b5_x70_e1_w10,1790885580000,1790885820000,LIGHT
focused_composite_b5_x70_e1_w10,1790885820000,1790886120000,DEEP
focused_composite_b5_x70_e1_w10,1790886120000,1790886300000,LIGHT
focused_composite_b5_x70_e1_w10,1790886300000,1790889840000,DEEP
focused_composite_b5_x70_e1_w10,1790889840000,1790892900000,LIGHT
focused_composite_b5_x70_e1_w10,1790892900000,1790893320000,DEEP
focused_composite_b5_x70_e1_w10,1790893320000,1790893560000,LIGHT
focused_composite_b5_x70_e1_w10,1790893560000,1790894340000,DEEP
focused_composite_b5_x70_e1_w10,1790894340000,1790895420000,LIGHT
focused_composite_b5_x70_e1_w10,1790895420000,1790896320000,DEEP
focused_composite_b5_x70_e1_w10,1790896320000,1790896349427,LIGHT
focused_composite_b5_x65_e3_w15,1790875829427,1790880180000,LIGHT
focused_composite_b5_x65_e3_w15,1790880180000,1790881260000,DEEP
focused_composite_b5_x65_e3_w15,1790881260000,1790885820000,LIGHT
focused_composite_b5_x65_e3_w15,1790885820000,1790886240000,DEEP
focused_composite_b5_x65_e3_w15,1790886240000,1790886300000,LIGHT
focused_composite_b5_x65_e3_w15,1790886300000,1790889840000,DEEP
focused_composite_b5_x65_e3_w15,1790889840000,1790893080000,LIGHT
focused_composite_b5_x65_e3_w15,1790893080000,1790893440000,DEEP
focused_composite_b5_x65_e3_w15,1790893440000,1790893560000,LIGHT
focused_composite_b5_x65_e3_w15,1790893560000,1790894460000,DEEP
focused_composite_b5_x65_e3_w15,1790894460000,1790894580000,LIGHT
focused_composite_b5_x65_e3_w15,1790894580000,1790894940000,DEEP
focused_composite_b5_x65_e3_w15,1790894940000,1790895180000,LIGHT
focused_composite_b5_x65_e3_w15,1790895180000,1790896320000,DEEP
focused_composite_b5_x65_e3_w15,1790896320000,1790896349427,LIGHT
focused_composite_b5_x65_e3_w10,1790875829427,1790880360000,LIGHT
focused_composite_b5_x65_e3_w10,1790880360000,1790881260000,DEEP
focused_composite_b5_x65_e3_w10,1790881260000,1790881800000,LIGHT
focused_composite_b5_x65_e3_w10,1790881800000,1790882100000,DEEP
focused_composite_b5_x65_e3_w10,1790882100000,1790885160000,LIGHT
focused_composite_b5_x65_e3_w10,1790885160000,1790885580000,DEEP
focused_composite_b5_x65_e3_w10,1790885580000,1790885820000,LIGHT
focused_composite_b5_x65_e3_w10,1790885820000,1790886240000,DEEP
focused_composite_b5_x65_e3_w10,1790886240000,1790886300000,LIGHT
focused_composite_b5_x65_e3_w10,1790886300000,1790889840000,DEEP
focused_composite_b5_x65_e3_w10,1790889840000,1790892900000,LIGHT
focused_composite_b5_x65_e3_w10,1790892900000,1790893440000,DEEP
focused_composite_b5_x65_e3_w10,1790893440000,1790893560000,LIGHT
focused_composite_b5_x65_e3_w10,1790893560000,1790894460000,DEEP
focused_composite_b5_x65_e3_w10,1790894460000,1790894580000,LIGHT
focused_composite_b5_x65_e3_w10,1790894580000,1790894940000,DEEP
focused_composite_b5_x65_e3_w10,1790894940000,1790895420000,LIGHT
focused_composite_b5_x65_e3_w10,1790895420000,1790896320000,DEEP
focused_composite_b5_x65_e3_w10,1790896320000,1790896349427,LIGHT
focused_composite_b5_x65_e2_w15,1790875829427,1790880180000,LIGHT
focused_composite_b5_x65_e2_w15,1790880180000,1790881200000,DEEP
focused_composite_b5_x65_e2_w15,1790881200000,1790885820000,LIGHT
focused_composite_b5_x65_e2_w15,1790885820000,1790886180000,DEEP
focused_composite_b5_x65_e2_w15,1790886180000,1790886300000,LIGHT
focused_composite_b5_x65_e2_w15,1790886300000,1790889840000,DEEP
focused_composite_b5_x65_e2_w15,1790889840000,1790893080000,LIGHT
focused_composite_b5_x65_e2_w15,1790893080000,1790893380000,DEEP
focused_composite_b5_x65_e2_w15,1790893380000,1790893560000,LIGHT
focused_composite_b5_x65_e2_w15,1790893560000,1790894400000,DEEP
focused_composite_b5_x65_e2_w15,1790894400000,1790894580000,LIGHT
focused_composite_b5_x65_e2_w15,1790894580000,1790894880000,DEEP
focused_composite_b5_x65_e2_w15,1790894880000,1790895180000,LIGHT
focused_composite_b5_x65_e2_w15,1790895180000,1790896320000,DEEP
focused_composite_b5_x65_e2_w15,1790896320000,1790896349427,LIGHT
focused_composite_b5_x65_e2_w10,1790875829427,1790880360000,LIGHT
focused_composite_b5_x65_e2_w10,1790880360000,1790881200000,DEEP
focused_composite_b5_x65_e2_w10,1790881200000,1790881800000,LIGHT
focused_composite_b5_x65_e2_w10,1790881800000,1790882100000,DEEP
focused_composite_b5_x65_e2_w10,1790882100000,1790885160000,LIGHT
focused_composite_b5_x65_e2_w10,1790885160000,1790885520000,DEEP
focused_composite_b5_x65_e2_w10,1790885520000,1790885820000,LIGHT
focused_composite_b5_x65_e2_w10,1790885820000,1790886180000,DEEP
focused_composite_b5_x65_e2_w10,1790886180000,1790886300000,LIGHT
focused_composite_b5_x65_e2_w10,1790886300000,1790889840000,DEEP
focused_composite_b5_x65_e2_w10,1790889840000,1790892900000,LIGHT
focused_composite_b5_x65_e2_w10,1790892900000,1790893380000,DEEP
focused_composite_b5_x65_e2_w10,1790893380000,1790893560000,LIGHT
focused_composite_b5_x65_e2_w10,1790893560000,1790894400000,DEEP
focused_composite_b5_x65_e2_w10,1790894400000,1790894580000,LIGHT
focused_composite_b5_x65_e2_w10,1790894580000,1790894880000,DEEP
focused_composite_b5_x65_e2_w10,1790894880000,1790895420000,LIGHT
focused_composite_b5_x65_e2_w10,1790895420000,1790896320000,DEEP
focused_composite_b5_x65_e2_w10,1790896320000,1790896349427,LIGHT
focused_composite_b5_x65_e1_w15,1790875829427,1790880180000,LIGHT
focused_composite_b5_x65_e1_w15,1790880180000,1790881140000,DEEP
focused_composite_b5_x65_e1_w15,1790881140000,1790885820000,LIGHT
focused_composite_b5_x65_e1_w15,1790885820000,1790886120000,DEEP
focused_composite_b5_x65_e1_w15,1790886120000,1790886300000,LIGHT
focused_composite_b5_x65_e1_w15,1790886300000,1790889840000,DEEP
focused_composite_b5_x65_e1_w15,1790889840000,1790893560000,LIGHT
focused_composite_b5_x65_e1_w15,1790893560000,1790894340000,DEEP
focused_composite_b5_x65_e1_w15,1790894340000,1790895180000,LIGHT
focused_composite_b5_x65_e1_w15,1790895180000,1790896320000,DEEP
focused_composite_b5_x65_e1_w15,1790896320000,1790896349427,LIGHT
focused_composite_b5_x65_e1_w10,1790875829427,1790880360000,LIGHT
focused_composite_b5_x65_e1_w10,1790880360000,1790881140000,DEEP
focused_composite_b5_x65_e1_w10,1790881140000,1790885160000,LIGHT
focused_composite_b5_x65_e1_w10,1790885160000,1790885460000,DEEP
focused_composite_b5_x65_e1_w10,1790885460000,1790885820000,LIGHT
focused_composite_b5_x65_e1_w10,1790885820000,1790886120000,DEEP
focused_composite_b5_x65_e1_w10,1790886120000,1790886300000,LIGHT
focused_composite_b5_x65_e1_w10,1790886300000,1790889840000,DEEP
focused_composite_b5_x65_e1_w10,1790889840000,1790892900000,LIGHT
focused_composite_b5_x65_e1_w10,1790892900000,1790893320000,DEEP
focused_composite_b5_x65_e1_w10,1790893320000,1790893560000,LIGHT
focused_composite_b5_x65_e1_w10,1790893560000,1790894340000,DEEP
focused_composite_b5_x65_e1_w10,1790894340000,1790895420000,LIGHT
focused_composite_b5_x65_e1_w10,1790895420000,1790896320000,DEEP
focused_composite_b5_x65_e1_w10,1790896320000,1790896349427,LIGHT
focused_composite_b5_x50_e3_w15,1790875829427,1790880900000,LIGHT
focused_composite_b5_x50_e3_w15,1790880900000,1790881260000,DEEP
focused_composite_b5_x50_e3_w15,1790881260000,1790885820000,LIGHT
focused_composite_b5_x50_e3_w15,1790885820000,1790886240000,DEEP
focused_composite_b5_x50_e3_w15,1790886240000,1790886300000,LIGHT
focused_composite_b5_x50_e3_w15,1790886300000,1790889840000,DEEP
focused_composite_b5_x50_e3_w15,1790889840000,1790893080000,LIGHT
focused_composite_b5_x50_e3_w15,1790893080000,1790893440000,DEEP
focused_composite_b5_x50_e3_w15,1790893440000,1790893560000,LIGHT
focused_composite_b5_x50_e3_w15,1790893560000,1790894460000,DEEP
focused_composite_b5_x50_e3_w15,1790894460000,1790894580000,LIGHT
focused_composite_b5_x50_e3_w15,1790894580000,1790894880000,DEEP
focused_composite_b5_x50_e3_w15,1790894880000,1790895420000,LIGHT
focused_composite_b5_x50_e3_w15,1790895420000,1790895840000,DEEP
focused_composite_b5_x50_e3_w15,1790895840000,1790895900000,LIGHT
focused_composite_b5_x50_e3_w15,1790895900000,1790896320000,DEEP
focused_composite_b5_x50_e3_w15,1790896320000,1790896349427,LIGHT
focused_composite_b5_x50_e3_w10,1790875829427,1790880840000,LIGHT
focused_composite_b5_x50_e3_w10,1790880840000,1790881260000,DEEP
focused_composite_b5_x50_e3_w10,1790881260000,1790885160000,LIGHT
focused_composite_b5_x50_e3_w10,1790885160000,1790885580000,DEEP
focused_composite_b5_x50_e3_w10,1790885580000,1790885820000,LIGHT
focused_composite_b5_x50_e3_w10,1790885820000,1790886240000,DEEP
focused_composite_b5_x50_e3_w10,1790886240000,1790886300000,LIGHT
focused_composite_b5_x50_e3_w10,1790886300000,1790889840000,DEEP
focused_composite_b5_x50_e3_w10,1790889840000,1790892900000,LIGHT
focused_composite_b5_x50_e3_w10,1790892900000,1790893440000,DEEP
focused_composite_b5_x50_e3_w10,1790893440000,1790893560000,LIGHT
focused_composite_b5_x50_e3_w10,1790893560000,1790894460000,DEEP
focused_composite_b5_x50_e3_w10,1790894460000,1790894580000,LIGHT
focused_composite_b5_x50_e3_w10,1790894580000,1790894880000,DEEP
focused_composite_b5_x50_e3_w10,1790894880000,1790895420000,LIGHT
focused_composite_b5_x50_e3_w10,1790895420000,1790895840000,DEEP
focused_composite_b5_x50_e3_w10,1790895840000,1790895900000,LIGHT
focused_composite_b5_x50_e3_w10,1790895900000,1790896320000,DEEP
focused_composite_b5_x50_e3_w10,1790896320000,1790896349427,LIGHT
focused_composite_b5_x50_e2_w15,1790875829427,1790880900000,LIGHT
focused_composite_b5_x50_e2_w15,1790880900000,1790881200000,DEEP
focused_composite_b5_x50_e2_w15,1790881200000,1790885820000,LIGHT
focused_composite_b5_x50_e2_w15,1790885820000,1790886180000,DEEP
focused_composite_b5_x50_e2_w15,1790886180000,1790886300000,LIGHT
focused_composite_b5_x50_e2_w15,1790886300000,1790889780000,DEEP
focused_composite_b5_x50_e2_w15,1790889780000,1790893080000,LIGHT
focused_composite_b5_x50_e2_w15,1790893080000,1790893380000,DEEP
focused_composite_b5_x50_e2_w15,1790893380000,1790893560000,LIGHT
focused_composite_b5_x50_e2_w15,1790893560000,1790894400000,DEEP
focused_composite_b5_x50_e2_w15,1790894400000,1790895360000,LIGHT
focused_composite_b5_x50_e2_w15,1790895360000,1790895780000,DEEP
focused_composite_b5_x50_e2_w15,1790895780000,1790896020000,LIGHT
focused_composite_b5_x50_e2_w15,1790896020000,1790896320000,DEEP
focused_composite_b5_x50_e2_w15,1790896320000,1790896349427,LIGHT
focused_composite_b5_x50_e2_w10,1790875829427,1790880900000,LIGHT
focused_composite_b5_x50_e2_w10,1790880900000,1790881200000,DEEP
focused_composite_b5_x50_e2_w10,1790881200000,1790885160000,LIGHT
focused_composite_b5_x50_e2_w10,1790885160000,1790885520000,DEEP
focused_composite_b5_x50_e2_w10,1790885520000,1790885820000,LIGHT
focused_composite_b5_x50_e2_w10,1790885820000,1790886180000,DEEP
focused_composite_b5_x50_e2_w10,1790886180000,1790886300000,LIGHT
focused_composite_b5_x50_e2_w10,1790886300000,1790889780000,DEEP
focused_composite_b5_x50_e2_w10,1790889780000,1790892900000,LIGHT
focused_composite_b5_x50_e2_w10,1790892900000,1790893380000,DEEP
focused_composite_b5_x50_e2_w10,1790893380000,1790893560000,LIGHT
focused_composite_b5_x50_e2_w10,1790893560000,1790894400000,DEEP
focused_composite_b5_x50_e2_w10,1790894400000,1790895420000,LIGHT
focused_composite_b5_x50_e2_w10,1790895420000,1790895780000,DEEP
focused_composite_b5_x50_e2_w10,1790895780000,1790896020000,LIGHT
focused_composite_b5_x50_e2_w10,1790896020000,1790896320000,DEEP
focused_composite_b5_x50_e2_w10,1790896320000,1790896349427,LIGHT
focused_composite_b5_x50_e1_w15,1790875829427,1790885820000,LIGHT
focused_composite_b5_x50_e1_w15,1790885820000,1790886120000,DEEP
focused_composite_b5_x50_e1_w15,1790886120000,1790886420000,LIGHT
focused_composite_b5_x50_e1_w15,1790886420000,1790889720000,DEEP
focused_composite_b5_x50_e1_w15,1790889720000,1790893560000,LIGHT
focused_composite_b5_x50_e1_w15,1790893560000,1790894340000,DEEP
focused_composite_b5_x50_e1_w15,1790894340000,1790895420000,LIGHT
focused_composite_b5_x50_e1_w15,1790895420000,1790895720000,DEEP
focused_composite_b5_x50_e1_w15,1790895720000,1790896020000,LIGHT
focused_composite_b5_x50_e1_w15,1790896020000,1790896320000,DEEP
focused_composite_b5_x50_e1_w15,1790896320000,1790896349427,LIGHT
focused_composite_b5_x50_e1_w10,1790875829427,1790885160000,LIGHT
focused_composite_b5_x50_e1_w10,1790885160000,1790885460000,DEEP
focused_composite_b5_x50_e1_w10,1790885460000,1790885820000,LIGHT
focused_composite_b5_x50_e1_w10,1790885820000,1790886120000,DEEP
focused_composite_b5_x50_e1_w10,1790886120000,1790886420000,LIGHT
focused_composite_b5_x50_e1_w10,1790886420000,1790889720000,DEEP
focused_composite_b5_x50_e1_w10,1790889720000,1790892900000,LIGHT
focused_composite_b5_x50_e1_w10,1790892900000,1790893320000,DEEP
focused_composite_b5_x50_e1_w10,1790893320000,1790893560000,LIGHT
focused_composite_b5_x50_e1_w10,1790893560000,1790894340000,DEEP
focused_composite_b5_x50_e1_w10,1790894340000,1790895420000,LIGHT
focused_composite_b5_x50_e1_w10,1790895420000,1790895720000,DEEP
focused_composite_b5_x50_e1_w10,1790895720000,1790896020000,LIGHT
focused_composite_b5_x50_e1_w10,1790896020000,1790896320000,DEEP
focused_composite_b5_x50_e1_w10,1790896320000,1790896349427,LIGHT
focused_composite_b2_x70_e3_w15,1790875829427,1790880180000,LIGHT
focused_composite_b2_x70_e3_w15,1790880180000,1790881260000,DEEP
focused_composite_b2_x70_e3_w15,1790881260000,1790881380000,LIGHT
focused_composite_b2_x70_e3_w15,1790881380000,1790882100000,DEEP
focused_composite_b2_x70_e3_w15,1790882100000,1790885820000,LIGHT
focused_composite_b2_x70_e3_w15,1790885820000,1790886240000,DEEP
focused_composite_b2_x70_e3_w15,1790886240000,1790886300000,LIGHT
focused_composite_b2_x70_e3_w15,1790886300000,1790889840000,DEEP
focused_composite_b2_x70_e3_w15,1790889840000,1790893080000,LIGHT
focused_composite_b2_x70_e3_w15,1790893080000,1790893440000,DEEP
focused_composite_b2_x70_e3_w15,1790893440000,1790893560000,LIGHT
focused_composite_b2_x70_e3_w15,1790893560000,1790894460000,DEEP
focused_composite_b2_x70_e3_w15,1790894460000,1790894580000,LIGHT
focused_composite_b2_x70_e3_w15,1790894580000,1790894940000,DEEP
focused_composite_b2_x70_e3_w15,1790894940000,1790895180000,LIGHT
focused_composite_b2_x70_e3_w15,1790895180000,1790896320000,DEEP
focused_composite_b2_x70_e3_w15,1790896320000,1790896349427,LIGHT
focused_composite_b2_x70_e3_w10,1790875829427,1790880360000,LIGHT
focused_composite_b2_x70_e3_w10,1790880360000,1790881260000,DEEP
focused_composite_b2_x70_e3_w10,1790881260000,1790881800000,LIGHT
focused_composite_b2_x70_e3_w10,1790881800000,1790882100000,DEEP
focused_composite_b2_x70_e3_w10,1790882100000,1790885160000,LIGHT
focused_composite_b2_x70_e3_w10,1790885160000,1790885700000,DEEP
focused_composite_b2_x70_e3_w10,1790885700000,1790885820000,LIGHT
focused_composite_b2_x70_e3_w10,1790885820000,1790886240000,DEEP
focused_composite_b2_x70_e3_w10,1790886240000,1790886300000,LIGHT
focused_composite_b2_x70_e3_w10,1790886300000,1790889840000,DEEP
focused_composite_b2_x70_e3_w10,1790889840000,1790892900000,LIGHT
focused_composite_b2_x70_e3_w10,1790892900000,1790893440000,DEEP
focused_composite_b2_x70_e3_w10,1790893440000,1790893560000,LIGHT
focused_composite_b2_x70_e3_w10,1790893560000,1790894460000,DEEP
focused_composite_b2_x70_e3_w10,1790894460000,1790894580000,LIGHT
focused_composite_b2_x70_e3_w10,1790894580000,1790894940000,DEEP
focused_composite_b2_x70_e3_w10,1790894940000,1790895420000,LIGHT
focused_composite_b2_x70_e3_w10,1790895420000,1790896320000,DEEP
focused_composite_b2_x70_e3_w10,1790896320000,1790896349427,LIGHT
focused_composite_b2_x70_e2_w15,1790875829427,1790880180000,LIGHT
focused_composite_b2_x70_e2_w15,1790880180000,1790881200000,DEEP
focused_composite_b2_x70_e2_w15,1790881200000,1790881380000,LIGHT
focused_composite_b2_x70_e2_w15,1790881380000,1790882100000,DEEP
focused_composite_b2_x70_e2_w15,1790882100000,1790885820000,LIGHT
focused_composite_b2_x70_e2_w15,1790885820000,1790886180000,DEEP
focused_composite_b2_x70_e2_w15,1790886180000,1790886300000,LIGHT
focused_composite_b2_x70_e2_w15,1790886300000,1790889840000,DEEP
focused_composite_b2_x70_e2_w15,1790889840000,1790893080000,LIGHT
focused_composite_b2_x70_e2_w15,1790893080000,1790893380000,DEEP
focused_composite_b2_x70_e2_w15,1790893380000,1790893560000,LIGHT
focused_composite_b2_x70_e2_w15,1790893560000,1790894400000,DEEP
focused_composite_b2_x70_e2_w15,1790894400000,1790894580000,LIGHT
focused_composite_b2_x70_e2_w15,1790894580000,1790894880000,DEEP
focused_composite_b2_x70_e2_w15,1790894880000,1790895180000,LIGHT
focused_composite_b2_x70_e2_w15,1790895180000,1790896320000,DEEP
focused_composite_b2_x70_e2_w15,1790896320000,1790896349427,LIGHT
focused_composite_b2_x70_e2_w10,1790875829427,1790880360000,LIGHT
focused_composite_b2_x70_e2_w10,1790880360000,1790881200000,DEEP
focused_composite_b2_x70_e2_w10,1790881200000,1790881800000,LIGHT
focused_composite_b2_x70_e2_w10,1790881800000,1790882100000,DEEP
focused_composite_b2_x70_e2_w10,1790882100000,1790885160000,LIGHT
focused_composite_b2_x70_e2_w10,1790885160000,1790885640000,DEEP
focused_composite_b2_x70_e2_w10,1790885640000,1790885820000,LIGHT
focused_composite_b2_x70_e2_w10,1790885820000,1790886180000,DEEP
focused_composite_b2_x70_e2_w10,1790886180000,1790886300000,LIGHT
focused_composite_b2_x70_e2_w10,1790886300000,1790889840000,DEEP
focused_composite_b2_x70_e2_w10,1790889840000,1790892900000,LIGHT
focused_composite_b2_x70_e2_w10,1790892900000,1790893380000,DEEP
focused_composite_b2_x70_e2_w10,1790893380000,1790893560000,LIGHT
focused_composite_b2_x70_e2_w10,1790893560000,1790894400000,DEEP
focused_composite_b2_x70_e2_w10,1790894400000,1790894580000,LIGHT
focused_composite_b2_x70_e2_w10,1790894580000,1790894880000,DEEP
focused_composite_b2_x70_e2_w10,1790894880000,1790895420000,LIGHT
focused_composite_b2_x70_e2_w10,1790895420000,1790896320000,DEEP
focused_composite_b2_x70_e2_w10,1790896320000,1790896349427,LIGHT
focused_composite_b2_x70_e1_w15,1790875829427,1790880180000,LIGHT
focused_composite_b2_x70_e1_w15,1790880180000,1790881140000,DEEP
focused_composite_b2_x70_e1_w15,1790881140000,1790881380000,LIGHT
focused_composite_b2_x70_e1_w15,1790881380000,1790882100000,DEEP
focused_composite_b2_x70_e1_w15,1790882100000,1790885820000,LIGHT
focused_composite_b2_x70_e1_w15,1790885820000,1790886120000,DEEP
focused_composite_b2_x70_e1_w15,1790886120000,1790886300000,LIGHT
focused_composite_b2_x70_e1_w15,1790886300000,1790889840000,DEEP
focused_composite_b2_x70_e1_w15,1790889840000,1790893080000,LIGHT
focused_composite_b2_x70_e1_w15,1790893080000,1790893320000,DEEP
focused_composite_b2_x70_e1_w15,1790893320000,1790893560000,LIGHT
focused_composite_b2_x70_e1_w15,1790893560000,1790894340000,DEEP
focused_composite_b2_x70_e1_w15,1790894340000,1790894580000,LIGHT
focused_composite_b2_x70_e1_w15,1790894580000,1790894820000,DEEP
focused_composite_b2_x70_e1_w15,1790894820000,1790895180000,LIGHT
focused_composite_b2_x70_e1_w15,1790895180000,1790896320000,DEEP
focused_composite_b2_x70_e1_w15,1790896320000,1790896349427,LIGHT
focused_composite_b2_x70_e1_w10,1790875829427,1790880360000,LIGHT
focused_composite_b2_x70_e1_w10,1790880360000,1790881140000,DEEP
focused_composite_b2_x70_e1_w10,1790881140000,1790881800000,LIGHT
focused_composite_b2_x70_e1_w10,1790881800000,1790882100000,DEEP
focused_composite_b2_x70_e1_w10,1790882100000,1790885160000,LIGHT
focused_composite_b2_x70_e1_w10,1790885160000,1790885580000,DEEP
focused_composite_b2_x70_e1_w10,1790885580000,1790885820000,LIGHT
focused_composite_b2_x70_e1_w10,1790885820000,1790886120000,DEEP
focused_composite_b2_x70_e1_w10,1790886120000,1790886300000,LIGHT
focused_composite_b2_x70_e1_w10,1790886300000,1790889840000,DEEP
focused_composite_b2_x70_e1_w10,1790889840000,1790892900000,LIGHT
focused_composite_b2_x70_e1_w10,1790892900000,1790893320000,DEEP
focused_composite_b2_x70_e1_w10,1790893320000,1790893560000,LIGHT
focused_composite_b2_x70_e1_w10,1790893560000,1790894340000,DEEP
focused_composite_b2_x70_e1_w10,1790894340000,1790894580000,LIGHT
focused_composite_b2_x70_e1_w10,1790894580000,1790894820000,DEEP
focused_composite_b2_x70_e1_w10,1790894820000,1790895420000,LIGHT
focused_composite_b2_x70_e1_w10,1790895420000,1790896320000,DEEP
focused_composite_b2_x70_e1_w10,1790896320000,1790896349427,LIGHT
focused_composite_b2_x65_e3_w15,1790875829427,1790880180000,LIGHT
focused_composite_b2_x65_e3_w15,1790880180000,1790881260000,DEEP
focused_composite_b2_x65_e3_w15,1790881260000,1790881380000,LIGHT
focused_composite_b2_x65_e3_w15,1790881380000,1790881560000,DEEP
focused_composite_b2_x65_e3_w15,1790881560000,1790885820000,LIGHT
focused_composite_b2_x65_e3_w15,1790885820000,1790886240000,DEEP
focused_composite_b2_x65_e3_w15,1790886240000,1790886300000,LIGHT
focused_composite_b2_x65_e3_w15,1790886300000,1790889840000,DEEP
focused_composite_b2_x65_e3_w15,1790889840000,1790893080000,LIGHT
focused_composite_b2_x65_e3_w15,1790893080000,1790893440000,DEEP
focused_composite_b2_x65_e3_w15,1790893440000,1790893560000,LIGHT
focused_composite_b2_x65_e3_w15,1790893560000,1790894460000,DEEP
focused_composite_b2_x65_e3_w15,1790894460000,1790894580000,LIGHT
focused_composite_b2_x65_e3_w15,1790894580000,1790894940000,DEEP
focused_composite_b2_x65_e3_w15,1790894940000,1790895180000,LIGHT
focused_composite_b2_x65_e3_w15,1790895180000,1790896320000,DEEP
focused_composite_b2_x65_e3_w15,1790896320000,1790896349427,LIGHT
focused_composite_b2_x65_e3_w10,1790875829427,1790880360000,LIGHT
focused_composite_b2_x65_e3_w10,1790880360000,1790881260000,DEEP
focused_composite_b2_x65_e3_w10,1790881260000,1790881800000,LIGHT
focused_composite_b2_x65_e3_w10,1790881800000,1790882100000,DEEP
focused_composite_b2_x65_e3_w10,1790882100000,1790885160000,LIGHT
focused_composite_b2_x65_e3_w10,1790885160000,1790885580000,DEEP
focused_composite_b2_x65_e3_w10,1790885580000,1790885820000,LIGHT
focused_composite_b2_x65_e3_w10,1790885820000,1790886240000,DEEP
focused_composite_b2_x65_e3_w10,1790886240000,1790886300000,LIGHT
focused_composite_b2_x65_e3_w10,1790886300000,1790889840000,DEEP
focused_composite_b2_x65_e3_w10,1790889840000,1790892900000,LIGHT
focused_composite_b2_x65_e3_w10,1790892900000,1790893440000,DEEP
focused_composite_b2_x65_e3_w10,1790893440000,1790893560000,LIGHT
focused_composite_b2_x65_e3_w10,1790893560000,1790894460000,DEEP
focused_composite_b2_x65_e3_w10,1790894460000,1790894580000,LIGHT
focused_composite_b2_x65_e3_w10,1790894580000,1790894940000,DEEP
focused_composite_b2_x65_e3_w10,1790894940000,1790895420000,LIGHT
focused_composite_b2_x65_e3_w10,1790895420000,1790896320000,DEEP
focused_composite_b2_x65_e3_w10,1790896320000,1790896349427,LIGHT
focused_composite_b2_x65_e2_w15,1790875829427,1790880180000,LIGHT
focused_composite_b2_x65_e2_w15,1790880180000,1790881200000,DEEP
focused_composite_b2_x65_e2_w15,1790881200000,1790881380000,LIGHT
focused_composite_b2_x65_e2_w15,1790881380000,1790881500000,DEEP
focused_composite_b2_x65_e2_w15,1790881500000,1790885820000,LIGHT
focused_composite_b2_x65_e2_w15,1790885820000,1790886180000,DEEP
focused_composite_b2_x65_e2_w15,1790886180000,1790886300000,LIGHT
focused_composite_b2_x65_e2_w15,1790886300000,1790889840000,DEEP
focused_composite_b2_x65_e2_w15,1790889840000,1790893080000,LIGHT
focused_composite_b2_x65_e2_w15,1790893080000,1790893380000,DEEP
focused_composite_b2_x65_e2_w15,1790893380000,1790893560000,LIGHT
focused_composite_b2_x65_e2_w15,1790893560000,1790894400000,DEEP
focused_composite_b2_x65_e2_w15,1790894400000,1790894580000,LIGHT
focused_composite_b2_x65_e2_w15,1790894580000,1790894880000,DEEP
focused_composite_b2_x65_e2_w15,1790894880000,1790895180000,LIGHT
focused_composite_b2_x65_e2_w15,1790895180000,1790896320000,DEEP
focused_composite_b2_x65_e2_w15,1790896320000,1790896349427,LIGHT
focused_composite_b2_x65_e2_w10,1790875829427,1790880360000,LIGHT
focused_composite_b2_x65_e2_w10,1790880360000,1790881200000,DEEP
focused_composite_b2_x65_e2_w10,1790881200000,1790881800000,LIGHT
focused_composite_b2_x65_e2_w10,1790881800000,1790882100000,DEEP
focused_composite_b2_x65_e2_w10,1790882100000,1790885160000,LIGHT
focused_composite_b2_x65_e2_w10,1790885160000,1790885520000,DEEP
focused_composite_b2_x65_e2_w10,1790885520000,1790885820000,LIGHT
focused_composite_b2_x65_e2_w10,1790885820000,1790886180000,DEEP
focused_composite_b2_x65_e2_w10,1790886180000,1790886300000,LIGHT
focused_composite_b2_x65_e2_w10,1790886300000,1790889840000,DEEP
focused_composite_b2_x65_e2_w10,1790889840000,1790892900000,LIGHT
focused_composite_b2_x65_e2_w10,1790892900000,1790893380000,DEEP
focused_composite_b2_x65_e2_w10,1790893380000,1790893560000,LIGHT
focused_composite_b2_x65_e2_w10,1790893560000,1790894400000,DEEP
focused_composite_b2_x65_e2_w10,1790894400000,1790894580000,LIGHT
focused_composite_b2_x65_e2_w10,1790894580000,1790894880000,DEEP
focused_composite_b2_x65_e2_w10,1790894880000,1790895420000,LIGHT
focused_composite_b2_x65_e2_w10,1790895420000,1790896320000,DEEP
focused_composite_b2_x65_e2_w10,1790896320000,1790896349427,LIGHT
focused_composite_b2_x65_e1_w15,1790875829427,1790880180000,LIGHT
focused_composite_b2_x65_e1_w15,1790880180000,1790881140000,DEEP
focused_composite_b2_x65_e1_w15,1790881140000,1790885820000,LIGHT
focused_composite_b2_x65_e1_w15,1790885820000,1790886120000,DEEP
focused_composite_b2_x65_e1_w15,1790886120000,1790886300000,LIGHT
focused_composite_b2_x65_e1_w15,1790886300000,1790889840000,DEEP
focused_composite_b2_x65_e1_w15,1790889840000,1790893080000,LIGHT
focused_composite_b2_x65_e1_w15,1790893080000,1790893320000,DEEP
focused_composite_b2_x65_e1_w15,1790893320000,1790893560000,LIGHT
focused_composite_b2_x65_e1_w15,1790893560000,1790894340000,DEEP
focused_composite_b2_x65_e1_w15,1790894340000,1790894580000,LIGHT
focused_composite_b2_x65_e1_w15,1790894580000,1790894820000,DEEP
focused_composite_b2_x65_e1_w15,1790894820000,1790895180000,LIGHT
focused_composite_b2_x65_e1_w15,1790895180000,1790896320000,DEEP
focused_composite_b2_x65_e1_w15,1790896320000,1790896349427,LIGHT
focused_composite_b2_x65_e1_w10,1790875829427,1790880360000,LIGHT
focused_composite_b2_x65_e1_w10,1790880360000,1790881140000,DEEP
focused_composite_b2_x65_e1_w10,1790881140000,1790881800000,LIGHT
focused_composite_b2_x65_e1_w10,1790881800000,1790881980000,DEEP
focused_composite_b2_x65_e1_w10,1790881980000,1790885160000,LIGHT
focused_composite_b2_x65_e1_w10,1790885160000,1790885460000,DEEP
focused_composite_b2_x65_e1_w10,1790885460000,1790885820000,LIGHT
focused_composite_b2_x65_e1_w10,1790885820000,1790886120000,DEEP
focused_composite_b2_x65_e1_w10,1790886120000,1790886300000,LIGHT
focused_composite_b2_x65_e1_w10,1790886300000,1790889840000,DEEP
focused_composite_b2_x65_e1_w10,1790889840000,1790892900000,LIGHT
focused_composite_b2_x65_e1_w10,1790892900000,1790893320000,DEEP
focused_composite_b2_x65_e1_w10,1790893320000,1790893560000,LIGHT
focused_composite_b2_x65_e1_w10,1790893560000,1790894340000,DEEP
focused_composite_b2_x65_e1_w10,1790894340000,1790894580000,LIGHT
focused_composite_b2_x65_e1_w10,1790894580000,1790894820000,DEEP
focused_composite_b2_x65_e1_w10,1790894820000,1790895420000,LIGHT
focused_composite_b2_x65_e1_w10,1790895420000,1790896320000,DEEP
focused_composite_b2_x65_e1_w10,1790896320000,1790896349427,LIGHT
focused_composite_b2_x50_e3_w15,1790875829427,1790880180000,LIGHT
focused_composite_b2_x50_e3_w15,1790880180000,1790880360000,DEEP
focused_composite_b2_x50_e3_w15,1790880360000,1790880420000,LIGHT
focused_composite_b2_x50_e3_w15,1790880420000,1790880600000,DEEP
focused_composite_b2_x50_e3_w15,1790880600000,1790880660000,LIGHT
focused_composite_b2_x50_e3_w15,1790880660000,1790880840000,DEEP
focused_composite_b2_x50_e3_w15,1790880840000,1790880900000,LIGHT
focused_composite_b2_x50_e3_w15,1790880900000,1790881260000,DEEP
focused_composite_b2_x50_e3_w15,1790881260000,1790881380000,LIGHT
focused_composite_b2_x50_e3_w15,1790881380000,1790881560000,DEEP
focused_composite_b2_x50_e3_w15,1790881560000,1790885820000,LIGHT
focused_composite_b2_x50_e3_w15,1790885820000,1790886240000,DEEP
focused_composite_b2_x50_e3_w15,1790886240000,1790886300000,LIGHT
focused_composite_b2_x50_e3_w15,1790886300000,1790889840000,DEEP
focused_composite_b2_x50_e3_w15,1790889840000,1790893080000,LIGHT
focused_composite_b2_x50_e3_w15,1790893080000,1790893440000,DEEP
focused_composite_b2_x50_e3_w15,1790893440000,1790893560000,LIGHT
focused_composite_b2_x50_e3_w15,1790893560000,1790894460000,DEEP
focused_composite_b2_x50_e3_w15,1790894460000,1790894580000,LIGHT
focused_composite_b2_x50_e3_w15,1790894580000,1790894880000,DEEP
focused_composite_b2_x50_e3_w15,1790894880000,1790895180000,LIGHT
focused_composite_b2_x50_e3_w15,1790895180000,1790895360000,DEEP
focused_composite_b2_x50_e3_w15,1790895360000,1790895420000,LIGHT
focused_composite_b2_x50_e3_w15,1790895420000,1790895840000,DEEP
focused_composite_b2_x50_e3_w15,1790895840000,1790895900000,LIGHT
focused_composite_b2_x50_e3_w15,1790895900000,1790896320000,DEEP
focused_composite_b2_x50_e3_w15,1790896320000,1790896349427,LIGHT
focused_composite_b2_x50_e3_w10,1790875829427,1790880360000,LIGHT
focused_composite_b2_x50_e3_w10,1790880360000,1790880540000,DEEP
focused_composite_b2_x50_e3_w10,1790880540000,1790880600000,LIGHT
focused_composite_b2_x50_e3_w10,1790880600000,1790880780000,DEEP
focused_composite_b2_x50_e3_w10,1790880780000,1790880840000,LIGHT
focused_composite_b2_x50_e3_w10,1790880840000,1790881260000,DEEP
focused_composite_b2_x50_e3_w10,1790881260000,1790881800000,LIGHT
focused_composite_b2_x50_e3_w10,1790881800000,1790881980000,DEEP
focused_composite_b2_x50_e3_w10,1790881980000,1790885160000,LIGHT
focused_composite_b2_x50_e3_w10,1790885160000,1790885580000,DEEP
focused_composite_b2_x50_e3_w10,1790885580000,1790885820000,LIGHT
focused_composite_b2_x50_e3_w10,1790885820000,1790886240000,DEEP
focused_composite_b2_x50_e3_w10,1790886240000,1790886300000,LIGHT
focused_composite_b2_x50_e3_w10,1790886300000,1790889840000,DEEP
focused_composite_b2_x50_e3_w10,1790889840000,1790892900000,LIGHT
focused_composite_b2_x50_e3_w10,1790892900000,1790893440000,DEEP
focused_composite_b2_x50_e3_w10,1790893440000,1790893560000,LIGHT
focused_composite_b2_x50_e3_w10,1790893560000,1790894460000,DEEP
focused_composite_b2_x50_e3_w10,1790894460000,1790894580000,LIGHT
focused_composite_b2_x50_e3_w10,1790894580000,1790894880000,DEEP
focused_composite_b2_x50_e3_w10,1790894880000,1790895420000,LIGHT
focused_composite_b2_x50_e3_w10,1790895420000,1790895840000,DEEP
focused_composite_b2_x50_e3_w10,1790895840000,1790895900000,LIGHT
focused_composite_b2_x50_e3_w10,1790895900000,1790896320000,DEEP
focused_composite_b2_x50_e3_w10,1790896320000,1790896349427,LIGHT
focused_composite_b2_x50_e2_w15,1790875829427,1790880180000,LIGHT
focused_composite_b2_x50_e2_w15,1790880180000,1790880300000,DEEP
focused_composite_b2_x50_e2_w15,1790880300000,1790880360000,LIGHT
focused_composite_b2_x50_e2_w15,1790880360000,1790880480000,DEEP
focused_composite_b2_x50_e2_w15,1790880480000,1790880540000,LIGHT
focused_composite_b2_x50_e2_w15,1790880540000,1790880660000,DEEP
focused_composite_b2_x50_e2_w15,1790880660000,1790880720000,LIGHT
focused_composite_b2_x50_e2_w15,1790880720000,1790880840000,DEEP
focused_composite_b2_x50_e2_w15,1790880840000,1790880900000,LIGHT
focused_composite_b2_x50_e2_w15,1790880900000,1790881200000,DEEP
focused_composite_b2_x50_e2_w15,1790881200000,1790881380000,LIGHT
focused_composite_b2_x50_e2_w15,1790881380000,1790881500000,DEEP
focused_composite_b2_x50_e2_w15,1790881500000,1790885820000,LIGHT
focused_composite_b2_x50_e2_w15,1790885820000,1790886180000,DEEP
focused_composite_b2_x50_e2_w15,1790886180000,1790886300000,LIGHT
focused_composite_b2_x50_e2_w15,1790886300000,1790889780000,DEEP
focused_composite_b2_x50_e2_w15,1790889780000,1790893080000,LIGHT
focused_composite_b2_x50_e2_w15,1790893080000,1790893380000,DEEP
focused_composite_b2_x50_e2_w15,1790893380000,1790893560000,LIGHT
focused_composite_b2_x50_e2_w15,1790893560000,1790894400000,DEEP
focused_composite_b2_x50_e2_w15,1790894400000,1790894580000,LIGHT
focused_composite_b2_x50_e2_w15,1790894580000,1790894820000,DEEP
focused_composite_b2_x50_e2_w15,1790894820000,1790895180000,LIGHT
focused_composite_b2_x50_e2_w15,1790895180000,1790895300000,DEEP
focused_composite_b2_x50_e2_w15,1790895300000,1790895360000,LIGHT
focused_composite_b2_x50_e2_w15,1790895360000,1790895780000,DEEP
focused_composite_b2_x50_e2_w15,1790895780000,1790895840000,LIGHT
focused_composite_b2_x50_e2_w15,1790895840000,1790895960000,DEEP
focused_composite_b2_x50_e2_w15,1790895960000,1790896020000,LIGHT
focused_composite_b2_x50_e2_w15,1790896020000,1790896320000,DEEP
focused_composite_b2_x50_e2_w15,1790896320000,1790896349427,LIGHT
focused_composite_b2_x50_e2_w10,1790875829427,1790880360000,LIGHT
focused_composite_b2_x50_e2_w10,1790880360000,1790880480000,DEEP
focused_composite_b2_x50_e2_w10,1790880480000,1790880540000,LIGHT
focused_composite_b2_x50_e2_w10,1790880540000,1790880660000,DEEP
focused_composite_b2_x50_e2_w10,1790880660000,1790880720000,LIGHT
focused_composite_b2_x50_e2_w10,1790880720000,1790880840000,DEEP
focused_composite_b2_x50_e2_w10,1790880840000,1790880900000,LIGHT
focused_composite_b2_x50_e2_w10,1790880900000,1790881200000,DEEP
focused_composite_b2_x50_e2_w10,1790881200000,1790881800000,LIGHT
focused_composite_b2_x50_e2_w10,1790881800000,1790881920000,DEEP
focused_composite_b2_x50_e2_w10,1790881920000,1790881980000,LIGHT
focused_composite_b2_x50_e2_w10,1790881980000,1790882100000,DEEP
focused_composite_b2_x50_e2_w10,1790882100000,1790885160000,LIGHT
focused_composite_b2_x50_e2_w10,1790885160000,1790885520000,DEEP
focused_composite_b2_x50_e2_w10,1790885520000,1790885820000,LIGHT
focused_composite_b2_x50_e2_w10,1790885820000,1790886180000,DEEP
focused_composite_b2_x50_e2_w10,1790886180000,1790886300000,LIGHT
focused_composite_b2_x50_e2_w10,1790886300000,1790889780000,DEEP
focused_composite_b2_x50_e2_w10,1790889780000,1790892900000,LIGHT
focused_composite_b2_x50_e2_w10,1790892900000,1790893380000,DEEP
focused_composite_b2_x50_e2_w10,1790893380000,1790893560000,LIGHT
focused_composite_b2_x50_e2_w10,1790893560000,1790894400000,DEEP
focused_composite_b2_x50_e2_w10,1790894400000,1790894580000,LIGHT
focused_composite_b2_x50_e2_w10,1790894580000,1790894820000,DEEP
focused_composite_b2_x50_e2_w10,1790894820000,1790895420000,LIGHT
focused_composite_b2_x50_e2_w10,1790895420000,1790895780000,DEEP
focused_composite_b2_x50_e2_w10,1790895780000,1790895840000,LIGHT
focused_composite_b2_x50_e2_w10,1790895840000,1790895960000,DEEP
focused_composite_b2_x50_e2_w10,1790895960000,1790896020000,LIGHT
focused_composite_b2_x50_e2_w10,1790896020000,1790896320000,DEEP
focused_composite_b2_x50_e2_w10,1790896320000,1790896349427,LIGHT
focused_composite_b2_x50_e1_w15,1790875829427,1790881020000,LIGHT
focused_composite_b2_x50_e1_w15,1790881020000,1790881140000,DEEP
focused_composite_b2_x50_e1_w15,1790881140000,1790885820000,LIGHT
focused_composite_b2_x50_e1_w15,1790885820000,1790886120000,DEEP
focused_composite_b2_x50_e1_w15,1790886120000,1790886420000,LIGHT
focused_composite_b2_x50_e1_w15,1790886420000,1790889720000,DEEP
focused_composite_b2_x50_e1_w15,1790889720000,1790893080000,LIGHT
focused_composite_b2_x50_e1_w15,1790893080000,1790893320000,DEEP
focused_composite_b2_x50_e1_w15,1790893320000,1790893560000,LIGHT
focused_composite_b2_x50_e1_w15,1790893560000,1790894340000,DEEP
focused_composite_b2_x50_e1_w15,1790894340000,1790894580000,LIGHT
focused_composite_b2_x50_e1_w15,1790894580000,1790894760000,DEEP
focused_composite_b2_x50_e1_w15,1790894760000,1790895420000,LIGHT
focused_composite_b2_x50_e1_w15,1790895420000,1790895720000,DEEP
focused_composite_b2_x50_e1_w15,1790895720000,1790896020000,LIGHT
focused_composite_b2_x50_e1_w15,1790896020000,1790896320000,DEEP
focused_composite_b2_x50_e1_w15,1790896320000,1790896349427,LIGHT
focused_composite_b2_x50_e1_w10,1790875829427,1790880840000,LIGHT
focused_composite_b2_x50_e1_w10,1790880840000,1790880960000,DEEP
focused_composite_b2_x50_e1_w10,1790880960000,1790881020000,LIGHT
focused_composite_b2_x50_e1_w10,1790881020000,1790881140000,DEEP
focused_composite_b2_x50_e1_w10,1790881140000,1790885160000,LIGHT
focused_composite_b2_x50_e1_w10,1790885160000,1790885460000,DEEP
focused_composite_b2_x50_e1_w10,1790885460000,1790885820000,LIGHT
focused_composite_b2_x50_e1_w10,1790885820000,1790886120000,DEEP
focused_composite_b2_x50_e1_w10,1790886120000,1790886420000,LIGHT
focused_composite_b2_x50_e1_w10,1790886420000,1790889720000,DEEP
focused_composite_b2_x50_e1_w10,1790889720000,1790892900000,LIGHT
focused_composite_b2_x50_e1_w10,1790892900000,1790893320000,DEEP
focused_composite_b2_x50_e1_w10,1790893320000,1790893560000,LIGHT
focused_composite_b2_x50_e1_w10,1790893560000,1790894340000,DEEP
focused_composite_b2_x50_e1_w10,1790894340000,1790894580000,LIGHT
focused_composite_b2_x50_e1_w10,1790894580000,1790894760000,DEEP
focused_composite_b2_x50_e1_w10,1790894760000,1790895420000,LIGHT
focused_composite_b2_x50_e1_w10,1790895420000,1790895720000,DEEP
focused_composite_b2_x50_e1_w10,1790895720000,1790896020000,LIGHT
focused_composite_b2_x50_e1_w10,1790896020000,1790896320000,DEEP
focused_composite_b2_x50_e1_w10,1790896320000,1790896349427,LIGHT
