profile,start_ms,action,reason,final_stage,retroactive_reason
baseline,1790886960000,ENTER,enter_stable_window,DEEP,
baseline,1790888820000,EXIT,exit_coupling_lost,LIGHT,
movements2,1790886480000,ENTER,enter_stable_window,DEEP,
movements2,1790888820000,EXIT,exit_coupling_lost,LIGHT,
movements2,1790896080000,ENTER,enter_stable_window,LIGHT,SHORT_DEEP_RUN_FILTER
movements2,1790896140000,MAINTAIN,,LIGHT,SHORT_DEEP_RUN_FILTER
movements2,1790896200000,MAINTAIN,,LIGHT,SHORT_DEEP_RUN_FILTER
movements2,1790896260000,MAINTAIN,,LIGHT,SHORT_DEEP_RUN_FILTER
movements2,1790896320000,EXIT,exit_missing_motion,LIGHT,
noise2.5,1790882940000,ENTER,enter_stable_window,DEEP,
noise2.5,1790883720000,EXIT,exit_sustained_rolling_motion,LIGHT,
noise2.5,1790883900000,ENTER,enter_stable_window,LIGHT,SHORT_DEEP_RUN_FILTER
noise2.5,1790883960000,MAINTAIN,,LIGHT,SHORT_DEEP_RUN_FILTER
noise2.5,1790884020000,MAINTAIN,,LIGHT,SHORT_DEEP_RUN_FILTER
noise2.5,1790884080000,MAINTAIN,,LIGHT,SHORT_DEEP_RUN_FILTER
noise2.5,1790884140000,MAINTAIN,,LIGHT,SHORT_DEEP_RUN_FILTER
noise2.5,1790884200000,MAINTAIN,,LIGHT,SHORT_DEEP_RUN_FILTER
noise2.5,1790884260000,MAINTAIN,,LIGHT,SHORT_DEEP_RUN_FILTER
noise2.5,1790884320000,MAINTAIN,,LIGHT,SHORT_DEEP_RUN_FILTER
noise2.5,1790884380000,MAINTAIN,,LIGHT,SHORT_DEEP_RUN_FILTER
noise2.5,1790884440000,EXIT,exit_coupling_lost,LIGHT,
noise2.5,1790887020000,ENTER,enter_stable_window,DEEP,
noise2.5,1790889780000,EXIT,exit_sustained_rolling_motion,LIGHT,
noise2.0,1790882940000,ENTER,enter_stable_window,DEEP,
noise2.0,1790883720000,EXIT,exit_sustained_rolling_motion,LIGHT,
noise2.0,1790883900000,ENTER,enter_stable_window,LIGHT,SHORT_DEEP_RUN_FILTER
noise2.0,1790883960000,MAINTAIN,,LIGHT,SHORT_DEEP_RUN_FILTER
noise2.0,1790884020000,MAINTAIN,,LIGHT,SHORT_DEEP_RUN_FILTER
noise2.0,1790884080000,MAINTAIN,,LIGHT,SHORT_DEEP_RUN_FILTER
noise2.0,1790884140000,MAINTAIN,,LIGHT,SHORT_DEEP_RUN_FILTER
noise2.0,1790884200000,MAINTAIN,,LIGHT,SHORT_DEEP_RUN_FILTER
noise2.0,1790884260000,MAINTAIN,,LIGHT,SHORT_DEEP_RUN_FILTER
noise2.0,1790884320000,MAINTAIN,,LIGHT,SHORT_DEEP_RUN_FILTER
noise2.0,1790884380000,MAINTAIN,,LIGHT,SHORT_DEEP_RUN_FILTER
noise2.0,1790884440000,EXIT,exit_coupling_lost,LIGHT,
noise2.0,1790887020000,ENTER,enter_stable_window,DEEP,
noise2.0,1790889780000,EXIT,exit_sustained_rolling_motion,LIGHT,
renew2.5,1790887020000,ENTER,enter_stable_window,DEEP,
renew2.5,1790889780000,EXIT,exit_sustained_rolling_motion,LIGHT,
renew2.0,1790887020000,ENTER,enter_stable_window,DEEP,
renew2.0,1790889780000,EXIT,exit_sustained_rolling_motion,LIGHT,
hold60,1790887020000,ENTER,enter_stable_window,DEEP,
hold60,1790889780000,EXIT,exit_sustained_rolling_motion,LIGHT,
hold90,1790887020000,ENTER,enter_stable_window,DEEP,
hold90,1790889780000,EXIT,exit_sustained_rolling_motion,LIGHT,
peak2.5,1790886480000,ENTER,enter_stable_window,DEEP,
peak2.5,1790888820000,EXIT,exit_coupling_lost,LIGHT,
peak2.5,1790891280000,ENTER,enter_stable_window,LIGHT,SHORT_DEEP_RUN_FILTER
peak2.5,1790891340000,MAINTAIN,,LIGHT,SHORT_DEEP_RUN_FILTER
peak2.5,1790891400000,MAINTAIN,,LIGHT,SHORT_DEEP_RUN_FILTER
peak2.5,1790891460000,MAINTAIN,,LIGHT,SHORT_DEEP_RUN_FILTER
peak2.5,1790891520000,EXIT,exit_sustained_rolling_motion,LIGHT,
peak2.5,1790893080000,ENTER,enter_stable_window,LIGHT,SHORT_DEEP_RUN_FILTER
peak2.5,1790893140000,MAINTAIN,,LIGHT,SHORT_DEEP_RUN_FILTER
peak2.5,1790893200000,MAINTAIN,,LIGHT,SHORT_DEEP_RUN_FILTER
peak2.5,1790893260000,MAINTAIN,,LIGHT,SHORT_DEEP_RUN_FILTER
peak2.5,1790893320000,MAINTAIN,,LIGHT,SHORT_DEEP_RUN_FILTER
peak2.5,1790893380000,MAINTAIN,,LIGHT,SHORT_DEEP_RUN_FILTER
peak2.5,1790893440000,MAINTAIN,,LIGHT,SHORT_DEEP_RUN_FILTER
peak2.5,1790893500000,EXIT,exit_sustained_rolling_motion,LIGHT,
peak2.5,1790893560000,ENTER,enter_stable_window,DEEP,
peak2.5,1790894460000,EXIT,exit_sustained_rolling_motion,LIGHT,
peak3.0,1790885820000,ENTER,enter_stable_window,DEEP,
peak3.0,1790890380000,EXIT,exit_sustained_rolling_motion,LIGHT,
peak3.0,1790890620000,ENTER,enter_stable_window,DEEP,
peak3.0,1790891640000,EXIT,exit_sustained_rolling_motion,LIGHT,
peak3.0,1790893080000,ENTER,enter_stable_window,DEEP,
peak3.0,1790894460000,EXIT,exit_sustained_rolling_motion,LIGHT,
composite_peak,1790886480000,ENTER,enter_stable_window,DEEP,
composite_peak,1790889840000,EXIT,exit_coupling_lost,LIGHT,
composite_peak,1790893620000,ENTER,enter_stable_window,DEEP,
composite_peak,1790894460000,EXIT,exit_sustained_rolling_motion,LIGHT,
entry12,1790886900000,ENTER,enter_stable_window,DEEP,
entry12,1790888820000,EXIT,exit_coupling_lost,LIGHT,
entry10,1790886840000,ENTER,enter_stable_window,DEEP,
entry10,1790888820000,EXIT,exit_coupling_lost,LIGHT,
entryP65,1790886540000,ENTER,enter_stable_window,DEEP,
entryP65,1790888820000,EXIT,exit_coupling_lost,LIGHT,
entryP70,1790886480000,ENTER,enter_stable_window,DEEP,
entryP70,1790888820000,EXIT,exit_coupling_lost,LIGHT,
bout5,1790886960000,ENTER,enter_stable_window,DEEP,
bout5,1790888820000,EXIT,exit_coupling_lost,LIGHT,
bout2,1790886960000,ENTER,enter_stable_window,DEEP,
bout2,1790888820000,EXIT,exit_coupling_lost,LIGHT,
exitP65,1790886960000,ENTER,enter_stable_window,LIGHT,SHORT_DEEP_RUN_FILTER
exitP65,1790887020000,MAINTAIN,,LIGHT,SHORT_DEEP_RUN_FILTER
exitP65,1790887080000,MAINTAIN,,LIGHT,SHORT_DEEP_RUN_FILTER
exitP65,1790887140000,MAINTAIN,,LIGHT,SHORT_DEEP_RUN_FILTER
exitP65,1790887200000,MAINTAIN,,LIGHT,SHORT_DEEP_RUN_FILTER
exitP65,1790887260000,MAINTAIN,,LIGHT,SHORT_DEEP_RUN_FILTER
exitP65,1790887320000,MAINTAIN,,LIGHT,SHORT_DEEP_RUN_FILTER
exitP65,1790887380000,EXIT,exit_sustained_rolling_motion,LIGHT,
exitP65,1790887440000,ENTER,enter_stable_window,DEEP,
exitP65,1790888820000,EXIT,exit_coupling_lost,LIGHT,
exitP50,1790886960000,ENTER,enter_stable_window,LIGHT,SHORT_DEEP_RUN_FILTER
exitP50,1790887020000,MAINTAIN,,LIGHT,SHORT_DEEP_RUN_FILTER
exitP50,1790887080000,MAINTAIN,,LIGHT,SHORT_DEEP_RUN_FILTER
exitP50,1790887140000,MAINTAIN,,LIGHT,SHORT_DEEP_RUN_FILTER
exitP50,1790887200000,MAINTAIN,,LIGHT,SHORT_DEEP_RUN_FILTER
exitP50,1790887260000,MAINTAIN,,LIGHT,SHORT_DEEP_RUN_FILTER
exitP50,1790887320000,MAINTAIN,,LIGHT,SHORT_DEEP_RUN_FILTER
exitP50,1790887380000,EXIT,exit_sustained_rolling_motion,LIGHT,
exitP50,1790887440000,ENTER,enter_stable_window,DEEP,
exitP50,1790888820000,EXIT,exit_coupling_lost,LIGHT,
exitWindows2,1790886960000,ENTER,enter_stable_window,DEEP,
exitWindows2,1790888820000,EXIT,exit_coupling_lost,LIGHT,
exitWindows1,1790886960000,ENTER,enter_stable_window,DEEP,
exitWindows1,1790888820000,EXIT,exit_coupling_lost,LIGHT,
exitEvents6,1790886960000,ENTER,enter_stable_window,DEEP,
exitEvents6,1790888820000,EXIT,exit_coupling_lost,LIGHT,
exitEvents4,1790886960000,ENTER,enter_stable_window,DEEP,
exitEvents4,1790888820000,EXIT,exit_coupling_lost,LIGHT,
grid_n3_noise3.0_peak1.5_h45_w15_p50_x70,1790886960000,ENTER,enter_stable_window,DEEP,
grid_n3_noise3.0_peak1.5_h45_w15_p50_x70,1790888820000,EXIT,exit_coupling_lost,LIGHT,
grid_n3_noise3.0_peak1.5_h45_w15_p50_x65,1790886960000,ENTER,enter_stable_window,LIGHT,SHORT_DEEP_RUN_FILTER
grid_n3_noise3.0_peak1.5_h45_w15_p50_x65,1790887020000,MAINTAIN,,LIGHT,SHORT_DEEP_RUN_FILTER
grid_n3_noise3.0_peak1.5_h45_w15_p50_x65,1790887080000,MAINTAIN,,LIGHT,SHORT_DEEP_RUN_FILTER
grid_n3_noise3.0_peak1.5_h45_w15_p50_x65,1790887140000,MAINTAIN,,LIGHT,SHORT_DEEP_RUN_FILTER
grid_n3_noise3.0_peak1.5_h45_w15_p50_x65,1790887200000,MAINTAIN,,LIGHT,SHORT_DEEP_RUN_FILTER
grid_n3_noise3.0_peak1.5_h45_w15_p50_x65,1790887260000,MAINTAIN,,LIGHT,SHORT_DEEP_RUN_FILTER
grid_n3_noise3.0_peak1.5_h45_w15_p50_x65,1790887320000,MAINTAIN,,LIGHT,SHORT_DEEP_RUN_FILTER
grid_n3_noise3.0_peak1.5_h45_w15_p50_x65,1790887380000,EXIT,exit_sustained_rolling_motion,LIGHT,
grid_n3_noise3.0_peak1.5_h45_w15_p50_x65,1790887440000,ENTER,enter_stable_window,DEEP,
grid_n3_noise3.0_peak1.5_h45_w15_p50_x65,1790888820000,EXIT,exit_coupling_lost,LIGHT,
grid_n3_noise3.0_peak1.5_h45_w15_p65_x70,1790886540000,ENTER,enter_stable_window,DEEP,
grid_n3_noise3.0_peak1.5_h45_w15_p65_x70,1790888820000,EXIT,exit_coupling_lost,LIGHT,
grid_n3_noise3.0_peak1.5_h45_w15_p65_x65,1790886540000,ENTER,enter_stable_window,DEEP,
grid_n3_noise3.0_peak1.5_h45_w15_p65_x65,1790887380000,EXIT,exit_sustained_rolling_motion,LIGHT,
grid_n3_noise3.0_peak1.5_h45_w15_p65_x65,1790887440000,ENTER,enter_stable_window,DEEP,
grid_n3_noise3.0_peak1.5_h45_w15_p65_x65,1790888820000,EXIT,exit_coupling_lost,LIGHT,
grid_n3_noise3.0_peak1.5_h45_w10_p50_x70,1790886840000,ENTER,enter_stable_window,DEEP,
grid_n3_noise3.0_peak1.5_h45_w10_p50_x70,1790888820000,EXIT,exit_coupling_lost,LIGHT,
grid_n3_noise3.0_peak1.5_h45_w10_p50_x65,1790886840000,ENTER,enter_stable_window,LIGHT,SHORT_DEEP_RUN_FILTER
grid_n3_noise3.0_peak1.5_h45_w10_p50_x65,1790886900000,MAINTAIN,,LIGHT,SHORT_DEEP_RUN_FILTER
grid_n3_noise3.0_peak1.5_h45_w10_p50_x65,1790886960000,MAINTAIN,,LIGHT,SHORT_DEEP_RUN_FILTER
grid_n3_noise3.0_peak1.5_h45_w10_p50_x65,1790887020000,MAINTAIN,,LIGHT,SHORT_DEEP_RUN_FILTER
grid_n3_noise3.0_peak1.5_h45_w10_p50_x65,1790887080000,MAINTAIN,,LIGHT,SHORT_DEEP_RUN_FILTER
grid_n3_noise3.0_peak1.5_h45_w10_p50_x65,1790887140000,MAINTAIN,,LIGHT,SHORT_DEEP_RUN_FILTER
grid_n3_noise3.0_peak1.5_h45_w10_p50_x65,1790887200000,MAINTAIN,,LIGHT,SHORT_DEEP_RUN_FILTER
grid_n3_noise3.0_peak1.5_h45_w10_p50_x65,1790887260000,MAINTAIN,,LIGHT,SHORT_DEEP_RUN_FILTER
grid_n3_noise3.0_peak1.5_h45_w10_p50_x65,1790887320000,MAINTAIN,,LIGHT,SHORT_DEEP_RUN_FILTER
grid_n3_noise3.0_peak1.5_h45_w10_p50_x65,1790887380000,EXIT,exit_sustained_rolling_motion,LIGHT,
grid_n3_noise3.0_peak1.5_h45_w10_p50_x65,1790887440000,ENTER,enter_stable_window,DEEP,
grid_n3_noise3.0_peak1.5_h45_w10_p50_x65,1790888820000,EXIT,exit_coupling_lost,LIGHT,
grid_n3_noise3.0_peak1.5_h45_w10_p65_x70,1790886600000,ENTER,enter_stable_window,DEEP,
grid_n3_noise3.0_peak1.5_h45_w10_p65_x70,1790888820000,EXIT,exit_coupling_lost,LIGHT,
grid_n3_noise3.0_peak1.5_h45_w10_p65_x65,1790886600000,ENTER,enter_stable_window,DEEP,
grid_n3_noise3.0_peak1.5_h45_w10_p65_x65,1790887380000,EXIT,exit_sustained_rolling_motion,LIGHT,
grid_n3_noise3.0_peak1.5_h45_w10_p65_x65,1790887440000,ENTER,enter_stable_window,DEEP,
grid_n3_noise3.0_peak1.5_h45_w10_p65_x65,1790888820000,EXIT,exit_coupling_lost,LIGHT,
grid_n3_noise3.0_peak1.5_h60_w15_p50_x70,1790887020000,ENTER,enter_stable_window,DEEP,
grid_n3_noise3.0_peak1.5_h60_w15_p50_x70,1790889780000,EXIT,exit_sustained_rolling_motion,LIGHT,
grid_n3_noise3.0_peak1.5_h60_w15_p50_x65,1790887020000,ENTER,enter_stable_window,LIGHT,SHORT_DEEP_RUN_FILTER
grid_n3_noise3.0_peak1.5_h60_w15_p50_x65,1790887080000,MAINTAIN,,LIGHT,SHORT_DEEP_RUN_FILTER
grid_n3_noise3.0_peak1.5_h60_w15_p50_x65,1790887140000,MAINTAIN,,LIGHT,SHORT_DEEP_RUN_FILTER
grid_n3_noise3.0_peak1.5_h60_w15_p50_x65,1790887200000,MAINTAIN,,LIGHT,SHORT_DEEP_RUN_FILTER
grid_n3_noise3.0_peak1.5_h60_w15_p50_x65,1790887260000,MAINTAIN,,LIGHT,SHORT_DEEP_RUN_FILTER
grid_n3_noise3.0_peak1.5_h60_w15_p50_x65,1790887320000,MAINTAIN,,LIGHT,SHORT_DEEP_RUN_FILTER
grid_n3_noise3.0_peak1.5_h60_w15_p50_x65,1790887380000,EXIT,exit_sustained_rolling_motion,LIGHT,
grid_n3_noise3.0_peak1.5_h60_w15_p50_x65,1790887440000,ENTER,enter_stable_window,DEEP,
grid_n3_noise3.0_peak1.5_h60_w15_p50_x65,1790889780000,EXIT,exit_sustained_rolling_motion,LIGHT,
grid_n3_noise3.0_peak1.5_h60_w15_p65_x70,1790886540000,ENTER,enter_stable_window,DEEP,
grid_n3_noise3.0_peak1.5_h60_w15_p65_x70,1790889780000,EXIT,exit_sustained_rolling_motion,LIGHT,
grid_n3_noise3.0_peak1.5_h60_w15_p65_x65,1790886540000,ENTER,enter_stable_window,DEEP,
grid_n3_noise3.0_peak1.5_h60_w15_p65_x65,1790887380000,EXIT,exit_sustained_rolling_motion,LIGHT,
grid_n3_noise3.0_peak1.5_h60_w15_p65_x65,1790887440000,ENTER,enter_stable_window,DEEP,
grid_n3_noise3.0_peak1.5_h60_w15_p65_x65,1790889780000,EXIT,exit_sustained_rolling_motion,LIGHT,
grid_n3_noise3.0_peak1.5_h60_w10_p50_x70,1790886840000,ENTER,enter_stable_window,DEEP,
grid_n3_noise3.0_peak1.5_h60_w10_p50_x70,1790889780000,EXIT,exit_sustained_rolling_motion,LIGHT,
grid_n3_noise3.0_peak1.5_h60_w10_p50_x65,1790886840000,ENTER,enter_stable_window,LIGHT,SHORT_DEEP_RUN_FILTER
grid_n3_noise3.0_peak1.5_h60_w10_p50_x65,1790886900000,MAINTAIN,,LIGHT,SHORT_DEEP_RUN_FILTER
grid_n3_noise3.0_peak1.5_h60_w10_p50_x65,1790886960000,MAINTAIN,,LIGHT,SHORT_DEEP_RUN_FILTER
grid_n3_noise3.0_peak1.5_h60_w10_p50_x65,1790887020000,MAINTAIN,,LIGHT,SHORT_DEEP_RUN_FILTER
grid_n3_noise3.0_peak1.5_h60_w10_p50_x65,1790887080000,MAINTAIN,,LIGHT,SHORT_DEEP_RUN_FILTER
grid_n3_noise3.0_peak1.5_h60_w10_p50_x65,1790887140000,MAINTAIN,,LIGHT,SHORT_DEEP_RUN_FILTER
grid_n3_noise3.0_peak1.5_h60_w10_p50_x65,1790887200000,MAINTAIN,,LIGHT,SHORT_DEEP_RUN_FILTER
grid_n3_noise3.0_peak1.5_h60_w10_p50_x65,1790887260000,MAINTAIN,,LIGHT,SHORT_DEEP_RUN_FILTER
grid_n3_noise3.0_peak1.5_h60_w10_p50_x65,1790887320000,MAINTAIN,,LIGHT,SHORT_DEEP_RUN_FILTER
grid_n3_noise3.0_peak1.5_h60_w10_p50_x65,1790887380000,EXIT,exit_sustained_rolling_motion,LIGHT,
grid_n3_noise3.0_peak1.5_h60_w10_p50_x65,1790887440000,ENTER,enter_stable_window,DEEP,
grid_n3_noise3.0_peak1.5_h60_w10_p50_x65,1790889780000,EXIT,exit_sustained_rolling_motion,LIGHT,
grid_n3_noise3.0_peak1.5_h60_w10_p65_x70,1790886600000,ENTER,enter_stable_window,DEEP,
grid_n3_noise3.0_peak1.5_h60_w10_p65_x70,1790889780000,EXIT,exit_sustained_rolling_motion,LIGHT,
grid_n3_noise3.0_peak1.5_h60_w10_p65_x65,1790886600000,ENTER,enter_stable_window,DEEP,
grid_n3_noise3.0_peak1.5_h60_w10_p65_x65,1790887380000,EXIT,exit_sustained_rolling_motion,LIGHT,
grid_n3_noise3.0_peak1.5_h60_w10_p65_x65,1790887440000,ENTER,enter_stable_window,DEEP,
grid_n3_noise3.0_peak1.5_h60_w10_p65_x65,1790889780000,EXIT,exit_sustained_rolling_motion,LIGHT,
grid_n3_noise3.0_peak3.0_h45_w15_p50_x70,1790885820000,ENTER,enter_stable_window,DEEP,
grid_n3_noise3.0_peak3.0_h45_w15_p50_x70,1790890380000,EXIT,exit_sustained_rolling_motion,LIGHT,
grid_n3_noise3.0_peak3.0_h45_w15_p50_x70,1790890620000,ENTER,enter_stable_window,DEEP,
grid_n3_noise3.0_peak3.0_h45_w15_p50_x70,1790891640000,EXIT,exit_sustained_rolling_motion,LIGHT,
grid_n3_noise3.0_peak3.0_h45_w15_p50_x70,1790893080000,ENTER,enter_stable_window,DEEP,
grid_n3_noise3.0_peak3.0_h45_w15_p50_x70,1790894460000,EXIT,exit_sustained_rolling_motion,LIGHT,
grid_n3_noise3.0_peak3.0_h45_w15_p50_x65,1790885820000,ENTER,enter_stable_window,LIGHT,SHORT_DEEP_RUN_FILTER
grid_n3_noise3.0_peak3.0_h45_w15_p50_x65,1790885880000,MAINTAIN,,LIGHT,SHORT_DEEP_RUN_FILTER
grid_n3_noise3.0_peak3.0_h45_w15_p50_x65,1790885940000,MAINTAIN,,LIGHT,SHORT_DEEP_RUN_FILTER
grid_n3_noise3.0_peak3.0_h45_w15_p50_x65,1790886000000,MAINTAIN,,LIGHT,SHORT_DEEP_RUN_FILTER
grid_n3_noise3.0_peak3.0_h45_w15_p50_x65,1790886060000,MAINTAIN,,LIGHT,SHORT_DEEP_RUN_FILTER
grid_n3_noise3.0_peak3.0_h45_w15_p50_x65,1790886120000,MAINTAIN,,LIGHT,SHORT_DEEP_RUN_FILTER
grid_n3_noise3.0_peak3.0_h45_w15_p50_x65,1790886180000,MAINTAIN,,LIGHT,SHORT_DEEP_RUN_FILTER
grid_n3_noise3.0_peak3.0_h45_w15_p50_x65,1790886240000,EXIT,exit_sustained_rolling_motion,LIGHT,
grid_n3_noise3.0_peak3.0_h45_w15_p50_x65,1790886480000,ENTER,enter_stable_window,DEEP,
grid_n3_noise3.0_peak3.0_h45_w15_p50_x65,1790890380000,EXIT,exit_sustained_rolling_motion,LIGHT,
grid_n3_noise3.0_peak3.0_h45_w15_p50_x65,1790890620000,ENTER,enter_stable_window,LIGHT,SHORT_DEEP_RUN_FILTER
grid_n3_noise3.0_peak3.0_h45_w15_p50_x65,1790890680000,MAINTAIN,,LIGHT,SHORT_DEEP_RUN_FILTER
grid_n3_noise3.0_peak3.0_h45_w15_p50_x65,1790890740000,MAINTAIN,,LIGHT,SHORT_DEEP_RUN_FILTER
grid_n3_noise3.0_peak3.0_h45_w15_p50_x65,1790890800000,MAINTAIN,,LIGHT,SHORT_DEEP_RUN_FILTER
grid_n3_noise3.0_peak3.0_h45_w15_p50_x65,1790890860000,MAINTAIN,,LIGHT,SHORT_DEEP_RUN_FILTER
grid_n3_noise3.0_peak3.0_h45_w15_p50_x65,1790890920000,EXIT,exit_sustained_rolling_motion,LIGHT,
grid_n3_noise3.0_peak3.0_h45_w15_p50_x65,1790891040000,ENTER,enter_stable_window,LIGHT,SHORT_DEEP_RUN_FILTER
grid_n3_noise3.0_peak3.0_h45_w15_p50_x65,1790891100000,MAINTAIN,,LIGHT,SHORT_DEEP_RUN_FILTER
grid_n3_noise3.0_peak3.0_h45_w15_p50_x65,1790891160000,MAINTAIN,,LIGHT,SHORT_DEEP_RUN_FILTER
grid_n3_noise3.0_peak3.0_h45_w15_p50_x65,1790891220000,MAINTAIN,,LIGHT,SHORT_DEEP_RUN_FILTER
grid_n3_noise3.0_peak3.0_h45_w15_p50_x65,1790891280000,MAINTAIN,,LIGHT,SHORT_DEEP_RUN_FILTER
grid_n3_noise3.0_peak3.0_h45_w15_p50_x65,1790891340000,MAINTAIN,,LIGHT,SHORT_DEEP_RUN_FILTER
grid_n3_noise3.0_peak3.0_h45_w15_p50_x65,1790891400000,EXIT,exit_sustained_rolling_motion,LIGHT,
grid_n3_noise3.0_peak3.0_h45_w15_p50_x65,1790893080000,ENTER,enter_stable_window,LIGHT,SHORT_DEEP_RUN_FILTER
grid_n3_noise3.0_peak3.0_h45_w15_p50_x65,1790893140000,MAINTAIN,,LIGHT,SHORT_DEEP_RUN_FILTER
grid_n3_noise3.0_peak3.0_h45_w15_p50_x65,1790893200000,MAINTAIN,,LIGHT,SHORT_DEEP_RUN_FILTER
grid_n3_noise3.0_peak3.0_h45_w15_p50_x65,1790893260000,MAINTAIN,,LIGHT,SHORT_DEEP_RUN_FILTER
grid_n3_noise3.0_peak3.0_h45_w15_p50_x65,1790893320000,MAINTAIN,,LIGHT,SHORT_DEEP_RUN_FILTER
grid_n3_noise3.0_peak3.0_h45_w15_p50_x65,1790893380000,MAINTAIN,,LIGHT,SHORT_DEEP_RUN_FILTER
grid_n3_noise3.0_peak3.0_h45_w15_p50_x65,1790893440000,EXIT,exit_sustained_rolling_motion,LIGHT,
grid_n3_noise3.0_peak3.0_h45_w15_p50_x65,1790893500000,ENTER,enter_stable_window,DEEP,
grid_n3_noise3.0_peak3.0_h45_w15_p50_x65,1790894460000,EXIT,exit_sustained_rolling_motion,LIGHT,
grid_n3_noise3.0_peak3.0_h45_w15_p65_x70,1790885460000,ENTER,enter_stable_window,LIGHT,SHORT_DEEP_RUN_FILTER
grid_n3_noise3.0_peak3.0_h45_w15_p65_x70,1790885520000,MAINTAIN,,LIGHT,SHORT_DEEP_RUN_FILTER
grid_n3_noise3.0_peak3.0_h45_w15_p65_x70,1790885580000,MAINTAIN,,LIGHT,SHORT_DEEP_RUN_FILTER
grid_n3_noise3.0_peak3.0_h45_w15_p65_x70,1790885640000,MAINTAIN,,LIGHT,SHORT_DEEP_RUN_FILTER
grid_n3_noise3.0_peak3.0_h45_w15_p65_x70,1790885700000,EXIT,exit_sustained_rolling_motion,LIGHT,
grid_n3_noise3.0_peak3.0_h45_w15_p65_x70,1790885820000,ENTER,enter_stable_window,DEEP,
grid_n3_noise3.0_peak3.0_h45_w15_p65_x70,1790890380000,EXIT,exit_sustained_rolling_motion,LIGHT,
grid_n3_noise3.0_peak3.0_h45_w15_p65_x70,1790890560000,ENTER,enter_stable_window,DEEP,
grid_n3_noise3.0_peak3.0_h45_w15_p65_x70,1790891640000,EXIT,exit_sustained_rolling_motion,LIGHT,
grid_n3_noise3.0_peak3.0_h45_w15_p65_x70,1790893080000,ENTER,enter_stable_window,DEEP,
grid_n3_noise3.0_peak3.0_h45_w15_p65_x70,1790894460000,EXIT,exit_sustained_rolling_motion,LIGHT,
grid_n3_noise3.0_peak3.0_h45_w15_p65_x70,1790894580000,ENTER,enter_stable_window,LIGHT,SHORT_DEEP_RUN_FILTER
grid_n3_noise3.0_peak3.0_h45_w15_p65_x70,1790894640000,MAINTAIN,,LIGHT,SHORT_DEEP_RUN_FILTER
grid_n3_noise3.0_peak3.0_h45_w15_p65_x70,1790894700000,MAINTAIN,,LIGHT,SHORT_DEEP_RUN_FILTER
grid_n3_noise3.0_peak3.0_h45_w15_p65_x70,1790894760000,MAINTAIN,,LIGHT,SHORT_DEEP_RUN_FILTER
grid_n3_noise3.0_peak3.0_h45_w15_p65_x70,1790894820000,MAINTAIN,,LIGHT,SHORT_DEEP_RUN_FILTER
grid_n3_noise3.0_peak3.0_h45_w15_p65_x70,1790894880000,MAINTAIN,,LIGHT,SHORT_DEEP_RUN_FILTER
grid_n3_noise3.0_peak3.0_h45_w15_p65_x70,1790894940000,EXIT,exit_sustained_rolling_motion,LIGHT,
grid_n3_noise3.0_peak3.0_h45_w15_p65_x70,1790895120000,ENTER,enter_stable_window,DEEP,
grid_n3_noise3.0_peak3.0_h45_w15_p65_x70,1790896320000,EXIT,exit_missing_motion,LIGHT,
grid_n3_noise3.0_peak3.0_h45_w15_p65_x65,1790885460000,ENTER,enter_stable_window,LIGHT,SHORT_DEEP_RUN_FILTER
grid_n3_noise3.0_peak3.0_h45_w15_p65_x65,1790885520000,MAINTAIN,,LIGHT,SHORT_DEEP_RUN_FILTER
grid_n3_noise3.0_peak3.0_h45_w15_p65_x65,1790885580000,MAINTAIN,,LIGHT,SHORT_DEEP_RUN_FILTER
grid_n3_noise3.0_peak3.0_h45_w15_p65_x65,1790885640000,MAINTAIN,,LIGHT,SHORT_DEEP_RUN_FILTER
grid_n3_noise3.0_peak3.0_h45_w15_p65_x65,1790885700000,EXIT,exit_sustained_rolling_motion,LIGHT,
grid_n3_noise3.0_peak3.0_h45_w15_p65_x65,1790885820000,ENTER,enter_stable_window,LIGHT,SHORT_DEEP_RUN_FILTER
grid_n3_noise3.0_peak3.0_h45_w15_p65_x65,1790885880000,MAINTAIN,,LIGHT,SHORT_DEEP_RUN_FILTER
grid_n3_noise3.0_peak3.0_h45_w15_p65_x65,1790885940000,MAINTAIN,,LIGHT,SHORT_DEEP_RUN_FILTER
grid_n3_noise3.0_peak3.0_h45_w15_p65_x65,1790886000000,MAINTAIN,,LIGHT,SHORT_DEEP_RUN_FILTER
grid_n3_noise3.0_peak3.0_h45_w15_p65_x65,1790886060000,MAINTAIN,,LIGHT,SHORT_DEEP_RUN_FILTER
grid_n3_noise3.0_peak3.0_h45_w15_p65_x65,1790886120000,MAINTAIN,,LIGHT,SHORT_DEEP_RUN_FILTER
grid_n3_noise3.0_peak3.0_h45_w15_p65_x65,1790886180000,MAINTAIN,,LIGHT,SHORT_DEEP_RUN_FILTER
grid_n3_noise3.0_peak3.0_h45_w15_p65_x65,1790886240000,EXIT,exit_sustained_rolling_motion,LIGHT,
grid_n3_noise3.0_peak3.0_h45_w15_p65_x65,1790886300000,ENTER,enter_stable_window,DEEP,
grid_n3_noise3.0_peak3.0_h45_w15_p65_x65,1790890380000,EXIT,exit_sustained_rolling_motion,LIGHT,
grid_n3_noise3.0_peak3.0_h45_w15_p65_x65,1790890560000,ENTER,enter_stable_window,LIGHT,SHORT_DEEP_RUN_FILTER
grid_n3_noise3.0_peak3.0_h45_w15_p65_x65,1790890620000,MAINTAIN,,LIGHT,SHORT_DEEP_RUN_FILTER
grid_n3_noise3.0_peak3.0_h45_w15_p65_x65,1790890680000,MAINTAIN,,LIGHT,SHORT_DEEP_RUN_FILTER
grid_n3_noise3.0_peak3.0_h45_w15_p65_x65,1790890740000,MAINTAIN,,LIGHT,SHORT_DEEP_RUN_FILTER
grid_n3_noise3.0_peak3.0_h45_w15_p65_x65,1790890800000,MAINTAIN,,LIGHT,SHORT_DEEP_RUN_FILTER
grid_n3_noise3.0_peak3.0_h45_w15_p65_x65,1790890860000,MAINTAIN,,LIGHT,SHORT_DEEP_RUN_FILTER
grid_n3_noise3.0_peak3.0_h45_w15_p65_x65,1790890920000,EXIT,exit_sustained_rolling_motion,LIGHT,
grid_n3_noise3.0_peak3.0_h45_w15_p65_x65,1790891040000,ENTER,enter_stable_window,LIGHT,SHORT_DEEP_RUN_FILTER
grid_n3_noise3.0_peak3.0_h45_w15_p65_x65,1790891100000,MAINTAIN,,LIGHT,SHORT_DEEP_RUN_FILTER
grid_n3_noise3.0_peak3.0_h45_w15_p65_x65,1790891160000,MAINTAIN,,LIGHT,SHORT_DEEP_RUN_FILTER
grid_n3_noise3.0_peak3.0_h45_w15_p65_x65,1790891220000,MAINTAIN,,LIGHT,SHORT_DEEP_RUN_FILTER
grid_n3_noise3.0_peak3.0_h45_w15_p65_x65,1790891280000,MAINTAIN,,LIGHT,SHORT_DEEP_RUN_FILTER
grid_n3_noise3.0_peak3.0_h45_w15_p65_x65,1790891340000,MAINTAIN,,LIGHT,SHORT_DEEP_RUN_FILTER
grid_n3_noise3.0_peak3.0_h45_w15_p65_x65,1790891400000,EXIT,exit_sustained_rolling_motion,LIGHT,
grid_n3_noise3.0_peak3.0_h45_w15_p65_x65,1790893080000,ENTER,enter_stable_window,LIGHT,SHORT_DEEP_RUN_FILTER
grid_n3_noise3.0_peak3.0_h45_w15_p65_x65,1790893140000,MAINTAIN,,LIGHT,SHORT_DEEP_RUN_FILTER
grid_n3_noise3.0_peak3.0_h45_w15_p65_x65,1790893200000,MAINTAIN,,LIGHT,SHORT_DEEP_RUN_FILTER
grid_n3_noise3.0_peak3.0_h45_w15_p65_x65,1790893260000,MAINTAIN,,LIGHT,SHORT_DEEP_RUN_FILTER
grid_n3_noise3.0_peak3.0_h45_w15_p65_x65,1790893320000,MAINTAIN,,LIGHT,SHORT_DEEP_RUN_FILTER
grid_n3_noise3.0_peak3.0_h45_w15_p65_x65,1790893380000,MAINTAIN,,LIGHT,SHORT_DEEP_RUN_FILTER
grid_n3_noise3.0_peak3.0_h45_w15_p65_x65,1790893440000,EXIT,exit_sustained_rolling_motion,LIGHT,
grid_n3_noise3.0_peak3.0_h45_w15_p65_x65,1790893500000,ENTER,enter_stable_window,DEEP,
grid_n3_noise3.0_peak3.0_h45_w15_p65_x65,1790894460000,EXIT,exit_sustained_rolling_motion,LIGHT,
grid_n3_noise3.0_peak3.0_h45_w15_p65_x65,1790894580000,ENTER,enter_stable_window,LIGHT,SHORT_DEEP_RUN_FILTER
grid_n3_noise3.0_peak3.0_h45_w15_p65_x65,1790894640000,MAINTAIN,,LIGHT,SHORT_DEEP_RUN_FILTER
grid_n3_noise3.0_peak3.0_h45_w15_p65_x65,1790894700000,MAINTAIN,,LIGHT,SHORT_DEEP_RUN_FILTER
grid_n3_noise3.0_peak3.0_h45_w15_p65_x65,1790894760000,MAINTAIN,,LIGHT,SHORT_DEEP_RUN_FILTER
grid_n3_noise3.0_peak3.0_h45_w15_p65_x65,1790894820000,MAINTAIN,,LIGHT,SHORT_DEEP_RUN_FILTER
grid_n3_noise3.0_peak3.0_h45_w15_p65_x65,1790894880000,MAINTAIN,,LIGHT,SHORT_DEEP_RUN_FILTER
grid_n3_noise3.0_peak3.0_h45_w15_p65_x65,1790894940000,EXIT,exit_sustained_rolling_motion,LIGHT,
grid_n3_noise3.0_peak3.0_h45_w15_p65_x65,1790895120000,ENTER,enter_stable_window,DEEP,
grid_n3_noise3.0_peak3.0_h45_w15_p65_x65,1790896320000,EXIT,exit_missing_motion,LIGHT,
grid_n3_noise3.0_peak3.0_h45_w10_p50_x70,1790885340000,ENTER,enter_stable_window,LIGHT,SHORT_DEEP_RUN_FILTER
grid_n3_noise3.0_peak3.0_h45_w10_p50_x70,1790885400000,MAINTAIN,,LIGHT,SHORT_DEEP_RUN_FILTER
grid_n3_noise3.0_peak3.0_h45_w10_p50_x70,1790885460000,MAINTAIN,,LIGHT,SHORT_DEEP_RUN_FILTER
grid_n3_noise3.0_peak3.0_h45_w10_p50_x70,1790885520000,MAINTAIN,,LIGHT,SHORT_DEEP_RUN_FILTER
grid_n3_noise3.0_peak3.0_h45_w10_p50_x70,1790885580000,MAINTAIN,,LIGHT,SHORT_DEEP_RUN_FILTER
grid_n3_noise3.0_peak3.0_h45_w10_p50_x70,1790885640000,MAINTAIN,,LIGHT,SHORT_DEEP_RUN_FILTER
grid_n3_noise3.0_peak3.0_h45_w10_p50_x70,1790885700000,EXIT,exit_sustained_rolling_motion,LIGHT,
grid_n3_noise3.0_peak3.0_h45_w10_p50_x70,1790886600000,ENTER,enter_stable_window,DEEP,
grid_n3_noise3.0_peak3.0_h45_w10_p50_x70,1790890380000,EXIT,exit_sustained_rolling_motion,LIGHT,
grid_n3_noise3.0_peak3.0_h45_w10_p50_x70,1790890920000,ENTER,enter_stable_window,DEEP,
grid_n3_noise3.0_peak3.0_h45_w10_p50_x70,1790891640000,EXIT,exit_sustained_rolling_motion,LIGHT,
grid_n3_noise3.0_peak3.0_h45_w10_p50_x70,1790892960000,ENTER,enter_stable_window,DEEP,
grid_n3_noise3.0_peak3.0_h45_w10_p50_x70,1790894460000,EXIT,exit_sustained_rolling_motion,LIGHT,
grid_n3_noise3.0_peak3.0_h45_w10_p50_x70,1790896200000,ENTER,enter_stable_window,LIGHT,SHORT_DEEP_RUN_FILTER
grid_n3_noise3.0_peak3.0_h45_w10_p50_x70,1790896260000,MAINTAIN,,LIGHT,SHORT_DEEP_RUN_FILTER
grid_n3_noise3.0_peak3.0_h45_w10_p50_x70,1790896320000,EXIT,exit_missing_motion,LIGHT,
grid_n3_noise3.0_peak3.0_h45_w10_p50_x65,1790885340000,ENTER,enter_stable_window,LIGHT,SHORT_DEEP_RUN_FILTER
grid_n3_noise3.0_peak3.0_h45_w10_p50_x65,1790885400000,MAINTAIN,,LIGHT,SHORT_DEEP_RUN_FILTER
grid_n3_noise3.0_peak3.0_h45_w10_p50_x65,1790885460000,MAINTAIN,,LIGHT,SHORT_DEEP_RUN_FILTER
grid_n3_noise3.0_peak3.0_h45_w10_p50_x65,1790885520000,MAINTAIN,,LIGHT,SHORT_DEEP_RUN_FILTER
grid_n3_noise3.0_peak3.0_h45_w10_p50_x65,1790885580000,MAINTAIN,,LIGHT,SHORT_DEEP_RUN_FILTER
grid_n3_noise3.0_peak3.0_h45_w10_p50_x65,1790885640000,MAINTAIN,,LIGHT,SHORT_DEEP_RUN_FILTER
grid_n3_noise3.0_peak3.0_h45_w10_p50_x65,1790885700000,EXIT,exit_sustained_rolling_motion,LIGHT,
grid_n3_noise3.0_peak3.0_h45_w10_p50_x65,1790886600000,ENTER,enter_stable_window,DEEP,
grid_n3_noise3.0_peak3.0_h45_w10_p50_x65,1790890380000,EXIT,exit_sustained_rolling_motion,LIGHT,
grid_n3_noise3.0_peak3.0_h45_w10_p50_x65,1790890920000,ENTER,enter_stable_window,LIGHT,SHORT_DEEP_RUN_FILTER
grid_n3_noise3.0_peak3.0_h45_w10_p50_x65,1790890980000,MAINTAIN,,LIGHT,SHORT_DEEP_RUN_FILTER
grid_n3_noise3.0_peak3.0_h45_w10_p50_x65,1790891040000,MAINTAIN,,LIGHT,SHORT_DEEP_RUN_FILTER
grid_n3_noise3.0_peak3.0_h45_w10_p50_x65,1790891100000,MAINTAIN,,LIGHT,SHORT_DEEP_RUN_FILTER
grid_n3_noise3.0_peak3.0_h45_w10_p50_x65,1790891160000,MAINTAIN,,LIGHT,SHORT_DEEP_RUN_FILTER
grid_n3_noise3.0_peak3.0_h45_w10_p50_x65,1790891220000,MAINTAIN,,LIGHT,SHORT_DEEP_RUN_FILTER
grid_n3_noise3.0_peak3.0_h45_w10_p50_x65,1790891280000,MAINTAIN,,LIGHT,SHORT_DEEP_RUN_FILTER
grid_n3_noise3.0_peak3.0_h45_w10_p50_x65,1790891340000,MAINTAIN,,LIGHT,SHORT_DEEP_RUN_FILTER
grid_n3_noise3.0_peak3.0_h45_w10_p50_x65,1790891400000,EXIT,exit_sustained_rolling_motion,LIGHT,
grid_n3_noise3.0_peak3.0_h45_w10_p50_x65,1790892960000,ENTER,enter_stable_window,LIGHT,SHORT_DEEP_RUN_FILTER
grid_n3_noise3.0_peak3.0_h45_w10_p50_x65,1790893020000,MAINTAIN,,LIGHT,SHORT_DEEP_RUN_FILTER
grid_n3_noise3.0_peak3.0_h45_w10_p50_x65,1790893080000,MAINTAIN,,LIGHT,SHORT_DEEP_RUN_FILTER
grid_n3_noise3.0_peak3.0_h45_w10_p50_x65,1790893140000,MAINTAIN,,LIGHT,SHORT_DEEP_RUN_FILTER
grid_n3_noise3.0_peak3.0_h45_w10_p50_x65,1790893200000,MAINTAIN,,LIGHT,SHORT_DEEP_RUN_FILTER
grid_n3_noise3.0_peak3.0_h45_w10_p50_x65,1790893260000,MAINTAIN,,LIGHT,SHORT_DEEP_RUN_FILTER
grid_n3_noise3.0_peak3.0_h45_w10_p50_x65,1790893320000,MAINTAIN,,LIGHT,SHORT_DEEP_RUN_FILTER
grid_n3_noise3.0_peak3.0_h45_w10_p50_x65,1790893380000,MAINTAIN,,LIGHT,SHORT_DEEP_RUN_FILTER
grid_n3_noise3.0_peak3.0_h45_w10_p50_x65,1790893440000,EXIT,exit_sustained_rolling_motion,LIGHT,
grid_n3_noise3.0_peak3.0_h45_w10_p50_x65,1790893920000,ENTER,enter_stable_window,LIGHT,SHORT_DEEP_RUN_FILTER
grid_n3_noise3.0_peak3.0_h45_w10_p50_x65,1790893980000,MAINTAIN,,LIGHT,SHORT_DEEP_RUN_FILTER
grid_n3_noise3.0_peak3.0_h45_w10_p50_x65,1790894040000,MAINTAIN,,LIGHT,SHORT_DEEP_RUN_FILTER
grid_n3_noise3.0_peak3.0_h45_w10_p50_x65,1790894100000,MAINTAIN,,LIGHT,SHORT_DEEP_RUN_FILTER
grid_n3_noise3.0_peak3.0_h45_w10_p50_x65,1790894160000,MAINTAIN,,LIGHT,SHORT_DEEP_RUN_FILTER
grid_n3_noise3.0_peak3.0_h45_w10_p50_x65,1790894220000,MAINTAIN,,LIGHT,SHORT_DEEP_RUN_FILTER
grid_n3_noise3.0_peak3.0_h45_w10_p50_x65,1790894280000,MAINTAIN,,LIGHT,SHORT_DEEP_RUN_FILTER
grid_n3_noise3.0_peak3.0_h45_w10_p50_x65,1790894340000,MAINTAIN,,LIGHT,SHORT_DEEP_RUN_FILTER
grid_n3_noise3.0_peak3.0_h45_w10_p50_x65,1790894400000,MAINTAIN,,LIGHT,SHORT_DEEP_RUN_FILTER
grid_n3_noise3.0_peak3.0_h45_w10_p50_x65,1790894460000,EXIT,exit_sustained_rolling_motion,LIGHT,
grid_n3_noise3.0_peak3.0_h45_w10_p50_x65,1790896200000,ENTER,enter_stable_window,LIGHT,SHORT_DEEP_RUN_FILTER
grid_n3_noise3.0_peak3.0_h45_w10_p50_x65,1790896260000,MAINTAIN,,LIGHT,SHORT_DEEP_RUN_FILTER
grid_n3_noise3.0_peak3.0_h45_w10_p50_x65,1790896320000,EXIT,exit_missing_motion,LIGHT,
grid_n3_noise3.0_peak3.0_h45_w10_p65_x70,1790885160000,ENTER,enter_stable_window,LIGHT,SHORT_DEEP_RUN_FILTER
grid_n3_noise3.0_peak3.0_h45_w10_p65_x70,1790885220000,MAINTAIN,,LIGHT,SHORT_DEEP_RUN_FILTER
grid_n3_noise3.0_peak3.0_h45_w10_p65_x70,1790885280000,MAINTAIN,,LIGHT,SHORT_DEEP_RUN_FILTER
grid_n3_noise3.0_peak3.0_h45_w10_p65_x70,1790885340000,MAINTAIN,,LIGHT,SHORT_DEEP_RUN_FILTER
grid_n3_noise3.0_peak3.0_h45_w10_p65_x70,1790885400000,MAINTAIN,,LIGHT,SHORT_DEEP_RUN_FILTER
grid_n3_noise3.0_peak3.0_h45_w10_p65_x70,1790885460000,MAINTAIN,,LIGHT,SHORT_DEEP_RUN_FILTER
grid_n3_noise3.0_peak3.0_h45_w10_p65_x70,1790885520000,MAINTAIN,,LIGHT,SHORT_DEEP_RUN_FILTER
grid_n3_noise3.0_peak3.0_h45_w10_p65_x70,1790885580000,MAINTAIN,,LIGHT,SHORT_DEEP_RUN_FILTER
grid_n3_noise3.0_peak3.0_h45_w10_p65_x70,1790885640000,MAINTAIN,,LIGHT,SHORT_DEEP_RUN_FILTER
grid_n3_noise3.0_peak3.0_h45_w10_p65_x70,1790885700000,EXIT,exit_sustained_rolling_motion,LIGHT,
grid_n3_noise3.0_peak3.0_h45_w10_p65_x70,1790885820000,ENTER,enter_stable_window,DEEP,
grid_n3_noise3.0_peak3.0_h45_w10_p65_x70,1790890380000,EXIT,exit_sustained_rolling_motion,LIGHT,
grid_n3_noise3.0_peak3.0_h45_w10_p65_x70,1790890560000,ENTER,enter_stable_window,DEEP,
grid_n3_noise3.0_peak3.0_h45_w10_p65_x70,1790891640000,EXIT,exit_sustained_rolling_motion,LIGHT,
grid_n3_noise3.0_peak3.0_h45_w10_p65_x70,1790892900000,ENTER,enter_stable_window,DEEP,
grid_n3_noise3.0_peak3.0_h45_w10_p65_x70,1790894460000,EXIT,exit_sustained_rolling_motion,LIGHT,
grid_n3_noise3.0_peak3.0_h45_w10_p65_x70,1790894580000,ENTER,enter_stable_window,LIGHT,SHORT_DEEP_RUN_FILTER
grid_n3_noise3.0_peak3.0_h45_w10_p65_x70,1790894640000,MAINTAIN,,LIGHT,SHORT_DEEP_RUN_FILTER
grid_n3_noise3.0_peak3.0_h45_w10_p65_x70,1790894700000,MAINTAIN,,LIGHT,SHORT_DEEP_RUN_FILTER
grid_n3_noise3.0_peak3.0_h45_w10_p65_x70,1790894760000,MAINTAIN,,LIGHT,SHORT_DEEP_RUN_FILTER
grid_n3_noise3.0_peak3.0_h45_w10_p65_x70,1790894820000,MAINTAIN,,LIGHT,SHORT_DEEP_RUN_FILTER
grid_n3_noise3.0_peak3.0_h45_w10_p65_x70,1790894880000,MAINTAIN,,LIGHT,SHORT_DEEP_RUN_FILTER
grid_n3_noise3.0_peak3.0_h45_w10_p65_x70,1790894940000,EXIT,exit_sustained_rolling_motion,LIGHT,
grid_n3_noise3.0_peak3.0_h45_w10_p65_x70,1790895060000,ENTER,enter_stable_window,DEEP,
grid_n3_noise3.0_peak3.0_h45_w10_p65_x70,1790896320000,EXIT,exit_missing_motion,LIGHT,
grid_n3_noise3.0_peak3.0_h45_w10_p65_x65,1790885160000,ENTER,enter_stable_window,LIGHT,SHORT_DEEP_RUN_FILTER
grid_n3_noise3.0_peak3.0_h45_w10_p65_x65,1790885220000,MAINTAIN,,LIGHT,SHORT_DEEP_RUN_FILTER
grid_n3_noise3.0_peak3.0_h45_w10_p65_x65,1790885280000,MAINTAIN,,LIGHT,SHORT_DEEP_RUN_FILTER
grid_n3_noise3.0_peak3.0_h45_w10_p65_x65,1790885340000,MAINTAIN,,LIGHT,SHORT_DEEP_RUN_FILTER
grid_n3_noise3.0_peak3.0_h45_w10_p65_x65,1790885400000,MAINTAIN,,LIGHT,SHORT_DEEP_RUN_FILTER
grid_n3_noise3.0_peak3.0_h45_w10_p65_x65,1790885460000,MAINTAIN,,LIGHT,SHORT_DEEP_RUN_FILTER
grid_n3_noise3.0_peak3.0_h45_w10_p65_x65,1790885520000,MAINTAIN,,LIGHT,SHORT_DEEP_RUN_FILTER
grid_n3_noise3.0_peak3.0_h45_w10_p65_x65,1790885580000,MAINTAIN,,LIGHT,SHORT_DEEP_RUN_FILTER
grid_n3_noise3.0_peak3.0_h45_w10_p65_x65,1790885640000,MAINTAIN,,LIGHT,SHORT_DEEP_RUN_FILTER
grid_n3_noise3.0_peak3.0_h45_w10_p65_x65,1790885700000,EXIT,exit_sustained_rolling_motion,LIGHT,
grid_n3_noise3.0_peak3.0_h45_w10_p65_x65,1790885820000,ENTER,enter_stable_window,LIGHT,SHORT_DEEP_RUN_FILTER
grid_n3_noise3.0_peak3.0_h45_w10_p65_x65,1790885880000,MAINTAIN,,LIGHT,SHORT_DEEP_RUN_FILTER
grid_n3_noise3.0_peak3.0_h45_w10_p65_x65,1790885940000,MAINTAIN,,LIGHT,SHORT_DEEP_RUN_FILTER
grid_n3_noise3.0_peak3.0_h45_w10_p65_x65,1790886000000,MAINTAIN,,LIGHT,SHORT_DEEP_RUN_FILTER
grid_n3_noise3.0_peak3.0_h45_w10_p65_x65,1790886060000,MAINTAIN,,LIGHT,SHORT_DEEP_RUN_FILTER
grid_n3_noise3.0_peak3.0_h45_w10_p65_x65,1790886120000,MAINTAIN,,LIGHT,SHORT_DEEP_RUN_FILTER
grid_n3_noise3.0_peak3.0_h45_w10_p65_x65,1790886180000,MAINTAIN,,LIGHT,SHORT_DEEP_RUN_FILTER
grid_n3_noise3.0_peak3.0_h45_w10_p65_x65,1790886240000,EXIT,exit_sustained_rolling_motion,LIGHT,
grid_n3_noise3.0_peak3.0_h45_w10_p65_x65,1790886300000,ENTER,enter_stable_window,DEEP,
grid_n3_noise3.0_peak3.0_h45_w10_p65_x65,1790890380000,EXIT,exit_sustained_rolling_motion,LIGHT,
grid_n3_noise3.0_peak3.0_h45_w10_p65_x65,1790890560000,ENTER,enter_stable_window,LIGHT,SHORT_DEEP_RUN_FILTER
grid_n3_noise3.0_peak3.0_h45_w10_p65_x65,1790890620000,MAINTAIN,,LIGHT,SHORT_DEEP_RUN_FILTER
grid_n3_noise3.0_peak3.0_h45_w10_p65_x65,1790890680000,MAINTAIN,,LIGHT,SHORT_DEEP_RUN_FILTER
grid_n3_noise3.0_peak3.0_h45_w10_p65_x65,1790890740000,MAINTAIN,,LIGHT,SHORT_DEEP_RUN_FILTER
grid_n3_noise3.0_peak3.0_h45_w10_p65_x65,1790890800000,MAINTAIN,,LIGHT,SHORT_DEEP_RUN_FILTER
grid_n3_noise3.0_peak3.0_h45_w10_p65_x65,1790890860000,MAINTAIN,,LIGHT,SHORT_DEEP_RUN_FILTER
grid_n3_noise3.0_peak3.0_h45_w10_p65_x65,1790890920000,EXIT,exit_sustained_rolling_motion,LIGHT,
grid_n3_noise3.0_peak3.0_h45_w10_p65_x65,1790890980000,ENTER,enter_stable_window,LIGHT,SHORT_DEEP_RUN_FILTER
grid_n3_noise3.0_peak3.0_h45_w10_p65_x65,1790891040000,MAINTAIN,,LIGHT,SHORT_DEEP_RUN_FILTER
grid_n3_noise3.0_peak3.0_h45_w10_p65_x65,1790891100000,MAINTAIN,,LIGHT,SHORT_DEEP_RUN_FILTER
grid_n3_noise3.0_peak3.0_h45_w10_p65_x65,1790891160000,MAINTAIN,,LIGHT,SHORT_DEEP_RUN_FILTER
grid_n3_noise3.0_peak3.0_h45_w10_p65_x65,1790891220000,MAINTAIN,,LIGHT,SHORT_DEEP_RUN_FILTER
grid_n3_noise3.0_peak3.0_h45_w10_p65_x65,1790891280000,MAINTAIN,,LIGHT,SHORT_DEEP_RUN_FILTER
grid_n3_noise3.0_peak3.0_h45_w10_p65_x65,1790891340000,MAINTAIN,,LIGHT,SHORT_DEEP_RUN_FILTER
grid_n3_noise3.0_peak3.0_h45_w10_p65_x65,1790891400000,EXIT,exit_sustained_rolling_motion,LIGHT,
grid_n3_noise3.0_peak3.0_h45_w10_p65_x65,1790892900000,ENTER,enter_stable_window,LIGHT,SHORT_DEEP_RUN_FILTER
grid_n3_noise3.0_peak3.0_h45_w10_p65_x65,1790892960000,MAINTAIN,,LIGHT,SHORT_DEEP_RUN_FILTER
grid_n3_noise3.0_peak3.0_h45_w10_p65_x65,1790893020000,MAINTAIN,,LIGHT,SHORT_DEEP_RUN_FILTER
grid_n3_noise3.0_peak3.0_h45_w10_p65_x65,1790893080000,MAINTAIN,,LIGHT,SHORT_DEEP_RUN_FILTER
grid_n3_noise3.0_peak3.0_h45_w10_p65_x65,1790893140000,MAINTAIN,,LIGHT,SHORT_DEEP_RUN_FILTER
grid_n3_noise3.0_peak3.0_h45_w10_p65_x65,1790893200000,MAINTAIN,,LIGHT,SHORT_DEEP_RUN_FILTER
grid_n3_noise3.0_peak3.0_h45_w10_p65_x65,1790893260000,MAINTAIN,,LIGHT,SHORT_DEEP_RUN_FILTER
grid_n3_noise3.0_peak3.0_h45_w10_p65_x65,1790893320000,MAINTAIN,,LIGHT,SHORT_DEEP_RUN_FILTER
grid_n3_noise3.0_peak3.0_h45_w10_p65_x65,1790893380000,MAINTAIN,,LIGHT,SHORT_DEEP_RUN_FILTER
grid_n3_noise3.0_peak3.0_h45_w10_p65_x65,1790893440000,EXIT,exit_sustained_rolling_motion,LIGHT,
grid_n3_noise3.0_peak3.0_h45_w10_p65_x65,1790893500000,ENTER,enter_stable_window,DEEP,
grid_n3_noise3.0_peak3.0_h45_w10_p65_x65,1790894460000,EXIT,exit_sustained_rolling_motion,LIGHT,
grid_n3_noise3.0_peak3.0_h45_w10_p65_x65,1790894580000,ENTER,enter_stable_window,LIGHT,SHORT_DEEP_RUN_FILTER
grid_n3_noise3.0_peak3.0_h45_w10_p65_x65,1790894640000,MAINTAIN,,LIGHT,SHORT_DEEP_RUN_FILTER
grid_n3_noise3.0_peak3.0_h45_w10_p65_x65,1790894700000,MAINTAIN,,LIGHT,SHORT_DEEP_RUN_FILTER
grid_n3_noise3.0_peak3.0_h45_w10_p65_x65,1790894760000,MAINTAIN,,LIGHT,SHORT_DEEP_RUN_FILTER
grid_n3_noise3.0_peak3.0_h45_w10_p65_x65,1790894820000,MAINTAIN,,LIGHT,SHORT_DEEP_RUN_FILTER
grid_n3_noise3.0_peak3.0_h45_w10_p65_x65,1790894880000,MAINTAIN,,LIGHT,SHORT_DEEP_RUN_FILTER
grid_n3_noise3.0_peak3.0_h45_w10_p65_x65,1790894940000,EXIT,exit_sustained_rolling_motion,LIGHT,
grid_n3_noise3.0_peak3.0_h45_w10_p65_x65,1790895060000,ENTER,enter_stable_window,DEEP,
grid_n3_noise3.0_peak3.0_h45_w10_p65_x65,1790896320000,EXIT,exit_missing_motion,LIGHT,
grid_n3_noise3.0_peak3.0_h60_w15_p50_x70,1790885820000,ENTER,enter_stable_window,DEEP,
grid_n3_noise3.0_peak3.0_h60_w15_p50_x70,1790890380000,EXIT,exit_sustained_rolling_motion,LIGHT,
grid_n3_noise3.0_peak3.0_h60_w15_p50_x70,1790890620000,ENTER,enter_stable_window,DEEP,
grid_n3_noise3.0_peak3.0_h60_w15_p50_x70,1790891640000,EXIT,exit_sustained_rolling_motion,LIGHT,
grid_n3_noise3.0_peak3.0_h60_w15_p50_x70,1790893080000,ENTER,enter_stable_window,DEEP,
grid_n3_noise3.0_peak3.0_h60_w15_p50_x70,1790894460000,EXIT,exit_sustained_rolling_motion,LIGHT,
grid_n3_noise3.0_peak3.0_h60_w15_p50_x65,1790885820000,ENTER,enter_stable_window,LIGHT,SHORT_DEEP_RUN_FILTER
grid_n3_noise3.0_peak3.0_h60_w15_p50_x65,1790885880000,MAINTAIN,,LIGHT,SHORT_DEEP_RUN_FILTER
grid_n3_noise3.0_peak3.0_h60_w15_p50_x65,1790885940000,MAINTAIN,,LIGHT,SHORT_DEEP_RUN_FILTER
grid_n3_noise3.0_peak3.0_h60_w15_p50_x65,1790886000000,MAINTAIN,,LIGHT,SHORT_DEEP_RUN_FILTER
grid_n3_noise3.0_peak3.0_h60_w15_p50_x65,1790886060000,MAINTAIN,,LIGHT,SHORT_DEEP_RUN_FILTER
grid_n3_noise3.0_peak3.0_h60_w15_p50_x65,1790886120000,MAINTAIN,,LIGHT,SHORT_DEEP_RUN_FILTER
grid_n3_noise3.0_peak3.0_h60_w15_p50_x65,1790886180000,MAINTAIN,,LIGHT,SHORT_DEEP_RUN_FILTER
grid_n3_noise3.0_peak3.0_h60_w15_p50_x65,1790886240000,EXIT,exit_sustained_rolling_motion,LIGHT,
grid_n3_noise3.0_peak3.0_h60_w15_p50_x65,1790886480000,ENTER,enter_stable_window,DEEP,
grid_n3_noise3.0_peak3.0_h60_w15_p50_x65,1790890380000,EXIT,exit_sustained_rolling_motion,LIGHT,
grid_n3_noise3.0_peak3.0_h60_w15_p50_x65,1790890620000,ENTER,enter_stable_window,LIGHT,SHORT_DEEP_RUN_FILTER
grid_n3_noise3.0_peak3.0_h60_w15_p50_x65,1790890680000,MAINTAIN,,LIGHT,SHORT_DEEP_RUN_FILTER
grid_n3_noise3.0_peak3.0_h60_w15_p50_x65,1790890740000,MAINTAIN,,LIGHT,SHORT_DEEP_RUN_FILTER
grid_n3_noise3.0_peak3.0_h60_w15_p50_x65,1790890800000,MAINTAIN,,LIGHT,SHORT_DEEP_RUN_FILTER
grid_n3_noise3.0_peak3.0_h60_w15_p50_x65,1790890860000,MAINTAIN,,LIGHT,SHORT_DEEP_RUN_FILTER
grid_n3_noise3.0_peak3.0_h60_w15_p50_x65,1790890920000,EXIT,exit_sustained_rolling_motion,LIGHT,
grid_n3_noise3.0_peak3.0_h60_w15_p50_x65,1790891040000,ENTER,enter_stable_window,LIGHT,SHORT_DEEP_RUN_FILTER
grid_n3_noise3.0_peak3.0_h60_w15_p50_x65,1790891100000,MAINTAIN,,LIGHT,SHORT_DEEP_RUN_FILTER
grid_n3_noise3.0_peak3.0_h60_w15_p50_x65,1790891160000,MAINTAIN,,LIGHT,SHORT_DEEP_RUN_FILTER
grid_n3_noise3.0_peak3.0_h60_w15_p50_x65,1790891220000,MAINTAIN,,LIGHT,SHORT_DEEP_RUN_FILTER
grid_n3_noise3.0_peak3.0_h60_w15_p50_x65,1790891280000,MAINTAIN,,LIGHT,SHORT_DEEP_RUN_FILTER
grid_n3_noise3.0_peak3.0_h60_w15_p50_x65,1790891340000,MAINTAIN,,LIGHT,SHORT_DEEP_RUN_FILTER
grid_n3_noise3.0_peak3.0_h60_w15_p50_x65,1790891400000,EXIT,exit_sustained_rolling_motion,LIGHT,
grid_n3_noise3.0_peak3.0_h60_w15_p50_x65,1790893080000,ENTER,enter_stable_window,LIGHT,SHORT_DEEP_RUN_FILTER
grid_n3_noise3.0_peak3.0_h60_w15_p50_x65,1790893140000,MAINTAIN,,LIGHT,SHORT_DEEP_RUN_FILTER
grid_n3_noise3.0_peak3.0_h60_w15_p50_x65,1790893200000,MAINTAIN,,LIGHT,SHORT_DEEP_RUN_FILTER
grid_n3_noise3.0_peak3.0_h60_w15_p50_x65,1790893260000,MAINTAIN,,LIGHT,SHORT_DEEP_RUN_FILTER
grid_n3_noise3.0_peak3.0_h60_w15_p50_x65,1790893320000,MAINTAIN,,LIGHT,SHORT_DEEP_RUN_FILTER
grid_n3_noise3.0_peak3.0_h60_w15_p50_x65,1790893380000,MAINTAIN,,LIGHT,SHORT_DEEP_RUN_FILTER
grid_n3_noise3.0_peak3.0_h60_w15_p50_x65,1790893440000,EXIT,exit_sustained_rolling_motion,LIGHT,
grid_n3_noise3.0_peak3.0_h60_w15_p50_x65,1790893500000,ENTER,enter_stable_window,DEEP,
grid_n3_noise3.0_peak3.0_h60_w15_p50_x65,1790894460000,EXIT,exit_sustained_rolling_motion,LIGHT,
grid_n3_noise3.0_peak3.0_h60_w15_p65_x70,1790885460000,ENTER,enter_stable_window,LIGHT,SHORT_DEEP_RUN_FILTER
grid_n3_noise3.0_peak3.0_h60_w15_p65_x70,1790885520000,MAINTAIN,,LIGHT,SHORT_DEEP_RUN_FILTER
grid_n3_noise3.0_peak3.0_h60_w15_p65_x70,1790885580000,MAINTAIN,,LIGHT,SHORT_DEEP_RUN_FILTER
grid_n3_noise3.0_peak3.0_h60_w15_p65_x70,1790885640000,MAINTAIN,,LIGHT,SHORT_DEEP_RUN_FILTER
grid_n3_noise3.0_peak3.0_h60_w15_p65_x70,1790885700000,EXIT,exit_sustained_rolling_motion,LIGHT,
grid_n3_noise3.0_peak3.0_h60_w15_p65_x70,1790885820000,ENTER,enter_stable_window,DEEP,
grid_n3_noise3.0_peak3.0_h60_w15_p65_x70,1790890380000,EXIT,exit_sustained_rolling_motion,LIGHT,
grid_n3_noise3.0_peak3.0_h60_w15_p65_x70,1790890560000,ENTER,enter_stable_window,DEEP,
grid_n3_noise3.0_peak3.0_h60_w15_p65_x70,1790891640000,EXIT,exit_sustained_rolling_motion,LIGHT,
grid_n3_noise3.0_peak3.0_h60_w15_p65_x70,1790893080000,ENTER,enter_stable_window,DEEP,
grid_n3_noise3.0_peak3.0_h60_w15_p65_x70,1790894460000,EXIT,exit_sustained_rolling_motion,LIGHT,
grid_n3_noise3.0_peak3.0_h60_w15_p65_x70,1790894580000,ENTER,enter_stable_window,LIGHT,SHORT_DEEP_RUN_FILTER
grid_n3_noise3.0_peak3.0_h60_w15_p65_x70,1790894640000,MAINTAIN,,LIGHT,SHORT_DEEP_RUN_FILTER
grid_n3_noise3.0_peak3.0_h60_w15_p65_x70,1790894700000,MAINTAIN,,LIGHT,SHORT_DEEP_RUN_FILTER
grid_n3_noise3.0_peak3.0_h60_w15_p65_x70,1790894760000,MAINTAIN,,LIGHT,SHORT_DEEP_RUN_FILTER
grid_n3_noise3.0_peak3.0_h60_w15_p65_x70,1790894820000,MAINTAIN,,LIGHT,SHORT_DEEP_RUN_FILTER
grid_n3_noise3.0_peak3.0_h60_w15_p65_x70,1790894880000,MAINTAIN,,LIGHT,SHORT_DEEP_RUN_FILTER
grid_n3_noise3.0_peak3.0_h60_w15_p65_x70,1790894940000,EXIT,exit_sustained_rolling_motion,LIGHT,
grid_n3_noise3.0_peak3.0_h60_w15_p65_x70,1790895120000,ENTER,enter_stable_window,DEEP,
grid_n3_noise3.0_peak3.0_h60_w15_p65_x70,1790896320000,EXIT,exit_missing_motion,LIGHT,
grid_n3_noise3.0_peak3.0_h60_w15_p65_x65,1790885460000,ENTER,enter_stable_window,LIGHT,SHORT_DEEP_RUN_FILTER
grid_n3_noise3.0_peak3.0_h60_w15_p65_x65,1790885520000,MAINTAIN,,LIGHT,SHORT_DEEP_RUN_FILTER
grid_n3_noise3.0_peak3.0_h60_w15_p65_x65,1790885580000,MAINTAIN,,LIGHT,SHORT_DEEP_RUN_FILTER
grid_n3_noise3.0_peak3.0_h60_w15_p65_x65,1790885640000,MAINTAIN,,LIGHT,SHORT_DEEP_RUN_FILTER
grid_n3_noise3.0_peak3.0_h60_w15_p65_x65,1790885700000,EXIT,exit_sustained_rolling_motion,LIGHT,
grid_n3_noise3.0_peak3.0_h60_w15_p65_x65,1790885820000,ENTER,enter_stable_window,LIGHT,SHORT_DEEP_RUN_FILTER
grid_n3_noise3.0_peak3.0_h60_w15_p65_x65,1790885880000,MAINTAIN,,LIGHT,SHORT_DEEP_RUN_FILTER
grid_n3_noise3.0_peak3.0_h60_w15_p65_x65,1790885940000,MAINTAIN,,LIGHT,SHORT_DEEP_RUN_FILTER
grid_n3_noise3.0_peak3.0_h60_w15_p65_x65,1790886000000,MAINTAIN,,LIGHT,SHORT_DEEP_RUN_FILTER
grid_n3_noise3.0_peak3.0_h60_w15_p65_x65,1790886060000,MAINTAIN,,LIGHT,SHORT_DEEP_RUN_FILTER
grid_n3_noise3.0_peak3.0_h60_w15_p65_x65,1790886120000,MAINTAIN,,LIGHT,SHORT_DEEP_RUN_FILTER
grid_n3_noise3.0_peak3.0_h60_w15_p65_x65,1790886180000,MAINTAIN,,LIGHT,SHORT_DEEP_RUN_FILTER
grid_n3_noise3.0_peak3.0_h60_w15_p65_x65,1790886240000,EXIT,exit_sustained_rolling_motion,LIGHT,
grid_n3_noise3.0_peak3.0_h60_w15_p65_x65,1790886300000,ENTER,enter_stable_window,DEEP,
grid_n3_noise3.0_peak3.0_h60_w15_p65_x65,1790890380000,EXIT,exit_sustained_rolling_motion,LIGHT,
grid_n3_noise3.0_peak3.0_h60_w15_p65_x65,1790890560000,ENTER,enter_stable_window,LIGHT,SHORT_DEEP_RUN_FILTER
grid_n3_noise3.0_peak3.0_h60_w15_p65_x65,1790890620000,MAINTAIN,,LIGHT,SHORT_DEEP_RUN_FILTER
grid_n3_noise3.0_peak3.0_h60_w15_p65_x65,1790890680000,MAINTAIN,,LIGHT,SHORT_DEEP_RUN_FILTER
grid_n3_noise3.0_peak3.0_h60_w15_p65_x65,1790890740000,MAINTAIN,,LIGHT,SHORT_DEEP_RUN_FILTER
grid_n3_noise3.0_peak3.0_h60_w15_p65_x65,1790890800000,MAINTAIN,,LIGHT,SHORT_DEEP_RUN_FILTER
grid_n3_noise3.0_peak3.0_h60_w15_p65_x65,1790890860000,MAINTAIN,,LIGHT,SHORT_DEEP_RUN_FILTER
grid_n3_noise3.0_peak3.0_h60_w15_p65_x65,1790890920000,EXIT,exit_sustained_rolling_motion,LIGHT,
grid_n3_noise3.0_peak3.0_h60_w15_p65_x65,1790891040000,ENTER,enter_stable_window,LIGHT,SHORT_DEEP_RUN_FILTER
grid_n3_noise3.0_peak3.0_h60_w15_p65_x65,1790891100000,MAINTAIN,,LIGHT,SHORT_DEEP_RUN_FILTER
grid_n3_noise3.0_peak3.0_h60_w15_p65_x65,1790891160000,MAINTAIN,,LIGHT,SHORT_DEEP_RUN_FILTER
grid_n3_noise3.0_peak3.0_h60_w15_p65_x65,1790891220000,MAINTAIN,,LIGHT,SHORT_DEEP_RUN_FILTER
grid_n3_noise3.0_peak3.0_h60_w15_p65_x65,1790891280000,MAINTAIN,,LIGHT,SHORT_DEEP_RUN_FILTER
grid_n3_noise3.0_peak3.0_h60_w15_p65_x65,1790891340000,MAINTAIN,,LIGHT,SHORT_DEEP_RUN_FILTER
grid_n3_noise3.0_peak3.0_h60_w15_p65_x65,1790891400000,EXIT,exit_sustained_rolling_motion,LIGHT,
grid_n3_noise3.0_peak3.0_h60_w15_p65_x65,1790893080000,ENTER,enter_stable_window,LIGHT,SHORT_DEEP_RUN_FILTER
grid_n3_noise3.0_peak3.0_h60_w15_p65_x65,1790893140000,MAINTAIN,,LIGHT,SHORT_DEEP_RUN_FILTER
grid_n3_noise3.0_peak3.0_h60_w15_p65_x65,1790893200000,MAINTAIN,,LIGHT,SHORT_DEEP_RUN_FILTER
grid_n3_noise3.0_peak3.0_h60_w15_p65_x65,1790893260000,MAINTAIN,,LIGHT,SHORT_DEEP_RUN_FILTER
grid_n3_noise3.0_peak3.0_h60_w15_p65_x65,1790893320000,MAINTAIN,,LIGHT,SHORT_DEEP_RUN_FILTER
grid_n3_noise3.0_peak3.0_h60_w15_p65_x65,1790893380000,MAINTAIN,,LIGHT,SHORT_DEEP_RUN_FILTER
grid_n3_noise3.0_peak3.0_h60_w15_p65_x65,1790893440000,EXIT,exit_sustained_rolling_motion,LIGHT,
grid_n3_noise3.0_peak3.0_h60_w15_p65_x65,1790893500000,ENTER,enter_stable_window,DEEP,
grid_n3_noise3.0_peak3.0_h60_w15_p65_x65,1790894460000,EXIT,exit_sustained_rolling_motion,LIGHT,
grid_n3_noise3.0_peak3.0_h60_w15_p65_x65,1790894580000,ENTER,enter_stable_window,LIGHT,SHORT_DEEP_RUN_FILTER
grid_n3_noise3.0_peak3.0_h60_w15_p65_x65,1790894640000,MAINTAIN,,LIGHT,SHORT_DEEP_RUN_FILTER
grid_n3_noise3.0_peak3.0_h60_w15_p65_x65,1790894700000,MAINTAIN,,LIGHT,SHORT_DEEP_RUN_FILTER
grid_n3_noise3.0_peak3.0_h60_w15_p65_x65,1790894760000,MAINTAIN,,LIGHT,SHORT_DEEP_RUN_FILTER
grid_n3_noise3.0_peak3.0_h60_w15_p65_x65,1790894820000,MAINTAIN,,LIGHT,SHORT_DEEP_RUN_FILTER
grid_n3_noise3.0_peak3.0_h60_w15_p65_x65,1790894880000,MAINTAIN,,LIGHT,SHORT_DEEP_RUN_FILTER
grid_n3_noise3.0_peak3.0_h60_w15_p65_x65,1790894940000,EXIT,exit_sustained_rolling_motion,LIGHT,
grid_n3_noise3.0_peak3.0_h60_w15_p65_x65,1790895120000,ENTER,enter_stable_window,DEEP,
grid_n3_noise3.0_peak3.0_h60_w15_p65_x65,1790896320000,EXIT,exit_missing_motion,LIGHT,
grid_n3_noise3.0_peak3.0_h60_w10_p50_x70,1790885340000,ENTER,enter_stable_window,LIGHT,SHORT_DEEP_RUN_FILTER
grid_n3_noise3.0_peak3.0_h60_w10_p50_x70,1790885400000,MAINTAIN,,LIGHT,SHORT_DEEP_RUN_FILTER
grid_n3_noise3.0_peak3.0_h60_w10_p50_x70,1790885460000,MAINTAIN,,LIGHT,SHORT_DEEP_RUN_FILTER
grid_n3_noise3.0_peak3.0_h60_w10_p50_x70,1790885520000,MAINTAIN,,LIGHT,SHORT_DEEP_RUN_FILTER
grid_n3_noise3.0_peak3.0_h60_w10_p50_x70,1790885580000,MAINTAIN,,LIGHT,SHORT_DEEP_RUN_FILTER
grid_n3_noise3.0_peak3.0_h60_w10_p50_x70,1790885640000,MAINTAIN,,LIGHT,SHORT_DEEP_RUN_FILTER
grid_n3_noise3.0_peak3.0_h60_w10_p50_x70,1790885700000,EXIT,exit_sustained_rolling_motion,LIGHT,
grid_n3_noise3.0_peak3.0_h60_w10_p50_x70,1790886600000,ENTER,enter_stable_window,DEEP,
grid_n3_noise3.0_peak3.0_h60_w10_p50_x70,1790890380000,EXIT,exit_sustained_rolling_motion,LIGHT,
grid_n3_noise3.0_peak3.0_h60_w10_p50_x70,1790890920000,ENTER,enter_stable_window,DEEP,
grid_n3_noise3.0_peak3.0_h60_w10_p50_x70,1790891640000,EXIT,exit_sustained_rolling_motion,LIGHT,
grid_n3_noise3.0_peak3.0_h60_w10_p50_x70,1790892960000,ENTER,enter_stable_window,DEEP,
grid_n3_noise3.0_peak3.0_h60_w10_p50_x70,1790894460000,EXIT,exit_sustained_rolling_motion,LIGHT,
grid_n3_noise3.0_peak3.0_h60_w10_p50_x70,1790896200000,ENTER,enter_stable_window,LIGHT,SHORT_DEEP_RUN_FILTER
grid_n3_noise3.0_peak3.0_h60_w10_p50_x70,1790896260000,MAINTAIN,,LIGHT,SHORT_DEEP_RUN_FILTER
grid_n3_noise3.0_peak3.0_h60_w10_p50_x70,1790896320000,EXIT,exit_missing_motion,LIGHT,
grid_n3_noise3.0_peak3.0_h60_w10_p50_x65,1790885340000,ENTER,enter_stable_window,LIGHT,SHORT_DEEP_RUN_FILTER
grid_n3_noise3.0_peak3.0_h60_w10_p50_x65,1790885400000,MAINTAIN,,LIGHT,SHORT_DEEP_RUN_FILTER
grid_n3_noise3.0_peak3.0_h60_w10_p50_x65,1790885460000,MAINTAIN,,LIGHT,SHORT_DEEP_RUN_FILTER
grid_n3_noise3.0_peak3.0_h60_w10_p50_x65,1790885520000,MAINTAIN,,LIGHT,SHORT_DEEP_RUN_FILTER
grid_n3_noise3.0_peak3.0_h60_w10_p50_x65,1790885580000,MAINTAIN,,LIGHT,SHORT_DEEP_RUN_FILTER
grid_n3_noise3.0_peak3.0_h60_w10_p50_x65,1790885640000,MAINTAIN,,LIGHT,SHORT_DEEP_RUN_FILTER
grid_n3_noise3.0_peak3.0_h60_w10_p50_x65,1790885700000,EXIT,exit_sustained_rolling_motion,LIGHT,
grid_n3_noise3.0_peak3.0_h60_w10_p50_x65,1790886600000,ENTER,enter_stable_window,DEEP,
grid_n3_noise3.0_peak3.0_h60_w10_p50_x65,1790890380000,EXIT,exit_sustained_rolling_motion,LIGHT,
grid_n3_noise3.0_peak3.0_h60_w10_p50_x65,1790890920000,ENTER,enter_stable_window,LIGHT,SHORT_DEEP_RUN_FILTER
grid_n3_noise3.0_peak3.0_h60_w10_p50_x65,1790890980000,MAINTAIN,,LIGHT,SHORT_DEEP_RUN_FILTER
grid_n3_noise3.0_peak3.0_h60_w10_p50_x65,1790891040000,MAINTAIN,,LIGHT,SHORT_DEEP_RUN_FILTER
grid_n3_noise3.0_peak3.0_h60_w10_p50_x65,1790891100000,MAINTAIN,,LIGHT,SHORT_DEEP_RUN_FILTER
grid_n3_noise3.0_peak3.0_h60_w10_p50_x65,1790891160000,MAINTAIN,,LIGHT,SHORT_DEEP_RUN_FILTER
grid_n3_noise3.0_peak3.0_h60_w10_p50_x65,1790891220000,MAINTAIN,,LIGHT,SHORT_DEEP_RUN_FILTER
grid_n3_noise3.0_peak3.0_h60_w10_p50_x65,1790891280000,MAINTAIN,,LIGHT,SHORT_DEEP_RUN_FILTER
grid_n3_noise3.0_peak3.0_h60_w10_p50_x65,1790891340000,MAINTAIN,,LIGHT,SHORT_DEEP_RUN_FILTER
grid_n3_noise3.0_peak3.0_h60_w10_p50_x65,1790891400000,EXIT,exit_sustained_rolling_motion,LIGHT,
grid_n3_noise3.0_peak3.0_h60_w10_p50_x65,1790892960000,ENTER,enter_stable_window,LIGHT,SHORT_DEEP_RUN_FILTER
grid_n3_noise3.0_peak3.0_h60_w10_p50_x65,1790893020000,MAINTAIN,,LIGHT,SHORT_DEEP_RUN_FILTER
grid_n3_noise3.0_peak3.0_h60_w10_p50_x65,1790893080000,MAINTAIN,,LIGHT,SHORT_DEEP_RUN_FILTER
grid_n3_noise3.0_peak3.0_h60_w10_p50_x65,1790893140000,MAINTAIN,,LIGHT,SHORT_DEEP_RUN_FILTER
grid_n3_noise3.0_peak3.0_h60_w10_p50_x65,1790893200000,MAINTAIN,,LIGHT,SHORT_DEEP_RUN_FILTER
grid_n3_noise3.0_peak3.0_h60_w10_p50_x65,1790893260000,MAINTAIN,,LIGHT,SHORT_DEEP_RUN_FILTER
grid_n3_noise3.0_peak3.0_h60_w10_p50_x65,1790893320000,MAINTAIN,,LIGHT,SHORT_DEEP_RUN_FILTER
grid_n3_noise3.0_peak3.0_h60_w10_p50_x65,1790893380000,MAINTAIN,,LIGHT,SHORT_DEEP_RUN_FILTER
grid_n3_noise3.0_peak3.0_h60_w10_p50_x65,1790893440000,EXIT,exit_sustained_rolling_motion,LIGHT,
grid_n3_noise3.0_peak3.0_h60_w10_p50_x65,1790893920000,ENTER,enter_stable_window,LIGHT,SHORT_DEEP_RUN_FILTER
grid_n3_noise3.0_peak3.0_h60_w10_p50_x65,1790893980000,MAINTAIN,,LIGHT,SHORT_DEEP_RUN_FILTER
grid_n3_noise3.0_peak3.0_h60_w10_p50_x65,1790894040000,MAINTAIN,,LIGHT,SHORT_DEEP_RUN_FILTER
grid_n3_noise3.0_peak3.0_h60_w10_p50_x65,1790894100000,MAINTAIN,,LIGHT,SHORT_DEEP_RUN_FILTER
grid_n3_noise3.0_peak3.0_h60_w10_p50_x65,1790894160000,MAINTAIN,,LIGHT,SHORT_DEEP_RUN_FILTER
grid_n3_noise3.0_peak3.0_h60_w10_p50_x65,1790894220000,MAINTAIN,,LIGHT,SHORT_DEEP_RUN_FILTER
grid_n3_noise3.0_peak3.0_h60_w10_p50_x65,1790894280000,MAINTAIN,,LIGHT,SHORT_DEEP_RUN_FILTER
grid_n3_noise3.0_peak3.0_h60_w10_p50_x65,1790894340000,MAINTAIN,,LIGHT,SHORT_DEEP_RUN_FILTER
grid_n3_noise3.0_peak3.0_h60_w10_p50_x65,1790894400000,MAINTAIN,,LIGHT,SHORT_DEEP_RUN_FILTER
grid_n3_noise3.0_peak3.0_h60_w10_p50_x65,1790894460000,EXIT,exit_sustained_rolling_motion,LIGHT,
grid_n3_noise3.0_peak3.0_h60_w10_p50_x65,1790896200000,ENTER,enter_stable_window,LIGHT,SHORT_DEEP_RUN_FILTER
grid_n3_noise3.0_peak3.0_h60_w10_p50_x65,1790896260000,MAINTAIN,,LIGHT,SHORT_DEEP_RUN_FILTER
grid_n3_noise3.0_peak3.0_h60_w10_p50_x65,1790896320000,EXIT,exit_missing_motion,LIGHT,
grid_n3_noise3.0_peak3.0_h60_w10_p65_x70,1790885160000,ENTER,enter_stable_window,LIGHT,SHORT_DEEP_RUN_FILTER
grid_n3_noise3.0_peak3.0_h60_w10_p65_x70,1790885220000,MAINTAIN,,LIGHT,SHORT_DEEP_RUN_FILTER
grid_n3_noise3.0_peak3.0_h60_w10_p65_x70,1790885280000,MAINTAIN,,LIGHT,SHORT_DEEP_RUN_FILTER
grid_n3_noise3.0_peak3.0_h60_w10_p65_x70,1790885340000,MAINTAIN,,LIGHT,SHORT_DEEP_RUN_FILTER
grid_n3_noise3.0_peak3.0_h60_w10_p65_x70,1790885400000,MAINTAIN,,LIGHT,SHORT_DEEP_RUN_FILTER
grid_n3_noise3.0_peak3.0_h60_w10_p65_x70,1790885460000,MAINTAIN,,LIGHT,SHORT_DEEP_RUN_FILTER
grid_n3_noise3.0_peak3.0_h60_w10_p65_x70,1790885520000,MAINTAIN,,LIGHT,SHORT_DEEP_RUN_FILTER
grid_n3_noise3.0_peak3.0_h60_w10_p65_x70,1790885580000,MAINTAIN,,LIGHT,SHORT_DEEP_RUN_FILTER
grid_n3_noise3.0_peak3.0_h60_w10_p65_x70,1790885640000,MAINTAIN,,LIGHT,SHORT_DEEP_RUN_FILTER
grid_n3_noise3.0_peak3.0_h60_w10_p65_x70,1790885700000,EXIT,exit_sustained_rolling_motion,LIGHT,
grid_n3_noise3.0_peak3.0_h60_w10_p65_x70,1790885820000,ENTER,enter_stable_window,DEEP,
grid_n3_noise3.0_peak3.0_h60_w10_p65_x70,1790890380000,EXIT,exit_sustained_rolling_motion,LIGHT,
grid_n3_noise3.0_peak3.0_h60_w10_p65_x70,1790890560000,ENTER,enter_stable_window,DEEP,
grid_n3_noise3.0_peak3.0_h60_w10_p65_x70,1790891640000,EXIT,exit_sustained_rolling_motion,LIGHT,
grid_n3_noise3.0_peak3.0_h60_w10_p65_x70,1790892900000,ENTER,enter_stable_window,DEEP,
grid_n3_noise3.0_peak3.0_h60_w10_p65_x70,1790894460000,EXIT,exit_sustained_rolling_motion,LIGHT,
grid_n3_noise3.0_peak3.0_h60_w10_p65_x70,1790894580000,ENTER,enter_stable_window,LIGHT,SHORT_DEEP_RUN_FILTER
grid_n3_noise3.0_peak3.0_h60_w10_p65_x70,1790894640000,MAINTAIN,,LIGHT,SHORT_DEEP_RUN_FILTER
grid_n3_noise3.0_peak3.0_h60_w10_p65_x70,1790894700000,MAINTAIN,,LIGHT,SHORT_DEEP_RUN_FILTER
grid_n3_noise3.0_peak3.0_h60_w10_p65_x70,1790894760000,MAINTAIN,,LIGHT,SHORT_DEEP_RUN_FILTER
grid_n3_noise3.0_peak3.0_h60_w10_p65_x70,1790894820000,MAINTAIN,,LIGHT,SHORT_DEEP_RUN_FILTER
grid_n3_noise3.0_peak3.0_h60_w10_p65_x70,1790894880000,MAINTAIN,,LIGHT,SHORT_DEEP_RUN_FILTER
grid_n3_noise3.0_peak3.0_h60_w10_p65_x70,1790894940000,EXIT,exit_sustained_rolling_motion,LIGHT,
grid_n3_noise3.0_peak3.0_h60_w10_p65_x70,1790895060000,ENTER,enter_stable_window,DEEP,
grid_n3_noise3.0_peak3.0_h60_w10_p65_x70,1790896320000,EXIT,exit_missing_motion,LIGHT,
grid_n3_noise3.0_peak3.0_h60_w10_p65_x65,1790885160000,ENTER,enter_stable_window,LIGHT,SHORT_DEEP_RUN_FILTER
grid_n3_noise3.0_peak3.0_h60_w10_p65_x65,1790885220000,MAINTAIN,,LIGHT,SHORT_DEEP_RUN_FILTER
grid_n3_noise3.0_peak3.0_h60_w10_p65_x65,1790885280000,MAINTAIN,,LIGHT,SHORT_DEEP_RUN_FILTER
grid_n3_noise3.0_peak3.0_h60_w10_p65_x65,1790885340000,MAINTAIN,,LIGHT,SHORT_DEEP_RUN_FILTER
grid_n3_noise3.0_peak3.0_h60_w10_p65_x65,1790885400000,MAINTAIN,,LIGHT,SHORT_DEEP_RUN_FILTER
grid_n3_noise3.0_peak3.0_h60_w10_p65_x65,1790885460000,MAINTAIN,,LIGHT,SHORT_DEEP_RUN_FILTER
grid_n3_noise3.0_peak3.0_h60_w10_p65_x65,1790885520000,MAINTAIN,,LIGHT,SHORT_DEEP_RUN_FILTER
grid_n3_noise3.0_peak3.0_h60_w10_p65_x65,1790885580000,MAINTAIN,,LIGHT,SHORT_DEEP_RUN_FILTER
grid_n3_noise3.0_peak3.0_h60_w10_p65_x65,1790885640000,MAINTAIN,,LIGHT,SHORT_DEEP_RUN_FILTER
grid_n3_noise3.0_peak3.0_h60_w10_p65_x65,1790885700000,EXIT,exit_sustained_rolling_motion,LIGHT,
grid_n3_noise3.0_peak3.0_h60_w10_p65_x65,1790885820000,ENTER,enter_stable_window,LIGHT,SHORT_DEEP_RUN_FILTER
grid_n3_noise3.0_peak3.0_h60_w10_p65_x65,1790885880000,MAINTAIN,,LIGHT,SHORT_DEEP_RUN_FILTER
grid_n3_noise3.0_peak3.0_h60_w10_p65_x65,1790885940000,MAINTAIN,,LIGHT,SHORT_DEEP_RUN_FILTER
grid_n3_noise3.0_peak3.0_h60_w10_p65_x65,1790886000000,MAINTAIN,,LIGHT,SHORT_DEEP_RUN_FILTER
grid_n3_noise3.0_peak3.0_h60_w10_p65_x65,1790886060000,MAINTAIN,,LIGHT,SHORT_DEEP_RUN_FILTER
grid_n3_noise3.0_peak3.0_h60_w10_p65_x65,1790886120000,MAINTAIN,,LIGHT,SHORT_DEEP_RUN_FILTER
grid_n3_noise3.0_peak3.0_h60_w10_p65_x65,1790886180000,MAINTAIN,,LIGHT,SHORT_DEEP_RUN_FILTER
grid_n3_noise3.0_peak3.0_h60_w10_p65_x65,1790886240000,EXIT,exit_sustained_rolling_motion,LIGHT,
grid_n3_noise3.0_peak3.0_h60_w10_p65_x65,1790886300000,ENTER,enter_stable_window,DEEP,
grid_n3_noise3.0_peak3.0_h60_w10_p65_x65,1790890380000,EXIT,exit_sustained_rolling_motion,LIGHT,
grid_n3_noise3.0_peak3.0_h60_w10_p65_x65,1790890560000,ENTER,enter_stable_window,LIGHT,SHORT_DEEP_RUN_FILTER
grid_n3_noise3.0_peak3.0_h60_w10_p65_x65,1790890620000,MAINTAIN,,LIGHT,SHORT_DEEP_RUN_FILTER
grid_n3_noise3.0_peak3.0_h60_w10_p65_x65,1790890680000,MAINTAIN,,LIGHT,SHORT_DEEP_RUN_FILTER
grid_n3_noise3.0_peak3.0_h60_w10_p65_x65,1790890740000,MAINTAIN,,LIGHT,SHORT_DEEP_RUN_FILTER
grid_n3_noise3.0_peak3.0_h60_w10_p65_x65,1790890800000,MAINTAIN,,LIGHT,SHORT_DEEP_RUN_FILTER
grid_n3_noise3.0_peak3.0_h60_w10_p65_x65,1790890860000,MAINTAIN,,LIGHT,SHORT_DEEP_RUN_FILTER
grid_n3_noise3.0_peak3.0_h60_w10_p65_x65,1790890920000,EXIT,exit_sustained_rolling_motion,LIGHT,
grid_n3_noise3.0_peak3.0_h60_w10_p65_x65,1790890980000,ENTER,enter_stable_window,LIGHT,SHORT_DEEP_RUN_FILTER
grid_n3_noise3.0_peak3.0_h60_w10_p65_x65,1790891040000,MAINTAIN,,LIGHT,SHORT_DEEP_RUN_FILTER
grid_n3_noise3.0_peak3.0_h60_w10_p65_x65,1790891100000,MAINTAIN,,LIGHT,SHORT_DEEP_RUN_FILTER
grid_n3_noise3.0_peak3.0_h60_w10_p65_x65,1790891160000,MAINTAIN,,LIGHT,SHORT_DEEP_RUN_FILTER
grid_n3_noise3.0_peak3.0_h60_w10_p65_x65,1790891220000,MAINTAIN,,LIGHT,SHORT_DEEP_RUN_FILTER
grid_n3_noise3.0_peak3.0_h60_w10_p65_x65,1790891280000,MAINTAIN,,LIGHT,SHORT_DEEP_RUN_FILTER
grid_n3_noise3.0_peak3.0_h60_w10_p65_x65,1790891340000,MAINTAIN,,LIGHT,SHORT_DEEP_RUN_FILTER
grid_n3_noise3.0_peak3.0_h60_w10_p65_x65,1790891400000,EXIT,exit_sustained_rolling_motion,LIGHT,
grid_n3_noise3.0_peak3.0_h60_w10_p65_x65,1790892900000,ENTER,enter_stable_window,LIGHT,SHORT_DEEP_RUN_FILTER
grid_n3_noise3.0_peak3.0_h60_w10_p65_x65,1790892960000,MAINTAIN,,LIGHT,SHORT_DEEP_RUN_FILTER
grid_n3_noise3.0_peak3.0_h60_w10_p65_x65,1790893020000,MAINTAIN,,LIGHT,SHORT_DEEP_RUN_FILTER
grid_n3_noise3.0_peak3.0_h60_w10_p65_x65,1790893080000,MAINTAIN,,LIGHT,SHORT_DEEP_RUN_FILTER
grid_n3_noise3.0_peak3.0_h60_w10_p65_x65,1790893140000,MAINTAIN,,LIGHT,SHORT_DEEP_RUN_FILTER
grid_n3_noise3.0_peak3.0_h60_w10_p65_x65,1790893200000,MAINTAIN,,LIGHT,SHORT_DEEP_RUN_FILTER
grid_n3_noise3.0_peak3.0_h60_w10_p65_x65,1790893260000,MAINTAIN,,LIGHT,SHORT_DEEP_RUN_FILTER
grid_n3_noise3.0_peak3.0_h60_w10_p65_x65,1790893320000,MAINTAIN,,LIGHT,SHORT_DEEP_RUN_FILTER
grid_n3_noise3.0_peak3.0_h60_w10_p65_x65,1790893380000,MAINTAIN,,LIGHT,SHORT_DEEP_RUN_FILTER
grid_n3_noise3.0_peak3.0_h60_w10_p65_x65,1790893440000,EXIT,exit_sustained_rolling_motion,LIGHT,
grid_n3_noise3.0_peak3.0_h60_w10_p65_x65,1790893500000,ENTER,enter_stable_window,DEEP,
grid_n3_noise3.0_peak3.0_h60_w10_p65_x65,1790894460000,EXIT,exit_sustained_rolling_motion,LIGHT,
grid_n3_noise3.0_peak3.0_h60_w10_p65_x65,1790894580000,ENTER,enter_stable_window,LIGHT,SHORT_DEEP_RUN_FILTER
grid_n3_noise3.0_peak3.0_h60_w10_p65_x65,1790894640000,MAINTAIN,,LIGHT,SHORT_DEEP_RUN_FILTER
grid_n3_noise3.0_peak3.0_h60_w10_p65_x65,1790894700000,MAINTAIN,,LIGHT,SHORT_DEEP_RUN_FILTER
grid_n3_noise3.0_peak3.0_h60_w10_p65_x65,1790894760000,MAINTAIN,,LIGHT,SHORT_DEEP_RUN_FILTER
grid_n3_noise3.0_peak3.0_h60_w10_p65_x65,1790894820000,MAINTAIN,,LIGHT,SHORT_DEEP_RUN_FILTER
grid_n3_noise3.0_peak3.0_h60_w10_p65_x65,1790894880000,MAINTAIN,,LIGHT,SHORT_DEEP_RUN_FILTER
grid_n3_noise3.0_peak3.0_h60_w10_p65_x65,1790894940000,EXIT,exit_sustained_rolling_motion,LIGHT,
grid_n3_noise3.0_peak3.0_h60_w10_p65_x65,1790895060000,ENTER,enter_stable_window,DEEP,
grid_n3_noise3.0_peak3.0_h60_w10_p65_x65,1790896320000,EXIT,exit_missing_motion,LIGHT,
grid_n3_noise2.5_peak1.5_h45_w15_p50_x70,1790882940000,ENTER,enter_stable_window,DEEP,
grid_n3_noise2.5_peak1.5_h45_w15_p50_x70,1790883720000,EXIT,exit_sustained_rolling_motion,LIGHT,
grid_n3_noise2.5_peak1.5_h45_w15_p50_x70,1790883900000,ENTER,enter_stable_window,LIGHT,SHORT_DEEP_RUN_FILTER
grid_n3_noise2.5_peak1.5_h45_w15_p50_x70,1790883960000,MAINTAIN,,LIGHT,SHORT_DEEP_RUN_FILTER
grid_n3_noise2.5_peak1.5_h45_w15_p50_x70,1790884020000,MAINTAIN,,LIGHT,SHORT_DEEP_RUN_FILTER
grid_n3_noise2.5_peak1.5_h45_w15_p50_x70,1790884080000,MAINTAIN,,LIGHT,SHORT_DEEP_RUN_FILTER
grid_n3_noise2.5_peak1.5_h45_w15_p50_x70,1790884140000,MAINTAIN,,LIGHT,SHORT_DEEP_RUN_FILTER
grid_n3_noise2.5_peak1.5_h45_w15_p50_x70,1790884200000,MAINTAIN,,LIGHT,SHORT_DEEP_RUN_FILTER
grid_n3_noise2.5_peak1.5_h45_w15_p50_x70,1790884260000,MAINTAIN,,LIGHT,SHORT_DEEP_RUN_FILTER
grid_n3_noise2.5_peak1.5_h45_w15_p50_x70,1790884320000,MAINTAIN,,LIGHT,SHORT_DEEP_RUN_FILTER
grid_n3_noise2.5_peak1.5_h45_w15_p50_x70,1790884380000,MAINTAIN,,LIGHT,SHORT_DEEP_RUN_FILTER
grid_n3_noise2.5_peak1.5_h45_w15_p50_x70,1790884440000,EXIT,exit_coupling_lost,LIGHT,
grid_n3_noise2.5_peak1.5_h45_w15_p50_x70,1790887020000,ENTER,enter_stable_window,DEEP,
grid_n3_noise2.5_peak1.5_h45_w15_p50_x70,1790889780000,EXIT,exit_sustained_rolling_motion,LIGHT,
grid_n3_noise2.5_peak1.5_h45_w15_p50_x65,1790882940000,ENTER,enter_stable_window,DEEP,
grid_n3_noise2.5_peak1.5_h45_w15_p50_x65,1790883720000,EXIT,exit_sustained_rolling_motion,LIGHT,
grid_n3_noise2.5_peak1.5_h45_w15_p50_x65,1790883900000,ENTER,enter_stable_window,LIGHT,SHORT_DEEP_RUN_FILTER
grid_n3_noise2.5_peak1.5_h45_w15_p50_x65,1790883960000,MAINTAIN,,LIGHT,SHORT_DEEP_RUN_FILTER
grid_n3_noise2.5_peak1.5_h45_w15_p50_x65,1790884020000,MAINTAIN,,LIGHT,SHORT_DEEP_RUN_FILTER
grid_n3_noise2.5_peak1.5_h45_w15_p50_x65,1790884080000,MAINTAIN,,LIGHT,SHORT_DEEP_RUN_FILTER
grid_n3_noise2.5_peak1.5_h45_w15_p50_x65,1790884140000,MAINTAIN,,LIGHT,SHORT_DEEP_RUN_FILTER
grid_n3_noise2.5_peak1.5_h45_w15_p50_x65,1790884200000,MAINTAIN,,LIGHT,SHORT_DEEP_RUN_FILTER
grid_n3_noise2.5_peak1.5_h45_w15_p50_x65,1790884260000,MAINTAIN,,LIGHT,SHORT_DEEP_RUN_FILTER
grid_n3_noise2.5_peak1.5_h45_w15_p50_x65,1790884320000,MAINTAIN,,LIGHT,SHORT_DEEP_RUN_FILTER
grid_n3_noise2.5_peak1.5_h45_w15_p50_x65,1790884380000,MAINTAIN,,LIGHT,SHORT_DEEP_RUN_FILTER
grid_n3_noise2.5_peak1.5_h45_w15_p50_x65,1790884440000,EXIT,exit_coupling_lost,LIGHT,
grid_n3_noise2.5_peak1.5_h45_w15_p50_x65,1790887020000,ENTER,enter_stable_window,DEEP,
grid_n3_noise2.5_peak1.5_h45_w15_p50_x65,1790889780000,EXIT,exit_sustained_rolling_motion,LIGHT,
grid_n3_noise2.5_peak1.5_h45_w15_p65_x70,1790882880000,ENTER,enter_stable_window,DEEP,
grid_n3_noise2.5_peak1.5_h45_w15_p65_x70,1790883720000,EXIT,exit_sustained_rolling_motion,LIGHT,
grid_n3_noise2.5_peak1.5_h45_w15_p65_x70,1790883900000,ENTER,enter_stable_window,LIGHT,SHORT_DEEP_RUN_FILTER
grid_n3_noise2.5_peak1.5_h45_w15_p65_x70,1790883960000,MAINTAIN,,LIGHT,SHORT_DEEP_RUN_FILTER
grid_n3_noise2.5_peak1.5_h45_w15_p65_x70,1790884020000,MAINTAIN,,LIGHT,SHORT_DEEP_RUN_FILTER
grid_n3_noise2.5_peak1.5_h45_w15_p65_x70,1790884080000,MAINTAIN,,LIGHT,SHORT_DEEP_RUN_FILTER
grid_n3_noise2.5_peak1.5_h45_w15_p65_x70,1790884140000,MAINTAIN,,LIGHT,SHORT_DEEP_RUN_FILTER
grid_n3_noise2.5_peak1.5_h45_w15_p65_x70,1790884200000,MAINTAIN,,LIGHT,SHORT_DEEP_RUN_FILTER
grid_n3_noise2.5_peak1.5_h45_w15_p65_x70,1790884260000,MAINTAIN,,LIGHT,SHORT_DEEP_RUN_FILTER
grid_n3_noise2.5_peak1.5_h45_w15_p65_x70,1790884320000,MAINTAIN,,LIGHT,SHORT_DEEP_RUN_FILTER
grid_n3_noise2.5_peak1.5_h45_w15_p65_x70,1790884380000,MAINTAIN,,LIGHT,SHORT_DEEP_RUN_FILTER
grid_n3_noise2.5_peak1.5_h45_w15_p65_x70,1790884440000,EXIT,exit_coupling_lost,LIGHT,
grid_n3_noise2.5_peak1.5_h45_w15_p65_x70,1790886480000,ENTER,enter_stable_window,DEEP,
grid_n3_noise2.5_peak1.5_h45_w15_p65_x70,1790889780000,EXIT,exit_sustained_rolling_motion,LIGHT,
grid_n3_noise2.5_peak1.5_h45_w15_p65_x65,1790882880000,ENTER,enter_stable_window,DEEP,
grid_n3_noise2.5_peak1.5_h45_w15_p65_x65,1790883720000,EXIT,exit_sustained_rolling_motion,LIGHT,
grid_n3_noise2.5_peak1.5_h45_w15_p65_x65,1790883900000,ENTER,enter_stable_window,LIGHT,SHORT_DEEP_RUN_FILTER
grid_n3_noise2.5_peak1.5_h45_w15_p65_x65,1790883960000,MAINTAIN,,LIGHT,SHORT_DEEP_RUN_FILTER
grid_n3_noise2.5_peak1.5_h45_w15_p65_x65,1790884020000,MAINTAIN,,LIGHT,SHORT_DEEP_RUN_FILTER
grid_n3_noise2.5_peak1.5_h45_w15_p65_x65,1790884080000,MAINTAIN,,LIGHT,SHORT_DEEP_RUN_FILTER
grid_n3_noise2.5_peak1.5_h45_w15_p65_x65,1790884140000,MAINTAIN,,LIGHT,SHORT_DEEP_RUN_FILTER
grid_n3_noise2.5_peak1.5_h45_w15_p65_x65,1790884200000,MAINTAIN,,LIGHT,SHORT_DEEP_RUN_FILTER
grid_n3_noise2.5_peak1.5_h45_w15_p65_x65,1790884260000,MAINTAIN,,LIGHT,SHORT_DEEP_RUN_FILTER
grid_n3_noise2.5_peak1.5_h45_w15_p65_x65,1790884320000,MAINTAIN,,LIGHT,SHORT_DEEP_RUN_FILTER
grid_n3_noise2.5_peak1.5_h45_w15_p65_x65,1790884380000,MAINTAIN,,LIGHT,SHORT_DEEP_RUN_FILTER
grid_n3_noise2.5_peak1.5_h45_w15_p65_x65,1790884440000,EXIT,exit_coupling_lost,LIGHT,
grid_n3_noise2.5_peak1.5_h45_w15_p65_x65,1790886480000,ENTER,enter_stable_window,DEEP,
grid_n3_noise2.5_peak1.5_h45_w15_p65_x65,1790889780000,EXIT,exit_sustained_rolling_motion,LIGHT,
grid_n3_noise2.5_peak1.5_h45_w10_p50_x70,1790882820000,ENTER,enter_stable_window,DEEP,
grid_n3_noise2.5_peak1.5_h45_w10_p50_x70,1790883720000,EXIT,exit_sustained_rolling_motion,LIGHT,
grid_n3_noise2.5_peak1.5_h45_w10_p50_x70,1790884020000,ENTER,enter_stable_window,LIGHT,SHORT_DEEP_RUN_FILTER
grid_n3_noise2.5_peak1.5_h45_w10_p50_x70,1790884080000,MAINTAIN,,LIGHT,SHORT_DEEP_RUN_FILTER
grid_n3_noise2.5_peak1.5_h45_w10_p50_x70,1790884140000,MAINTAIN,,LIGHT,SHORT_DEEP_RUN_FILTER
grid_n3_noise2.5_peak1.5_h45_w10_p50_x70,1790884200000,MAINTAIN,,LIGHT,SHORT_DEEP_RUN_FILTER
grid_n3_noise2.5_peak1.5_h45_w10_p50_x70,1790884260000,MAINTAIN,,LIGHT,SHORT_DEEP_RUN_FILTER
grid_n3_noise2.5_peak1.5_h45_w10_p50_x70,1790884320000,MAINTAIN,,LIGHT,SHORT_DEEP_RUN_FILTER
grid_n3_noise2.5_peak1.5_h45_w10_p50_x70,1790884380000,MAINTAIN,,LIGHT,SHORT_DEEP_RUN_FILTER
grid_n3_noise2.5_peak1.5_h45_w10_p50_x70,1790884440000,EXIT,exit_coupling_lost,LIGHT,
grid_n3_noise2.5_peak1.5_h45_w10_p50_x70,1790886840000,ENTER,enter_stable_window,DEEP,
grid_n3_noise2.5_peak1.5_h45_w10_p50_x70,1790889780000,EXIT,exit_sustained_rolling_motion,LIGHT,
grid_n3_noise2.5_peak1.5_h45_w10_p50_x65,1790882820000,ENTER,enter_stable_window,DEEP,
grid_n3_noise2.5_peak1.5_h45_w10_p50_x65,1790883720000,EXIT,exit_sustained_rolling_motion,LIGHT,
grid_n3_noise2.5_peak1.5_h45_w10_p50_x65,1790884020000,ENTER,enter_stable_window,LIGHT,SHORT_DEEP_RUN_FILTER
grid_n3_noise2.5_peak1.5_h45_w10_p50_x65,1790884080000,MAINTAIN,,LIGHT,SHORT_DEEP_RUN_FILTER
grid_n3_noise2.5_peak1.5_h45_w10_p50_x65,1790884140000,MAINTAIN,,LIGHT,SHORT_DEEP_RUN_FILTER
grid_n3_noise2.5_peak1.5_h45_w10_p50_x65,1790884200000,MAINTAIN,,LIGHT,SHORT_DEEP_RUN_FILTER
grid_n3_noise2.5_peak1.5_h45_w10_p50_x65,1790884260000,MAINTAIN,,LIGHT,SHORT_DEEP_RUN_FILTER
grid_n3_noise2.5_peak1.5_h45_w10_p50_x65,1790884320000,MAINTAIN,,LIGHT,SHORT_DEEP_RUN_FILTER
grid_n3_noise2.5_peak1.5_h45_w10_p50_x65,1790884380000,MAINTAIN,,LIGHT,SHORT_DEEP_RUN_FILTER
grid_n3_noise2.5_peak1.5_h45_w10_p50_x65,1790884440000,EXIT,exit_coupling_lost,LIGHT,
grid_n3_noise2.5_peak1.5_h45_w10_p50_x65,1790886840000,ENTER,enter_stable_window,DEEP,
grid_n3_noise2.5_peak1.5_h45_w10_p50_x65,1790889780000,EXIT,exit_sustained_rolling_motion,LIGHT,
grid_n3_noise2.5_peak1.5_h45_w10_p65_x70,1790882640000,ENTER,enter_stable_window,DEEP,
grid_n3_noise2.5_peak1.5_h45_w10_p65_x70,1790883720000,EXIT,exit_sustained_rolling_motion,LIGHT,
grid_n3_noise2.5_peak1.5_h45_w10_p65_x70,1790884020000,ENTER,enter_stable_window,LIGHT,SHORT_DEEP_RUN_FILTER
grid_n3_noise2.5_peak1.5_h45_w10_p65_x70,1790884080000,MAINTAIN,,LIGHT,SHORT_DEEP_RUN_FILTER
grid_n3_noise2.5_peak1.5_h45_w10_p65_x70,1790884140000,MAINTAIN,,LIGHT,SHORT_DEEP_RUN_FILTER
grid_n3_noise2.5_peak1.5_h45_w10_p65_x70,1790884200000,MAINTAIN,,LIGHT,SHORT_DEEP_RUN_FILTER
grid_n3_noise2.5_peak1.5_h45_w10_p65_x70,1790884260000,MAINTAIN,,LIGHT,SHORT_DEEP_RUN_FILTER
grid_n3_noise2.5_peak1.5_h45_w10_p65_x70,1790884320000,MAINTAIN,,LIGHT,SHORT_DEEP_RUN_FILTER
grid_n3_noise2.5_peak1.5_h45_w10_p65_x70,1790884380000,MAINTAIN,,LIGHT,SHORT_DEEP_RUN_FILTER
grid_n3_noise2.5_peak1.5_h45_w10_p65_x70,1790884440000,EXIT,exit_coupling_lost,LIGHT,
grid_n3_noise2.5_peak1.5_h45_w10_p65_x70,1790886600000,ENTER,enter_stable_window,DEEP,
grid_n3_noise2.5_peak1.5_h45_w10_p65_x70,1790889780000,EXIT,exit_sustained_rolling_motion,LIGHT,
grid_n3_noise2.5_peak1.5_h45_w10_p65_x65,1790882640000,ENTER,enter_stable_window,DEEP,
grid_n3_noise2.5_peak1.5_h45_w10_p65_x65,1790883720000,EXIT,exit_sustained_rolling_motion,LIGHT,
grid_n3_noise2.5_peak1.5_h45_w10_p65_x65,1790884020000,ENTER,enter_stable_window,LIGHT,SHORT_DEEP_RUN_FILTER
grid_n3_noise2.5_peak1.5_h45_w10_p65_x65,1790884080000,MAINTAIN,,LIGHT,SHORT_DEEP_RUN_FILTER
grid_n3_noise2.5_peak1.5_h45_w10_p65_x65,1790884140000,MAINTAIN,,LIGHT,SHORT_DEEP_RUN_FILTER
grid_n3_noise2.5_peak1.5_h45_w10_p65_x65,1790884200000,MAINTAIN,,LIGHT,SHORT_DEEP_RUN_FILTER
grid_n3_noise2.5_peak1.5_h45_w10_p65_x65,1790884260000,MAINTAIN,,LIGHT,SHORT_DEEP_RUN_FILTER
grid_n3_noise2.5_peak1.5_h45_w10_p65_x65,1790884320000,MAINTAIN,,LIGHT,SHORT_DEEP_RUN_FILTER
grid_n3_noise2.5_peak1.5_h45_w10_p65_x65,1790884380000,MAINTAIN,,LIGHT,SHORT_DEEP_RUN_FILTER
grid_n3_noise2.5_peak1.5_h45_w10_p65_x65,1790884440000,EXIT,exit_coupling_lost,LIGHT,
grid_n3_noise2.5_peak1.5_h45_w10_p65_x65,1790886600000,ENTER,enter_stable_window,DEEP,
grid_n3_noise2.5_peak1.5_h45_w10_p65_x65,1790889780000,EXIT,exit_sustained_rolling_motion,LIGHT,
grid_n3_noise2.5_peak1.5_h60_w15_p50_x70,1790882940000,ENTER,enter_stable_window,DEEP,
grid_n3_noise2.5_peak1.5_h60_w15_p50_x70,1790883720000,EXIT,exit_sustained_rolling_motion,LIGHT,
grid_n3_noise2.5_peak1.5_h60_w15_p50_x70,1790883900000,ENTER,enter_stable_window,LIGHT,SHORT_DEEP_RUN_FILTER
grid_n3_noise2.5_peak1.5_h60_w15_p50_x70,1790883960000,MAINTAIN,,LIGHT,SHORT_DEEP_RUN_FILTER
grid_n3_noise2.5_peak1.5_h60_w15_p50_x70,1790884020000,MAINTAIN,,LIGHT,SHORT_DEEP_RUN_FILTER
grid_n3_noise2.5_peak1.5_h60_w15_p50_x70,1790884080000,MAINTAIN,,LIGHT,SHORT_DEEP_RUN_FILTER
grid_n3_noise2.5_peak1.5_h60_w15_p50_x70,1790884140000,MAINTAIN,,LIGHT,SHORT_DEEP_RUN_FILTER
grid_n3_noise2.5_peak1.5_h60_w15_p50_x70,1790884200000,MAINTAIN,,LIGHT,SHORT_DEEP_RUN_FILTER
grid_n3_noise2.5_peak1.5_h60_w15_p50_x70,1790884260000,MAINTAIN,,LIGHT,SHORT_DEEP_RUN_FILTER
grid_n3_noise2.5_peak1.5_h60_w15_p50_x70,1790884320000,MAINTAIN,,LIGHT,SHORT_DEEP_RUN_FILTER
grid_n3_noise2.5_peak1.5_h60_w15_p50_x70,1790884380000,MAINTAIN,,LIGHT,SHORT_DEEP_RUN_FILTER
grid_n3_noise2.5_peak1.5_h60_w15_p50_x70,1790884440000,EXIT,exit_coupling_lost,LIGHT,
grid_n3_noise2.5_peak1.5_h60_w15_p50_x70,1790887020000,ENTER,enter_stable_window,DEEP,
grid_n3_noise2.5_peak1.5_h60_w15_p50_x70,1790889780000,EXIT,exit_sustained_rolling_motion,LIGHT,
grid_n3_noise2.5_peak1.5_h60_w15_p50_x65,1790882940000,ENTER,enter_stable_window,DEEP,
grid_n3_noise2.5_peak1.5_h60_w15_p50_x65,1790883720000,EXIT,exit_sustained_rolling_motion,LIGHT,
grid_n3_noise2.5_peak1.5_h60_w15_p50_x65,1790883900000,ENTER,enter_stable_window,LIGHT,SHORT_DEEP_RUN_FILTER
grid_n3_noise2.5_peak1.5_h60_w15_p50_x65,1790883960000,MAINTAIN,,LIGHT,SHORT_DEEP_RUN_FILTER
grid_n3_noise2.5_peak1.5_h60_w15_p50_x65,1790884020000,MAINTAIN,,LIGHT,SHORT_DEEP_RUN_FILTER
grid_n3_noise2.5_peak1.5_h60_w15_p50_x65,1790884080000,MAINTAIN,,LIGHT,SHORT_DEEP_RUN_FILTER
grid_n3_noise2.5_peak1.5_h60_w15_p50_x65,1790884140000,MAINTAIN,,LIGHT,SHORT_DEEP_RUN_FILTER
grid_n3_noise2.5_peak1.5_h60_w15_p50_x65,1790884200000,MAINTAIN,,LIGHT,SHORT_DEEP_RUN_FILTER
grid_n3_noise2.5_peak1.5_h60_w15_p50_x65,1790884260000,MAINTAIN,,LIGHT,SHORT_DEEP_RUN_FILTER
grid_n3_noise2.5_peak1.5_h60_w15_p50_x65,1790884320000,MAINTAIN,,LIGHT,SHORT_DEEP_RUN_FILTER
grid_n3_noise2.5_peak1.5_h60_w15_p50_x65,1790884380000,MAINTAIN,,LIGHT,SHORT_DEEP_RUN_FILTER
grid_n3_noise2.5_peak1.5_h60_w15_p50_x65,1790884440000,EXIT,exit_coupling_lost,LIGHT,
grid_n3_noise2.5_peak1.5_h60_w15_p50_x65,1790887020000,ENTER,enter_stable_window,DEEP,
grid_n3_noise2.5_peak1.5_h60_w15_p50_x65,1790889780000,EXIT,exit_sustained_rolling_motion,LIGHT,
grid_n3_noise2.5_peak1.5_h60_w15_p65_x70,1790882880000,ENTER,enter_stable_window,DEEP,
grid_n3_noise2.5_peak1.5_h60_w15_p65_x70,1790883720000,EXIT,exit_sustained_rolling_motion,LIGHT,
grid_n3_noise2.5_peak1.5_h60_w15_p65_x70,1790883900000,ENTER,enter_stable_window,LIGHT,SHORT_DEEP_RUN_FILTER
grid_n3_noise2.5_peak1.5_h60_w15_p65_x70,1790883960000,MAINTAIN,,LIGHT,SHORT_DEEP_RUN_FILTER
grid_n3_noise2.5_peak1.5_h60_w15_p65_x70,1790884020000,MAINTAIN,,LIGHT,SHORT_DEEP_RUN_FILTER
grid_n3_noise2.5_peak1.5_h60_w15_p65_x70,1790884080000,MAINTAIN,,LIGHT,SHORT_DEEP_RUN_FILTER
grid_n3_noise2.5_peak1.5_h60_w15_p65_x70,1790884140000,MAINTAIN,,LIGHT,SHORT_DEEP_RUN_FILTER
grid_n3_noise2.5_peak1.5_h60_w15_p65_x70,1790884200000,MAINTAIN,,LIGHT,SHORT_DEEP_RUN_FILTER
grid_n3_noise2.5_peak1.5_h60_w15_p65_x70,1790884260000,MAINTAIN,,LIGHT,SHORT_DEEP_RUN_FILTER
grid_n3_noise2.5_peak1.5_h60_w15_p65_x70,1790884320000,MAINTAIN,,LIGHT,SHORT_DEEP_RUN_FILTER
grid_n3_noise2.5_peak1.5_h60_w15_p65_x70,1790884380000,MAINTAIN,,LIGHT,SHORT_DEEP_RUN_FILTER
grid_n3_noise2.5_peak1.5_h60_w15_p65_x70,1790884440000,EXIT,exit_coupling_lost,LIGHT,
grid_n3_noise2.5_peak1.5_h60_w15_p65_x70,1790886480000,ENTER,enter_stable_window,DEEP,
grid_n3_noise2.5_peak1.5_h60_w15_p65_x70,1790889780000,EXIT,exit_sustained_rolling_motion,LIGHT,
grid_n3_noise2.5_peak1.5_h60_w15_p65_x65,1790882880000,ENTER,enter_stable_window,DEEP,
grid_n3_noise2.5_peak1.5_h60_w15_p65_x65,1790883720000,EXIT,exit_sustained_rolling_motion,LIGHT,
grid_n3_noise2.5_peak1.5_h60_w15_p65_x65,1790883900000,ENTER,enter_stable_window,LIGHT,SHORT_DEEP_RUN_FILTER
grid_n3_noise2.5_peak1.5_h60_w15_p65_x65,1790883960000,MAINTAIN,,LIGHT,SHORT_DEEP_RUN_FILTER
grid_n3_noise2.5_peak1.5_h60_w15_p65_x65,1790884020000,MAINTAIN,,LIGHT,SHORT_DEEP_RUN_FILTER
grid_n3_noise2.5_peak1.5_h60_w15_p65_x65,1790884080000,MAINTAIN,,LIGHT,SHORT_DEEP_RUN_FILTER
grid_n3_noise2.5_peak1.5_h60_w15_p65_x65,1790884140000,MAINTAIN,,LIGHT,SHORT_DEEP_RUN_FILTER
grid_n3_noise2.5_peak1.5_h60_w15_p65_x65,1790884200000,MAINTAIN,,LIGHT,SHORT_DEEP_RUN_FILTER
grid_n3_noise2.5_peak1.5_h60_w15_p65_x65,1790884260000,MAINTAIN,,LIGHT,SHORT_DEEP_RUN_FILTER
grid_n3_noise2.5_peak1.5_h60_w15_p65_x65,1790884320000,MAINTAIN,,LIGHT,SHORT_DEEP_RUN_FILTER
grid_n3_noise2.5_peak1.5_h60_w15_p65_x65,1790884380000,MAINTAIN,,LIGHT,SHORT_DEEP_RUN_FILTER
grid_n3_noise2.5_peak1.5_h60_w15_p65_x65,1790884440000,EXIT,exit_coupling_lost,LIGHT,
grid_n3_noise2.5_peak1.5_h60_w15_p65_x65,1790886480000,ENTER,enter_stable_window,DEEP,
grid_n3_noise2.5_peak1.5_h60_w15_p65_x65,1790889780000,EXIT,exit_sustained_rolling_motion,LIGHT,
grid_n3_noise2.5_peak1.5_h60_w10_p50_x70,1790882820000,ENTER,enter_stable_window,DEEP,
grid_n3_noise2.5_peak1.5_h60_w10_p50_x70,1790883720000,EXIT,exit_sustained_rolling_motion,LIGHT,
grid_n3_noise2.5_peak1.5_h60_w10_p50_x70,1790884020000,ENTER,enter_stable_window,LIGHT,SHORT_DEEP_RUN_FILTER
grid_n3_noise2.5_peak1.5_h60_w10_p50_x70,1790884080000,MAINTAIN,,LIGHT,SHORT_DEEP_RUN_FILTER
grid_n3_noise2.5_peak1.5_h60_w10_p50_x70,1790884140000,MAINTAIN,,LIGHT,SHORT_DEEP_RUN_FILTER
grid_n3_noise2.5_peak1.5_h60_w10_p50_x70,1790884200000,MAINTAIN,,LIGHT,SHORT_DEEP_RUN_FILTER
grid_n3_noise2.5_peak1.5_h60_w10_p50_x70,1790884260000,MAINTAIN,,LIGHT,SHORT_DEEP_RUN_FILTER
grid_n3_noise2.5_peak1.5_h60_w10_p50_x70,1790884320000,MAINTAIN,,LIGHT,SHORT_DEEP_RUN_FILTER
grid_n3_noise2.5_peak1.5_h60_w10_p50_x70,1790884380000,MAINTAIN,,LIGHT,SHORT_DEEP_RUN_FILTER
grid_n3_noise2.5_peak1.5_h60_w10_p50_x70,1790884440000,EXIT,exit_coupling_lost,LIGHT,
grid_n3_noise2.5_peak1.5_h60_w10_p50_x70,1790886840000,ENTER,enter_stable_window,DEEP,
grid_n3_noise2.5_peak1.5_h60_w10_p50_x70,1790889780000,EXIT,exit_sustained_rolling_motion,LIGHT,
grid_n3_noise2.5_peak1.5_h60_w10_p50_x65,1790882820000,ENTER,enter_stable_window,DEEP,
grid_n3_noise2.5_peak1.5_h60_w10_p50_x65,1790883720000,EXIT,exit_sustained_rolling_motion,LIGHT,
grid_n3_noise2.5_peak1.5_h60_w10_p50_x65,1790884020000,ENTER,enter_stable_window,LIGHT,SHORT_DEEP_RUN_FILTER
grid_n3_noise2.5_peak1.5_h60_w10_p50_x65,1790884080000,MAINTAIN,,LIGHT,SHORT_DEEP_RUN_FILTER
grid_n3_noise2.5_peak1.5_h60_w10_p50_x65,1790884140000,MAINTAIN,,LIGHT,SHORT_DEEP_RUN_FILTER
grid_n3_noise2.5_peak1.5_h60_w10_p50_x65,1790884200000,MAINTAIN,,LIGHT,SHORT_DEEP_RUN_FILTER
grid_n3_noise2.5_peak1.5_h60_w10_p50_x65,1790884260000,MAINTAIN,,LIGHT,SHORT_DEEP_RUN_FILTER
grid_n3_noise2.5_peak1.5_h60_w10_p50_x65,1790884320000,MAINTAIN,,LIGHT,SHORT_DEEP_RUN_FILTER
grid_n3_noise2.5_peak1.5_h60_w10_p50_x65,1790884380000,MAINTAIN,,LIGHT,SHORT_DEEP_RUN_FILTER
grid_n3_noise2.5_peak1.5_h60_w10_p50_x65,1790884440000,EXIT,exit_coupling_lost,LIGHT,
grid_n3_noise2.5_peak1.5_h60_w10_p50_x65,1790886840000,ENTER,enter_stable_window,DEEP,
grid_n3_noise2.5_peak1.5_h60_w10_p50_x65,1790889780000,EXIT,exit_sustained_rolling_motion,LIGHT,
grid_n3_noise2.5_peak1.5_h60_w10_p65_x70,1790882640000,ENTER,enter_stable_window,DEEP,
grid_n3_noise2.5_peak1.5_h60_w10_p65_x70,1790883720000,EXIT,exit_sustained_rolling_motion,LIGHT,
grid_n3_noise2.5_peak1.5_h60_w10_p65_x70,1790884020000,ENTER,enter_stable_window,LIGHT,SHORT_DEEP_RUN_FILTER
grid_n3_noise2.5_peak1.5_h60_w10_p65_x70,1790884080000,MAINTAIN,,LIGHT,SHORT_DEEP_RUN_FILTER
grid_n3_noise2.5_peak1.5_h60_w10_p65_x70,1790884140000,MAINTAIN,,LIGHT,SHORT_DEEP_RUN_FILTER
grid_n3_noise2.5_peak1.5_h60_w10_p65_x70,1790884200000,MAINTAIN,,LIGHT,SHORT_DEEP_RUN_FILTER
grid_n3_noise2.5_peak1.5_h60_w10_p65_x70,1790884260000,MAINTAIN,,LIGHT,SHORT_DEEP_RUN_FILTER
grid_n3_noise2.5_peak1.5_h60_w10_p65_x70,1790884320000,MAINTAIN,,LIGHT,SHORT_DEEP_RUN_FILTER
grid_n3_noise2.5_peak1.5_h60_w10_p65_x70,1790884380000,MAINTAIN,,LIGHT,SHORT_DEEP_RUN_FILTER
grid_n3_noise2.5_peak1.5_h60_w10_p65_x70,1790884440000,EXIT,exit_coupling_lost,LIGHT,
grid_n3_noise2.5_peak1.5_h60_w10_p65_x70,1790886600000,ENTER,enter_stable_window,DEEP,
grid_n3_noise2.5_peak1.5_h60_w10_p65_x70,1790889780000,EXIT,exit_sustained_rolling_motion,LIGHT,
grid_n3_noise2.5_peak1.5_h60_w10_p65_x65,1790882640000,ENTER,enter_stable_window,DEEP,
grid_n3_noise2.5_peak1.5_h60_w10_p65_x65,1790883720000,EXIT,exit_sustained_rolling_motion,LIGHT,
grid_n3_noise2.5_peak1.5_h60_w10_p65_x65,1790884020000,ENTER,enter_stable_window,LIGHT,SHORT_DEEP_RUN_FILTER
grid_n3_noise2.5_peak1.5_h60_w10_p65_x65,1790884080000,MAINTAIN,,LIGHT,SHORT_DEEP_RUN_FILTER
grid_n3_noise2.5_peak1.5_h60_w10_p65_x65,1790884140000,MAINTAIN,,LIGHT,SHORT_DEEP_RUN_FILTER
grid_n3_noise2.5_peak1.5_h60_w10_p65_x65,1790884200000,MAINTAIN,,LIGHT,SHORT_DEEP_RUN_FILTER
grid_n3_noise2.5_peak1.5_h60_w10_p65_x65,1790884260000,MAINTAIN,,LIGHT,SHORT_DEEP_RUN_FILTER
grid_n3_noise2.5_peak1.5_h60_w10_p65_x65,1790884320000,MAINTAIN,,LIGHT,SHORT_DEEP_RUN_FILTER
grid_n3_noise2.5_peak1.5_h60_w10_p65_x65,1790884380000,MAINTAIN,,LIGHT,SHORT_DEEP_RUN_FILTER
grid_n3_noise2.5_peak1.5_h60_w10_p65_x65,1790884440000,EXIT,exit_coupling_lost,LIGHT,
grid_n3_noise2.5_peak1.5_h60_w10_p65_x65,1790886600000,ENTER,enter_stable_window,DEEP,
grid_n3_noise2.5_peak1.5_h60_w10_p65_x65,1790889780000,EXIT,exit_sustained_rolling_motion,LIGHT,
grid_n3_noise2.5_peak3.0_h45_w15_p50_x70,1790882700000,ENTER,enter_stable_window,DEEP,
grid_n3_noise2.5_peak3.0_h45_w15_p50_x70,1790884680000,EXIT,exit_sustained_rolling_motion,LIGHT,
grid_n3_noise2.5_peak3.0_h45_w15_p50_x70,1790886480000,ENTER,enter_stable_window,DEEP,
grid_n3_noise2.5_peak3.0_h45_w15_p50_x70,1790890380000,EXIT,exit_sustained_rolling_motion,LIGHT,
grid_n3_noise2.5_peak3.0_h45_w15_p50_x70,1790890620000,ENTER,enter_stable_window,LIGHT,SHORT_DEEP_RUN_FILTER
grid_n3_noise2.5_peak3.0_h45_w15_p50_x70,1790890680000,MAINTAIN,,LIGHT,SHORT_DEEP_RUN_FILTER
grid_n3_noise2.5_peak3.0_h45_w15_p50_x70,1790890740000,MAINTAIN,,LIGHT,SHORT_DEEP_RUN_FILTER
grid_n3_noise2.5_peak3.0_h45_w15_p50_x70,1790890800000,MAINTAIN,,LIGHT,SHORT_DEEP_RUN_FILTER
grid_n3_noise2.5_peak3.0_h45_w15_p50_x70,1790890860000,MAINTAIN,,LIGHT,SHORT_DEEP_RUN_FILTER
grid_n3_noise2.5_peak3.0_h45_w15_p50_x70,1790890920000,EXIT,exit_sustained_rolling_motion,LIGHT,
grid_n3_noise2.5_peak3.0_h45_w15_p50_x70,1790891040000,ENTER,enter_stable_window,LIGHT,SHORT_DEEP_RUN_FILTER
grid_n3_noise2.5_peak3.0_h45_w15_p50_x70,1790891100000,MAINTAIN,,LIGHT,SHORT_DEEP_RUN_FILTER
grid_n3_noise2.5_peak3.0_h45_w15_p50_x70,1790891160000,MAINTAIN,,LIGHT,SHORT_DEEP_RUN_FILTER
grid_n3_noise2.5_peak3.0_h45_w15_p50_x70,1790891220000,MAINTAIN,,LIGHT,SHORT_DEEP_RUN_FILTER
grid_n3_noise2.5_peak3.0_h45_w15_p50_x70,1790891280000,MAINTAIN,,LIGHT,SHORT_DEEP_RUN_FILTER
grid_n3_noise2.5_peak3.0_h45_w15_p50_x70,1790891340000,MAINTAIN,,LIGHT,SHORT_DEEP_RUN_FILTER
grid_n3_noise2.5_peak3.0_h45_w15_p50_x70,1790891400000,EXIT,exit_sustained_rolling_motion,LIGHT,
grid_n3_noise2.5_peak3.0_h45_w15_p50_x70,1790893560000,ENTER,enter_stable_window,DEEP,
grid_n3_noise2.5_peak3.0_h45_w15_p50_x70,1790894460000,EXIT,exit_sustained_rolling_motion,LIGHT,
grid_n3_noise2.5_peak3.0_h45_w15_p50_x65,1790882700000,ENTER,enter_stable_window,DEEP,
grid_n3_noise2.5_peak3.0_h45_w15_p50_x65,1790884680000,EXIT,exit_sustained_rolling_motion,LIGHT,
grid_n3_noise2.5_peak3.0_h45_w15_p50_x65,1790886480000,ENTER,enter_stable_window,DEEP,
grid_n3_noise2.5_peak3.0_h45_w15_p50_x65,1790889900000,EXIT,exit_sustained_rolling_motion,LIGHT,
grid_n3_noise2.5_peak3.0_h45_w15_p50_x65,1790889960000,ENTER,enter_stable_window,LIGHT,SHORT_DEEP_RUN_FILTER
grid_n3_noise2.5_peak3.0_h45_w15_p50_x65,1790890020000,MAINTAIN,,LIGHT,SHORT_DEEP_RUN_FILTER
grid_n3_noise2.5_peak3.0_h45_w15_p50_x65,1790890080000,MAINTAIN,,LIGHT,SHORT_DEEP_RUN_FILTER
grid_n3_noise2.5_peak3.0_h45_w15_p50_x65,1790890140000,MAINTAIN,,LIGHT,SHORT_DEEP_RUN_FILTER
grid_n3_noise2.5_peak3.0_h45_w15_p50_x65,1790890200000,MAINTAIN,,LIGHT,SHORT_DEEP_RUN_FILTER
grid_n3_noise2.5_peak3.0_h45_w15_p50_x65,1790890260000,MAINTAIN,,LIGHT,SHORT_DEEP_RUN_FILTER
grid_n3_noise2.5_peak3.0_h45_w15_p50_x65,1790890320000,MAINTAIN,,LIGHT,SHORT_DEEP_RUN_FILTER
grid_n3_noise2.5_peak3.0_h45_w15_p50_x65,1790890380000,EXIT,exit_sustained_rolling_motion,LIGHT,
grid_n3_noise2.5_peak3.0_h45_w15_p50_x65,1790890620000,ENTER,enter_stable_window,LIGHT,SHORT_DEEP_RUN_FILTER
grid_n3_noise2.5_peak3.0_h45_w15_p50_x65,1790890680000,MAINTAIN,,LIGHT,SHORT_DEEP_RUN_FILTER
grid_n3_noise2.5_peak3.0_h45_w15_p50_x65,1790890740000,MAINTAIN,,LIGHT,SHORT_DEEP_RUN_FILTER
grid_n3_noise2.5_peak3.0_h45_w15_p50_x65,1790890800000,MAINTAIN,,LIGHT,SHORT_DEEP_RUN_FILTER
grid_n3_noise2.5_peak3.0_h45_w15_p50_x65,1790890860000,MAINTAIN,,LIGHT,SHORT_DEEP_RUN_FILTER
grid_n3_noise2.5_peak3.0_h45_w15_p50_x65,1790890920000,EXIT,exit_sustained_rolling_motion,LIGHT,
grid_n3_noise2.5_peak3.0_h45_w15_p50_x65,1790891040000,ENTER,enter_stable_window,LIGHT,SHORT_DEEP_RUN_FILTER
grid_n3_noise2.5_peak3.0_h45_w15_p50_x65,1790891100000,MAINTAIN,,LIGHT,SHORT_DEEP_RUN_FILTER
grid_n3_noise2.5_peak3.0_h45_w15_p50_x65,1790891160000,MAINTAIN,,LIGHT,SHORT_DEEP_RUN_FILTER
grid_n3_noise2.5_peak3.0_h45_w15_p50_x65,1790891220000,MAINTAIN,,LIGHT,SHORT_DEEP_RUN_FILTER
grid_n3_noise2.5_peak3.0_h45_w15_p50_x65,1790891280000,MAINTAIN,,LIGHT,SHORT_DEEP_RUN_FILTER
grid_n3_noise2.5_peak3.0_h45_w15_p50_x65,1790891340000,MAINTAIN,,LIGHT,SHORT_DEEP_RUN_FILTER
grid_n3_noise2.5_peak3.0_h45_w15_p50_x65,1790891400000,EXIT,exit_sustained_rolling_motion,LIGHT,
grid_n3_noise2.5_peak3.0_h45_w15_p50_x65,1790893560000,ENTER,enter_stable_window,DEEP,
grid_n3_noise2.5_peak3.0_h45_w15_p50_x65,1790894460000,EXIT,exit_sustained_rolling_motion,LIGHT,
grid_n3_noise2.5_peak3.0_h45_w15_p65_x70,1790882700000,ENTER,enter_stable_window,DEEP,
grid_n3_noise2.5_peak3.0_h45_w15_p65_x70,1790884680000,EXIT,exit_sustained_rolling_motion,LIGHT,
grid_n3_noise2.5_peak3.0_h45_w15_p65_x70,1790885820000,ENTER,enter_stable_window,LIGHT,SHORT_DEEP_RUN_FILTER
grid_n3_noise2.5_peak3.0_h45_w15_p65_x70,1790885880000,MAINTAIN,,LIGHT,SHORT_DEEP_RUN_FILTER
grid_n3_noise2.5_peak3.0_h45_w15_p65_x70,1790885940000,MAINTAIN,,LIGHT,SHORT_DEEP_RUN_FILTER
grid_n3_noise2.5_peak3.0_h45_w15_p65_x70,1790886000000,MAINTAIN,,LIGHT,SHORT_DEEP_RUN_FILTER
grid_n3_noise2.5_peak3.0_h45_w15_p65_x70,1790886060000,MAINTAIN,,LIGHT,SHORT_DEEP_RUN_FILTER
grid_n3_noise2.5_peak3.0_h45_w15_p65_x70,1790886120000,MAINTAIN,,LIGHT,SHORT_DEEP_RUN_FILTER
grid_n3_noise2.5_peak3.0_h45_w15_p65_x70,1790886180000,MAINTAIN,,LIGHT,SHORT_DEEP_RUN_FILTER
grid_n3_noise2.5_peak3.0_h45_w15_p65_x70,1790886240000,EXIT,exit_sustained_rolling_motion,LIGHT,
grid_n3_noise2.5_peak3.0_h45_w15_p65_x70,1790886300000,ENTER,enter_stable_window,DEEP,
grid_n3_noise2.5_peak3.0_h45_w15_p65_x70,1790890380000,EXIT,exit_sustained_rolling_motion,LIGHT,
grid_n3_noise2.5_peak3.0_h45_w15_p65_x70,1790890620000,ENTER,enter_stable_window,LIGHT,SHORT_DEEP_RUN_FILTER
grid_n3_noise2.5_peak3.0_h45_w15_p65_x70,1790890680000,MAINTAIN,,LIGHT,SHORT_DEEP_RUN_FILTER
grid_n3_noise2.5_peak3.0_h45_w15_p65_x70,1790890740000,MAINTAIN,,LIGHT,SHORT_DEEP_RUN_FILTER
grid_n3_noise2.5_peak3.0_h45_w15_p65_x70,1790890800000,MAINTAIN,,LIGHT,SHORT_DEEP_RUN_FILTER
grid_n3_noise2.5_peak3.0_h45_w15_p65_x70,1790890860000,MAINTAIN,,LIGHT,SHORT_DEEP_RUN_FILTER
grid_n3_noise2.5_peak3.0_h45_w15_p65_x70,1790890920000,EXIT,exit_sustained_rolling_motion,LIGHT,
grid_n3_noise2.5_peak3.0_h45_w15_p65_x70,1790891040000,ENTER,enter_stable_window,LIGHT,SHORT_DEEP_RUN_FILTER
grid_n3_noise2.5_peak3.0_h45_w15_p65_x70,1790891100000,MAINTAIN,,LIGHT,SHORT_DEEP_RUN_FILTER
grid_n3_noise2.5_peak3.0_h45_w15_p65_x70,1790891160000,MAINTAIN,,LIGHT,SHORT_DEEP_RUN_FILTER
grid_n3_noise2.5_peak3.0_h45_w15_p65_x70,1790891220000,MAINTAIN,,LIGHT,SHORT_DEEP_RUN_FILTER
grid_n3_noise2.5_peak3.0_h45_w15_p65_x70,1790891280000,MAINTAIN,,LIGHT,SHORT_DEEP_RUN_FILTER
grid_n3_noise2.5_peak3.0_h45_w15_p65_x70,1790891340000,MAINTAIN,,LIGHT,SHORT_DEEP_RUN_FILTER
grid_n3_noise2.5_peak3.0_h45_w15_p65_x70,1790891400000,EXIT,exit_sustained_rolling_motion,LIGHT,
grid_n3_noise2.5_peak3.0_h45_w15_p65_x70,1790893080000,ENTER,enter_stable_window,LIGHT,SHORT_DEEP_RUN_FILTER
grid_n3_noise2.5_peak3.0_h45_w15_p65_x70,1790893140000,MAINTAIN,,LIGHT,SHORT_DEEP_RUN_FILTER
grid_n3_noise2.5_peak3.0_h45_w15_p65_x70,1790893200000,MAINTAIN,,LIGHT,SHORT_DEEP_RUN_FILTER
grid_n3_noise2.5_peak3.0_h45_w15_p65_x70,1790893260000,MAINTAIN,,LIGHT,SHORT_DEEP_RUN_FILTER
grid_n3_noise2.5_peak3.0_h45_w15_p65_x70,1790893320000,MAINTAIN,,LIGHT,SHORT_DEEP_RUN_FILTER
grid_n3_noise2.5_peak3.0_h45_w15_p65_x70,1790893380000,MAINTAIN,,LIGHT,SHORT_DEEP_RUN_FILTER
grid_n3_noise2.5_peak3.0_h45_w15_p65_x70,1790893440000,EXIT,exit_sustained_rolling_motion,LIGHT,
grid_n3_noise2.5_peak3.0_h45_w15_p65_x70,1790893560000,ENTER,enter_stable_window,DEEP,
grid_n3_noise2.5_peak3.0_h45_w15_p65_x70,1790894460000,EXIT,exit_sustained_rolling_motion,LIGHT,
grid_n3_noise2.5_peak3.0_h45_w15_p65_x70,1790894580000,ENTER,enter_stable_window,LIGHT,SHORT_DEEP_RUN_FILTER
grid_n3_noise2.5_peak3.0_h45_w15_p65_x70,1790894640000,MAINTAIN,,LIGHT,SHORT_DEEP_RUN_FILTER
grid_n3_noise2.5_peak3.0_h45_w15_p65_x70,1790894700000,MAINTAIN,,LIGHT,SHORT_DEEP_RUN_FILTER
grid_n3_noise2.5_peak3.0_h45_w15_p65_x70,1790894760000,MAINTAIN,,LIGHT,SHORT_DEEP_RUN_FILTER
grid_n3_noise2.5_peak3.0_h45_w15_p65_x70,1790894820000,MAINTAIN,,LIGHT,SHORT_DEEP_RUN_FILTER
grid_n3_noise2.5_peak3.0_h45_w15_p65_x70,1790894880000,MAINTAIN,,LIGHT,SHORT_DEEP_RUN_FILTER
grid_n3_noise2.5_peak3.0_h45_w15_p65_x70,1790894940000,EXIT,exit_sustained_rolling_motion,LIGHT,
grid_n3_noise2.5_peak3.0_h45_w15_p65_x70,1790895240000,ENTER,enter_stable_window,DEEP,
grid_n3_noise2.5_peak3.0_h45_w15_p65_x70,1790896320000,EXIT,exit_missing_motion,LIGHT,
grid_n3_noise2.5_peak3.0_h45_w15_p65_x65,1790882700000,ENTER,enter_stable_window,DEEP,
grid_n3_noise2.5_peak3.0_h45_w15_p65_x65,1790884680000,EXIT,exit_sustained_rolling_motion,LIGHT,
grid_n3_noise2.5_peak3.0_h45_w15_p65_x65,1790885820000,ENTER,enter_stable_window,LIGHT,SHORT_DEEP_RUN_FILTER
grid_n3_noise2.5_peak3.0_h45_w15_p65_x65,1790885880000,MAINTAIN,,LIGHT,SHORT_DEEP_RUN_FILTER
grid_n3_noise2.5_peak3.0_h45_w15_p65_x65,1790885940000,MAINTAIN,,LIGHT,SHORT_DEEP_RUN_FILTER
grid_n3_noise2.5_peak3.0_h45_w15_p65_x65,1790886000000,MAINTAIN,,LIGHT,SHORT_DEEP_RUN_FILTER
grid_n3_noise2.5_peak3.0_h45_w15_p65_x65,1790886060000,MAINTAIN,,LIGHT,SHORT_DEEP_RUN_FILTER
grid_n3_noise2.5_peak3.0_h45_w15_p65_x65,1790886120000,MAINTAIN,,LIGHT,SHORT_DEEP_RUN_FILTER
grid_n3_noise2.5_peak3.0_h45_w15_p65_x65,1790886180000,MAINTAIN,,LIGHT,SHORT_DEEP_RUN_FILTER
grid_n3_noise2.5_peak3.0_h45_w15_p65_x65,1790886240000,EXIT,exit_sustained_rolling_motion,LIGHT,
grid_n3_noise2.5_peak3.0_h45_w15_p65_x65,1790886300000,ENTER,enter_stable_window,DEEP,
grid_n3_noise2.5_peak3.0_h45_w15_p65_x65,1790889900000,EXIT,exit_sustained_rolling_motion,LIGHT,
grid_n3_noise2.5_peak3.0_h45_w15_p65_x65,1790889960000,ENTER,enter_stable_window,LIGHT,SHORT_DEEP_RUN_FILTER
grid_n3_noise2.5_peak3.0_h45_w15_p65_x65,1790890020000,MAINTAIN,,LIGHT,SHORT_DEEP_RUN_FILTER
grid_n3_noise2.5_peak3.0_h45_w15_p65_x65,1790890080000,MAINTAIN,,LIGHT,SHORT_DEEP_RUN_FILTER
grid_n3_noise2.5_peak3.0_h45_w15_p65_x65,1790890140000,MAINTAIN,,LIGHT,SHORT_DEEP_RUN_FILTER
grid_n3_noise2.5_peak3.0_h45_w15_p65_x65,1790890200000,MAINTAIN,,LIGHT,SHORT_DEEP_RUN_FILTER
grid_n3_noise2.5_peak3.0_h45_w15_p65_x65,1790890260000,MAINTAIN,,LIGHT,SHORT_DEEP_RUN_FILTER
grid_n3_noise2.5_peak3.0_h45_w15_p65_x65,1790890320000,MAINTAIN,,LIGHT,SHORT_DEEP_RUN_FILTER
grid_n3_noise2.5_peak3.0_h45_w15_p65_x65,1790890380000,EXIT,exit_sustained_rolling_motion,LIGHT,
grid_n3_noise2.5_peak3.0_h45_w15_p65_x65,1790890620000,ENTER,enter_stable_window,LIGHT,SHORT_DEEP_RUN_FILTER
grid_n3_noise2.5_peak3.0_h45_w15_p65_x65,1790890680000,MAINTAIN,,LIGHT,SHORT_DEEP_RUN_FILTER
grid_n3_noise2.5_peak3.0_h45_w15_p65_x65,1790890740000,MAINTAIN,,LIGHT,SHORT_DEEP_RUN_FILTER
grid_n3_noise2.5_peak3.0_h45_w15_p65_x65,1790890800000,MAINTAIN,,LIGHT,SHORT_DEEP_RUN_FILTER
grid_n3_noise2.5_peak3.0_h45_w15_p65_x65,1790890860000,MAINTAIN,,LIGHT,SHORT_DEEP_RUN_FILTER
grid_n3_noise2.5_peak3.0_h45_w15_p65_x65,1790890920000,EXIT,exit_sustained_rolling_motion,LIGHT,
grid_n3_noise2.5_peak3.0_h45_w15_p65_x65,1790891040000,ENTER,enter_stable_window,LIGHT,SHORT_DEEP_RUN_FILTER
grid_n3_noise2.5_peak3.0_h45_w15_p65_x65,1790891100000,MAINTAIN,,LIGHT,SHORT_DEEP_RUN_FILTER
grid_n3_noise2.5_peak3.0_h45_w15_p65_x65,1790891160000,MAINTAIN,,LIGHT,SHORT_DEEP_RUN_FILTER
grid_n3_noise2.5_peak3.0_h45_w15_p65_x65,1790891220000,MAINTAIN,,LIGHT,SHORT_DEEP_RUN_FILTER
grid_n3_noise2.5_peak3.0_h45_w15_p65_x65,1790891280000,MAINTAIN,,LIGHT,SHORT_DEEP_RUN_FILTER
grid_n3_noise2.5_peak3.0_h45_w15_p65_x65,1790891340000,MAINTAIN,,LIGHT,SHORT_DEEP_RUN_FILTER
grid_n3_noise2.5_peak3.0_h45_w15_p65_x65,1790891400000,EXIT,exit_sustained_rolling_motion,LIGHT,
grid_n3_noise2.5_peak3.0_h45_w15_p65_x65,1790893080000,ENTER,enter_stable_window,LIGHT,SHORT_DEEP_RUN_FILTER
grid_n3_noise2.5_peak3.0_h45_w15_p65_x65,1790893140000,MAINTAIN,,LIGHT,SHORT_DEEP_RUN_FILTER
grid_n3_noise2.5_peak3.0_h45_w15_p65_x65,1790893200000,MAINTAIN,,LIGHT,SHORT_DEEP_RUN_FILTER
grid_n3_noise2.5_peak3.0_h45_w15_p65_x65,1790893260000,MAINTAIN,,LIGHT,SHORT_DEEP_RUN_FILTER
grid_n3_noise2.5_peak3.0_h45_w15_p65_x65,1790893320000,MAINTAIN,,LIGHT,SHORT_DEEP_RUN_FILTER
grid_n3_noise2.5_peak3.0_h45_w15_p65_x65,1790893380000,MAINTAIN,,LIGHT,SHORT_DEEP_RUN_FILTER
grid_n3_noise2.5_peak3.0_h45_w15_p65_x65,1790893440000,EXIT,exit_sustained_rolling_motion,LIGHT,
grid_n3_noise2.5_peak3.0_h45_w15_p65_x65,1790893560000,ENTER,enter_stable_window,DEEP,
grid_n3_noise2.5_peak3.0_h45_w15_p65_x65,1790894460000,EXIT,exit_sustained_rolling_motion,LIGHT,
grid_n3_noise2.5_peak3.0_h45_w15_p65_x65,1790894580000,ENTER,enter_stable_window,LIGHT,SHORT_DEEP_RUN_FILTER
grid_n3_noise2.5_peak3.0_h45_w15_p65_x65,1790894640000,MAINTAIN,,LIGHT,SHORT_DEEP_RUN_FILTER
grid_n3_noise2.5_peak3.0_h45_w15_p65_x65,1790894700000,MAINTAIN,,LIGHT,SHORT_DEEP_RUN_FILTER
grid_n3_noise2.5_peak3.0_h45_w15_p65_x65,1790894760000,MAINTAIN,,LIGHT,SHORT_DEEP_RUN_FILTER
grid_n3_noise2.5_peak3.0_h45_w15_p65_x65,1790894820000,MAINTAIN,,LIGHT,SHORT_DEEP_RUN_FILTER
grid_n3_noise2.5_peak3.0_h45_w15_p65_x65,1790894880000,MAINTAIN,,LIGHT,SHORT_DEEP_RUN_FILTER
grid_n3_noise2.5_peak3.0_h45_w15_p65_x65,1790894940000,EXIT,exit_sustained_rolling_motion,LIGHT,
grid_n3_noise2.5_peak3.0_h45_w15_p65_x65,1790895240000,ENTER,enter_stable_window,DEEP,
grid_n3_noise2.5_peak3.0_h45_w15_p65_x65,1790896320000,EXIT,exit_missing_motion,LIGHT,
grid_n3_noise2.5_peak3.0_h45_w10_p50_x70,1790882580000,ENTER,enter_stable_window,DEEP,
grid_n3_noise2.5_peak3.0_h45_w10_p50_x70,1790884680000,EXIT,exit_sustained_rolling_motion,LIGHT,
grid_n3_noise2.5_peak3.0_h45_w10_p50_x70,1790886600000,ENTER,enter_stable_window,DEEP,
grid_n3_noise2.5_peak3.0_h45_w10_p50_x70,1790890380000,EXIT,exit_sustained_rolling_motion,LIGHT,
grid_n3_noise2.5_peak3.0_h45_w10_p50_x70,1790890980000,ENTER,enter_stable_window,LIGHT,SHORT_DEEP_RUN_FILTER
grid_n3_noise2.5_peak3.0_h45_w10_p50_x70,1790891040000,MAINTAIN,,LIGHT,SHORT_DEEP_RUN_FILTER
grid_n3_noise2.5_peak3.0_h45_w10_p50_x70,1790891100000,MAINTAIN,,LIGHT,SHORT_DEEP_RUN_FILTER
grid_n3_noise2.5_peak3.0_h45_w10_p50_x70,1790891160000,MAINTAIN,,LIGHT,SHORT_DEEP_RUN_FILTER
grid_n3_noise2.5_peak3.0_h45_w10_p50_x70,1790891220000,MAINTAIN,,LIGHT,SHORT_DEEP_RUN_FILTER
grid_n3_noise2.5_peak3.0_h45_w10_p50_x70,1790891280000,MAINTAIN,,LIGHT,SHORT_DEEP_RUN_FILTER
grid_n3_noise2.5_peak3.0_h45_w10_p50_x70,1790891340000,MAINTAIN,,LIGHT,SHORT_DEEP_RUN_FILTER
grid_n3_noise2.5_peak3.0_h45_w10_p50_x70,1790891400000,EXIT,exit_sustained_rolling_motion,LIGHT,
grid_n3_noise2.5_peak3.0_h45_w10_p50_x70,1790892960000,ENTER,enter_stable_window,LIGHT,SHORT_DEEP_RUN_FILTER
grid_n3_noise2.5_peak3.0_h45_w10_p50_x70,1790893020000,MAINTAIN,,LIGHT,SHORT_DEEP_RUN_FILTER
grid_n3_noise2.5_peak3.0_h45_w10_p50_x70,1790893080000,MAINTAIN,,LIGHT,SHORT_DEEP_RUN_FILTER
grid_n3_noise2.5_peak3.0_h45_w10_p50_x70,1790893140000,MAINTAIN,,LIGHT,SHORT_DEEP_RUN_FILTER
grid_n3_noise2.5_peak3.0_h45_w10_p50_x70,1790893200000,MAINTAIN,,LIGHT,SHORT_DEEP_RUN_FILTER
grid_n3_noise2.5_peak3.0_h45_w10_p50_x70,1790893260000,MAINTAIN,,LIGHT,SHORT_DEEP_RUN_FILTER
grid_n3_noise2.5_peak3.0_h45_w10_p50_x70,1790893320000,MAINTAIN,,LIGHT,SHORT_DEEP_RUN_FILTER
grid_n3_noise2.5_peak3.0_h45_w10_p50_x70,1790893380000,MAINTAIN,,LIGHT,SHORT_DEEP_RUN_FILTER
grid_n3_noise2.5_peak3.0_h45_w10_p50_x70,1790893440000,EXIT,exit_sustained_rolling_motion,LIGHT,
grid_n3_noise2.5_peak3.0_h45_w10_p50_x70,1790893980000,ENTER,enter_stable_window,LIGHT,SHORT_DEEP_RUN_FILTER
grid_n3_noise2.5_peak3.0_h45_w10_p50_x70,1790894040000,MAINTAIN,,LIGHT,SHORT_DEEP_RUN_FILTER
grid_n3_noise2.5_peak3.0_h45_w10_p50_x70,1790894100000,MAINTAIN,,LIGHT,SHORT_DEEP_RUN_FILTER
grid_n3_noise2.5_peak3.0_h45_w10_p50_x70,1790894160000,MAINTAIN,,LIGHT,SHORT_DEEP_RUN_FILTER
grid_n3_noise2.5_peak3.0_h45_w10_p50_x70,1790894220000,MAINTAIN,,LIGHT,SHORT_DEEP_RUN_FILTER
grid_n3_noise2.5_peak3.0_h45_w10_p50_x70,1790894280000,MAINTAIN,,LIGHT,SHORT_DEEP_RUN_FILTER
grid_n3_noise2.5_peak3.0_h45_w10_p50_x70,1790894340000,MAINTAIN,,LIGHT,SHORT_DEEP_RUN_FILTER
grid_n3_noise2.5_peak3.0_h45_w10_p50_x70,1790894400000,MAINTAIN,,LIGHT,SHORT_DEEP_RUN_FILTER
grid_n3_noise2.5_peak3.0_h45_w10_p50_x70,1790894460000,EXIT,exit_sustained_rolling_motion,LIGHT,
grid_n3_noise2.5_peak3.0_h45_w10_p50_x65,1790882580000,ENTER,enter_stable_window,DEEP,
grid_n3_noise2.5_peak3.0_h45_w10_p50_x65,1790884680000,EXIT,exit_sustained_rolling_motion,LIGHT,
grid_n3_noise2.5_peak3.0_h45_w10_p50_x65,1790886600000,ENTER,enter_stable_window,DEEP,
grid_n3_noise2.5_peak3.0_h45_w10_p50_x65,1790889900000,EXIT,exit_sustained_rolling_motion,LIGHT,
grid_n3_noise2.5_peak3.0_h45_w10_p50_x65,1790890980000,ENTER,enter_stable_window,LIGHT,SHORT_DEEP_RUN_FILTER
grid_n3_noise2.5_peak3.0_h45_w10_p50_x65,1790891040000,MAINTAIN,,LIGHT,SHORT_DEEP_RUN_FILTER
grid_n3_noise2.5_peak3.0_h45_w10_p50_x65,1790891100000,MAINTAIN,,LIGHT,SHORT_DEEP_RUN_FILTER
grid_n3_noise2.5_peak3.0_h45_w10_p50_x65,1790891160000,MAINTAIN,,LIGHT,SHORT_DEEP_RUN_FILTER
grid_n3_noise2.5_peak3.0_h45_w10_p50_x65,1790891220000,MAINTAIN,,LIGHT,SHORT_DEEP_RUN_FILTER
grid_n3_noise2.5_peak3.0_h45_w10_p50_x65,1790891280000,MAINTAIN,,LIGHT,SHORT_DEEP_RUN_FILTER
grid_n3_noise2.5_peak3.0_h45_w10_p50_x65,1790891340000,MAINTAIN,,LIGHT,SHORT_DEEP_RUN_FILTER
grid_n3_noise2.5_peak3.0_h45_w10_p50_x65,1790891400000,EXIT,exit_sustained_rolling_motion,LIGHT,
grid_n3_noise2.5_peak3.0_h45_w10_p50_x65,1790892960000,ENTER,enter_stable_window,LIGHT,SHORT_DEEP_RUN_FILTER
grid_n3_noise2.5_peak3.0_h45_w10_p50_x65,1790893020000,MAINTAIN,,LIGHT,SHORT_DEEP_RUN_FILTER
grid_n3_noise2.5_peak3.0_h45_w10_p50_x65,1790893080000,MAINTAIN,,LIGHT,SHORT_DEEP_RUN_FILTER
grid_n3_noise2.5_peak3.0_h45_w10_p50_x65,1790893140000,MAINTAIN,,LIGHT,SHORT_DEEP_RUN_FILTER
grid_n3_noise2.5_peak3.0_h45_w10_p50_x65,1790893200000,MAINTAIN,,LIGHT,SHORT_DEEP_RUN_FILTER
grid_n3_noise2.5_peak3.0_h45_w10_p50_x65,1790893260000,MAINTAIN,,LIGHT,SHORT_DEEP_RUN_FILTER
grid_n3_noise2.5_peak3.0_h45_w10_p50_x65,1790893320000,MAINTAIN,,LIGHT,SHORT_DEEP_RUN_FILTER
grid_n3_noise2.5_peak3.0_h45_w10_p50_x65,1790893380000,MAINTAIN,,LIGHT,SHORT_DEEP_RUN_FILTER
grid_n3_noise2.5_peak3.0_h45_w10_p50_x65,1790893440000,EXIT,exit_sustained_rolling_motion,LIGHT,
grid_n3_noise2.5_peak3.0_h45_w10_p50_x65,1790893980000,ENTER,enter_stable_window,LIGHT,SHORT_DEEP_RUN_FILTER
grid_n3_noise2.5_peak3.0_h45_w10_p50_x65,1790894040000,MAINTAIN,,LIGHT,SHORT_DEEP_RUN_FILTER
grid_n3_noise2.5_peak3.0_h45_w10_p50_x65,1790894100000,MAINTAIN,,LIGHT,SHORT_DEEP_RUN_FILTER
grid_n3_noise2.5_peak3.0_h45_w10_p50_x65,1790894160000,MAINTAIN,,LIGHT,SHORT_DEEP_RUN_FILTER
grid_n3_noise2.5_peak3.0_h45_w10_p50_x65,1790894220000,MAINTAIN,,LIGHT,SHORT_DEEP_RUN_FILTER
grid_n3_noise2.5_peak3.0_h45_w10_p50_x65,1790894280000,MAINTAIN,,LIGHT,SHORT_DEEP_RUN_FILTER
grid_n3_noise2.5_peak3.0_h45_w10_p50_x65,1790894340000,MAINTAIN,,LIGHT,SHORT_DEEP_RUN_FILTER
grid_n3_noise2.5_peak3.0_h45_w10_p50_x65,1790894400000,MAINTAIN,,LIGHT,SHORT_DEEP_RUN_FILTER
grid_n3_noise2.5_peak3.0_h45_w10_p50_x65,1790894460000,EXIT,exit_sustained_rolling_motion,LIGHT,
grid_n3_noise2.5_peak3.0_h45_w10_p65_x70,1790882400000,ENTER,enter_stable_window,DEEP,
grid_n3_noise2.5_peak3.0_h45_w10_p65_x70,1790884680000,EXIT,exit_sustained_rolling_motion,LIGHT,
grid_n3_noise2.5_peak3.0_h45_w10_p65_x70,1790885160000,ENTER,enter_stable_window,LIGHT,SHORT_DEEP_RUN_FILTER
grid_n3_noise2.5_peak3.0_h45_w10_p65_x70,1790885220000,MAINTAIN,,LIGHT,SHORT_DEEP_RUN_FILTER
grid_n3_noise2.5_peak3.0_h45_w10_p65_x70,1790885280000,MAINTAIN,,LIGHT,SHORT_DEEP_RUN_FILTER
grid_n3_noise2.5_peak3.0_h45_w10_p65_x70,1790885340000,MAINTAIN,,LIGHT,SHORT_DEEP_RUN_FILTER
grid_n3_noise2.5_peak3.0_h45_w10_p65_x70,1790885400000,MAINTAIN,,LIGHT,SHORT_DEEP_RUN_FILTER
grid_n3_noise2.5_peak3.0_h45_w10_p65_x70,1790885460000,MAINTAIN,,LIGHT,SHORT_DEEP_RUN_FILTER
grid_n3_noise2.5_peak3.0_h45_w10_p65_x70,1790885520000,MAINTAIN,,LIGHT,SHORT_DEEP_RUN_FILTER
grid_n3_noise2.5_peak3.0_h45_w10_p65_x70,1790885580000,MAINTAIN,,LIGHT,SHORT_DEEP_RUN_FILTER
grid_n3_noise2.5_peak3.0_h45_w10_p65_x70,1790885640000,MAINTAIN,,LIGHT,SHORT_DEEP_RUN_FILTER
grid_n3_noise2.5_peak3.0_h45_w10_p65_x70,1790885700000,EXIT,exit_sustained_rolling_motion,LIGHT,
grid_n3_noise2.5_peak3.0_h45_w10_p65_x70,1790885820000,ENTER,enter_stable_window,LIGHT,SHORT_DEEP_RUN_FILTER
grid_n3_noise2.5_peak3.0_h45_w10_p65_x70,1790885880000,MAINTAIN,,LIGHT,SHORT_DEEP_RUN_FILTER
grid_n3_noise2.5_peak3.0_h45_w10_p65_x70,1790885940000,MAINTAIN,,LIGHT,SHORT_DEEP_RUN_FILTER
grid_n3_noise2.5_peak3.0_h45_w10_p65_x70,1790886000000,MAINTAIN,,LIGHT,SHORT_DEEP_RUN_FILTER
grid_n3_noise2.5_peak3.0_h45_w10_p65_x70,1790886060000,MAINTAIN,,LIGHT,SHORT_DEEP_RUN_FILTER
grid_n3_noise2.5_peak3.0_h45_w10_p65_x70,1790886120000,MAINTAIN,,LIGHT,SHORT_DEEP_RUN_FILTER
grid_n3_noise2.5_peak3.0_h45_w10_p65_x70,1790886180000,MAINTAIN,,LIGHT,SHORT_DEEP_RUN_FILTER
grid_n3_noise2.5_peak3.0_h45_w10_p65_x70,1790886240000,EXIT,exit_sustained_rolling_motion,LIGHT,
grid_n3_noise2.5_peak3.0_h45_w10_p65_x70,1790886300000,ENTER,enter_stable_window,DEEP,
grid_n3_noise2.5_peak3.0_h45_w10_p65_x70,1790890380000,EXIT,exit_sustained_rolling_motion,LIGHT,
grid_n3_noise2.5_peak3.0_h45_w10_p65_x70,1790890560000,ENTER,enter_stable_window,LIGHT,SHORT_DEEP_RUN_FILTER
grid_n3_noise2.5_peak3.0_h45_w10_p65_x70,1790890620000,MAINTAIN,,LIGHT,SHORT_DEEP_RUN_FILTER
grid_n3_noise2.5_peak3.0_h45_w10_p65_x70,1790890680000,MAINTAIN,,LIGHT,SHORT_DEEP_RUN_FILTER
grid_n3_noise2.5_peak3.0_h45_w10_p65_x70,1790890740000,MAINTAIN,,LIGHT,SHORT_DEEP_RUN_FILTER
grid_n3_noise2.5_peak3.0_h45_w10_p65_x70,1790890800000,MAINTAIN,,LIGHT,SHORT_DEEP_RUN_FILTER
grid_n3_noise2.5_peak3.0_h45_w10_p65_x70,1790890860000,MAINTAIN,,LIGHT,SHORT_DEEP_RUN_FILTER
grid_n3_noise2.5_peak3.0_h45_w10_p65_x70,1790890920000,EXIT,exit_sustained_rolling_motion,LIGHT,
grid_n3_noise2.5_peak3.0_h45_w10_p65_x70,1790890980000,ENTER,enter_stable_window,LIGHT,SHORT_DEEP_RUN_FILTER
grid_n3_noise2.5_peak3.0_h45_w10_p65_x70,1790891040000,MAINTAIN,,LIGHT,SHORT_DEEP_RUN_FILTER
grid_n3_noise2.5_peak3.0_h45_w10_p65_x70,1790891100000,MAINTAIN,,LIGHT,SHORT_DEEP_RUN_FILTER
grid_n3_noise2.5_peak3.0_h45_w10_p65_x70,1790891160000,MAINTAIN,,LIGHT,SHORT_DEEP_RUN_FILTER
grid_n3_noise2.5_peak3.0_h45_w10_p65_x70,1790891220000,MAINTAIN,,LIGHT,SHORT_DEEP_RUN_FILTER
grid_n3_noise2.5_peak3.0_h45_w10_p65_x70,1790891280000,MAINTAIN,,LIGHT,SHORT_DEEP_RUN_FILTER
grid_n3_noise2.5_peak3.0_h45_w10_p65_x70,1790891340000,MAINTAIN,,LIGHT,SHORT_DEEP_RUN_FILTER
grid_n3_noise2.5_peak3.0_h45_w10_p65_x70,1790891400000,EXIT,exit_sustained_rolling_motion,LIGHT,
grid_n3_noise2.5_peak3.0_h45_w10_p65_x70,1790892900000,ENTER,enter_stable_window,LIGHT,SHORT_DEEP_RUN_FILTER
grid_n3_noise2.5_peak3.0_h45_w10_p65_x70,1790892960000,MAINTAIN,,LIGHT,SHORT_DEEP_RUN_FILTER
grid_n3_noise2.5_peak3.0_h45_w10_p65_x70,1790893020000,MAINTAIN,,LIGHT,SHORT_DEEP_RUN_FILTER
grid_n3_noise2.5_peak3.0_h45_w10_p65_x70,1790893080000,MAINTAIN,,LIGHT,SHORT_DEEP_RUN_FILTER
grid_n3_noise2.5_peak3.0_h45_w10_p65_x70,1790893140000,MAINTAIN,,LIGHT,SHORT_DEEP_RUN_FILTER
grid_n3_noise2.5_peak3.0_h45_w10_p65_x70,1790893200000,MAINTAIN,,LIGHT,SHORT_DEEP_RUN_FILTER
grid_n3_noise2.5_peak3.0_h45_w10_p65_x70,1790893260000,MAINTAIN,,LIGHT,SHORT_DEEP_RUN_FILTER
grid_n3_noise2.5_peak3.0_h45_w10_p65_x70,1790893320000,MAINTAIN,,LIGHT,SHORT_DEEP_RUN_FILTER
grid_n3_noise2.5_peak3.0_h45_w10_p65_x70,1790893380000,MAINTAIN,,LIGHT,SHORT_DEEP_RUN_FILTER
grid_n3_noise2.5_peak3.0_h45_w10_p65_x70,1790893440000,EXIT,exit_sustained_rolling_motion,LIGHT,
grid_n3_noise2.5_peak3.0_h45_w10_p65_x70,1790893560000,ENTER,enter_stable_window,DEEP,
grid_n3_noise2.5_peak3.0_h45_w10_p65_x70,1790894460000,EXIT,exit_sustained_rolling_motion,LIGHT,
grid_n3_noise2.5_peak3.0_h45_w10_p65_x70,1790894580000,ENTER,enter_stable_window,LIGHT,SHORT_DEEP_RUN_FILTER
grid_n3_noise2.5_peak3.0_h45_w10_p65_x70,1790894640000,MAINTAIN,,LIGHT,SHORT_DEEP_RUN_FILTER
grid_n3_noise2.5_peak3.0_h45_w10_p65_x70,1790894700000,MAINTAIN,,LIGHT,SHORT_DEEP_RUN_FILTER
grid_n3_noise2.5_peak3.0_h45_w10_p65_x70,1790894760000,MAINTAIN,,LIGHT,SHORT_DEEP_RUN_FILTER
grid_n3_noise2.5_peak3.0_h45_w10_p65_x70,1790894820000,MAINTAIN,,LIGHT,SHORT_DEEP_RUN_FILTER
grid_n3_noise2.5_peak3.0_h45_w10_p65_x70,1790894880000,MAINTAIN,,LIGHT,SHORT_DEEP_RUN_FILTER
grid_n3_noise2.5_peak3.0_h45_w10_p65_x70,1790894940000,EXIT,exit_sustained_rolling_motion,LIGHT,
grid_n3_noise2.5_peak3.0_h45_w10_p65_x70,1790895480000,ENTER,enter_stable_window,DEEP,
grid_n3_noise2.5_peak3.0_h45_w10_p65_x70,1790896320000,EXIT,exit_missing_motion,LIGHT,
grid_n3_noise2.5_peak3.0_h45_w10_p65_x65,1790882400000,ENTER,enter_stable_window,DEEP,
grid_n3_noise2.5_peak3.0_h45_w10_p65_x65,1790884680000,EXIT,exit_sustained_rolling_motion,LIGHT,
grid_n3_noise2.5_peak3.0_h45_w10_p65_x65,1790885160000,ENTER,enter_stable_window,LIGHT,SHORT_DEEP_RUN_FILTER
grid_n3_noise2.5_peak3.0_h45_w10_p65_x65,1790885220000,MAINTAIN,,LIGHT,SHORT_DEEP_RUN_FILTER
grid_n3_noise2.5_peak3.0_h45_w10_p65_x65,1790885280000,MAINTAIN,,LIGHT,SHORT_DEEP_RUN_FILTER
grid_n3_noise2.5_peak3.0_h45_w10_p65_x65,1790885340000,MAINTAIN,,LIGHT,SHORT_DEEP_RUN_FILTER
grid_n3_noise2.5_peak3.0_h45_w10_p65_x65,1790885400000,MAINTAIN,,LIGHT,SHORT_DEEP_RUN_FILTER
grid_n3_noise2.5_peak3.0_h45_w10_p65_x65,1790885460000,MAINTAIN,,LIGHT,SHORT_DEEP_RUN_FILTER
grid_n3_noise2.5_peak3.0_h45_w10_p65_x65,1790885520000,MAINTAIN,,LIGHT,SHORT_DEEP_RUN_FILTER
grid_n3_noise2.5_peak3.0_h45_w10_p65_x65,1790885580000,EXIT,exit_sustained_rolling_motion,LIGHT,
grid_n3_noise2.5_peak3.0_h45_w10_p65_x65,1790885820000,ENTER,enter_stable_window,LIGHT,SHORT_DEEP_RUN_FILTER
grid_n3_noise2.5_peak3.0_h45_w10_p65_x65,1790885880000,MAINTAIN,,LIGHT,SHORT_DEEP_RUN_FILTER
grid_n3_noise2.5_peak3.0_h45_w10_p65_x65,1790885940000,MAINTAIN,,LIGHT,SHORT_DEEP_RUN_FILTER
grid_n3_noise2.5_peak3.0_h45_w10_p65_x65,1790886000000,MAINTAIN,,LIGHT,SHORT_DEEP_RUN_FILTER
grid_n3_noise2.5_peak3.0_h45_w10_p65_x65,1790886060000,MAINTAIN,,LIGHT,SHORT_DEEP_RUN_FILTER
grid_n3_noise2.5_peak3.0_h45_w10_p65_x65,1790886120000,MAINTAIN,,LIGHT,SHORT_DEEP_RUN_FILTER
grid_n3_noise2.5_peak3.0_h45_w10_p65_x65,1790886180000,MAINTAIN,,LIGHT,SHORT_DEEP_RUN_FILTER
grid_n3_noise2.5_peak3.0_h45_w10_p65_x65,1790886240000,EXIT,exit_sustained_rolling_motion,LIGHT,
grid_n3_noise2.5_peak3.0_h45_w10_p65_x65,1790886300000,ENTER,enter_stable_window,DEEP,
grid_n3_noise2.5_peak3.0_h45_w10_p65_x65,1790889900000,EXIT,exit_sustained_rolling_motion,LIGHT,
grid_n3_noise2.5_peak3.0_h45_w10_p65_x65,1790889960000,ENTER,enter_stable_window,LIGHT,SHORT_DEEP_RUN_FILTER
grid_n3_noise2.5_peak3.0_h45_w10_p65_x65,1790890020000,MAINTAIN,,LIGHT,SHORT_DEEP_RUN_FILTER
grid_n3_noise2.5_peak3.0_h45_w10_p65_x65,1790890080000,MAINTAIN,,LIGHT,SHORT_DEEP_RUN_FILTER
grid_n3_noise2.5_peak3.0_h45_w10_p65_x65,1790890140000,MAINTAIN,,LIGHT,SHORT_DEEP_RUN_FILTER
grid_n3_noise2.5_peak3.0_h45_w10_p65_x65,1790890200000,MAINTAIN,,LIGHT,SHORT_DEEP_RUN_FILTER
grid_n3_noise2.5_peak3.0_h45_w10_p65_x65,1790890260000,MAINTAIN,,LIGHT,SHORT_DEEP_RUN_FILTER
grid_n3_noise2.5_peak3.0_h45_w10_p65_x65,1790890320000,MAINTAIN,,LIGHT,SHORT_DEEP_RUN_FILTER
grid_n3_noise2.5_peak3.0_h45_w10_p65_x65,1790890380000,EXIT,exit_sustained_rolling_motion,LIGHT,
grid_n3_noise2.5_peak3.0_h45_w10_p65_x65,1790890560000,ENTER,enter_stable_window,LIGHT,SHORT_DEEP_RUN_FILTER
grid_n3_noise2.5_peak3.0_h45_w10_p65_x65,1790890620000,MAINTAIN,,LIGHT,SHORT_DEEP_RUN_FILTER
grid_n3_noise2.5_peak3.0_h45_w10_p65_x65,1790890680000,MAINTAIN,,LIGHT,SHORT_DEEP_RUN_FILTER
grid_n3_noise2.5_peak3.0_h45_w10_p65_x65,1790890740000,MAINTAIN,,LIGHT,SHORT_DEEP_RUN_FILTER
grid_n3_noise2.5_peak3.0_h45_w10_p65_x65,1790890800000,MAINTAIN,,LIGHT,SHORT_DEEP_RUN_FILTER
grid_n3_noise2.5_peak3.0_h45_w10_p65_x65,1790890860000,MAINTAIN,,LIGHT,SHORT_DEEP_RUN_FILTER
grid_n3_noise2.5_peak3.0_h45_w10_p65_x65,1790890920000,EXIT,exit_sustained_rolling_motion,LIGHT,
grid_n3_noise2.5_peak3.0_h45_w10_p65_x65,1790890980000,ENTER,enter_stable_window,LIGHT,SHORT_DEEP_RUN_FILTER
grid_n3_noise2.5_peak3.0_h45_w10_p65_x65,1790891040000,MAINTAIN,,LIGHT,SHORT_DEEP_RUN_FILTER
grid_n3_noise2.5_peak3.0_h45_w10_p65_x65,1790891100000,MAINTAIN,,LIGHT,SHORT_DEEP_RUN_FILTER
grid_n3_noise2.5_peak3.0_h45_w10_p65_x65,1790891160000,MAINTAIN,,LIGHT,SHORT_DEEP_RUN_FILTER
grid_n3_noise2.5_peak3.0_h45_w10_p65_x65,1790891220000,MAINTAIN,,LIGHT,SHORT_DEEP_RUN_FILTER
grid_n3_noise2.5_peak3.0_h45_w10_p65_x65,1790891280000,MAINTAIN,,LIGHT,SHORT_DEEP_RUN_FILTER
grid_n3_noise2.5_peak3.0_h45_w10_p65_x65,1790891340000,MAINTAIN,,LIGHT,SHORT_DEEP_RUN_FILTER
grid_n3_noise2.5_peak3.0_h45_w10_p65_x65,1790891400000,EXIT,exit_sustained_rolling_motion,LIGHT,
grid_n3_noise2.5_peak3.0_h45_w10_p65_x65,1790892900000,ENTER,enter_stable_window,LIGHT,SHORT_DEEP_RUN_FILTER
grid_n3_noise2.5_peak3.0_h45_w10_p65_x65,1790892960000,MAINTAIN,,LIGHT,SHORT_DEEP_RUN_FILTER
grid_n3_noise2.5_peak3.0_h45_w10_p65_x65,1790893020000,MAINTAIN,,LIGHT,SHORT_DEEP_RUN_FILTER
grid_n3_noise2.5_peak3.0_h45_w10_p65_x65,1790893080000,MAINTAIN,,LIGHT,SHORT_DEEP_RUN_FILTER
grid_n3_noise2.5_peak3.0_h45_w10_p65_x65,1790893140000,MAINTAIN,,LIGHT,SHORT_DEEP_RUN_FILTER
grid_n3_noise2.5_peak3.0_h45_w10_p65_x65,1790893200000,MAINTAIN,,LIGHT,SHORT_DEEP_RUN_FILTER
grid_n3_noise2.5_peak3.0_h45_w10_p65_x65,1790893260000,MAINTAIN,,LIGHT,SHORT_DEEP_RUN_FILTER
grid_n3_noise2.5_peak3.0_h45_w10_p65_x65,1790893320000,MAINTAIN,,LIGHT,SHORT_DEEP_RUN_FILTER
grid_n3_noise2.5_peak3.0_h45_w10_p65_x65,1790893380000,MAINTAIN,,LIGHT,SHORT_DEEP_RUN_FILTER
grid_n3_noise2.5_peak3.0_h45_w10_p65_x65,1790893440000,EXIT,exit_sustained_rolling_motion,LIGHT,
grid_n3_noise2.5_peak3.0_h45_w10_p65_x65,1790893560000,ENTER,enter_stable_window,DEEP,
grid_n3_noise2.5_peak3.0_h45_w10_p65_x65,1790894460000,EXIT,exit_sustained_rolling_motion,LIGHT,
grid_n3_noise2.5_peak3.0_h45_w10_p65_x65,1790894580000,ENTER,enter_stable_window,LIGHT,SHORT_DEEP_RUN_FILTER
grid_n3_noise2.5_peak3.0_h45_w10_p65_x65,1790894640000,MAINTAIN,,LIGHT,SHORT_DEEP_RUN_FILTER
grid_n3_noise2.5_peak3.0_h45_w10_p65_x65,1790894700000,MAINTAIN,,LIGHT,SHORT_DEEP_RUN_FILTER
grid_n3_noise2.5_peak3.0_h45_w10_p65_x65,1790894760000,MAINTAIN,,LIGHT,SHORT_DEEP_RUN_FILTER
grid_n3_noise2.5_peak3.0_h45_w10_p65_x65,1790894820000,MAINTAIN,,LIGHT,SHORT_DEEP_RUN_FILTER
grid_n3_noise2.5_peak3.0_h45_w10_p65_x65,1790894880000,MAINTAIN,,LIGHT,SHORT_DEEP_RUN_FILTER
grid_n3_noise2.5_peak3.0_h45_w10_p65_x65,1790894940000,EXIT,exit_sustained_rolling_motion,LIGHT,
grid_n3_noise2.5_peak3.0_h45_w10_p65_x65,1790895480000,ENTER,enter_stable_window,DEEP,
grid_n3_noise2.5_peak3.0_h45_w10_p65_x65,1790896320000,EXIT,exit_missing_motion,LIGHT,
grid_n3_noise2.5_peak3.0_h60_w15_p50_x70,1790882700000,ENTER,enter_stable_window,DEEP,
grid_n3_noise2.5_peak3.0_h60_w15_p50_x70,1790884680000,EXIT,exit_sustained_rolling_motion,LIGHT,
grid_n3_noise2.5_peak3.0_h60_w15_p50_x70,1790886480000,ENTER,enter_stable_window,DEEP,
grid_n3_noise2.5_peak3.0_h60_w15_p50_x70,1790890380000,EXIT,exit_sustained_rolling_motion,LIGHT,
grid_n3_noise2.5_peak3.0_h60_w15_p50_x70,1790890620000,ENTER,enter_stable_window,LIGHT,SHORT_DEEP_RUN_FILTER
grid_n3_noise2.5_peak3.0_h60_w15_p50_x70,1790890680000,MAINTAIN,,LIGHT,SHORT_DEEP_RUN_FILTER
grid_n3_noise2.5_peak3.0_h60_w15_p50_x70,1790890740000,MAINTAIN,,LIGHT,SHORT_DEEP_RUN_FILTER
grid_n3_noise2.5_peak3.0_h60_w15_p50_x70,1790890800000,MAINTAIN,,LIGHT,SHORT_DEEP_RUN_FILTER
grid_n3_noise2.5_peak3.0_h60_w15_p50_x70,1790890860000,MAINTAIN,,LIGHT,SHORT_DEEP_RUN_FILTER
grid_n3_noise2.5_peak3.0_h60_w15_p50_x70,1790890920000,EXIT,exit_sustained_rolling_motion,LIGHT,
grid_n3_noise2.5_peak3.0_h60_w15_p50_x70,1790891040000,ENTER,enter_stable_window,LIGHT,SHORT_DEEP_RUN_FILTER
grid_n3_noise2.5_peak3.0_h60_w15_p50_x70,1790891100000,MAINTAIN,,LIGHT,SHORT_DEEP_RUN_FILTER
grid_n3_noise2.5_peak3.0_h60_w15_p50_x70,1790891160000,MAINTAIN,,LIGHT,SHORT_DEEP_RUN_FILTER
grid_n3_noise2.5_peak3.0_h60_w15_p50_x70,1790891220000,MAINTAIN,,LIGHT,SHORT_DEEP_RUN_FILTER
grid_n3_noise2.5_peak3.0_h60_w15_p50_x70,1790891280000,MAINTAIN,,LIGHT,SHORT_DEEP_RUN_FILTER
grid_n3_noise2.5_peak3.0_h60_w15_p50_x70,1790891340000,MAINTAIN,,LIGHT,SHORT_DEEP_RUN_FILTER
grid_n3_noise2.5_peak3.0_h60_w15_p50_x70,1790891400000,EXIT,exit_sustained_rolling_motion,LIGHT,
grid_n3_noise2.5_peak3.0_h60_w15_p50_x70,1790893560000,ENTER,enter_stable_window,DEEP,
grid_n3_noise2.5_peak3.0_h60_w15_p50_x70,1790894460000,EXIT,exit_sustained_rolling_motion,LIGHT,
grid_n3_noise2.5_peak3.0_h60_w15_p50_x65,1790882700000,ENTER,enter_stable_window,DEEP,
grid_n3_noise2.5_peak3.0_h60_w15_p50_x65,1790884680000,EXIT,exit_sustained_rolling_motion,LIGHT,
grid_n3_noise2.5_peak3.0_h60_w15_p50_x65,1790886480000,ENTER,enter_stable_window,DEEP,
grid_n3_noise2.5_peak3.0_h60_w15_p50_x65,1790889900000,EXIT,exit_sustained_rolling_motion,LIGHT,
grid_n3_noise2.5_peak3.0_h60_w15_p50_x65,1790889960000,ENTER,enter_stable_window,LIGHT,SHORT_DEEP_RUN_FILTER
grid_n3_noise2.5_peak3.0_h60_w15_p50_x65,1790890020000,MAINTAIN,,LIGHT,SHORT_DEEP_RUN_FILTER
grid_n3_noise2.5_peak3.0_h60_w15_p50_x65,1790890080000,MAINTAIN,,LIGHT,SHORT_DEEP_RUN_FILTER
grid_n3_noise2.5_peak3.0_h60_w15_p50_x65,1790890140000,MAINTAIN,,LIGHT,SHORT_DEEP_RUN_FILTER
grid_n3_noise2.5_peak3.0_h60_w15_p50_x65,1790890200000,MAINTAIN,,LIGHT,SHORT_DEEP_RUN_FILTER
grid_n3_noise2.5_peak3.0_h60_w15_p50_x65,1790890260000,MAINTAIN,,LIGHT,SHORT_DEEP_RUN_FILTER
grid_n3_noise2.5_peak3.0_h60_w15_p50_x65,1790890320000,MAINTAIN,,LIGHT,SHORT_DEEP_RUN_FILTER
grid_n3_noise2.5_peak3.0_h60_w15_p50_x65,1790890380000,EXIT,exit_sustained_rolling_motion,LIGHT,
grid_n3_noise2.5_peak3.0_h60_w15_p50_x65,1790890620000,ENTER,enter_stable_window,LIGHT,SHORT_DEEP_RUN_FILTER
grid_n3_noise2.5_peak3.0_h60_w15_p50_x65,1790890680000,MAINTAIN,,LIGHT,SHORT_DEEP_RUN_FILTER
grid_n3_noise2.5_peak3.0_h60_w15_p50_x65,1790890740000,MAINTAIN,,LIGHT,SHORT_DEEP_RUN_FILTER
grid_n3_noise2.5_peak3.0_h60_w15_p50_x65,1790890800000,MAINTAIN,,LIGHT,SHORT_DEEP_RUN_FILTER
grid_n3_noise2.5_peak3.0_h60_w15_p50_x65,1790890860000,MAINTAIN,,LIGHT,SHORT_DEEP_RUN_FILTER
grid_n3_noise2.5_peak3.0_h60_w15_p50_x65,1790890920000,EXIT,exit_sustained_rolling_motion,LIGHT,
grid_n3_noise2.5_peak3.0_h60_w15_p50_x65,1790891040000,ENTER,enter_stable_window,LIGHT,SHORT_DEEP_RUN_FILTER
grid_n3_noise2.5_peak3.0_h60_w15_p50_x65,1790891100000,MAINTAIN,,LIGHT,SHORT_DEEP_RUN_FILTER
grid_n3_noise2.5_peak3.0_h60_w15_p50_x65,1790891160000,MAINTAIN,,LIGHT,SHORT_DEEP_RUN_FILTER
grid_n3_noise2.5_peak3.0_h60_w15_p50_x65,1790891220000,MAINTAIN,,LIGHT,SHORT_DEEP_RUN_FILTER
grid_n3_noise2.5_peak3.0_h60_w15_p50_x65,1790891280000,MAINTAIN,,LIGHT,SHORT_DEEP_RUN_FILTER
grid_n3_noise2.5_peak3.0_h60_w15_p50_x65,1790891340000,MAINTAIN,,LIGHT,SHORT_DEEP_RUN_FILTER
grid_n3_noise2.5_peak3.0_h60_w15_p50_x65,1790891400000,EXIT,exit_sustained_rolling_motion,LIGHT,
grid_n3_noise2.5_peak3.0_h60_w15_p50_x65,1790893560000,ENTER,enter_stable_window,DEEP,
grid_n3_noise2.5_peak3.0_h60_w15_p50_x65,1790894460000,EXIT,exit_sustained_rolling_motion,LIGHT,
grid_n3_noise2.5_peak3.0_h60_w15_p65_x70,1790882700000,ENTER,enter_stable_window,DEEP,
grid_n3_noise2.5_peak3.0_h60_w15_p65_x70,1790884680000,EXIT,exit_sustained_rolling_motion,LIGHT,
grid_n3_noise2.5_peak3.0_h60_w15_p65_x70,1790885820000,ENTER,enter_stable_window,LIGHT,SHORT_DEEP_RUN_FILTER
grid_n3_noise2.5_peak3.0_h60_w15_p65_x70,1790885880000,MAINTAIN,,LIGHT,SHORT_DEEP_RUN_FILTER
grid_n3_noise2.5_peak3.0_h60_w15_p65_x70,1790885940000,MAINTAIN,,LIGHT,SHORT_DEEP_RUN_FILTER
grid_n3_noise2.5_peak3.0_h60_w15_p65_x70,1790886000000,MAINTAIN,,LIGHT,SHORT_DEEP_RUN_FILTER
grid_n3_noise2.5_peak3.0_h60_w15_p65_x70,1790886060000,MAINTAIN,,LIGHT,SHORT_DEEP_RUN_FILTER
grid_n3_noise2.5_peak3.0_h60_w15_p65_x70,1790886120000,MAINTAIN,,LIGHT,SHORT_DEEP_RUN_FILTER
grid_n3_noise2.5_peak3.0_h60_w15_p65_x70,1790886180000,MAINTAIN,,LIGHT,SHORT_DEEP_RUN_FILTER
grid_n3_noise2.5_peak3.0_h60_w15_p65_x70,1790886240000,EXIT,exit_sustained_rolling_motion,LIGHT,
grid_n3_noise2.5_peak3.0_h60_w15_p65_x70,1790886300000,ENTER,enter_stable_window,DEEP,
grid_n3_noise2.5_peak3.0_h60_w15_p65_x70,1790890380000,EXIT,exit_sustained_rolling_motion,LIGHT,
grid_n3_noise2.5_peak3.0_h60_w15_p65_x70,1790890620000,ENTER,enter_stable_window,LIGHT,SHORT_DEEP_RUN_FILTER
grid_n3_noise2.5_peak3.0_h60_w15_p65_x70,1790890680000,MAINTAIN,,LIGHT,SHORT_DEEP_RUN_FILTER
grid_n3_noise2.5_peak3.0_h60_w15_p65_x70,1790890740000,MAINTAIN,,LIGHT,SHORT_DEEP_RUN_FILTER
grid_n3_noise2.5_peak3.0_h60_w15_p65_x70,1790890800000,MAINTAIN,,LIGHT,SHORT_DEEP_RUN_FILTER
grid_n3_noise2.5_peak3.0_h60_w15_p65_x70,1790890860000,MAINTAIN,,LIGHT,SHORT_DEEP_RUN_FILTER
grid_n3_noise2.5_peak3.0_h60_w15_p65_x70,1790890920000,EXIT,exit_sustained_rolling_motion,LIGHT,
grid_n3_noise2.5_peak3.0_h60_w15_p65_x70,1790891040000,ENTER,enter_stable_window,LIGHT,SHORT_DEEP_RUN_FILTER
grid_n3_noise2.5_peak3.0_h60_w15_p65_x70,1790891100000,MAINTAIN,,LIGHT,SHORT_DEEP_RUN_FILTER
grid_n3_noise2.5_peak3.0_h60_w15_p65_x70,1790891160000,MAINTAIN,,LIGHT,SHORT_DEEP_RUN_FILTER
grid_n3_noise2.5_peak3.0_h60_w15_p65_x70,1790891220000,MAINTAIN,,LIGHT,SHORT_DEEP_RUN_FILTER
grid_n3_noise2.5_peak3.0_h60_w15_p65_x70,1790891280000,MAINTAIN,,LIGHT,SHORT_DEEP_RUN_FILTER
grid_n3_noise2.5_peak3.0_h60_w15_p65_x70,1790891340000,MAINTAIN,,LIGHT,SHORT_DEEP_RUN_FILTER
grid_n3_noise2.5_peak3.0_h60_w15_p65_x70,1790891400000,EXIT,exit_sustained_rolling_motion,LIGHT,
grid_n3_noise2.5_peak3.0_h60_w15_p65_x70,1790893080000,ENTER,enter_stable_window,LIGHT,SHORT_DEEP_RUN_FILTER
grid_n3_noise2.5_peak3.0_h60_w15_p65_x70,1790893140000,MAINTAIN,,LIGHT,SHORT_DEEP_RUN_FILTER
grid_n3_noise2.5_peak3.0_h60_w15_p65_x70,1790893200000,MAINTAIN,,LIGHT,SHORT_DEEP_RUN_FILTER
grid_n3_noise2.5_peak3.0_h60_w15_p65_x70,1790893260000,MAINTAIN,,LIGHT,SHORT_DEEP_RUN_FILTER
grid_n3_noise2.5_peak3.0_h60_w15_p65_x70,1790893320000,MAINTAIN,,LIGHT,SHORT_DEEP_RUN_FILTER
grid_n3_noise2.5_peak3.0_h60_w15_p65_x70,1790893380000,MAINTAIN,,LIGHT,SHORT_DEEP_RUN_FILTER
grid_n3_noise2.5_peak3.0_h60_w15_p65_x70,1790893440000,EXIT,exit_sustained_rolling_motion,LIGHT,
grid_n3_noise2.5_peak3.0_h60_w15_p65_x70,1790893560000,ENTER,enter_stable_window,DEEP,
grid_n3_noise2.5_peak3.0_h60_w15_p65_x70,1790894460000,EXIT,exit_sustained_rolling_motion,LIGHT,
grid_n3_noise2.5_peak3.0_h60_w15_p65_x70,1790894580000,ENTER,enter_stable_window,LIGHT,SHORT_DEEP_RUN_FILTER
grid_n3_noise2.5_peak3.0_h60_w15_p65_x70,1790894640000,MAINTAIN,,LIGHT,SHORT_DEEP_RUN_FILTER
grid_n3_noise2.5_peak3.0_h60_w15_p65_x70,1790894700000,MAINTAIN,,LIGHT,SHORT_DEEP_RUN_FILTER
grid_n3_noise2.5_peak3.0_h60_w15_p65_x70,1790894760000,MAINTAIN,,LIGHT,SHORT_DEEP_RUN_FILTER
grid_n3_noise2.5_peak3.0_h60_w15_p65_x70,1790894820000,MAINTAIN,,LIGHT,SHORT_DEEP_RUN_FILTER
grid_n3_noise2.5_peak3.0_h60_w15_p65_x70,1790894880000,MAINTAIN,,LIGHT,SHORT_DEEP_RUN_FILTER
grid_n3_noise2.5_peak3.0_h60_w15_p65_x70,1790894940000,EXIT,exit_sustained_rolling_motion,LIGHT,
grid_n3_noise2.5_peak3.0_h60_w15_p65_x70,1790895240000,ENTER,enter_stable_window,DEEP,
grid_n3_noise2.5_peak3.0_h60_w15_p65_x70,1790896320000,EXIT,exit_missing_motion,LIGHT,
grid_n3_noise2.5_peak3.0_h60_w15_p65_x65,1790882700000,ENTER,enter_stable_window,DEEP,
grid_n3_noise2.5_peak3.0_h60_w15_p65_x65,1790884680000,EXIT,exit_sustained_rolling_motion,LIGHT,
grid_n3_noise2.5_peak3.0_h60_w15_p65_x65,1790885820000,ENTER,enter_stable_window,LIGHT,SHORT_DEEP_RUN_FILTER
grid_n3_noise2.5_peak3.0_h60_w15_p65_x65,1790885880000,MAINTAIN,,LIGHT,SHORT_DEEP_RUN_FILTER
grid_n3_noise2.5_peak3.0_h60_w15_p65_x65,1790885940000,MAINTAIN,,LIGHT,SHORT_DEEP_RUN_FILTER
grid_n3_noise2.5_peak3.0_h60_w15_p65_x65,1790886000000,MAINTAIN,,LIGHT,SHORT_DEEP_RUN_FILTER
grid_n3_noise2.5_peak3.0_h60_w15_p65_x65,1790886060000,MAINTAIN,,LIGHT,SHORT_DEEP_RUN_FILTER
grid_n3_noise2.5_peak3.0_h60_w15_p65_x65,1790886120000,MAINTAIN,,LIGHT,SHORT_DEEP_RUN_FILTER
grid_n3_noise2.5_peak3.0_h60_w15_p65_x65,1790886180000,MAINTAIN,,LIGHT,SHORT_DEEP_RUN_FILTER
grid_n3_noise2.5_peak3.0_h60_w15_p65_x65,1790886240000,EXIT,exit_sustained_rolling_motion,LIGHT,
grid_n3_noise2.5_peak3.0_h60_w15_p65_x65,1790886300000,ENTER,enter_stable_window,DEEP,
grid_n3_noise2.5_peak3.0_h60_w15_p65_x65,1790889900000,EXIT,exit_sustained_rolling_motion,LIGHT,
grid_n3_noise2.5_peak3.0_h60_w15_p65_x65,1790889960000,ENTER,enter_stable_window,LIGHT,SHORT_DEEP_RUN_FILTER
grid_n3_noise2.5_peak3.0_h60_w15_p65_x65,1790890020000,MAINTAIN,,LIGHT,SHORT_DEEP_RUN_FILTER
grid_n3_noise2.5_peak3.0_h60_w15_p65_x65,1790890080000,MAINTAIN,,LIGHT,SHORT_DEEP_RUN_FILTER
grid_n3_noise2.5_peak3.0_h60_w15_p65_x65,1790890140000,MAINTAIN,,LIGHT,SHORT_DEEP_RUN_FILTER
grid_n3_noise2.5_peak3.0_h60_w15_p65_x65,1790890200000,MAINTAIN,,LIGHT,SHORT_DEEP_RUN_FILTER
grid_n3_noise2.5_peak3.0_h60_w15_p65_x65,1790890260000,MAINTAIN,,LIGHT,SHORT_DEEP_RUN_FILTER
grid_n3_noise2.5_peak3.0_h60_w15_p65_x65,1790890320000,MAINTAIN,,LIGHT,SHORT_DEEP_RUN_FILTER
grid_n3_noise2.5_peak3.0_h60_w15_p65_x65,1790890380000,EXIT,exit_sustained_rolling_motion,LIGHT,
grid_n3_noise2.5_peak3.0_h60_w15_p65_x65,1790890620000,ENTER,enter_stable_window,LIGHT,SHORT_DEEP_RUN_FILTER
grid_n3_noise2.5_peak3.0_h60_w15_p65_x65,1790890680000,MAINTAIN,,LIGHT,SHORT_DEEP_RUN_FILTER
grid_n3_noise2.5_peak3.0_h60_w15_p65_x65,1790890740000,MAINTAIN,,LIGHT,SHORT_DEEP_RUN_FILTER
grid_n3_noise2.5_peak3.0_h60_w15_p65_x65,1790890800000,MAINTAIN,,LIGHT,SHORT_DEEP_RUN_FILTER
grid_n3_noise2.5_peak3.0_h60_w15_p65_x65,1790890860000,MAINTAIN,,LIGHT,SHORT_DEEP_RUN_FILTER
grid_n3_noise2.5_peak3.0_h60_w15_p65_x65,1790890920000,EXIT,exit_sustained_rolling_motion,LIGHT,
grid_n3_noise2.5_peak3.0_h60_w15_p65_x65,1790891040000,ENTER,enter_stable_window,LIGHT,SHORT_DEEP_RUN_FILTER
grid_n3_noise2.5_peak3.0_h60_w15_p65_x65,1790891100000,MAINTAIN,,LIGHT,SHORT_DEEP_RUN_FILTER
grid_n3_noise2.5_peak3.0_h60_w15_p65_x65,1790891160000,MAINTAIN,,LIGHT,SHORT_DEEP_RUN_FILTER
grid_n3_noise2.5_peak3.0_h60_w15_p65_x65,1790891220000,MAINTAIN,,LIGHT,SHORT_DEEP_RUN_FILTER
grid_n3_noise2.5_peak3.0_h60_w15_p65_x65,1790891280000,MAINTAIN,,LIGHT,SHORT_DEEP_RUN_FILTER
grid_n3_noise2.5_peak3.0_h60_w15_p65_x65,1790891340000,MAINTAIN,,LIGHT,SHORT_DEEP_RUN_FILTER
grid_n3_noise2.5_peak3.0_h60_w15_p65_x65,1790891400000,EXIT,exit_sustained_rolling_motion,LIGHT,
grid_n3_noise2.5_peak3.0_h60_w15_p65_x65,1790893080000,ENTER,enter_stable_window,LIGHT,SHORT_DEEP_RUN_FILTER
grid_n3_noise2.5_peak3.0_h60_w15_p65_x65,1790893140000,MAINTAIN,,LIGHT,SHORT_DEEP_RUN_FILTER
grid_n3_noise2.5_peak3.0_h60_w15_p65_x65,1790893200000,MAINTAIN,,LIGHT,SHORT_DEEP_RUN_FILTER
grid_n3_noise2.5_peak3.0_h60_w15_p65_x65,1790893260000,MAINTAIN,,LIGHT,SHORT_DEEP_RUN_FILTER
grid_n3_noise2.5_peak3.0_h60_w15_p65_x65,1790893320000,MAINTAIN,,LIGHT,SHORT_DEEP_RUN_FILTER
grid_n3_noise2.5_peak3.0_h60_w15_p65_x65,1790893380000,MAINTAIN,,LIGHT,SHORT_DEEP_RUN_FILTER
grid_n3_noise2.5_peak3.0_h60_w15_p65_x65,1790893440000,EXIT,exit_sustained_rolling_motion,LIGHT,
grid_n3_noise2.5_peak3.0_h60_w15_p65_x65,1790893560000,ENTER,enter_stable_window,DEEP,
grid_n3_noise2.5_peak3.0_h60_w15_p65_x65,1790894460000,EXIT,exit_sustained_rolling_motion,LIGHT,
grid_n3_noise2.5_peak3.0_h60_w15_p65_x65,1790894580000,ENTER,enter_stable_window,LIGHT,SHORT_DEEP_RUN_FILTER
grid_n3_noise2.5_peak3.0_h60_w15_p65_x65,1790894640000,MAINTAIN,,LIGHT,SHORT_DEEP_RUN_FILTER
grid_n3_noise2.5_peak3.0_h60_w15_p65_x65,1790894700000,MAINTAIN,,LIGHT,SHORT_DEEP_RUN_FILTER
grid_n3_noise2.5_peak3.0_h60_w15_p65_x65,1790894760000,MAINTAIN,,LIGHT,SHORT_DEEP_RUN_FILTER
grid_n3_noise2.5_peak3.0_h60_w15_p65_x65,1790894820000,MAINTAIN,,LIGHT,SHORT_DEEP_RUN_FILTER
grid_n3_noise2.5_peak3.0_h60_w15_p65_x65,1790894880000,MAINTAIN,,LIGHT,SHORT_DEEP_RUN_FILTER
grid_n3_noise2.5_peak3.0_h60_w15_p65_x65,1790894940000,EXIT,exit_sustained_rolling_motion,LIGHT,
grid_n3_noise2.5_peak3.0_h60_w15_p65_x65,1790895240000,ENTER,enter_stable_window,DEEP,
grid_n3_noise2.5_peak3.0_h60_w15_p65_x65,1790896320000,EXIT,exit_missing_motion,LIGHT,
grid_n3_noise2.5_peak3.0_h60_w10_p50_x70,1790882580000,ENTER,enter_stable_window,DEEP,
grid_n3_noise2.5_peak3.0_h60_w10_p50_x70,1790884680000,EXIT,exit_sustained_rolling_motion,LIGHT,
grid_n3_noise2.5_peak3.0_h60_w10_p50_x70,1790886600000,ENTER,enter_stable_window,DEEP,
grid_n3_noise2.5_peak3.0_h60_w10_p50_x70,1790890380000,EXIT,exit_sustained_rolling_motion,LIGHT,
grid_n3_noise2.5_peak3.0_h60_w10_p50_x70,1790890980000,ENTER,enter_stable_window,LIGHT,SHORT_DEEP_RUN_FILTER
grid_n3_noise2.5_peak3.0_h60_w10_p50_x70,1790891040000,MAINTAIN,,LIGHT,SHORT_DEEP_RUN_FILTER
grid_n3_noise2.5_peak3.0_h60_w10_p50_x70,1790891100000,MAINTAIN,,LIGHT,SHORT_DEEP_RUN_FILTER
grid_n3_noise2.5_peak3.0_h60_w10_p50_x70,1790891160000,MAINTAIN,,LIGHT,SHORT_DEEP_RUN_FILTER
grid_n3_noise2.5_peak3.0_h60_w10_p50_x70,1790891220000,MAINTAIN,,LIGHT,SHORT_DEEP_RUN_FILTER
grid_n3_noise2.5_peak3.0_h60_w10_p50_x70,1790891280000,MAINTAIN,,LIGHT,SHORT_DEEP_RUN_FILTER
grid_n3_noise2.5_peak3.0_h60_w10_p50_x70,1790891340000,MAINTAIN,,LIGHT,SHORT_DEEP_RUN_FILTER
grid_n3_noise2.5_peak3.0_h60_w10_p50_x70,1790891400000,EXIT,exit_sustained_rolling_motion,LIGHT,
grid_n3_noise2.5_peak3.0_h60_w10_p50_x70,1790892960000,ENTER,enter_stable_window,LIGHT,SHORT_DEEP_RUN_FILTER
grid_n3_noise2.5_peak3.0_h60_w10_p50_x70,1790893020000,MAINTAIN,,LIGHT,SHORT_DEEP_RUN_FILTER
grid_n3_noise2.5_peak3.0_h60_w10_p50_x70,1790893080000,MAINTAIN,,LIGHT,SHORT_DEEP_RUN_FILTER
grid_n3_noise2.5_peak3.0_h60_w10_p50_x70,1790893140000,MAINTAIN,,LIGHT,SHORT_DEEP_RUN_FILTER
grid_n3_noise2.5_peak3.0_h60_w10_p50_x70,1790893200000,MAINTAIN,,LIGHT,SHORT_DEEP_RUN_FILTER
grid_n3_noise2.5_peak3.0_h60_w10_p50_x70,1790893260000,MAINTAIN,,LIGHT,SHORT_DEEP_RUN_FILTER
grid_n3_noise2.5_peak3.0_h60_w10_p50_x70,1790893320000,MAINTAIN,,LIGHT,SHORT_DEEP_RUN_FILTER
grid_n3_noise2.5_peak3.0_h60_w10_p50_x70,1790893380000,MAINTAIN,,LIGHT,SHORT_DEEP_RUN_FILTER
grid_n3_noise2.5_peak3.0_h60_w10_p50_x70,1790893440000,EXIT,exit_sustained_rolling_motion,LIGHT,
grid_n3_noise2.5_peak3.0_h60_w10_p50_x70,1790893980000,ENTER,enter_stable_window,LIGHT,SHORT_DEEP_RUN_FILTER
grid_n3_noise2.5_peak3.0_h60_w10_p50_x70,1790894040000,MAINTAIN,,LIGHT,SHORT_DEEP_RUN_FILTER
grid_n3_noise2.5_peak3.0_h60_w10_p50_x70,1790894100000,MAINTAIN,,LIGHT,SHORT_DEEP_RUN_FILTER
grid_n3_noise2.5_peak3.0_h60_w10_p50_x70,1790894160000,MAINTAIN,,LIGHT,SHORT_DEEP_RUN_FILTER
grid_n3_noise2.5_peak3.0_h60_w10_p50_x70,1790894220000,MAINTAIN,,LIGHT,SHORT_DEEP_RUN_FILTER
grid_n3_noise2.5_peak3.0_h60_w10_p50_x70,1790894280000,MAINTAIN,,LIGHT,SHORT_DEEP_RUN_FILTER
grid_n3_noise2.5_peak3.0_h60_w10_p50_x70,1790894340000,MAINTAIN,,LIGHT,SHORT_DEEP_RUN_FILTER
grid_n3_noise2.5_peak3.0_h60_w10_p50_x70,1790894400000,MAINTAIN,,LIGHT,SHORT_DEEP_RUN_FILTER
grid_n3_noise2.5_peak3.0_h60_w10_p50_x70,1790894460000,EXIT,exit_sustained_rolling_motion,LIGHT,
grid_n3_noise2.5_peak3.0_h60_w10_p50_x65,1790882580000,ENTER,enter_stable_window,DEEP,
grid_n3_noise2.5_peak3.0_h60_w10_p50_x65,1790884680000,EXIT,exit_sustained_rolling_motion,LIGHT,
grid_n3_noise2.5_peak3.0_h60_w10_p50_x65,1790886600000,ENTER,enter_stable_window,DEEP,
grid_n3_noise2.5_peak3.0_h60_w10_p50_x65,1790889900000,EXIT,exit_sustained_rolling_motion,LIGHT,
grid_n3_noise2.5_peak3.0_h60_w10_p50_x65,1790890980000,ENTER,enter_stable_window,LIGHT,SHORT_DEEP_RUN_FILTER
grid_n3_noise2.5_peak3.0_h60_w10_p50_x65,1790891040000,MAINTAIN,,LIGHT,SHORT_DEEP_RUN_FILTER
grid_n3_noise2.5_peak3.0_h60_w10_p50_x65,1790891100000,MAINTAIN,,LIGHT,SHORT_DEEP_RUN_FILTER
grid_n3_noise2.5_peak3.0_h60_w10_p50_x65,1790891160000,MAINTAIN,,LIGHT,SHORT_DEEP_RUN_FILTER
grid_n3_noise2.5_peak3.0_h60_w10_p50_x65,1790891220000,MAINTAIN,,LIGHT,SHORT_DEEP_RUN_FILTER
grid_n3_noise2.5_peak3.0_h60_w10_p50_x65,1790891280000,MAINTAIN,,LIGHT,SHORT_DEEP_RUN_FILTER
grid_n3_noise2.5_peak3.0_h60_w10_p50_x65,1790891340000,MAINTAIN,,LIGHT,SHORT_DEEP_RUN_FILTER
grid_n3_noise2.5_peak3.0_h60_w10_p50_x65,1790891400000,EXIT,exit_sustained_rolling_motion,LIGHT,
grid_n3_noise2.5_peak3.0_h60_w10_p50_x65,1790892960000,ENTER,enter_stable_window,LIGHT,SHORT_DEEP_RUN_FILTER
grid_n3_noise2.5_peak3.0_h60_w10_p50_x65,1790893020000,MAINTAIN,,LIGHT,SHORT_DEEP_RUN_FILTER
grid_n3_noise2.5_peak3.0_h60_w10_p50_x65,1790893080000,MAINTAIN,,LIGHT,SHORT_DEEP_RUN_FILTER
grid_n3_noise2.5_peak3.0_h60_w10_p50_x65,1790893140000,MAINTAIN,,LIGHT,SHORT_DEEP_RUN_FILTER
grid_n3_noise2.5_peak3.0_h60_w10_p50_x65,1790893200000,MAINTAIN,,LIGHT,SHORT_DEEP_RUN_FILTER
grid_n3_noise2.5_peak3.0_h60_w10_p50_x65,1790893260000,MAINTAIN,,LIGHT,SHORT_DEEP_RUN_FILTER
grid_n3_noise2.5_peak3.0_h60_w10_p50_x65,1790893320000,MAINTAIN,,LIGHT,SHORT_DEEP_RUN_FILTER
grid_n3_noise2.5_peak3.0_h60_w10_p50_x65,1790893380000,MAINTAIN,,LIGHT,SHORT_DEEP_RUN_FILTER
grid_n3_noise2.5_peak3.0_h60_w10_p50_x65,1790893440000,EXIT,exit_sustained_rolling_motion,LIGHT,
grid_n3_noise2.5_peak3.0_h60_w10_p50_x65,1790893980000,ENTER,enter_stable_window,LIGHT,SHORT_DEEP_RUN_FILTER
grid_n3_noise2.5_peak3.0_h60_w10_p50_x65,1790894040000,MAINTAIN,,LIGHT,SHORT_DEEP_RUN_FILTER
grid_n3_noise2.5_peak3.0_h60_w10_p50_x65,1790894100000,MAINTAIN,,LIGHT,SHORT_DEEP_RUN_FILTER
grid_n3_noise2.5_peak3.0_h60_w10_p50_x65,1790894160000,MAINTAIN,,LIGHT,SHORT_DEEP_RUN_FILTER
grid_n3_noise2.5_peak3.0_h60_w10_p50_x65,1790894220000,MAINTAIN,,LIGHT,SHORT_DEEP_RUN_FILTER
grid_n3_noise2.5_peak3.0_h60_w10_p50_x65,1790894280000,MAINTAIN,,LIGHT,SHORT_DEEP_RUN_FILTER
grid_n3_noise2.5_peak3.0_h60_w10_p50_x65,1790894340000,MAINTAIN,,LIGHT,SHORT_DEEP_RUN_FILTER
grid_n3_noise2.5_peak3.0_h60_w10_p50_x65,1790894400000,MAINTAIN,,LIGHT,SHORT_DEEP_RUN_FILTER
grid_n3_noise2.5_peak3.0_h60_w10_p50_x65,1790894460000,EXIT,exit_sustained_rolling_motion,LIGHT,
grid_n3_noise2.5_peak3.0_h60_w10_p65_x70,1790882400000,ENTER,enter_stable_window,DEEP,
grid_n3_noise2.5_peak3.0_h60_w10_p65_x70,1790884680000,EXIT,exit_sustained_rolling_motion,LIGHT,
grid_n3_noise2.5_peak3.0_h60_w10_p65_x70,1790885160000,ENTER,enter_stable_window,LIGHT,SHORT_DEEP_RUN_FILTER
grid_n3_noise2.5_peak3.0_h60_w10_p65_x70,1790885220000,MAINTAIN,,LIGHT,SHORT_DEEP_RUN_FILTER
grid_n3_noise2.5_peak3.0_h60_w10_p65_x70,1790885280000,MAINTAIN,,LIGHT,SHORT_DEEP_RUN_FILTER
grid_n3_noise2.5_peak3.0_h60_w10_p65_x70,1790885340000,MAINTAIN,,LIGHT,SHORT_DEEP_RUN_FILTER
grid_n3_noise2.5_peak3.0_h60_w10_p65_x70,1790885400000,MAINTAIN,,LIGHT,SHORT_DEEP_RUN_FILTER
grid_n3_noise2.5_peak3.0_h60_w10_p65_x70,1790885460000,MAINTAIN,,LIGHT,SHORT_DEEP_RUN_FILTER
grid_n3_noise2.5_peak3.0_h60_w10_p65_x70,1790885520000,MAINTAIN,,LIGHT,SHORT_DEEP_RUN_FILTER
grid_n3_noise2.5_peak3.0_h60_w10_p65_x70,1790885580000,MAINTAIN,,LIGHT,SHORT_DEEP_RUN_FILTER
grid_n3_noise2.5_peak3.0_h60_w10_p65_x70,1790885640000,MAINTAIN,,LIGHT,SHORT_DEEP_RUN_FILTER
grid_n3_noise2.5_peak3.0_h60_w10_p65_x70,1790885700000,EXIT,exit_sustained_rolling_motion,LIGHT,
grid_n3_noise2.5_peak3.0_h60_w10_p65_x70,1790885820000,ENTER,enter_stable_window,LIGHT,SHORT_DEEP_RUN_FILTER
grid_n3_noise2.5_peak3.0_h60_w10_p65_x70,1790885880000,MAINTAIN,,LIGHT,SHORT_DEEP_RUN_FILTER
grid_n3_noise2.5_peak3.0_h60_w10_p65_x70,1790885940000,MAINTAIN,,LIGHT,SHORT_DEEP_RUN_FILTER
grid_n3_noise2.5_peak3.0_h60_w10_p65_x70,1790886000000,MAINTAIN,,LIGHT,SHORT_DEEP_RUN_FILTER
grid_n3_noise2.5_peak3.0_h60_w10_p65_x70,1790886060000,MAINTAIN,,LIGHT,SHORT_DEEP_RUN_FILTER
grid_n3_noise2.5_peak3.0_h60_w10_p65_x70,1790886120000,MAINTAIN,,LIGHT,SHORT_DEEP_RUN_FILTER
grid_n3_noise2.5_peak3.0_h60_w10_p65_x70,1790886180000,MAINTAIN,,LIGHT,SHORT_DEEP_RUN_FILTER
grid_n3_noise2.5_peak3.0_h60_w10_p65_x70,1790886240000,EXIT,exit_sustained_rolling_motion,LIGHT,
grid_n3_noise2.5_peak3.0_h60_w10_p65_x70,1790886300000,ENTER,enter_stable_window,DEEP,
grid_n3_noise2.5_peak3.0_h60_w10_p65_x70,1790890380000,EXIT,exit_sustained_rolling_motion,LIGHT,
grid_n3_noise2.5_peak3.0_h60_w10_p65_x70,1790890560000,ENTER,enter_stable_window,LIGHT,SHORT_DEEP_RUN_FILTER
grid_n3_noise2.5_peak3.0_h60_w10_p65_x70,1790890620000,MAINTAIN,,LIGHT,SHORT_DEEP_RUN_FILTER
grid_n3_noise2.5_peak3.0_h60_w10_p65_x70,1790890680000,MAINTAIN,,LIGHT,SHORT_DEEP_RUN_FILTER
grid_n3_noise2.5_peak3.0_h60_w10_p65_x70,1790890740000,MAINTAIN,,LIGHT,SHORT_DEEP_RUN_FILTER
grid_n3_noise2.5_peak3.0_h60_w10_p65_x70,1790890800000,MAINTAIN,,LIGHT,SHORT_DEEP_RUN_FILTER
grid_n3_noise2.5_peak3.0_h60_w10_p65_x70,1790890860000,MAINTAIN,,LIGHT,SHORT_DEEP_RUN_FILTER
grid_n3_noise2.5_peak3.0_h60_w10_p65_x70,1790890920000,EXIT,exit_sustained_rolling_motion,LIGHT,
grid_n3_noise2.5_peak3.0_h60_w10_p65_x70,1790890980000,ENTER,enter_stable_window,LIGHT,SHORT_DEEP_RUN_FILTER
grid_n3_noise2.5_peak3.0_h60_w10_p65_x70,1790891040000,MAINTAIN,,LIGHT,SHORT_DEEP_RUN_FILTER
grid_n3_noise2.5_peak3.0_h60_w10_p65_x70,1790891100000,MAINTAIN,,LIGHT,SHORT_DEEP_RUN_FILTER
grid_n3_noise2.5_peak3.0_h60_w10_p65_x70,1790891160000,MAINTAIN,,LIGHT,SHORT_DEEP_RUN_FILTER
grid_n3_noise2.5_peak3.0_h60_w10_p65_x70,1790891220000,MAINTAIN,,LIGHT,SHORT_DEEP_RUN_FILTER
grid_n3_noise2.5_peak3.0_h60_w10_p65_x70,1790891280000,MAINTAIN,,LIGHT,SHORT_DEEP_RUN_FILTER
grid_n3_noise2.5_peak3.0_h60_w10_p65_x70,1790891340000,MAINTAIN,,LIGHT,SHORT_DEEP_RUN_FILTER
grid_n3_noise2.5_peak3.0_h60_w10_p65_x70,1790891400000,EXIT,exit_sustained_rolling_motion,LIGHT,
grid_n3_noise2.5_peak3.0_h60_w10_p65_x70,1790892900000,ENTER,enter_stable_window,LIGHT,SHORT_DEEP_RUN_FILTER
grid_n3_noise2.5_peak3.0_h60_w10_p65_x70,1790892960000,MAINTAIN,,LIGHT,SHORT_DEEP_RUN_FILTER
grid_n3_noise2.5_peak3.0_h60_w10_p65_x70,1790893020000,MAINTAIN,,LIGHT,SHORT_DEEP_RUN_FILTER
grid_n3_noise2.5_peak3.0_h60_w10_p65_x70,1790893080000,MAINTAIN,,LIGHT,SHORT_DEEP_RUN_FILTER
grid_n3_noise2.5_peak3.0_h60_w10_p65_x70,1790893140000,MAINTAIN,,LIGHT,SHORT_DEEP_RUN_FILTER
grid_n3_noise2.5_peak3.0_h60_w10_p65_x70,1790893200000,MAINTAIN,,LIGHT,SHORT_DEEP_RUN_FILTER
grid_n3_noise2.5_peak3.0_h60_w10_p65_x70,1790893260000,MAINTAIN,,LIGHT,SHORT_DEEP_RUN_FILTER
grid_n3_noise2.5_peak3.0_h60_w10_p65_x70,1790893320000,MAINTAIN,,LIGHT,SHORT_DEEP_RUN_FILTER
grid_n3_noise2.5_peak3.0_h60_w10_p65_x70,1790893380000,MAINTAIN,,LIGHT,SHORT_DEEP_RUN_FILTER
grid_n3_noise2.5_peak3.0_h60_w10_p65_x70,1790893440000,EXIT,exit_sustained_rolling_motion,LIGHT,
grid_n3_noise2.5_peak3.0_h60_w10_p65_x70,1790893560000,ENTER,enter_stable_window,DEEP,
grid_n3_noise2.5_peak3.0_h60_w10_p65_x70,1790894460000,EXIT,exit_sustained_rolling_motion,LIGHT,
grid_n3_noise2.5_peak3.0_h60_w10_p65_x70,1790894580000,ENTER,enter_stable_window,LIGHT,SHORT_DEEP_RUN_FILTER
grid_n3_noise2.5_peak3.0_h60_w10_p65_x70,1790894640000,MAINTAIN,,LIGHT,SHORT_DEEP_RUN_FILTER
grid_n3_noise2.5_peak3.0_h60_w10_p65_x70,1790894700000,MAINTAIN,,LIGHT,SHORT_DEEP_RUN_FILTER
grid_n3_noise2.5_peak3.0_h60_w10_p65_x70,1790894760000,MAINTAIN,,LIGHT,SHORT_DEEP_RUN_FILTER
grid_n3_noise2.5_peak3.0_h60_w10_p65_x70,1790894820000,MAINTAIN,,LIGHT,SHORT_DEEP_RUN_FILTER
grid_n3_noise2.5_peak3.0_h60_w10_p65_x70,1790894880000,MAINTAIN,,LIGHT,SHORT_DEEP_RUN_FILTER
grid_n3_noise2.5_peak3.0_h60_w10_p65_x70,1790894940000,EXIT,exit_sustained_rolling_motion,LIGHT,
grid_n3_noise2.5_peak3.0_h60_w10_p65_x70,1790895480000,ENTER,enter_stable_window,DEEP,
grid_n3_noise2.5_peak3.0_h60_w10_p65_x70,1790896320000,EXIT,exit_missing_motion,LIGHT,
grid_n3_noise2.5_peak3.0_h60_w10_p65_x65,1790882400000,ENTER,enter_stable_window,DEEP,
grid_n3_noise2.5_peak3.0_h60_w10_p65_x65,1790884680000,EXIT,exit_sustained_rolling_motion,LIGHT,
grid_n3_noise2.5_peak3.0_h60_w10_p65_x65,1790885160000,ENTER,enter_stable_window,LIGHT,SHORT_DEEP_RUN_FILTER
grid_n3_noise2.5_peak3.0_h60_w10_p65_x65,1790885220000,MAINTAIN,,LIGHT,SHORT_DEEP_RUN_FILTER
grid_n3_noise2.5_peak3.0_h60_w10_p65_x65,1790885280000,MAINTAIN,,LIGHT,SHORT_DEEP_RUN_FILTER
grid_n3_noise2.5_peak3.0_h60_w10_p65_x65,1790885340000,MAINTAIN,,LIGHT,SHORT_DEEP_RUN_FILTER
grid_n3_noise2.5_peak3.0_h60_w10_p65_x65,1790885400000,MAINTAIN,,LIGHT,SHORT_DEEP_RUN_FILTER
grid_n3_noise2.5_peak3.0_h60_w10_p65_x65,1790885460000,MAINTAIN,,LIGHT,SHORT_DEEP_RUN_FILTER
grid_n3_noise2.5_peak3.0_h60_w10_p65_x65,1790885520000,MAINTAIN,,LIGHT,SHORT_DEEP_RUN_FILTER
grid_n3_noise2.5_peak3.0_h60_w10_p65_x65,1790885580000,EXIT,exit_sustained_rolling_motion,LIGHT,
grid_n3_noise2.5_peak3.0_h60_w10_p65_x65,1790885820000,ENTER,enter_stable_window,LIGHT,SHORT_DEEP_RUN_FILTER
grid_n3_noise2.5_peak3.0_h60_w10_p65_x65,1790885880000,MAINTAIN,,LIGHT,SHORT_DEEP_RUN_FILTER
grid_n3_noise2.5_peak3.0_h60_w10_p65_x65,1790885940000,MAINTAIN,,LIGHT,SHORT_DEEP_RUN_FILTER
grid_n3_noise2.5_peak3.0_h60_w10_p65_x65,1790886000000,MAINTAIN,,LIGHT,SHORT_DEEP_RUN_FILTER
grid_n3_noise2.5_peak3.0_h60_w10_p65_x65,1790886060000,MAINTAIN,,LIGHT,SHORT_DEEP_RUN_FILTER
grid_n3_noise2.5_peak3.0_h60_w10_p65_x65,1790886120000,MAINTAIN,,LIGHT,SHORT_DEEP_RUN_FILTER
grid_n3_noise2.5_peak3.0_h60_w10_p65_x65,1790886180000,MAINTAIN,,LIGHT,SHORT_DEEP_RUN_FILTER
grid_n3_noise2.5_peak3.0_h60_w10_p65_x65,1790886240000,EXIT,exit_sustained_rolling_motion,LIGHT,
grid_n3_noise2.5_peak3.0_h60_w10_p65_x65,1790886300000,ENTER,enter_stable_window,DEEP,
grid_n3_noise2.5_peak3.0_h60_w10_p65_x65,1790889900000,EXIT,exit_sustained_rolling_motion,LIGHT,
grid_n3_noise2.5_peak3.0_h60_w10_p65_x65,1790889960000,ENTER,enter_stable_window,LIGHT,SHORT_DEEP_RUN_FILTER
grid_n3_noise2.5_peak3.0_h60_w10_p65_x65,1790890020000,MAINTAIN,,LIGHT,SHORT_DEEP_RUN_FILTER
grid_n3_noise2.5_peak3.0_h60_w10_p65_x65,1790890080000,MAINTAIN,,LIGHT,SHORT_DEEP_RUN_FILTER
grid_n3_noise2.5_peak3.0_h60_w10_p65_x65,1790890140000,MAINTAIN,,LIGHT,SHORT_DEEP_RUN_FILTER
grid_n3_noise2.5_peak3.0_h60_w10_p65_x65,1790890200000,MAINTAIN,,LIGHT,SHORT_DEEP_RUN_FILTER
grid_n3_noise2.5_peak3.0_h60_w10_p65_x65,1790890260000,MAINTAIN,,LIGHT,SHORT_DEEP_RUN_FILTER
grid_n3_noise2.5_peak3.0_h60_w10_p65_x65,1790890320000,MAINTAIN,,LIGHT,SHORT_DEEP_RUN_FILTER
grid_n3_noise2.5_peak3.0_h60_w10_p65_x65,1790890380000,EXIT,exit_sustained_rolling_motion,LIGHT,
grid_n3_noise2.5_peak3.0_h60_w10_p65_x65,1790890560000,ENTER,enter_stable_window,LIGHT,SHORT_DEEP_RUN_FILTER
grid_n3_noise2.5_peak3.0_h60_w10_p65_x65,1790890620000,MAINTAIN,,LIGHT,SHORT_DEEP_RUN_FILTER
grid_n3_noise2.5_peak3.0_h60_w10_p65_x65,1790890680000,MAINTAIN,,LIGHT,SHORT_DEEP_RUN_FILTER
grid_n3_noise2.5_peak3.0_h60_w10_p65_x65,1790890740000,MAINTAIN,,LIGHT,SHORT_DEEP_RUN_FILTER
grid_n3_noise2.5_peak3.0_h60_w10_p65_x65,1790890800000,MAINTAIN,,LIGHT,SHORT_DEEP_RUN_FILTER
grid_n3_noise2.5_peak3.0_h60_w10_p65_x65,1790890860000,MAINTAIN,,LIGHT,SHORT_DEEP_RUN_FILTER
grid_n3_noise2.5_peak3.0_h60_w10_p65_x65,1790890920000,EXIT,exit_sustained_rolling_motion,LIGHT,
grid_n3_noise2.5_peak3.0_h60_w10_p65_x65,1790890980000,ENTER,enter_stable_window,LIGHT,SHORT_DEEP_RUN_FILTER
grid_n3_noise2.5_peak3.0_h60_w10_p65_x65,1790891040000,MAINTAIN,,LIGHT,SHORT_DEEP_RUN_FILTER
grid_n3_noise2.5_peak3.0_h60_w10_p65_x65,1790891100000,MAINTAIN,,LIGHT,SHORT_DEEP_RUN_FILTER
grid_n3_noise2.5_peak3.0_h60_w10_p65_x65,1790891160000,MAINTAIN,,LIGHT,SHORT_DEEP_RUN_FILTER
grid_n3_noise2.5_peak3.0_h60_w10_p65_x65,1790891220000,MAINTAIN,,LIGHT,SHORT_DEEP_RUN_FILTER
grid_n3_noise2.5_peak3.0_h60_w10_p65_x65,1790891280000,MAINTAIN,,LIGHT,SHORT_DEEP_RUN_FILTER
grid_n3_noise2.5_peak3.0_h60_w10_p65_x65,1790891340000,MAINTAIN,,LIGHT,SHORT_DEEP_RUN_FILTER
grid_n3_noise2.5_peak3.0_h60_w10_p65_x65,1790891400000,EXIT,exit_sustained_rolling_motion,LIGHT,
grid_n3_noise2.5_peak3.0_h60_w10_p65_x65,1790892900000,ENTER,enter_stable_window,LIGHT,SHORT_DEEP_RUN_FILTER
grid_n3_noise2.5_peak3.0_h60_w10_p65_x65,1790892960000,MAINTAIN,,LIGHT,SHORT_DEEP_RUN_FILTER
grid_n3_noise2.5_peak3.0_h60_w10_p65_x65,1790893020000,MAINTAIN,,LIGHT,SHORT_DEEP_RUN_FILTER
grid_n3_noise2.5_peak3.0_h60_w10_p65_x65,1790893080000,MAINTAIN,,LIGHT,SHORT_DEEP_RUN_FILTER
grid_n3_noise2.5_peak3.0_h60_w10_p65_x65,1790893140000,MAINTAIN,,LIGHT,SHORT_DEEP_RUN_FILTER
grid_n3_noise2.5_peak3.0_h60_w10_p65_x65,1790893200000,MAINTAIN,,LIGHT,SHORT_DEEP_RUN_FILTER
grid_n3_noise2.5_peak3.0_h60_w10_p65_x65,1790893260000,MAINTAIN,,LIGHT,SHORT_DEEP_RUN_FILTER
grid_n3_noise2.5_peak3.0_h60_w10_p65_x65,1790893320000,MAINTAIN,,LIGHT,SHORT_DEEP_RUN_FILTER
grid_n3_noise2.5_peak3.0_h60_w10_p65_x65,1790893380000,MAINTAIN,,LIGHT,SHORT_DEEP_RUN_FILTER
grid_n3_noise2.5_peak3.0_h60_w10_p65_x65,1790893440000,EXIT,exit_sustained_rolling_motion,LIGHT,
grid_n3_noise2.5_peak3.0_h60_w10_p65_x65,1790893560000,ENTER,enter_stable_window,DEEP,
grid_n3_noise2.5_peak3.0_h60_w10_p65_x65,1790894460000,EXIT,exit_sustained_rolling_motion,LIGHT,
grid_n3_noise2.5_peak3.0_h60_w10_p65_x65,1790894580000,ENTER,enter_stable_window,LIGHT,SHORT_DEEP_RUN_FILTER
grid_n3_noise2.5_peak3.0_h60_w10_p65_x65,1790894640000,MAINTAIN,,LIGHT,SHORT_DEEP_RUN_FILTER
grid_n3_noise2.5_peak3.0_h60_w10_p65_x65,1790894700000,MAINTAIN,,LIGHT,SHORT_DEEP_RUN_FILTER
grid_n3_noise2.5_peak3.0_h60_w10_p65_x65,1790894760000,MAINTAIN,,LIGHT,SHORT_DEEP_RUN_FILTER
grid_n3_noise2.5_peak3.0_h60_w10_p65_x65,1790894820000,MAINTAIN,,LIGHT,SHORT_DEEP_RUN_FILTER
grid_n3_noise2.5_peak3.0_h60_w10_p65_x65,1790894880000,MAINTAIN,,LIGHT,SHORT_DEEP_RUN_FILTER
grid_n3_noise2.5_peak3.0_h60_w10_p65_x65,1790894940000,EXIT,exit_sustained_rolling_motion,LIGHT,
grid_n3_noise2.5_peak3.0_h60_w10_p65_x65,1790895480000,ENTER,enter_stable_window,DEEP,
grid_n3_noise2.5_peak3.0_h60_w10_p65_x65,1790896320000,EXIT,exit_missing_motion,LIGHT,
grid_n2_noise3.0_peak1.5_h45_w15_p50_x70,1790886480000,ENTER,enter_stable_window,DEEP,
grid_n2_noise3.0_peak1.5_h45_w15_p50_x70,1790888820000,EXIT,exit_coupling_lost,LIGHT,
grid_n2_noise3.0_peak1.5_h45_w15_p50_x70,1790896080000,ENTER,enter_stable_window,LIGHT,SHORT_DEEP_RUN_FILTER
grid_n2_noise3.0_peak1.5_h45_w15_p50_x70,1790896140000,MAINTAIN,,LIGHT,SHORT_DEEP_RUN_FILTER
grid_n2_noise3.0_peak1.5_h45_w15_p50_x70,1790896200000,MAINTAIN,,LIGHT,SHORT_DEEP_RUN_FILTER
grid_n2_noise3.0_peak1.5_h45_w15_p50_x70,1790896260000,MAINTAIN,,LIGHT,SHORT_DEEP_RUN_FILTER
grid_n2_noise3.0_peak1.5_h45_w15_p50_x70,1790896320000,EXIT,exit_missing_motion,LIGHT,
grid_n2_noise3.0_peak1.5_h45_w15_p50_x65,1790886480000,ENTER,enter_stable_window,DEEP,
grid_n2_noise3.0_peak1.5_h45_w15_p50_x65,1790888820000,EXIT,exit_coupling_lost,LIGHT,
grid_n2_noise3.0_peak1.5_h45_w15_p50_x65,1790896080000,ENTER,enter_stable_window,LIGHT,SHORT_DEEP_RUN_FILTER
grid_n2_noise3.0_peak1.5_h45_w15_p50_x65,1790896140000,MAINTAIN,,LIGHT,SHORT_DEEP_RUN_FILTER
grid_n2_noise3.0_peak1.5_h45_w15_p50_x65,1790896200000,MAINTAIN,,LIGHT,SHORT_DEEP_RUN_FILTER
grid_n2_noise3.0_peak1.5_h45_w15_p50_x65,1790896260000,MAINTAIN,,LIGHT,SHORT_DEEP_RUN_FILTER
grid_n2_noise3.0_peak1.5_h45_w15_p50_x65,1790896320000,EXIT,exit_missing_motion,LIGHT,
grid_n2_noise3.0_peak1.5_h45_w15_p65_x70,1790880180000,ENTER,enter_stable_window,DEEP,
grid_n2_noise3.0_peak1.5_h45_w15_p65_x70,1790881260000,EXIT,exit_sustained_rolling_motion,LIGHT,
grid_n2_noise3.0_peak1.5_h45_w15_p65_x70,1790881380000,ENTER,enter_stable_window,DEEP,
grid_n2_noise3.0_peak1.5_h45_w15_p65_x70,1790882100000,EXIT,exit_coupling_lost,LIGHT,
grid_n2_noise3.0_peak1.5_h45_w15_p65_x70,1790886480000,ENTER,enter_stable_window,DEEP,
grid_n2_noise3.0_peak1.5_h45_w15_p65_x70,1790888820000,EXIT,exit_coupling_lost,LIGHT,
grid_n2_noise3.0_peak1.5_h45_w15_p65_x70,1790895180000,ENTER,enter_stable_window,DEEP,
grid_n2_noise3.0_peak1.5_h45_w15_p65_x70,1790896320000,EXIT,exit_missing_motion,LIGHT,
grid_n2_noise3.0_peak1.5_h45_w15_p65_x65,1790880180000,ENTER,enter_stable_window,DEEP,
grid_n2_noise3.0_peak1.5_h45_w15_p65_x65,1790881260000,EXIT,exit_sustained_rolling_motion,LIGHT,
grid_n2_noise3.0_peak1.5_h45_w15_p65_x65,1790881380000,ENTER,enter_stable_window,LIGHT,SHORT_DEEP_RUN_FILTER
grid_n2_noise3.0_peak1.5_h45_w15_p65_x65,1790881440000,MAINTAIN,,LIGHT,SHORT_DEEP_RUN_FILTER
grid_n2_noise3.0_peak1.5_h45_w15_p65_x65,1790881500000,MAINTAIN,,LIGHT,SHORT_DEEP_RUN_FILTER
grid_n2_noise3.0_peak1.5_h45_w15_p65_x65,1790881560000,EXIT,exit_sustained_rolling_motion,LIGHT,
grid_n2_noise3.0_peak1.5_h45_w15_p65_x65,1790886480000,ENTER,enter_stable_window,DEEP,
grid_n2_noise3.0_peak1.5_h45_w15_p65_x65,1790888820000,EXIT,exit_coupling_lost,LIGHT,
grid_n2_noise3.0_peak1.5_h45_w15_p65_x65,1790895180000,ENTER,enter_stable_window,DEEP,
grid_n2_noise3.0_peak1.5_h45_w15_p65_x65,1790896320000,EXIT,exit_missing_motion,LIGHT,
grid_n2_noise3.0_peak1.5_h45_w10_p50_x70,1790886300000,ENTER,enter_stable_window,DEEP,
grid_n2_noise3.0_peak1.5_h45_w10_p50_x70,1790888820000,EXIT,exit_coupling_lost,LIGHT,
grid_n2_noise3.0_peak1.5_h45_w10_p50_x70,1790895960000,ENTER,enter_stable_window,LIGHT,SHORT_DEEP_RUN_FILTER
grid_n2_noise3.0_peak1.5_h45_w10_p50_x70,1790896020000,MAINTAIN,,LIGHT,SHORT_DEEP_RUN_FILTER
grid_n2_noise3.0_peak1.5_h45_w10_p50_x70,1790896080000,MAINTAIN,,LIGHT,SHORT_DEEP_RUN_FILTER
grid_n2_noise3.0_peak1.5_h45_w10_p50_x70,1790896140000,MAINTAIN,,LIGHT,SHORT_DEEP_RUN_FILTER
grid_n2_noise3.0_peak1.5_h45_w10_p50_x70,1790896200000,MAINTAIN,,LIGHT,SHORT_DEEP_RUN_FILTER
grid_n2_noise3.0_peak1.5_h45_w10_p50_x70,1790896260000,MAINTAIN,,LIGHT,SHORT_DEEP_RUN_FILTER
grid_n2_noise3.0_peak1.5_h45_w10_p50_x70,1790896320000,EXIT,exit_missing_motion,LIGHT,
grid_n2_noise3.0_peak1.5_h45_w10_p50_x65,1790886300000,ENTER,enter_stable_window,DEEP,
grid_n2_noise3.0_peak1.5_h45_w10_p50_x65,1790888820000,EXIT,exit_coupling_lost,LIGHT,
grid_n2_noise3.0_peak1.5_h45_w10_p50_x65,1790895960000,ENTER,enter_stable_window,LIGHT,SHORT_DEEP_RUN_FILTER
grid_n2_noise3.0_peak1.5_h45_w10_p50_x65,1790896020000,MAINTAIN,,LIGHT,SHORT_DEEP_RUN_FILTER
grid_n2_noise3.0_peak1.5_h45_w10_p50_x65,1790896080000,MAINTAIN,,LIGHT,SHORT_DEEP_RUN_FILTER
grid_n2_noise3.0_peak1.5_h45_w10_p50_x65,1790896140000,MAINTAIN,,LIGHT,SHORT_DEEP_RUN_FILTER
grid_n2_noise3.0_peak1.5_h45_w10_p50_x65,1790896200000,MAINTAIN,,LIGHT,SHORT_DEEP_RUN_FILTER
grid_n2_noise3.0_peak1.5_h45_w10_p50_x65,1790896260000,MAINTAIN,,LIGHT,SHORT_DEEP_RUN_FILTER
grid_n2_noise3.0_peak1.5_h45_w10_p50_x65,1790896320000,EXIT,exit_missing_motion,LIGHT,
grid_n2_noise3.0_peak1.5_h45_w10_p65_x70,1790880360000,ENTER,enter_stable_window,DEEP,
grid_n2_noise3.0_peak1.5_h45_w10_p65_x70,1790881260000,EXIT,exit_sustained_rolling_motion,LIGHT,
grid_n2_noise3.0_peak1.5_h45_w10_p65_x70,1790881800000,ENTER,enter_stable_window,LIGHT,SHORT_DEEP_RUN_FILTER
grid_n2_noise3.0_peak1.5_h45_w10_p65_x70,1790881860000,MAINTAIN,,LIGHT,SHORT_DEEP_RUN_FILTER
grid_n2_noise3.0_peak1.5_h45_w10_p65_x70,1790881920000,MAINTAIN,,LIGHT,SHORT_DEEP_RUN_FILTER
grid_n2_noise3.0_peak1.5_h45_w10_p65_x70,1790881980000,MAINTAIN,,LIGHT,SHORT_DEEP_RUN_FILTER
grid_n2_noise3.0_peak1.5_h45_w10_p65_x70,1790882040000,MAINTAIN,,LIGHT,SHORT_DEEP_RUN_FILTER
grid_n2_noise3.0_peak1.5_h45_w10_p65_x70,1790882100000,EXIT,exit_coupling_lost,LIGHT,
grid_n2_noise3.0_peak1.5_h45_w10_p65_x70,1790886300000,ENTER,enter_stable_window,DEEP,
grid_n2_noise3.0_peak1.5_h45_w10_p65_x70,1790888820000,EXIT,exit_coupling_lost,LIGHT,
grid_n2_noise3.0_peak1.5_h45_w10_p65_x70,1790895420000,ENTER,enter_stable_window,DEEP,
grid_n2_noise3.0_peak1.5_h45_w10_p65_x70,1790896320000,EXIT,exit_missing_motion,LIGHT,
grid_n2_noise3.0_peak1.5_h45_w10_p65_x65,1790880360000,ENTER,enter_stable_window,DEEP,
grid_n2_noise3.0_peak1.5_h45_w10_p65_x65,1790881260000,EXIT,exit_sustained_rolling_motion,LIGHT,
grid_n2_noise3.0_peak1.5_h45_w10_p65_x65,1790881800000,ENTER,enter_stable_window,LIGHT,SHORT_DEEP_RUN_FILTER
grid_n2_noise3.0_peak1.5_h45_w10_p65_x65,1790881860000,MAINTAIN,,LIGHT,SHORT_DEEP_RUN_FILTER
grid_n2_noise3.0_peak1.5_h45_w10_p65_x65,1790881920000,MAINTAIN,,LIGHT,SHORT_DEEP_RUN_FILTER
grid_n2_noise3.0_peak1.5_h45_w10_p65_x65,1790881980000,MAINTAIN,,LIGHT,SHORT_DEEP_RUN_FILTER
grid_n2_noise3.0_peak1.5_h45_w10_p65_x65,1790882040000,MAINTAIN,,LIGHT,SHORT_DEEP_RUN_FILTER
grid_n2_noise3.0_peak1.5_h45_w10_p65_x65,1790882100000,EXIT,exit_coupling_lost,LIGHT,
grid_n2_noise3.0_peak1.5_h45_w10_p65_x65,1790886300000,ENTER,enter_stable_window,DEEP,
grid_n2_noise3.0_peak1.5_h45_w10_p65_x65,1790888820000,EXIT,exit_coupling_lost,LIGHT,
grid_n2_noise3.0_peak1.5_h45_w10_p65_x65,1790895420000,ENTER,enter_stable_window,DEEP,
grid_n2_noise3.0_peak1.5_h45_w10_p65_x65,1790896320000,EXIT,exit_missing_motion,LIGHT,
grid_n2_noise3.0_peak1.5_h60_w15_p50_x70,1790882700000,ENTER,enter_stable_window,LIGHT,SHORT_DEEP_RUN_FILTER
grid_n2_noise3.0_peak1.5_h60_w15_p50_x70,1790882760000,MAINTAIN,,LIGHT,SHORT_DEEP_RUN_FILTER
grid_n2_noise3.0_peak1.5_h60_w15_p50_x70,1790882820000,MAINTAIN,,LIGHT,SHORT_DEEP_RUN_FILTER
grid_n2_noise3.0_peak1.5_h60_w15_p50_x70,1790882880000,MAINTAIN,,LIGHT,SHORT_DEEP_RUN_FILTER
grid_n2_noise3.0_peak1.5_h60_w15_p50_x70,1790882940000,MAINTAIN,,LIGHT,SHORT_DEEP_RUN_FILTER
grid_n2_noise3.0_peak1.5_h60_w15_p50_x70,1790883000000,EXIT,exit_coupling_lost,LIGHT,
grid_n2_noise3.0_peak1.5_h60_w15_p50_x70,1790886480000,ENTER,enter_stable_window,DEEP,
grid_n2_noise3.0_peak1.5_h60_w15_p50_x70,1790889840000,EXIT,exit_coupling_lost,LIGHT,
grid_n2_noise3.0_peak1.5_h60_w15_p50_x70,1790896080000,ENTER,enter_stable_window,LIGHT,SHORT_DEEP_RUN_FILTER
grid_n2_noise3.0_peak1.5_h60_w15_p50_x70,1790896140000,MAINTAIN,,LIGHT,SHORT_DEEP_RUN_FILTER
grid_n2_noise3.0_peak1.5_h60_w15_p50_x70,1790896200000,MAINTAIN,,LIGHT,SHORT_DEEP_RUN_FILTER
grid_n2_noise3.0_peak1.5_h60_w15_p50_x70,1790896260000,MAINTAIN,,LIGHT,SHORT_DEEP_RUN_FILTER
grid_n2_noise3.0_peak1.5_h60_w15_p50_x70,1790896320000,EXIT,exit_missing_motion,LIGHT,
grid_n2_noise3.0_peak1.5_h60_w15_p50_x65,1790882700000,ENTER,enter_stable_window,LIGHT,SHORT_DEEP_RUN_FILTER
grid_n2_noise3.0_peak1.5_h60_w15_p50_x65,1790882760000,MAINTAIN,,LIGHT,SHORT_DEEP_RUN_FILTER
grid_n2_noise3.0_peak1.5_h60_w15_p50_x65,1790882820000,MAINTAIN,,LIGHT,SHORT_DEEP_RUN_FILTER
grid_n2_noise3.0_peak1.5_h60_w15_p50_x65,1790882880000,MAINTAIN,,LIGHT,SHORT_DEEP_RUN_FILTER
grid_n2_noise3.0_peak1.5_h60_w15_p50_x65,1790882940000,MAINTAIN,,LIGHT,SHORT_DEEP_RUN_FILTER
grid_n2_noise3.0_peak1.5_h60_w15_p50_x65,1790883000000,EXIT,exit_coupling_lost,LIGHT,
grid_n2_noise3.0_peak1.5_h60_w15_p50_x65,1790886480000,ENTER,enter_stable_window,DEEP,
grid_n2_noise3.0_peak1.5_h60_w15_p50_x65,1790889840000,EXIT,exit_coupling_lost,LIGHT,
grid_n2_noise3.0_peak1.5_h60_w15_p50_x65,1790896080000,ENTER,enter_stable_window,LIGHT,SHORT_DEEP_RUN_FILTER
grid_n2_noise3.0_peak1.5_h60_w15_p50_x65,1790896140000,MAINTAIN,,LIGHT,SHORT_DEEP_RUN_FILTER
grid_n2_noise3.0_peak1.5_h60_w15_p50_x65,1790896200000,MAINTAIN,,LIGHT,SHORT_DEEP_RUN_FILTER
grid_n2_noise3.0_peak1.5_h60_w15_p50_x65,1790896260000,MAINTAIN,,LIGHT,SHORT_DEEP_RUN_FILTER
grid_n2_noise3.0_peak1.5_h60_w15_p50_x65,1790896320000,EXIT,exit_missing_motion,LIGHT,
grid_n2_noise3.0_peak1.5_h60_w15_p65_x70,1790880660000,ENTER,enter_stable_window,DEEP,
grid_n2_noise3.0_peak1.5_h60_w15_p65_x70,1790881260000,EXIT,exit_sustained_rolling_motion,LIGHT,
grid_n2_noise3.0_peak1.5_h60_w15_p65_x70,1790882100000,ENTER,enter_stable_window,DEEP,
grid_n2_noise3.0_peak1.5_h60_w15_p65_x70,1790883000000,EXIT,exit_coupling_lost,LIGHT,
grid_n2_noise3.0_peak1.5_h60_w15_p65_x70,1790886480000,ENTER,enter_stable_window,DEEP,
grid_n2_noise3.0_peak1.5_h60_w15_p65_x70,1790889840000,EXIT,exit_coupling_lost,LIGHT,
grid_n2_noise3.0_peak1.5_h60_w15_p65_x70,1790895180000,ENTER,enter_stable_window,DEEP,
grid_n2_noise3.0_peak1.5_h60_w15_p65_x70,1790896320000,EXIT,exit_missing_motion,LIGHT,
grid_n2_noise3.0_peak1.5_h60_w15_p65_x65,1790880660000,ENTER,enter_stable_window,DEEP,
grid_n2_noise3.0_peak1.5_h60_w15_p65_x65,1790881260000,EXIT,exit_sustained_rolling_motion,LIGHT,
grid_n2_noise3.0_peak1.5_h60_w15_p65_x65,1790882100000,ENTER,enter_stable_window,DEEP,
grid_n2_noise3.0_peak1.5_h60_w15_p65_x65,1790883000000,EXIT,exit_coupling_lost,LIGHT,
grid_n2_noise3.0_peak1.5_h60_w15_p65_x65,1790886480000,ENTER,enter_stable_window,DEEP,
grid_n2_noise3.0_peak1.5_h60_w15_p65_x65,1790889840000,EXIT,exit_coupling_lost,LIGHT,
grid_n2_noise3.0_peak1.5_h60_w15_p65_x65,1790895180000,ENTER,enter_stable_window,DEEP,
grid_n2_noise3.0_peak1.5_h60_w15_p65_x65,1790896320000,EXIT,exit_missing_motion,LIGHT,
grid_n2_noise3.0_peak1.5_h60_w10_p50_x70,1790882520000,ENTER,enter_stable_window,LIGHT,SHORT_DEEP_RUN_FILTER
grid_n2_noise3.0_peak1.5_h60_w10_p50_x70,1790882580000,MAINTAIN,,LIGHT,SHORT_DEEP_RUN_FILTER
grid_n2_noise3.0_peak1.5_h60_w10_p50_x70,1790882640000,MAINTAIN,,LIGHT,SHORT_DEEP_RUN_FILTER
grid_n2_noise3.0_peak1.5_h60_w10_p50_x70,1790882700000,MAINTAIN,,LIGHT,SHORT_DEEP_RUN_FILTER
grid_n2_noise3.0_peak1.5_h60_w10_p50_x70,1790882760000,MAINTAIN,,LIGHT,SHORT_DEEP_RUN_FILTER
grid_n2_noise3.0_peak1.5_h60_w10_p50_x70,1790882820000,MAINTAIN,,LIGHT,SHORT_DEEP_RUN_FILTER
grid_n2_noise3.0_peak1.5_h60_w10_p50_x70,1790882880000,MAINTAIN,,LIGHT,SHORT_DEEP_RUN_FILTER
grid_n2_noise3.0_peak1.5_h60_w10_p50_x70,1790882940000,MAINTAIN,,LIGHT,SHORT_DEEP_RUN_FILTER
grid_n2_noise3.0_peak1.5_h60_w10_p50_x70,1790883000000,EXIT,exit_coupling_lost,LIGHT,
grid_n2_noise3.0_peak1.5_h60_w10_p50_x70,1790886300000,ENTER,enter_stable_window,DEEP,
grid_n2_noise3.0_peak1.5_h60_w10_p50_x70,1790889840000,EXIT,exit_coupling_lost,LIGHT,
grid_n2_noise3.0_peak1.5_h60_w10_p50_x70,1790896140000,ENTER,enter_stable_window,LIGHT,SHORT_DEEP_RUN_FILTER
grid_n2_noise3.0_peak1.5_h60_w10_p50_x70,1790896200000,MAINTAIN,,LIGHT,SHORT_DEEP_RUN_FILTER
grid_n2_noise3.0_peak1.5_h60_w10_p50_x70,1790896260000,MAINTAIN,,LIGHT,SHORT_DEEP_RUN_FILTER
grid_n2_noise3.0_peak1.5_h60_w10_p50_x70,1790896320000,EXIT,exit_missing_motion,LIGHT,
grid_n2_noise3.0_peak1.5_h60_w10_p50_x65,1790882520000,ENTER,enter_stable_window,LIGHT,SHORT_DEEP_RUN_FILTER
grid_n2_noise3.0_peak1.5_h60_w10_p50_x65,1790882580000,MAINTAIN,,LIGHT,SHORT_DEEP_RUN_FILTER
grid_n2_noise3.0_peak1.5_h60_w10_p50_x65,1790882640000,MAINTAIN,,LIGHT,SHORT_DEEP_RUN_FILTER
grid_n2_noise3.0_peak1.5_h60_w10_p50_x65,1790882700000,MAINTAIN,,LIGHT,SHORT_DEEP_RUN_FILTER
grid_n2_noise3.0_peak1.5_h60_w10_p50_x65,1790882760000,MAINTAIN,,LIGHT,SHORT_DEEP_RUN_FILTER
grid_n2_noise3.0_peak1.5_h60_w10_p50_x65,1790882820000,MAINTAIN,,LIGHT,SHORT_DEEP_RUN_FILTER
grid_n2_noise3.0_peak1.5_h60_w10_p50_x65,1790882880000,MAINTAIN,,LIGHT,SHORT_DEEP_RUN_FILTER
grid_n2_noise3.0_peak1.5_h60_w10_p50_x65,1790882940000,MAINTAIN,,LIGHT,SHORT_DEEP_RUN_FILTER
grid_n2_noise3.0_peak1.5_h60_w10_p50_x65,1790883000000,EXIT,exit_coupling_lost,LIGHT,
grid_n2_noise3.0_peak1.5_h60_w10_p50_x65,1790886300000,ENTER,enter_stable_window,DEEP,
grid_n2_noise3.0_peak1.5_h60_w10_p50_x65,1790889840000,EXIT,exit_coupling_lost,LIGHT,
grid_n2_noise3.0_peak1.5_h60_w10_p50_x65,1790896140000,ENTER,enter_stable_window,LIGHT,SHORT_DEEP_RUN_FILTER
grid_n2_noise3.0_peak1.5_h60_w10_p50_x65,1790896200000,MAINTAIN,,LIGHT,SHORT_DEEP_RUN_FILTER
grid_n2_noise3.0_peak1.5_h60_w10_p50_x65,1790896260000,MAINTAIN,,LIGHT,SHORT_DEEP_RUN_FILTER
grid_n2_noise3.0_peak1.5_h60_w10_p50_x65,1790896320000,EXIT,exit_missing_motion,LIGHT,
grid_n2_noise3.0_peak1.5_h60_w10_p65_x70,1790880420000,ENTER,enter_stable_window,DEEP,
grid_n2_noise3.0_peak1.5_h60_w10_p65_x70,1790881260000,EXIT,exit_sustained_rolling_motion,LIGHT,
grid_n2_noise3.0_peak1.5_h60_w10_p65_x70,1790882040000,ENTER,enter_stable_window,DEEP,
grid_n2_noise3.0_peak1.5_h60_w10_p65_x70,1790883000000,EXIT,exit_coupling_lost,LIGHT,
grid_n2_noise3.0_peak1.5_h60_w10_p65_x70,1790886300000,ENTER,enter_stable_window,DEEP,
grid_n2_noise3.0_peak1.5_h60_w10_p65_x70,1790889840000,EXIT,exit_coupling_lost,LIGHT,
grid_n2_noise3.0_peak1.5_h60_w10_p65_x70,1790895420000,ENTER,enter_stable_window,DEEP,
grid_n2_noise3.0_peak1.5_h60_w10_p65_x70,1790896320000,EXIT,exit_missing_motion,LIGHT,
grid_n2_noise3.0_peak1.5_h60_w10_p65_x65,1790880420000,ENTER,enter_stable_window,DEEP,
grid_n2_noise3.0_peak1.5_h60_w10_p65_x65,1790881260000,EXIT,exit_sustained_rolling_motion,LIGHT,
grid_n2_noise3.0_peak1.5_h60_w10_p65_x65,1790882040000,ENTER,enter_stable_window,DEEP,
grid_n2_noise3.0_peak1.5_h60_w10_p65_x65,1790883000000,EXIT,exit_coupling_lost,LIGHT,
grid_n2_noise3.0_peak1.5_h60_w10_p65_x65,1790886300000,ENTER,enter_stable_window,DEEP,
grid_n2_noise3.0_peak1.5_h60_w10_p65_x65,1790889840000,EXIT,exit_coupling_lost,LIGHT,
grid_n2_noise3.0_peak1.5_h60_w10_p65_x65,1790895420000,ENTER,enter_stable_window,DEEP,
grid_n2_noise3.0_peak1.5_h60_w10_p65_x65,1790896320000,EXIT,exit_missing_motion,LIGHT,
grid_n2_noise3.0_peak3.0_h45_w15_p50_x70,1790885820000,ENTER,enter_stable_window,LIGHT,SHORT_DEEP_RUN_FILTER
grid_n2_noise3.0_peak3.0_h45_w15_p50_x70,1790885880000,MAINTAIN,,LIGHT,SHORT_DEEP_RUN_FILTER
grid_n2_noise3.0_peak3.0_h45_w15_p50_x70,1790885940000,MAINTAIN,,LIGHT,SHORT_DEEP_RUN_FILTER
grid_n2_noise3.0_peak3.0_h45_w15_p50_x70,1790886000000,MAINTAIN,,LIGHT,SHORT_DEEP_RUN_FILTER
grid_n2_noise3.0_peak3.0_h45_w15_p50_x70,1790886060000,MAINTAIN,,LIGHT,SHORT_DEEP_RUN_FILTER
grid_n2_noise3.0_peak3.0_h45_w15_p50_x70,1790886120000,MAINTAIN,,LIGHT,SHORT_DEEP_RUN_FILTER
grid_n2_noise3.0_peak3.0_h45_w15_p50_x70,1790886180000,MAINTAIN,,LIGHT,SHORT_DEEP_RUN_FILTER
grid_n2_noise3.0_peak3.0_h45_w15_p50_x70,1790886240000,EXIT,exit_sustained_rolling_motion,LIGHT,
grid_n2_noise3.0_peak3.0_h45_w15_p50_x70,1790886420000,ENTER,enter_stable_window,DEEP,
grid_n2_noise3.0_peak3.0_h45_w15_p50_x70,1790890380000,EXIT,exit_sustained_rolling_motion,LIGHT,
grid_n2_noise3.0_peak3.0_h45_w15_p50_x70,1790890620000,ENTER,enter_stable_window,DEEP,
grid_n2_noise3.0_peak3.0_h45_w15_p50_x70,1790891460000,EXIT,exit_sustained_rolling_motion,LIGHT,
grid_n2_noise3.0_peak3.0_h45_w15_p50_x70,1790893080000,ENTER,enter_stable_window,LIGHT,SHORT_DEEP_RUN_FILTER
grid_n2_noise3.0_peak3.0_h45_w15_p50_x70,1790893140000,MAINTAIN,,LIGHT,SHORT_DEEP_RUN_FILTER
grid_n2_noise3.0_peak3.0_h45_w15_p50_x70,1790893200000,MAINTAIN,,LIGHT,SHORT_DEEP_RUN_FILTER
grid_n2_noise3.0_peak3.0_h45_w15_p50_x70,1790893260000,MAINTAIN,,LIGHT,SHORT_DEEP_RUN_FILTER
grid_n2_noise3.0_peak3.0_h45_w15_p50_x70,1790893320000,MAINTAIN,,LIGHT,SHORT_DEEP_RUN_FILTER
grid_n2_noise3.0_peak3.0_h45_w15_p50_x70,1790893380000,MAINTAIN,,LIGHT,SHORT_DEEP_RUN_FILTER
grid_n2_noise3.0_peak3.0_h45_w15_p50_x70,1790893440000,EXIT,exit_sustained_rolling_motion,LIGHT,
grid_n2_noise3.0_peak3.0_h45_w15_p50_x70,1790893560000,ENTER,enter_stable_window,DEEP,
grid_n2_noise3.0_peak3.0_h45_w15_p50_x70,1790894460000,EXIT,exit_sustained_rolling_motion,LIGHT,
grid_n2_noise3.0_peak3.0_h45_w15_p50_x70,1790894580000,ENTER,enter_stable_window,LIGHT,SHORT_DEEP_RUN_FILTER
grid_n2_noise3.0_peak3.0_h45_w15_p50_x70,1790894640000,MAINTAIN,,LIGHT,SHORT_DEEP_RUN_FILTER
grid_n2_noise3.0_peak3.0_h45_w15_p50_x70,1790894700000,MAINTAIN,,LIGHT,SHORT_DEEP_RUN_FILTER
grid_n2_noise3.0_peak3.0_h45_w15_p50_x70,1790894760000,MAINTAIN,,LIGHT,SHORT_DEEP_RUN_FILTER
grid_n2_noise3.0_peak3.0_h45_w15_p50_x70,1790894820000,MAINTAIN,,LIGHT,SHORT_DEEP_RUN_FILTER
grid_n2_noise3.0_peak3.0_h45_w15_p50_x70,1790894880000,MAINTAIN,,LIGHT,SHORT_DEEP_RUN_FILTER
grid_n2_noise3.0_peak3.0_h45_w15_p50_x70,1790894940000,EXIT,exit_sustained_rolling_motion,LIGHT,
grid_n2_noise3.0_peak3.0_h45_w15_p50_x70,1790896080000,ENTER,enter_stable_window,LIGHT,SHORT_DEEP_RUN_FILTER
grid_n2_noise3.0_peak3.0_h45_w15_p50_x70,1790896140000,MAINTAIN,,LIGHT,SHORT_DEEP_RUN_FILTER
grid_n2_noise3.0_peak3.0_h45_w15_p50_x70,1790896200000,MAINTAIN,,LIGHT,SHORT_DEEP_RUN_FILTER
grid_n2_noise3.0_peak3.0_h45_w15_p50_x70,1790896260000,MAINTAIN,,LIGHT,SHORT_DEEP_RUN_FILTER
grid_n2_noise3.0_peak3.0_h45_w15_p50_x70,1790896320000,EXIT,exit_missing_motion,LIGHT,
grid_n2_noise3.0_peak3.0_h45_w15_p50_x65,1790885820000,ENTER,enter_stable_window,LIGHT,SHORT_DEEP_RUN_FILTER
grid_n2_noise3.0_peak3.0_h45_w15_p50_x65,1790885880000,MAINTAIN,,LIGHT,SHORT_DEEP_RUN_FILTER
grid_n2_noise3.0_peak3.0_h45_w15_p50_x65,1790885940000,MAINTAIN,,LIGHT,SHORT_DEEP_RUN_FILTER
grid_n2_noise3.0_peak3.0_h45_w15_p50_x65,1790886000000,MAINTAIN,,LIGHT,SHORT_DEEP_RUN_FILTER
grid_n2_noise3.0_peak3.0_h45_w15_p50_x65,1790886060000,MAINTAIN,,LIGHT,SHORT_DEEP_RUN_FILTER
grid_n2_noise3.0_peak3.0_h45_w15_p50_x65,1790886120000,MAINTAIN,,LIGHT,SHORT_DEEP_RUN_FILTER
grid_n2_noise3.0_peak3.0_h45_w15_p50_x65,1790886180000,MAINTAIN,,LIGHT,SHORT_DEEP_RUN_FILTER
grid_n2_noise3.0_peak3.0_h45_w15_p50_x65,1790886240000,EXIT,exit_sustained_rolling_motion,LIGHT,
grid_n2_noise3.0_peak3.0_h45_w15_p50_x65,1790886420000,ENTER,enter_stable_window,DEEP,
grid_n2_noise3.0_peak3.0_h45_w15_p50_x65,1790890380000,EXIT,exit_sustained_rolling_motion,LIGHT,
grid_n2_noise3.0_peak3.0_h45_w15_p50_x65,1790890620000,ENTER,enter_stable_window,LIGHT,SHORT_DEEP_RUN_FILTER
grid_n2_noise3.0_peak3.0_h45_w15_p50_x65,1790890680000,MAINTAIN,,LIGHT,SHORT_DEEP_RUN_FILTER
grid_n2_noise3.0_peak3.0_h45_w15_p50_x65,1790890740000,MAINTAIN,,LIGHT,SHORT_DEEP_RUN_FILTER
grid_n2_noise3.0_peak3.0_h45_w15_p50_x65,1790890800000,MAINTAIN,,LIGHT,SHORT_DEEP_RUN_FILTER
grid_n2_noise3.0_peak3.0_h45_w15_p50_x65,1790890860000,MAINTAIN,,LIGHT,SHORT_DEEP_RUN_FILTER
grid_n2_noise3.0_peak3.0_h45_w15_p50_x65,1790890920000,EXIT,exit_sustained_rolling_motion,LIGHT,
grid_n2_noise3.0_peak3.0_h45_w15_p50_x65,1790891040000,ENTER,enter_stable_window,LIGHT,SHORT_DEEP_RUN_FILTER
grid_n2_noise3.0_peak3.0_h45_w15_p50_x65,1790891100000,MAINTAIN,,LIGHT,SHORT_DEEP_RUN_FILTER
grid_n2_noise3.0_peak3.0_h45_w15_p50_x65,1790891160000,MAINTAIN,,LIGHT,SHORT_DEEP_RUN_FILTER
grid_n2_noise3.0_peak3.0_h45_w15_p50_x65,1790891220000,MAINTAIN,,LIGHT,SHORT_DEEP_RUN_FILTER
grid_n2_noise3.0_peak3.0_h45_w15_p50_x65,1790891280000,MAINTAIN,,LIGHT,SHORT_DEEP_RUN_FILTER
grid_n2_noise3.0_peak3.0_h45_w15_p50_x65,1790891340000,MAINTAIN,,LIGHT,SHORT_DEEP_RUN_FILTER
grid_n2_noise3.0_peak3.0_h45_w15_p50_x65,1790891400000,EXIT,exit_sustained_rolling_motion,LIGHT,
grid_n2_noise3.0_peak3.0_h45_w15_p50_x65,1790893080000,ENTER,enter_stable_window,LIGHT,SHORT_DEEP_RUN_FILTER
grid_n2_noise3.0_peak3.0_h45_w15_p50_x65,1790893140000,MAINTAIN,,LIGHT,SHORT_DEEP_RUN_FILTER
grid_n2_noise3.0_peak3.0_h45_w15_p50_x65,1790893200000,MAINTAIN,,LIGHT,SHORT_DEEP_RUN_FILTER
grid_n2_noise3.0_peak3.0_h45_w15_p50_x65,1790893260000,MAINTAIN,,LIGHT,SHORT_DEEP_RUN_FILTER
grid_n2_noise3.0_peak3.0_h45_w15_p50_x65,1790893320000,MAINTAIN,,LIGHT,SHORT_DEEP_RUN_FILTER
grid_n2_noise3.0_peak3.0_h45_w15_p50_x65,1790893380000,MAINTAIN,,LIGHT,SHORT_DEEP_RUN_FILTER
grid_n2_noise3.0_peak3.0_h45_w15_p50_x65,1790893440000,EXIT,exit_sustained_rolling_motion,LIGHT,
grid_n2_noise3.0_peak3.0_h45_w15_p50_x65,1790893560000,ENTER,enter_stable_window,DEEP,
grid_n2_noise3.0_peak3.0_h45_w15_p50_x65,1790894460000,EXIT,exit_sustained_rolling_motion,LIGHT,
grid_n2_noise3.0_peak3.0_h45_w15_p50_x65,1790894580000,ENTER,enter_stable_window,LIGHT,SHORT_DEEP_RUN_FILTER
grid_n2_noise3.0_peak3.0_h45_w15_p50_x65,1790894640000,MAINTAIN,,LIGHT,SHORT_DEEP_RUN_FILTER
grid_n2_noise3.0_peak3.0_h45_w15_p50_x65,1790894700000,MAINTAIN,,LIGHT,SHORT_DEEP_RUN_FILTER
grid_n2_noise3.0_peak3.0_h45_w15_p50_x65,1790894760000,MAINTAIN,,LIGHT,SHORT_DEEP_RUN_FILTER
grid_n2_noise3.0_peak3.0_h45_w15_p50_x65,1790894820000,MAINTAIN,,LIGHT,SHORT_DEEP_RUN_FILTER
grid_n2_noise3.0_peak3.0_h45_w15_p50_x65,1790894880000,MAINTAIN,,LIGHT,SHORT_DEEP_RUN_FILTER
grid_n2_noise3.0_peak3.0_h45_w15_p50_x65,1790894940000,EXIT,exit_sustained_rolling_motion,LIGHT,
grid_n2_noise3.0_peak3.0_h45_w15_p50_x65,1790896080000,ENTER,enter_stable_window,LIGHT,SHORT_DEEP_RUN_FILTER
grid_n2_noise3.0_peak3.0_h45_w15_p50_x65,1790896140000,MAINTAIN,,LIGHT,SHORT_DEEP_RUN_FILTER
grid_n2_noise3.0_peak3.0_h45_w15_p50_x65,1790896200000,MAINTAIN,,LIGHT,SHORT_DEEP_RUN_FILTER
grid_n2_noise3.0_peak3.0_h45_w15_p50_x65,1790896260000,MAINTAIN,,LIGHT,SHORT_DEEP_RUN_FILTER
grid_n2_noise3.0_peak3.0_h45_w15_p50_x65,1790896320000,EXIT,exit_missing_motion,LIGHT,
grid_n2_noise3.0_peak3.0_h45_w15_p65_x70,1790880180000,ENTER,enter_stable_window,DEEP,
grid_n2_noise3.0_peak3.0_h45_w15_p65_x70,1790882100000,EXIT,exit_coupling_lost,LIGHT,
grid_n2_noise3.0_peak3.0_h45_w15_p65_x70,1790885460000,ENTER,enter_stable_window,LIGHT,SHORT_DEEP_RUN_FILTER
grid_n2_noise3.0_peak3.0_h45_w15_p65_x70,1790885520000,MAINTAIN,,LIGHT,SHORT_DEEP_RUN_FILTER
grid_n2_noise3.0_peak3.0_h45_w15_p65_x70,1790885580000,MAINTAIN,,LIGHT,SHORT_DEEP_RUN_FILTER
grid_n2_noise3.0_peak3.0_h45_w15_p65_x70,1790885640000,MAINTAIN,,LIGHT,SHORT_DEEP_RUN_FILTER
grid_n2_noise3.0_peak3.0_h45_w15_p65_x70,1790885700000,EXIT,exit_sustained_rolling_motion,LIGHT,
grid_n2_noise3.0_peak3.0_h45_w15_p65_x70,1790885820000,ENTER,enter_stable_window,LIGHT,SHORT_DEEP_RUN_FILTER
grid_n2_noise3.0_peak3.0_h45_w15_p65_x70,1790885880000,MAINTAIN,,LIGHT,SHORT_DEEP_RUN_FILTER
grid_n2_noise3.0_peak3.0_h45_w15_p65_x70,1790885940000,MAINTAIN,,LIGHT,SHORT_DEEP_RUN_FILTER
grid_n2_noise3.0_peak3.0_h45_w15_p65_x70,1790886000000,MAINTAIN,,LIGHT,SHORT_DEEP_RUN_FILTER
grid_n2_noise3.0_peak3.0_h45_w15_p65_x70,1790886060000,MAINTAIN,,LIGHT,SHORT_DEEP_RUN_FILTER
grid_n2_noise3.0_peak3.0_h45_w15_p65_x70,1790886120000,MAINTAIN,,LIGHT,SHORT_DEEP_RUN_FILTER
grid_n2_noise3.0_peak3.0_h45_w15_p65_x70,1790886180000,MAINTAIN,,LIGHT,SHORT_DEEP_RUN_FILTER
grid_n2_noise3.0_peak3.0_h45_w15_p65_x70,1790886240000,EXIT,exit_sustained_rolling_motion,LIGHT,
grid_n2_noise3.0_peak3.0_h45_w15_p65_x70,1790886300000,ENTER,enter_stable_window,DEEP,
grid_n2_noise3.0_peak3.0_h45_w15_p65_x70,1790890380000,EXIT,exit_sustained_rolling_motion,LIGHT,
grid_n2_noise3.0_peak3.0_h45_w15_p65_x70,1790890560000,ENTER,enter_stable_window,DEEP,
grid_n2_noise3.0_peak3.0_h45_w15_p65_x70,1790891460000,EXIT,exit_sustained_rolling_motion,LIGHT,
grid_n2_noise3.0_peak3.0_h45_w15_p65_x70,1790893080000,ENTER,enter_stable_window,LIGHT,SHORT_DEEP_RUN_FILTER
grid_n2_noise3.0_peak3.0_h45_w15_p65_x70,1790893140000,MAINTAIN,,LIGHT,SHORT_DEEP_RUN_FILTER
grid_n2_noise3.0_peak3.0_h45_w15_p65_x70,1790893200000,MAINTAIN,,LIGHT,SHORT_DEEP_RUN_FILTER
grid_n2_noise3.0_peak3.0_h45_w15_p65_x70,1790893260000,MAINTAIN,,LIGHT,SHORT_DEEP_RUN_FILTER
grid_n2_noise3.0_peak3.0_h45_w15_p65_x70,1790893320000,MAINTAIN,,LIGHT,SHORT_DEEP_RUN_FILTER
grid_n2_noise3.0_peak3.0_h45_w15_p65_x70,1790893380000,MAINTAIN,,LIGHT,SHORT_DEEP_RUN_FILTER
grid_n2_noise3.0_peak3.0_h45_w15_p65_x70,1790893440000,EXIT,exit_sustained_rolling_motion,LIGHT,
grid_n2_noise3.0_peak3.0_h45_w15_p65_x70,1790893560000,ENTER,enter_stable_window,DEEP,
grid_n2_noise3.0_peak3.0_h45_w15_p65_x70,1790894460000,EXIT,exit_sustained_rolling_motion,LIGHT,
grid_n2_noise3.0_peak3.0_h45_w15_p65_x70,1790894580000,ENTER,enter_stable_window,LIGHT,SHORT_DEEP_RUN_FILTER
grid_n2_noise3.0_peak3.0_h45_w15_p65_x70,1790894640000,MAINTAIN,,LIGHT,SHORT_DEEP_RUN_FILTER
grid_n2_noise3.0_peak3.0_h45_w15_p65_x70,1790894700000,MAINTAIN,,LIGHT,SHORT_DEEP_RUN_FILTER
grid_n2_noise3.0_peak3.0_h45_w15_p65_x70,1790894760000,MAINTAIN,,LIGHT,SHORT_DEEP_RUN_FILTER
grid_n2_noise3.0_peak3.0_h45_w15_p65_x70,1790894820000,MAINTAIN,,LIGHT,SHORT_DEEP_RUN_FILTER
grid_n2_noise3.0_peak3.0_h45_w15_p65_x70,1790894880000,MAINTAIN,,LIGHT,SHORT_DEEP_RUN_FILTER
grid_n2_noise3.0_peak3.0_h45_w15_p65_x70,1790894940000,EXIT,exit_sustained_rolling_motion,LIGHT,
grid_n2_noise3.0_peak3.0_h45_w15_p65_x70,1790895180000,ENTER,enter_stable_window,DEEP,
grid_n2_noise3.0_peak3.0_h45_w15_p65_x70,1790896320000,EXIT,exit_missing_motion,LIGHT,
grid_n2_noise3.0_peak3.0_h45_w15_p65_x65,1790880180000,ENTER,enter_stable_window,DEEP,
grid_n2_noise3.0_peak3.0_h45_w15_p65_x65,1790881260000,EXIT,exit_sustained_rolling_motion,LIGHT,
grid_n2_noise3.0_peak3.0_h45_w15_p65_x65,1790881320000,ENTER,enter_stable_window,DEEP,
grid_n2_noise3.0_peak3.0_h45_w15_p65_x65,1790882100000,EXIT,exit_coupling_lost,LIGHT,
grid_n2_noise3.0_peak3.0_h45_w15_p65_x65,1790885460000,ENTER,enter_stable_window,LIGHT,SHORT_DEEP_RUN_FILTER
grid_n2_noise3.0_peak3.0_h45_w15_p65_x65,1790885520000,MAINTAIN,,LIGHT,SHORT_DEEP_RUN_FILTER
grid_n2_noise3.0_peak3.0_h45_w15_p65_x65,1790885580000,MAINTAIN,,LIGHT,SHORT_DEEP_RUN_FILTER
grid_n2_noise3.0_peak3.0_h45_w15_p65_x65,1790885640000,MAINTAIN,,LIGHT,SHORT_DEEP_RUN_FILTER
grid_n2_noise3.0_peak3.0_h45_w15_p65_x65,1790885700000,EXIT,exit_sustained_rolling_motion,LIGHT,
grid_n2_noise3.0_peak3.0_h45_w15_p65_x65,1790885820000,ENTER,enter_stable_window,LIGHT,SHORT_DEEP_RUN_FILTER
grid_n2_noise3.0_peak3.0_h45_w15_p65_x65,1790885880000,MAINTAIN,,LIGHT,SHORT_DEEP_RUN_FILTER
grid_n2_noise3.0_peak3.0_h45_w15_p65_x65,1790885940000,MAINTAIN,,LIGHT,SHORT_DEEP_RUN_FILTER
grid_n2_noise3.0_peak3.0_h45_w15_p65_x65,1790886000000,MAINTAIN,,LIGHT,SHORT_DEEP_RUN_FILTER
grid_n2_noise3.0_peak3.0_h45_w15_p65_x65,1790886060000,MAINTAIN,,LIGHT,SHORT_DEEP_RUN_FILTER
grid_n2_noise3.0_peak3.0_h45_w15_p65_x65,1790886120000,MAINTAIN,,LIGHT,SHORT_DEEP_RUN_FILTER
grid_n2_noise3.0_peak3.0_h45_w15_p65_x65,1790886180000,MAINTAIN,,LIGHT,SHORT_DEEP_RUN_FILTER
grid_n2_noise3.0_peak3.0_h45_w15_p65_x65,1790886240000,EXIT,exit_sustained_rolling_motion,LIGHT,
grid_n2_noise3.0_peak3.0_h45_w15_p65_x65,1790886300000,ENTER,enter_stable_window,DEEP,
grid_n2_noise3.0_peak3.0_h45_w15_p65_x65,1790890380000,EXIT,exit_sustained_rolling_motion,LIGHT,
grid_n2_noise3.0_peak3.0_h45_w15_p65_x65,1790890560000,ENTER,enter_stable_window,LIGHT,SHORT_DEEP_RUN_FILTER
grid_n2_noise3.0_peak3.0_h45_w15_p65_x65,1790890620000,MAINTAIN,,LIGHT,SHORT_DEEP_RUN_FILTER
grid_n2_noise3.0_peak3.0_h45_w15_p65_x65,1790890680000,MAINTAIN,,LIGHT,SHORT_DEEP_RUN_FILTER
grid_n2_noise3.0_peak3.0_h45_w15_p65_x65,1790890740000,MAINTAIN,,LIGHT,SHORT_DEEP_RUN_FILTER
grid_n2_noise3.0_peak3.0_h45_w15_p65_x65,1790890800000,MAINTAIN,,LIGHT,SHORT_DEEP_RUN_FILTER
grid_n2_noise3.0_peak3.0_h45_w15_p65_x65,1790890860000,MAINTAIN,,LIGHT,SHORT_DEEP_RUN_FILTER
grid_n2_noise3.0_peak3.0_h45_w15_p65_x65,1790890920000,EXIT,exit_sustained_rolling_motion,LIGHT,
grid_n2_noise3.0_peak3.0_h45_w15_p65_x65,1790891040000,ENTER,enter_stable_window,LIGHT,SHORT_DEEP_RUN_FILTER
grid_n2_noise3.0_peak3.0_h45_w15_p65_x65,1790891100000,MAINTAIN,,LIGHT,SHORT_DEEP_RUN_FILTER
grid_n2_noise3.0_peak3.0_h45_w15_p65_x65,1790891160000,MAINTAIN,,LIGHT,SHORT_DEEP_RUN_FILTER
grid_n2_noise3.0_peak3.0_h45_w15_p65_x65,1790891220000,MAINTAIN,,LIGHT,SHORT_DEEP_RUN_FILTER
grid_n2_noise3.0_peak3.0_h45_w15_p65_x65,1790891280000,MAINTAIN,,LIGHT,SHORT_DEEP_RUN_FILTER
grid_n2_noise3.0_peak3.0_h45_w15_p65_x65,1790891340000,MAINTAIN,,LIGHT,SHORT_DEEP_RUN_FILTER
grid_n2_noise3.0_peak3.0_h45_w15_p65_x65,1790891400000,EXIT,exit_sustained_rolling_motion,LIGHT,
grid_n2_noise3.0_peak3.0_h45_w15_p65_x65,1790893080000,ENTER,enter_stable_window,LIGHT,SHORT_DEEP_RUN_FILTER
grid_n2_noise3.0_peak3.0_h45_w15_p65_x65,1790893140000,MAINTAIN,,LIGHT,SHORT_DEEP_RUN_FILTER
grid_n2_noise3.0_peak3.0_h45_w15_p65_x65,1790893200000,MAINTAIN,,LIGHT,SHORT_DEEP_RUN_FILTER
grid_n2_noise3.0_peak3.0_h45_w15_p65_x65,1790893260000,MAINTAIN,,LIGHT,SHORT_DEEP_RUN_FILTER
grid_n2_noise3.0_peak3.0_h45_w15_p65_x65,1790893320000,MAINTAIN,,LIGHT,SHORT_DEEP_RUN_FILTER
grid_n2_noise3.0_peak3.0_h45_w15_p65_x65,1790893380000,MAINTAIN,,LIGHT,SHORT_DEEP_RUN_FILTER
grid_n2_noise3.0_peak3.0_h45_w15_p65_x65,1790893440000,EXIT,exit_sustained_rolling_motion,LIGHT,
grid_n2_noise3.0_peak3.0_h45_w15_p65_x65,1790893560000,ENTER,enter_stable_window,DEEP,
grid_n2_noise3.0_peak3.0_h45_w15_p65_x65,1790894460000,EXIT,exit_sustained_rolling_motion,LIGHT,
grid_n2_noise3.0_peak3.0_h45_w15_p65_x65,1790894580000,ENTER,enter_stable_window,LIGHT,SHORT_DEEP_RUN_FILTER
grid_n2_noise3.0_peak3.0_h45_w15_p65_x65,1790894640000,MAINTAIN,,LIGHT,SHORT_DEEP_RUN_FILTER
grid_n2_noise3.0_peak3.0_h45_w15_p65_x65,1790894700000,MAINTAIN,,LIGHT,SHORT_DEEP_RUN_FILTER
grid_n2_noise3.0_peak3.0_h45_w15_p65_x65,1790894760000,MAINTAIN,,LIGHT,SHORT_DEEP_RUN_FILTER
grid_n2_noise3.0_peak3.0_h45_w15_p65_x65,1790894820000,MAINTAIN,,LIGHT,SHORT_DEEP_RUN_FILTER
grid_n2_noise3.0_peak3.0_h45_w15_p65_x65,1790894880000,MAINTAIN,,LIGHT,SHORT_DEEP_RUN_FILTER
grid_n2_noise3.0_peak3.0_h45_w15_p65_x65,1790894940000,EXIT,exit_sustained_rolling_motion,LIGHT,
grid_n2_noise3.0_peak3.0_h45_w15_p65_x65,1790895180000,ENTER,enter_stable_window,DEEP,
grid_n2_noise3.0_peak3.0_h45_w15_p65_x65,1790896320000,EXIT,exit_missing_motion,LIGHT,
grid_n2_noise3.0_peak3.0_h45_w10_p50_x70,1790885160000,ENTER,enter_stable_window,LIGHT,SHORT_DEEP_RUN_FILTER
grid_n2_noise3.0_peak3.0_h45_w10_p50_x70,1790885220000,MAINTAIN,,LIGHT,SHORT_DEEP_RUN_FILTER
grid_n2_noise3.0_peak3.0_h45_w10_p50_x70,1790885280000,MAINTAIN,,LIGHT,SHORT_DEEP_RUN_FILTER
grid_n2_noise3.0_peak3.0_h45_w10_p50_x70,1790885340000,MAINTAIN,,LIGHT,SHORT_DEEP_RUN_FILTER
grid_n2_noise3.0_peak3.0_h45_w10_p50_x70,1790885400000,MAINTAIN,,LIGHT,SHORT_DEEP_RUN_FILTER
grid_n2_noise3.0_peak3.0_h45_w10_p50_x70,1790885460000,MAINTAIN,,LIGHT,SHORT_DEEP_RUN_FILTER
grid_n2_noise3.0_peak3.0_h45_w10_p50_x70,1790885520000,MAINTAIN,,LIGHT,SHORT_DEEP_RUN_FILTER
grid_n2_noise3.0_peak3.0_h45_w10_p50_x70,1790885580000,MAINTAIN,,LIGHT,SHORT_DEEP_RUN_FILTER
grid_n2_noise3.0_peak3.0_h45_w10_p50_x70,1790885640000,MAINTAIN,,LIGHT,SHORT_DEEP_RUN_FILTER
grid_n2_noise3.0_peak3.0_h45_w10_p50_x70,1790885700000,EXIT,exit_sustained_rolling_motion,LIGHT,
grid_n2_noise3.0_peak3.0_h45_w10_p50_x70,1790885820000,ENTER,enter_stable_window,LIGHT,SHORT_DEEP_RUN_FILTER
grid_n2_noise3.0_peak3.0_h45_w10_p50_x70,1790885880000,MAINTAIN,,LIGHT,SHORT_DEEP_RUN_FILTER
grid_n2_noise3.0_peak3.0_h45_w10_p50_x70,1790885940000,MAINTAIN,,LIGHT,SHORT_DEEP_RUN_FILTER
grid_n2_noise3.0_peak3.0_h45_w10_p50_x70,1790886000000,MAINTAIN,,LIGHT,SHORT_DEEP_RUN_FILTER
grid_n2_noise3.0_peak3.0_h45_w10_p50_x70,1790886060000,MAINTAIN,,LIGHT,SHORT_DEEP_RUN_FILTER
grid_n2_noise3.0_peak3.0_h45_w10_p50_x70,1790886120000,MAINTAIN,,LIGHT,SHORT_DEEP_RUN_FILTER
grid_n2_noise3.0_peak3.0_h45_w10_p50_x70,1790886180000,MAINTAIN,,LIGHT,SHORT_DEEP_RUN_FILTER
grid_n2_noise3.0_peak3.0_h45_w10_p50_x70,1790886240000,EXIT,exit_sustained_rolling_motion,LIGHT,
grid_n2_noise3.0_peak3.0_h45_w10_p50_x70,1790886300000,ENTER,enter_stable_window,DEEP,
grid_n2_noise3.0_peak3.0_h45_w10_p50_x70,1790890380000,EXIT,exit_sustained_rolling_motion,LIGHT,
grid_n2_noise3.0_peak3.0_h45_w10_p50_x70,1790890560000,ENTER,enter_stable_window,DEEP,
grid_n2_noise3.0_peak3.0_h45_w10_p50_x70,1790891460000,EXIT,exit_sustained_rolling_motion,LIGHT,
grid_n2_noise3.0_peak3.0_h45_w10_p50_x70,1790892960000,ENTER,enter_stable_window,LIGHT,SHORT_DEEP_RUN_FILTER
grid_n2_noise3.0_peak3.0_h45_w10_p50_x70,1790893020000,MAINTAIN,,LIGHT,SHORT_DEEP_RUN_FILTER
grid_n2_noise3.0_peak3.0_h45_w10_p50_x70,1790893080000,MAINTAIN,,LIGHT,SHORT_DEEP_RUN_FILTER
grid_n2_noise3.0_peak3.0_h45_w10_p50_x70,1790893140000,MAINTAIN,,LIGHT,SHORT_DEEP_RUN_FILTER
grid_n2_noise3.0_peak3.0_h45_w10_p50_x70,1790893200000,MAINTAIN,,LIGHT,SHORT_DEEP_RUN_FILTER
grid_n2_noise3.0_peak3.0_h45_w10_p50_x70,1790893260000,MAINTAIN,,LIGHT,SHORT_DEEP_RUN_FILTER
grid_n2_noise3.0_peak3.0_h45_w10_p50_x70,1790893320000,MAINTAIN,,LIGHT,SHORT_DEEP_RUN_FILTER
grid_n2_noise3.0_peak3.0_h45_w10_p50_x70,1790893380000,MAINTAIN,,LIGHT,SHORT_DEEP_RUN_FILTER
grid_n2_noise3.0_peak3.0_h45_w10_p50_x70,1790893440000,EXIT,exit_sustained_rolling_motion,LIGHT,
grid_n2_noise3.0_peak3.0_h45_w10_p50_x70,1790893560000,ENTER,enter_stable_window,DEEP,
grid_n2_noise3.0_peak3.0_h45_w10_p50_x70,1790894460000,EXIT,exit_sustained_rolling_motion,LIGHT,
grid_n2_noise3.0_peak3.0_h45_w10_p50_x70,1790895960000,ENTER,enter_stable_window,LIGHT,SHORT_DEEP_RUN_FILTER
grid_n2_noise3.0_peak3.0_h45_w10_p50_x70,1790896020000,MAINTAIN,,LIGHT,SHORT_DEEP_RUN_FILTER
grid_n2_noise3.0_peak3.0_h45_w10_p50_x70,1790896080000,MAINTAIN,,LIGHT,SHORT_DEEP_RUN_FILTER
grid_n2_noise3.0_peak3.0_h45_w10_p50_x70,1790896140000,MAINTAIN,,LIGHT,SHORT_DEEP_RUN_FILTER
grid_n2_noise3.0_peak3.0_h45_w10_p50_x70,1790896200000,MAINTAIN,,LIGHT,SHORT_DEEP_RUN_FILTER
grid_n2_noise3.0_peak3.0_h45_w10_p50_x70,1790896260000,MAINTAIN,,LIGHT,SHORT_DEEP_RUN_FILTER
grid_n2_noise3.0_peak3.0_h45_w10_p50_x70,1790896320000,EXIT,exit_missing_motion,LIGHT,
grid_n2_noise3.0_peak3.0_h45_w10_p50_x65,1790885160000,ENTER,enter_stable_window,LIGHT,SHORT_DEEP_RUN_FILTER
grid_n2_noise3.0_peak3.0_h45_w10_p50_x65,1790885220000,MAINTAIN,,LIGHT,SHORT_DEEP_RUN_FILTER
grid_n2_noise3.0_peak3.0_h45_w10_p50_x65,1790885280000,MAINTAIN,,LIGHT,SHORT_DEEP_RUN_FILTER
grid_n2_noise3.0_peak3.0_h45_w10_p50_x65,1790885340000,MAINTAIN,,LIGHT,SHORT_DEEP_RUN_FILTER
grid_n2_noise3.0_peak3.0_h45_w10_p50_x65,1790885400000,MAINTAIN,,LIGHT,SHORT_DEEP_RUN_FILTER
grid_n2_noise3.0_peak3.0_h45_w10_p50_x65,1790885460000,MAINTAIN,,LIGHT,SHORT_DEEP_RUN_FILTER
grid_n2_noise3.0_peak3.0_h45_w10_p50_x65,1790885520000,MAINTAIN,,LIGHT,SHORT_DEEP_RUN_FILTER
grid_n2_noise3.0_peak3.0_h45_w10_p50_x65,1790885580000,MAINTAIN,,LIGHT,SHORT_DEEP_RUN_FILTER
grid_n2_noise3.0_peak3.0_h45_w10_p50_x65,1790885640000,MAINTAIN,,LIGHT,SHORT_DEEP_RUN_FILTER
grid_n2_noise3.0_peak3.0_h45_w10_p50_x65,1790885700000,EXIT,exit_sustained_rolling_motion,LIGHT,
grid_n2_noise3.0_peak3.0_h45_w10_p50_x65,1790885820000,ENTER,enter_stable_window,LIGHT,SHORT_DEEP_RUN_FILTER
grid_n2_noise3.0_peak3.0_h45_w10_p50_x65,1790885880000,MAINTAIN,,LIGHT,SHORT_DEEP_RUN_FILTER
grid_n2_noise3.0_peak3.0_h45_w10_p50_x65,1790885940000,MAINTAIN,,LIGHT,SHORT_DEEP_RUN_FILTER
grid_n2_noise3.0_peak3.0_h45_w10_p50_x65,1790886000000,MAINTAIN,,LIGHT,SHORT_DEEP_RUN_FILTER
grid_n2_noise3.0_peak3.0_h45_w10_p50_x65,1790886060000,MAINTAIN,,LIGHT,SHORT_DEEP_RUN_FILTER
grid_n2_noise3.0_peak3.0_h45_w10_p50_x65,1790886120000,MAINTAIN,,LIGHT,SHORT_DEEP_RUN_FILTER
grid_n2_noise3.0_peak3.0_h45_w10_p50_x65,1790886180000,MAINTAIN,,LIGHT,SHORT_DEEP_RUN_FILTER
grid_n2_noise3.0_peak3.0_h45_w10_p50_x65,1790886240000,EXIT,exit_sustained_rolling_motion,LIGHT,
grid_n2_noise3.0_peak3.0_h45_w10_p50_x65,1790886300000,ENTER,enter_stable_window,DEEP,
grid_n2_noise3.0_peak3.0_h45_w10_p50_x65,1790890380000,EXIT,exit_sustained_rolling_motion,LIGHT,
grid_n2_noise3.0_peak3.0_h45_w10_p50_x65,1790890560000,ENTER,enter_stable_window,LIGHT,SHORT_DEEP_RUN_FILTER
grid_n2_noise3.0_peak3.0_h45_w10_p50_x65,1790890620000,MAINTAIN,,LIGHT,SHORT_DEEP_RUN_FILTER
grid_n2_noise3.0_peak3.0_h45_w10_p50_x65,1790890680000,MAINTAIN,,LIGHT,SHORT_DEEP_RUN_FILTER
grid_n2_noise3.0_peak3.0_h45_w10_p50_x65,1790890740000,MAINTAIN,,LIGHT,SHORT_DEEP_RUN_FILTER
grid_n2_noise3.0_peak3.0_h45_w10_p50_x65,1790890800000,MAINTAIN,,LIGHT,SHORT_DEEP_RUN_FILTER
grid_n2_noise3.0_peak3.0_h45_w10_p50_x65,1790890860000,MAINTAIN,,LIGHT,SHORT_DEEP_RUN_FILTER
grid_n2_noise3.0_peak3.0_h45_w10_p50_x65,1790890920000,EXIT,exit_sustained_rolling_motion,LIGHT,
grid_n2_noise3.0_peak3.0_h45_w10_p50_x65,1790890980000,ENTER,enter_stable_window,LIGHT,SHORT_DEEP_RUN_FILTER
grid_n2_noise3.0_peak3.0_h45_w10_p50_x65,1790891040000,MAINTAIN,,LIGHT,SHORT_DEEP_RUN_FILTER
grid_n2_noise3.0_peak3.0_h45_w10_p50_x65,1790891100000,MAINTAIN,,LIGHT,SHORT_DEEP_RUN_FILTER
grid_n2_noise3.0_peak3.0_h45_w10_p50_x65,1790891160000,MAINTAIN,,LIGHT,SHORT_DEEP_RUN_FILTER
grid_n2_noise3.0_peak3.0_h45_w10_p50_x65,1790891220000,MAINTAIN,,LIGHT,SHORT_DEEP_RUN_FILTER
grid_n2_noise3.0_peak3.0_h45_w10_p50_x65,1790891280000,MAINTAIN,,LIGHT,SHORT_DEEP_RUN_FILTER
grid_n2_noise3.0_peak3.0_h45_w10_p50_x65,1790891340000,MAINTAIN,,LIGHT,SHORT_DEEP_RUN_FILTER
grid_n2_noise3.0_peak3.0_h45_w10_p50_x65,1790891400000,EXIT,exit_sustained_rolling_motion,LIGHT,
grid_n2_noise3.0_peak3.0_h45_w10_p50_x65,1790892960000,ENTER,enter_stable_window,LIGHT,SHORT_DEEP_RUN_FILTER
grid_n2_noise3.0_peak3.0_h45_w10_p50_x65,1790893020000,MAINTAIN,,LIGHT,SHORT_DEEP_RUN_FILTER
grid_n2_noise3.0_peak3.0_h45_w10_p50_x65,1790893080000,MAINTAIN,,LIGHT,SHORT_DEEP_RUN_FILTER
grid_n2_noise3.0_peak3.0_h45_w10_p50_x65,1790893140000,MAINTAIN,,LIGHT,SHORT_DEEP_RUN_FILTER
grid_n2_noise3.0_peak3.0_h45_w10_p50_x65,1790893200000,MAINTAIN,,LIGHT,SHORT_DEEP_RUN_FILTER
grid_n2_noise3.0_peak3.0_h45_w10_p50_x65,1790893260000,MAINTAIN,,LIGHT,SHORT_DEEP_RUN_FILTER
grid_n2_noise3.0_peak3.0_h45_w10_p50_x65,1790893320000,MAINTAIN,,LIGHT,SHORT_DEEP_RUN_FILTER
grid_n2_noise3.0_peak3.0_h45_w10_p50_x65,1790893380000,MAINTAIN,,LIGHT,SHORT_DEEP_RUN_FILTER
grid_n2_noise3.0_peak3.0_h45_w10_p50_x65,1790893440000,EXIT,exit_sustained_rolling_motion,LIGHT,
grid_n2_noise3.0_peak3.0_h45_w10_p50_x65,1790893560000,ENTER,enter_stable_window,DEEP,
grid_n2_noise3.0_peak3.0_h45_w10_p50_x65,1790894460000,EXIT,exit_sustained_rolling_motion,LIGHT,
grid_n2_noise3.0_peak3.0_h45_w10_p50_x65,1790895960000,ENTER,enter_stable_window,LIGHT,SHORT_DEEP_RUN_FILTER
grid_n2_noise3.0_peak3.0_h45_w10_p50_x65,1790896020000,MAINTAIN,,LIGHT,SHORT_DEEP_RUN_FILTER
grid_n2_noise3.0_peak3.0_h45_w10_p50_x65,1790896080000,MAINTAIN,,LIGHT,SHORT_DEEP_RUN_FILTER
grid_n2_noise3.0_peak3.0_h45_w10_p50_x65,1790896140000,MAINTAIN,,LIGHT,SHORT_DEEP_RUN_FILTER
grid_n2_noise3.0_peak3.0_h45_w10_p50_x65,1790896200000,MAINTAIN,,LIGHT,SHORT_DEEP_RUN_FILTER
grid_n2_noise3.0_peak3.0_h45_w10_p50_x65,1790896260000,MAINTAIN,,LIGHT,SHORT_DEEP_RUN_FILTER
grid_n2_noise3.0_peak3.0_h45_w10_p50_x65,1790896320000,EXIT,exit_missing_motion,LIGHT,
grid_n2_noise3.0_peak3.0_h45_w10_p65_x70,1790879940000,ENTER,enter_stable_window,DEEP,
grid_n2_noise3.0_peak3.0_h45_w10_p65_x70,1790882100000,EXIT,exit_coupling_lost,LIGHT,
grid_n2_noise3.0_peak3.0_h45_w10_p65_x70,1790885160000,ENTER,enter_stable_window,LIGHT,SHORT_DEEP_RUN_FILTER
grid_n2_noise3.0_peak3.0_h45_w10_p65_x70,1790885220000,MAINTAIN,,LIGHT,SHORT_DEEP_RUN_FILTER
grid_n2_noise3.0_peak3.0_h45_w10_p65_x70,1790885280000,MAINTAIN,,LIGHT,SHORT_DEEP_RUN_FILTER
grid_n2_noise3.0_peak3.0_h45_w10_p65_x70,1790885340000,MAINTAIN,,LIGHT,SHORT_DEEP_RUN_FILTER
grid_n2_noise3.0_peak3.0_h45_w10_p65_x70,1790885400000,MAINTAIN,,LIGHT,SHORT_DEEP_RUN_FILTER
grid_n2_noise3.0_peak3.0_h45_w10_p65_x70,1790885460000,MAINTAIN,,LIGHT,SHORT_DEEP_RUN_FILTER
grid_n2_noise3.0_peak3.0_h45_w10_p65_x70,1790885520000,MAINTAIN,,LIGHT,SHORT_DEEP_RUN_FILTER
grid_n2_noise3.0_peak3.0_h45_w10_p65_x70,1790885580000,MAINTAIN,,LIGHT,SHORT_DEEP_RUN_FILTER
grid_n2_noise3.0_peak3.0_h45_w10_p65_x70,1790885640000,MAINTAIN,,LIGHT,SHORT_DEEP_RUN_FILTER
grid_n2_noise3.0_peak3.0_h45_w10_p65_x70,1790885700000,EXIT,exit_sustained_rolling_motion,LIGHT,
grid_n2_noise3.0_peak3.0_h45_w10_p65_x70,1790885820000,ENTER,enter_stable_window,LIGHT,SHORT_DEEP_RUN_FILTER
grid_n2_noise3.0_peak3.0_h45_w10_p65_x70,1790885880000,MAINTAIN,,LIGHT,SHORT_DEEP_RUN_FILTER
grid_n2_noise3.0_peak3.0_h45_w10_p65_x70,1790885940000,MAINTAIN,,LIGHT,SHORT_DEEP_RUN_FILTER
grid_n2_noise3.0_peak3.0_h45_w10_p65_x70,1790886000000,MAINTAIN,,LIGHT,SHORT_DEEP_RUN_FILTER
grid_n2_noise3.0_peak3.0_h45_w10_p65_x70,1790886060000,MAINTAIN,,LIGHT,SHORT_DEEP_RUN_FILTER
grid_n2_noise3.0_peak3.0_h45_w10_p65_x70,1790886120000,MAINTAIN,,LIGHT,SHORT_DEEP_RUN_FILTER
grid_n2_noise3.0_peak3.0_h45_w10_p65_x70,1790886180000,MAINTAIN,,LIGHT,SHORT_DEEP_RUN_FILTER
grid_n2_noise3.0_peak3.0_h45_w10_p65_x70,1790886240000,EXIT,exit_sustained_rolling_motion,LIGHT,
grid_n2_noise3.0_peak3.0_h45_w10_p65_x70,1790886300000,ENTER,enter_stable_window,DEEP,
grid_n2_noise3.0_peak3.0_h45_w10_p65_x70,1790890380000,EXIT,exit_sustained_rolling_motion,LIGHT,
grid_n2_noise3.0_peak3.0_h45_w10_p65_x70,1790890560000,ENTER,enter_stable_window,DEEP,
grid_n2_noise3.0_peak3.0_h45_w10_p65_x70,1790891460000,EXIT,exit_sustained_rolling_motion,LIGHT,
grid_n2_noise3.0_peak3.0_h45_w10_p65_x70,1790892900000,ENTER,enter_stable_window,LIGHT,SHORT_DEEP_RUN_FILTER
grid_n2_noise3.0_peak3.0_h45_w10_p65_x70,1790892960000,MAINTAIN,,LIGHT,SHORT_DEEP_RUN_FILTER
grid_n2_noise3.0_peak3.0_h45_w10_p65_x70,1790893020000,MAINTAIN,,LIGHT,SHORT_DEEP_RUN_FILTER
grid_n2_noise3.0_peak3.0_h45_w10_p65_x70,1790893080000,MAINTAIN,,LIGHT,SHORT_DEEP_RUN_FILTER
grid_n2_noise3.0_peak3.0_h45_w10_p65_x70,1790893140000,MAINTAIN,,LIGHT,SHORT_DEEP_RUN_FILTER
grid_n2_noise3.0_peak3.0_h45_w10_p65_x70,1790893200000,MAINTAIN,,LIGHT,SHORT_DEEP_RUN_FILTER
grid_n2_noise3.0_peak3.0_h45_w10_p65_x70,1790893260000,MAINTAIN,,LIGHT,SHORT_DEEP_RUN_FILTER
grid_n2_noise3.0_peak3.0_h45_w10_p65_x70,1790893320000,MAINTAIN,,LIGHT,SHORT_DEEP_RUN_FILTER
grid_n2_noise3.0_peak3.0_h45_w10_p65_x70,1790893380000,MAINTAIN,,LIGHT,SHORT_DEEP_RUN_FILTER
grid_n2_noise3.0_peak3.0_h45_w10_p65_x70,1790893440000,EXIT,exit_sustained_rolling_motion,LIGHT,
grid_n2_noise3.0_peak3.0_h45_w10_p65_x70,1790893560000,ENTER,enter_stable_window,DEEP,
grid_n2_noise3.0_peak3.0_h45_w10_p65_x70,1790894460000,EXIT,exit_sustained_rolling_motion,LIGHT,
grid_n2_noise3.0_peak3.0_h45_w10_p65_x70,1790894580000,ENTER,enter_stable_window,LIGHT,SHORT_DEEP_RUN_FILTER
grid_n2_noise3.0_peak3.0_h45_w10_p65_x70,1790894640000,MAINTAIN,,LIGHT,SHORT_DEEP_RUN_FILTER
grid_n2_noise3.0_peak3.0_h45_w10_p65_x70,1790894700000,MAINTAIN,,LIGHT,SHORT_DEEP_RUN_FILTER
grid_n2_noise3.0_peak3.0_h45_w10_p65_x70,1790894760000,MAINTAIN,,LIGHT,SHORT_DEEP_RUN_FILTER
grid_n2_noise3.0_peak3.0_h45_w10_p65_x70,1790894820000,MAINTAIN,,LIGHT,SHORT_DEEP_RUN_FILTER
grid_n2_noise3.0_peak3.0_h45_w10_p65_x70,1790894880000,MAINTAIN,,LIGHT,SHORT_DEEP_RUN_FILTER
grid_n2_noise3.0_peak3.0_h45_w10_p65_x70,1790894940000,EXIT,exit_sustained_rolling_motion,LIGHT,
grid_n2_noise3.0_peak3.0_h45_w10_p65_x70,1790895060000,ENTER,enter_stable_window,DEEP,
grid_n2_noise3.0_peak3.0_h45_w10_p65_x70,1790896320000,EXIT,exit_missing_motion,LIGHT,
grid_n2_noise3.0_peak3.0_h45_w10_p65_x65,1790879940000,ENTER,enter_stable_window,DEEP,
grid_n2_noise3.0_peak3.0_h45_w10_p65_x65,1790881260000,EXIT,exit_sustained_rolling_motion,LIGHT,
grid_n2_noise3.0_peak3.0_h45_w10_p65_x65,1790881320000,ENTER,enter_stable_window,DEEP,
grid_n2_noise3.0_peak3.0_h45_w10_p65_x65,1790882100000,EXIT,exit_coupling_lost,LIGHT,
grid_n2_noise3.0_peak3.0_h45_w10_p65_x65,1790885160000,ENTER,enter_stable_window,LIGHT,SHORT_DEEP_RUN_FILTER
grid_n2_noise3.0_peak3.0_h45_w10_p65_x65,1790885220000,MAINTAIN,,LIGHT,SHORT_DEEP_RUN_FILTER
grid_n2_noise3.0_peak3.0_h45_w10_p65_x65,1790885280000,MAINTAIN,,LIGHT,SHORT_DEEP_RUN_FILTER
grid_n2_noise3.0_peak3.0_h45_w10_p65_x65,1790885340000,MAINTAIN,,LIGHT,SHORT_DEEP_RUN_FILTER
grid_n2_noise3.0_peak3.0_h45_w10_p65_x65,1790885400000,MAINTAIN,,LIGHT,SHORT_DEEP_RUN_FILTER
grid_n2_noise3.0_peak3.0_h45_w10_p65_x65,1790885460000,MAINTAIN,,LIGHT,SHORT_DEEP_RUN_FILTER
grid_n2_noise3.0_peak3.0_h45_w10_p65_x65,1790885520000,MAINTAIN,,LIGHT,SHORT_DEEP_RUN_FILTER
grid_n2_noise3.0_peak3.0_h45_w10_p65_x65,1790885580000,MAINTAIN,,LIGHT,SHORT_DEEP_RUN_FILTER
grid_n2_noise3.0_peak3.0_h45_w10_p65_x65,1790885640000,MAINTAIN,,LIGHT,SHORT_DEEP_RUN_FILTER
grid_n2_noise3.0_peak3.0_h45_w10_p65_x65,1790885700000,EXIT,exit_sustained_rolling_motion,LIGHT,
grid_n2_noise3.0_peak3.0_h45_w10_p65_x65,1790885820000,ENTER,enter_stable_window,LIGHT,SHORT_DEEP_RUN_FILTER
grid_n2_noise3.0_peak3.0_h45_w10_p65_x65,1790885880000,MAINTAIN,,LIGHT,SHORT_DEEP_RUN_FILTER
grid_n2_noise3.0_peak3.0_h45_w10_p65_x65,1790885940000,MAINTAIN,,LIGHT,SHORT_DEEP_RUN_FILTER
grid_n2_noise3.0_peak3.0_h45_w10_p65_x65,1790886000000,MAINTAIN,,LIGHT,SHORT_DEEP_RUN_FILTER
grid_n2_noise3.0_peak3.0_h45_w10_p65_x65,1790886060000,MAINTAIN,,LIGHT,SHORT_DEEP_RUN_FILTER
grid_n2_noise3.0_peak3.0_h45_w10_p65_x65,1790886120000,MAINTAIN,,LIGHT,SHORT_DEEP_RUN_FILTER
grid_n2_noise3.0_peak3.0_h45_w10_p65_x65,1790886180000,MAINTAIN,,LIGHT,SHORT_DEEP_RUN_FILTER
grid_n2_noise3.0_peak3.0_h45_w10_p65_x65,1790886240000,EXIT,exit_sustained_rolling_motion,LIGHT,
grid_n2_noise3.0_peak3.0_h45_w10_p65_x65,1790886300000,ENTER,enter_stable_window,DEEP,
grid_n2_noise3.0_peak3.0_h45_w10_p65_x65,1790890380000,EXIT,exit_sustained_rolling_motion,LIGHT,
grid_n2_noise3.0_peak3.0_h45_w10_p65_x65,1790890560000,ENTER,enter_stable_window,LIGHT,SHORT_DEEP_RUN_FILTER
grid_n2_noise3.0_peak3.0_h45_w10_p65_x65,1790890620000,MAINTAIN,,LIGHT,SHORT_DEEP_RUN_FILTER
grid_n2_noise3.0_peak3.0_h45_w10_p65_x65,1790890680000,MAINTAIN,,LIGHT,SHORT_DEEP_RUN_FILTER
grid_n2_noise3.0_peak3.0_h45_w10_p65_x65,1790890740000,MAINTAIN,,LIGHT,SHORT_DEEP_RUN_FILTER
grid_n2_noise3.0_peak3.0_h45_w10_p65_x65,1790890800000,MAINTAIN,,LIGHT,SHORT_DEEP_RUN_FILTER
grid_n2_noise3.0_peak3.0_h45_w10_p65_x65,1790890860000,MAINTAIN,,LIGHT,SHORT_DEEP_RUN_FILTER
grid_n2_noise3.0_peak3.0_h45_w10_p65_x65,1790890920000,EXIT,exit_sustained_rolling_motion,LIGHT,
grid_n2_noise3.0_peak3.0_h45_w10_p65_x65,1790890980000,ENTER,enter_stable_window,LIGHT,SHORT_DEEP_RUN_FILTER
grid_n2_noise3.0_peak3.0_h45_w10_p65_x65,1790891040000,MAINTAIN,,LIGHT,SHORT_DEEP_RUN_FILTER
grid_n2_noise3.0_peak3.0_h45_w10_p65_x65,1790891100000,MAINTAIN,,LIGHT,SHORT_DEEP_RUN_FILTER
grid_n2_noise3.0_peak3.0_h45_w10_p65_x65,1790891160000,MAINTAIN,,LIGHT,SHORT_DEEP_RUN_FILTER
grid_n2_noise3.0_peak3.0_h45_w10_p65_x65,1790891220000,MAINTAIN,,LIGHT,SHORT_DEEP_RUN_FILTER
grid_n2_noise3.0_peak3.0_h45_w10_p65_x65,1790891280000,MAINTAIN,,LIGHT,SHORT_DEEP_RUN_FILTER
grid_n2_noise3.0_peak3.0_h45_w10_p65_x65,1790891340000,MAINTAIN,,LIGHT,SHORT_DEEP_RUN_FILTER
grid_n2_noise3.0_peak3.0_h45_w10_p65_x65,1790891400000,EXIT,exit_sustained_rolling_motion,LIGHT,
grid_n2_noise3.0_peak3.0_h45_w10_p65_x65,1790892900000,ENTER,enter_stable_window,LIGHT,SHORT_DEEP_RUN_FILTER
grid_n2_noise3.0_peak3.0_h45_w10_p65_x65,1790892960000,MAINTAIN,,LIGHT,SHORT_DEEP_RUN_FILTER
grid_n2_noise3.0_peak3.0_h45_w10_p65_x65,1790893020000,MAINTAIN,,LIGHT,SHORT_DEEP_RUN_FILTER
grid_n2_noise3.0_peak3.0_h45_w10_p65_x65,1790893080000,MAINTAIN,,LIGHT,SHORT_DEEP_RUN_FILTER
grid_n2_noise3.0_peak3.0_h45_w10_p65_x65,1790893140000,MAINTAIN,,LIGHT,SHORT_DEEP_RUN_FILTER
grid_n2_noise3.0_peak3.0_h45_w10_p65_x65,1790893200000,MAINTAIN,,LIGHT,SHORT_DEEP_RUN_FILTER
grid_n2_noise3.0_peak3.0_h45_w10_p65_x65,1790893260000,MAINTAIN,,LIGHT,SHORT_DEEP_RUN_FILTER
grid_n2_noise3.0_peak3.0_h45_w10_p65_x65,1790893320000,MAINTAIN,,LIGHT,SHORT_DEEP_RUN_FILTER
grid_n2_noise3.0_peak3.0_h45_w10_p65_x65,1790893380000,MAINTAIN,,LIGHT,SHORT_DEEP_RUN_FILTER
grid_n2_noise3.0_peak3.0_h45_w10_p65_x65,1790893440000,EXIT,exit_sustained_rolling_motion,LIGHT,
grid_n2_noise3.0_peak3.0_h45_w10_p65_x65,1790893560000,ENTER,enter_stable_window,DEEP,
grid_n2_noise3.0_peak3.0_h45_w10_p65_x65,1790894460000,EXIT,exit_sustained_rolling_motion,LIGHT,
grid_n2_noise3.0_peak3.0_h45_w10_p65_x65,1790894580000,ENTER,enter_stable_window,LIGHT,SHORT_DEEP_RUN_FILTER
grid_n2_noise3.0_peak3.0_h45_w10_p65_x65,1790894640000,MAINTAIN,,LIGHT,SHORT_DEEP_RUN_FILTER
grid_n2_noise3.0_peak3.0_h45_w10_p65_x65,1790894700000,MAINTAIN,,LIGHT,SHORT_DEEP_RUN_FILTER
grid_n2_noise3.0_peak3.0_h45_w10_p65_x65,1790894760000,MAINTAIN,,LIGHT,SHORT_DEEP_RUN_FILTER
grid_n2_noise3.0_peak3.0_h45_w10_p65_x65,1790894820000,MAINTAIN,,LIGHT,SHORT_DEEP_RUN_FILTER
grid_n2_noise3.0_peak3.0_h45_w10_p65_x65,1790894880000,MAINTAIN,,LIGHT,SHORT_DEEP_RUN_FILTER
grid_n2_noise3.0_peak3.0_h45_w10_p65_x65,1790894940000,EXIT,exit_sustained_rolling_motion,LIGHT,
grid_n2_noise3.0_peak3.0_h45_w10_p65_x65,1790895060000,ENTER,enter_stable_window,DEEP,
grid_n2_noise3.0_peak3.0_h45_w10_p65_x65,1790896320000,EXIT,exit_missing_motion,LIGHT,
grid_n2_noise3.0_peak3.0_h60_w15_p50_x70,1790882700000,ENTER,enter_stable_window,LIGHT,SHORT_DEEP_RUN_FILTER
grid_n2_noise3.0_peak3.0_h60_w15_p50_x70,1790882760000,MAINTAIN,,LIGHT,SHORT_DEEP_RUN_FILTER
grid_n2_noise3.0_peak3.0_h60_w15_p50_x70,1790882820000,MAINTAIN,,LIGHT,SHORT_DEEP_RUN_FILTER
grid_n2_noise3.0_peak3.0_h60_w15_p50_x70,1790882880000,MAINTAIN,,LIGHT,SHORT_DEEP_RUN_FILTER
grid_n2_noise3.0_peak3.0_h60_w15_p50_x70,1790882940000,MAINTAIN,,LIGHT,SHORT_DEEP_RUN_FILTER
grid_n2_noise3.0_peak3.0_h60_w15_p50_x70,1790883000000,EXIT,exit_coupling_lost,LIGHT,
grid_n2_noise3.0_peak3.0_h60_w15_p50_x70,1790885820000,ENTER,enter_stable_window,LIGHT,SHORT_DEEP_RUN_FILTER
grid_n2_noise3.0_peak3.0_h60_w15_p50_x70,1790885880000,MAINTAIN,,LIGHT,SHORT_DEEP_RUN_FILTER
grid_n2_noise3.0_peak3.0_h60_w15_p50_x70,1790885940000,MAINTAIN,,LIGHT,SHORT_DEEP_RUN_FILTER
grid_n2_noise3.0_peak3.0_h60_w15_p50_x70,1790886000000,MAINTAIN,,LIGHT,SHORT_DEEP_RUN_FILTER
grid_n2_noise3.0_peak3.0_h60_w15_p50_x70,1790886060000,MAINTAIN,,LIGHT,SHORT_DEEP_RUN_FILTER
grid_n2_noise3.0_peak3.0_h60_w15_p50_x70,1790886120000,MAINTAIN,,LIGHT,SHORT_DEEP_RUN_FILTER
grid_n2_noise3.0_peak3.0_h60_w15_p50_x70,1790886180000,MAINTAIN,,LIGHT,SHORT_DEEP_RUN_FILTER
grid_n2_noise3.0_peak3.0_h60_w15_p50_x70,1790886240000,EXIT,exit_sustained_rolling_motion,LIGHT,
grid_n2_noise3.0_peak3.0_h60_w15_p50_x70,1790886420000,ENTER,enter_stable_window,DEEP,
grid_n2_noise3.0_peak3.0_h60_w15_p50_x70,1790890380000,EXIT,exit_sustained_rolling_motion,LIGHT,
grid_n2_noise3.0_peak3.0_h60_w15_p50_x70,1790890620000,ENTER,enter_stable_window,LIGHT,SHORT_DEEP_RUN_FILTER
grid_n2_noise3.0_peak3.0_h60_w15_p50_x70,1790890680000,MAINTAIN,,LIGHT,SHORT_DEEP_RUN_FILTER
grid_n2_noise3.0_peak3.0_h60_w15_p50_x70,1790890740000,MAINTAIN,,LIGHT,SHORT_DEEP_RUN_FILTER
grid_n2_noise3.0_peak3.0_h60_w15_p50_x70,1790890800000,MAINTAIN,,LIGHT,SHORT_DEEP_RUN_FILTER
grid_n2_noise3.0_peak3.0_h60_w15_p50_x70,1790890860000,MAINTAIN,,LIGHT,SHORT_DEEP_RUN_FILTER
grid_n2_noise3.0_peak3.0_h60_w15_p50_x70,1790890920000,EXIT,exit_sustained_rolling_motion,LIGHT,
grid_n2_noise3.0_peak3.0_h60_w15_p50_x70,1790891040000,ENTER,enter_stable_window,LIGHT,SHORT_DEEP_RUN_FILTER
grid_n2_noise3.0_peak3.0_h60_w15_p50_x70,1790891100000,MAINTAIN,,LIGHT,SHORT_DEEP_RUN_FILTER
grid_n2_noise3.0_peak3.0_h60_w15_p50_x70,1790891160000,MAINTAIN,,LIGHT,SHORT_DEEP_RUN_FILTER
grid_n2_noise3.0_peak3.0_h60_w15_p50_x70,1790891220000,MAINTAIN,,LIGHT,SHORT_DEEP_RUN_FILTER
grid_n2_noise3.0_peak3.0_h60_w15_p50_x70,1790891280000,MAINTAIN,,LIGHT,SHORT_DEEP_RUN_FILTER
grid_n2_noise3.0_peak3.0_h60_w15_p50_x70,1790891340000,MAINTAIN,,LIGHT,SHORT_DEEP_RUN_FILTER
grid_n2_noise3.0_peak3.0_h60_w15_p50_x70,1790891400000,EXIT,exit_sustained_rolling_motion,LIGHT,
grid_n2_noise3.0_peak3.0_h60_w15_p50_x70,1790893080000,ENTER,enter_stable_window,LIGHT,SHORT_DEEP_RUN_FILTER
grid_n2_noise3.0_peak3.0_h60_w15_p50_x70,1790893140000,MAINTAIN,,LIGHT,SHORT_DEEP_RUN_FILTER
grid_n2_noise3.0_peak3.0_h60_w15_p50_x70,1790893200000,MAINTAIN,,LIGHT,SHORT_DEEP_RUN_FILTER
grid_n2_noise3.0_peak3.0_h60_w15_p50_x70,1790893260000,MAINTAIN,,LIGHT,SHORT_DEEP_RUN_FILTER
grid_n2_noise3.0_peak3.0_h60_w15_p50_x70,1790893320000,MAINTAIN,,LIGHT,SHORT_DEEP_RUN_FILTER
grid_n2_noise3.0_peak3.0_h60_w15_p50_x70,1790893380000,MAINTAIN,,LIGHT,SHORT_DEEP_RUN_FILTER
grid_n2_noise3.0_peak3.0_h60_w15_p50_x70,1790893440000,EXIT,exit_sustained_rolling_motion,LIGHT,
grid_n2_noise3.0_peak3.0_h60_w15_p50_x70,1790893560000,ENTER,enter_stable_window,DEEP,
grid_n2_noise3.0_peak3.0_h60_w15_p50_x70,1790894460000,EXIT,exit_sustained_rolling_motion,LIGHT,
grid_n2_noise3.0_peak3.0_h60_w15_p50_x70,1790896080000,ENTER,enter_stable_window,LIGHT,SHORT_DEEP_RUN_FILTER
grid_n2_noise3.0_peak3.0_h60_w15_p50_x70,1790896140000,MAINTAIN,,LIGHT,SHORT_DEEP_RUN_FILTER
grid_n2_noise3.0_peak3.0_h60_w15_p50_x70,1790896200000,MAINTAIN,,LIGHT,SHORT_DEEP_RUN_FILTER
grid_n2_noise3.0_peak3.0_h60_w15_p50_x70,1790896260000,MAINTAIN,,LIGHT,SHORT_DEEP_RUN_FILTER
grid_n2_noise3.0_peak3.0_h60_w15_p50_x70,1790896320000,EXIT,exit_missing_motion,LIGHT,
grid_n2_noise3.0_peak3.0_h60_w15_p50_x65,1790882700000,ENTER,enter_stable_window,LIGHT,SHORT_DEEP_RUN_FILTER
grid_n2_noise3.0_peak3.0_h60_w15_p50_x65,1790882760000,MAINTAIN,,LIGHT,SHORT_DEEP_RUN_FILTER
grid_n2_noise3.0_peak3.0_h60_w15_p50_x65,1790882820000,MAINTAIN,,LIGHT,SHORT_DEEP_RUN_FILTER
grid_n2_noise3.0_peak3.0_h60_w15_p50_x65,1790882880000,MAINTAIN,,LIGHT,SHORT_DEEP_RUN_FILTER
grid_n2_noise3.0_peak3.0_h60_w15_p50_x65,1790882940000,MAINTAIN,,LIGHT,SHORT_DEEP_RUN_FILTER
grid_n2_noise3.0_peak3.0_h60_w15_p50_x65,1790883000000,EXIT,exit_coupling_lost,LIGHT,
grid_n2_noise3.0_peak3.0_h60_w15_p50_x65,1790885820000,ENTER,enter_stable_window,LIGHT,SHORT_DEEP_RUN_FILTER
grid_n2_noise3.0_peak3.0_h60_w15_p50_x65,1790885880000,MAINTAIN,,LIGHT,SHORT_DEEP_RUN_FILTER
grid_n2_noise3.0_peak3.0_h60_w15_p50_x65,1790885940000,MAINTAIN,,LIGHT,SHORT_DEEP_RUN_FILTER
grid_n2_noise3.0_peak3.0_h60_w15_p50_x65,1790886000000,MAINTAIN,,LIGHT,SHORT_DEEP_RUN_FILTER
grid_n2_noise3.0_peak3.0_h60_w15_p50_x65,1790886060000,MAINTAIN,,LIGHT,SHORT_DEEP_RUN_FILTER
grid_n2_noise3.0_peak3.0_h60_w15_p50_x65,1790886120000,MAINTAIN,,LIGHT,SHORT_DEEP_RUN_FILTER
grid_n2_noise3.0_peak3.0_h60_w15_p50_x65,1790886180000,MAINTAIN,,LIGHT,SHORT_DEEP_RUN_FILTER
grid_n2_noise3.0_peak3.0_h60_w15_p50_x65,1790886240000,EXIT,exit_sustained_rolling_motion,LIGHT,
grid_n2_noise3.0_peak3.0_h60_w15_p50_x65,1790886420000,ENTER,enter_stable_window,DEEP,
grid_n2_noise3.0_peak3.0_h60_w15_p50_x65,1790890380000,EXIT,exit_sustained_rolling_motion,LIGHT,
grid_n2_noise3.0_peak3.0_h60_w15_p50_x65,1790890620000,ENTER,enter_stable_window,LIGHT,SHORT_DEEP_RUN_FILTER
grid_n2_noise3.0_peak3.0_h60_w15_p50_x65,1790890680000,MAINTAIN,,LIGHT,SHORT_DEEP_RUN_FILTER
grid_n2_noise3.0_peak3.0_h60_w15_p50_x65,1790890740000,MAINTAIN,,LIGHT,SHORT_DEEP_RUN_FILTER
grid_n2_noise3.0_peak3.0_h60_w15_p50_x65,1790890800000,MAINTAIN,,LIGHT,SHORT_DEEP_RUN_FILTER
grid_n2_noise3.0_peak3.0_h60_w15_p50_x65,1790890860000,MAINTAIN,,LIGHT,SHORT_DEEP_RUN_FILTER
grid_n2_noise3.0_peak3.0_h60_w15_p50_x65,1790890920000,EXIT,exit_sustained_rolling_motion,LIGHT,
grid_n2_noise3.0_peak3.0_h60_w15_p50_x65,1790891040000,ENTER,enter_stable_window,LIGHT,SHORT_DEEP_RUN_FILTER
grid_n2_noise3.0_peak3.0_h60_w15_p50_x65,1790891100000,MAINTAIN,,LIGHT,SHORT_DEEP_RUN_FILTER
grid_n2_noise3.0_peak3.0_h60_w15_p50_x65,1790891160000,MAINTAIN,,LIGHT,SHORT_DEEP_RUN_FILTER
grid_n2_noise3.0_peak3.0_h60_w15_p50_x65,1790891220000,MAINTAIN,,LIGHT,SHORT_DEEP_RUN_FILTER
grid_n2_noise3.0_peak3.0_h60_w15_p50_x65,1790891280000,MAINTAIN,,LIGHT,SHORT_DEEP_RUN_FILTER
grid_n2_noise3.0_peak3.0_h60_w15_p50_x65,1790891340000,MAINTAIN,,LIGHT,SHORT_DEEP_RUN_FILTER
grid_n2_noise3.0_peak3.0_h60_w15_p50_x65,1790891400000,EXIT,exit_sustained_rolling_motion,LIGHT,
grid_n2_noise3.0_peak3.0_h60_w15_p50_x65,1790893080000,ENTER,enter_stable_window,LIGHT,SHORT_DEEP_RUN_FILTER
grid_n2_noise3.0_peak3.0_h60_w15_p50_x65,1790893140000,MAINTAIN,,LIGHT,SHORT_DEEP_RUN_FILTER
grid_n2_noise3.0_peak3.0_h60_w15_p50_x65,1790893200000,MAINTAIN,,LIGHT,SHORT_DEEP_RUN_FILTER
grid_n2_noise3.0_peak3.0_h60_w15_p50_x65,1790893260000,MAINTAIN,,LIGHT,SHORT_DEEP_RUN_FILTER
grid_n2_noise3.0_peak3.0_h60_w15_p50_x65,1790893320000,MAINTAIN,,LIGHT,SHORT_DEEP_RUN_FILTER
grid_n2_noise3.0_peak3.0_h60_w15_p50_x65,1790893380000,MAINTAIN,,LIGHT,SHORT_DEEP_RUN_FILTER
grid_n2_noise3.0_peak3.0_h60_w15_p50_x65,1790893440000,EXIT,exit_sustained_rolling_motion,LIGHT,
grid_n2_noise3.0_peak3.0_h60_w15_p50_x65,1790893560000,ENTER,enter_stable_window,DEEP,
grid_n2_noise3.0_peak3.0_h60_w15_p50_x65,1790894460000,EXIT,exit_sustained_rolling_motion,LIGHT,
grid_n2_noise3.0_peak3.0_h60_w15_p50_x65,1790896080000,ENTER,enter_stable_window,LIGHT,SHORT_DEEP_RUN_FILTER
grid_n2_noise3.0_peak3.0_h60_w15_p50_x65,1790896140000,MAINTAIN,,LIGHT,SHORT_DEEP_RUN_FILTER
grid_n2_noise3.0_peak3.0_h60_w15_p50_x65,1790896200000,MAINTAIN,,LIGHT,SHORT_DEEP_RUN_FILTER
grid_n2_noise3.0_peak3.0_h60_w15_p50_x65,1790896260000,MAINTAIN,,LIGHT,SHORT_DEEP_RUN_FILTER
grid_n2_noise3.0_peak3.0_h60_w15_p50_x65,1790896320000,EXIT,exit_missing_motion,LIGHT,
grid_n2_noise3.0_peak3.0_h60_w15_p65_x70,1790880180000,ENTER,enter_stable_window,DEEP,
grid_n2_noise3.0_peak3.0_h60_w15_p65_x70,1790883000000,EXIT,exit_coupling_lost,LIGHT,
grid_n2_noise3.0_peak3.0_h60_w15_p65_x70,1790885460000,ENTER,enter_stable_window,LIGHT,SHORT_DEEP_RUN_FILTER
grid_n2_noise3.0_peak3.0_h60_w15_p65_x70,1790885520000,MAINTAIN,,LIGHT,SHORT_DEEP_RUN_FILTER
grid_n2_noise3.0_peak3.0_h60_w15_p65_x70,1790885580000,MAINTAIN,,LIGHT,SHORT_DEEP_RUN_FILTER
grid_n2_noise3.0_peak3.0_h60_w15_p65_x70,1790885640000,MAINTAIN,,LIGHT,SHORT_DEEP_RUN_FILTER
grid_n2_noise3.0_peak3.0_h60_w15_p65_x70,1790885700000,EXIT,exit_sustained_rolling_motion,LIGHT,
grid_n2_noise3.0_peak3.0_h60_w15_p65_x70,1790885820000,ENTER,enter_stable_window,LIGHT,SHORT_DEEP_RUN_FILTER
grid_n2_noise3.0_peak3.0_h60_w15_p65_x70,1790885880000,MAINTAIN,,LIGHT,SHORT_DEEP_RUN_FILTER
grid_n2_noise3.0_peak3.0_h60_w15_p65_x70,1790885940000,MAINTAIN,,LIGHT,SHORT_DEEP_RUN_FILTER
grid_n2_noise3.0_peak3.0_h60_w15_p65_x70,1790886000000,MAINTAIN,,LIGHT,SHORT_DEEP_RUN_FILTER
grid_n2_noise3.0_peak3.0_h60_w15_p65_x70,1790886060000,MAINTAIN,,LIGHT,SHORT_DEEP_RUN_FILTER
grid_n2_noise3.0_peak3.0_h60_w15_p65_x70,1790886120000,MAINTAIN,,LIGHT,SHORT_DEEP_RUN_FILTER
grid_n2_noise3.0_peak3.0_h60_w15_p65_x70,1790886180000,MAINTAIN,,LIGHT,SHORT_DEEP_RUN_FILTER
grid_n2_noise3.0_peak3.0_h60_w15_p65_x70,1790886240000,EXIT,exit_sustained_rolling_motion,LIGHT,
grid_n2_noise3.0_peak3.0_h60_w15_p65_x70,1790886300000,ENTER,enter_stable_window,DEEP,
grid_n2_noise3.0_peak3.0_h60_w15_p65_x70,1790890380000,EXIT,exit_sustained_rolling_motion,LIGHT,
grid_n2_noise3.0_peak3.0_h60_w15_p65_x70,1790890560000,ENTER,enter_stable_window,LIGHT,SHORT_DEEP_RUN_FILTER
grid_n2_noise3.0_peak3.0_h60_w15_p65_x70,1790890620000,MAINTAIN,,LIGHT,SHORT_DEEP_RUN_FILTER
grid_n2_noise3.0_peak3.0_h60_w15_p65_x70,1790890680000,MAINTAIN,,LIGHT,SHORT_DEEP_RUN_FILTER
grid_n2_noise3.0_peak3.0_h60_w15_p65_x70,1790890740000,MAINTAIN,,LIGHT,SHORT_DEEP_RUN_FILTER
grid_n2_noise3.0_peak3.0_h60_w15_p65_x70,1790890800000,MAINTAIN,,LIGHT,SHORT_DEEP_RUN_FILTER
grid_n2_noise3.0_peak3.0_h60_w15_p65_x70,1790890860000,MAINTAIN,,LIGHT,SHORT_DEEP_RUN_FILTER
grid_n2_noise3.0_peak3.0_h60_w15_p65_x70,1790890920000,EXIT,exit_sustained_rolling_motion,LIGHT,
grid_n2_noise3.0_peak3.0_h60_w15_p65_x70,1790891040000,ENTER,enter_stable_window,LIGHT,SHORT_DEEP_RUN_FILTER
grid_n2_noise3.0_peak3.0_h60_w15_p65_x70,1790891100000,MAINTAIN,,LIGHT,SHORT_DEEP_RUN_FILTER
grid_n2_noise3.0_peak3.0_h60_w15_p65_x70,1790891160000,MAINTAIN,,LIGHT,SHORT_DEEP_RUN_FILTER
grid_n2_noise3.0_peak3.0_h60_w15_p65_x70,1790891220000,MAINTAIN,,LIGHT,SHORT_DEEP_RUN_FILTER
grid_n2_noise3.0_peak3.0_h60_w15_p65_x70,1790891280000,MAINTAIN,,LIGHT,SHORT_DEEP_RUN_FILTER
grid_n2_noise3.0_peak3.0_h60_w15_p65_x70,1790891340000,MAINTAIN,,LIGHT,SHORT_DEEP_RUN_FILTER
grid_n2_noise3.0_peak3.0_h60_w15_p65_x70,1790891400000,EXIT,exit_sustained_rolling_motion,LIGHT,
grid_n2_noise3.0_peak3.0_h60_w15_p65_x70,1790893080000,ENTER,enter_stable_window,LIGHT,SHORT_DEEP_RUN_FILTER
grid_n2_noise3.0_peak3.0_h60_w15_p65_x70,1790893140000,MAINTAIN,,LIGHT,SHORT_DEEP_RUN_FILTER
grid_n2_noise3.0_peak3.0_h60_w15_p65_x70,1790893200000,MAINTAIN,,LIGHT,SHORT_DEEP_RUN_FILTER
grid_n2_noise3.0_peak3.0_h60_w15_p65_x70,1790893260000,MAINTAIN,,LIGHT,SHORT_DEEP_RUN_FILTER
grid_n2_noise3.0_peak3.0_h60_w15_p65_x70,1790893320000,MAINTAIN,,LIGHT,SHORT_DEEP_RUN_FILTER
grid_n2_noise3.0_peak3.0_h60_w15_p65_x70,1790893380000,MAINTAIN,,LIGHT,SHORT_DEEP_RUN_FILTER
grid_n2_noise3.0_peak3.0_h60_w15_p65_x70,1790893440000,EXIT,exit_sustained_rolling_motion,LIGHT,
grid_n2_noise3.0_peak3.0_h60_w15_p65_x70,1790893560000,ENTER,enter_stable_window,DEEP,
grid_n2_noise3.0_peak3.0_h60_w15_p65_x70,1790894460000,EXIT,exit_sustained_rolling_motion,LIGHT,
grid_n2_noise3.0_peak3.0_h60_w15_p65_x70,1790894580000,ENTER,enter_stable_window,LIGHT,SHORT_DEEP_RUN_FILTER
grid_n2_noise3.0_peak3.0_h60_w15_p65_x70,1790894640000,MAINTAIN,,LIGHT,SHORT_DEEP_RUN_FILTER
grid_n2_noise3.0_peak3.0_h60_w15_p65_x70,1790894700000,MAINTAIN,,LIGHT,SHORT_DEEP_RUN_FILTER
grid_n2_noise3.0_peak3.0_h60_w15_p65_x70,1790894760000,MAINTAIN,,LIGHT,SHORT_DEEP_RUN_FILTER
grid_n2_noise3.0_peak3.0_h60_w15_p65_x70,1790894820000,MAINTAIN,,LIGHT,SHORT_DEEP_RUN_FILTER
grid_n2_noise3.0_peak3.0_h60_w15_p65_x70,1790894880000,MAINTAIN,,LIGHT,SHORT_DEEP_RUN_FILTER
grid_n2_noise3.0_peak3.0_h60_w15_p65_x70,1790894940000,EXIT,exit_sustained_rolling_motion,LIGHT,
grid_n2_noise3.0_peak3.0_h60_w15_p65_x70,1790895180000,ENTER,enter_stable_window,DEEP,
grid_n2_noise3.0_peak3.0_h60_w15_p65_x70,1790896320000,EXIT,exit_missing_motion,LIGHT,
grid_n2_noise3.0_peak3.0_h60_w15_p65_x65,1790880180000,ENTER,enter_stable_window,DEEP,
grid_n2_noise3.0_peak3.0_h60_w15_p65_x65,1790881260000,EXIT,exit_sustained_rolling_motion,LIGHT,
grid_n2_noise3.0_peak3.0_h60_w15_p65_x65,1790881320000,ENTER,enter_stable_window,LIGHT,SHORT_DEEP_RUN_FILTER
grid_n2_noise3.0_peak3.0_h60_w15_p65_x65,1790881380000,MAINTAIN,,LIGHT,SHORT_DEEP_RUN_FILTER
grid_n2_noise3.0_peak3.0_h60_w15_p65_x65,1790881440000,MAINTAIN,,LIGHT,SHORT_DEEP_RUN_FILTER
grid_n2_noise3.0_peak3.0_h60_w15_p65_x65,1790881500000,EXIT,exit_sustained_rolling_motion,LIGHT,
grid_n2_noise3.0_peak3.0_h60_w15_p65_x65,1790881560000,ENTER,enter_stable_window,DEEP,
grid_n2_noise3.0_peak3.0_h60_w15_p65_x65,1790883000000,EXIT,exit_coupling_lost,LIGHT,
grid_n2_noise3.0_peak3.0_h60_w15_p65_x65,1790885460000,ENTER,enter_stable_window,LIGHT,SHORT_DEEP_RUN_FILTER
grid_n2_noise3.0_peak3.0_h60_w15_p65_x65,1790885520000,MAINTAIN,,LIGHT,SHORT_DEEP_RUN_FILTER
grid_n2_noise3.0_peak3.0_h60_w15_p65_x65,1790885580000,MAINTAIN,,LIGHT,SHORT_DEEP_RUN_FILTER
grid_n2_noise3.0_peak3.0_h60_w15_p65_x65,1790885640000,MAINTAIN,,LIGHT,SHORT_DEEP_RUN_FILTER
grid_n2_noise3.0_peak3.0_h60_w15_p65_x65,1790885700000,EXIT,exit_sustained_rolling_motion,LIGHT,
grid_n2_noise3.0_peak3.0_h60_w15_p65_x65,1790885820000,ENTER,enter_stable_window,LIGHT,SHORT_DEEP_RUN_FILTER
grid_n2_noise3.0_peak3.0_h60_w15_p65_x65,1790885880000,MAINTAIN,,LIGHT,SHORT_DEEP_RUN_FILTER
grid_n2_noise3.0_peak3.0_h60_w15_p65_x65,1790885940000,MAINTAIN,,LIGHT,SHORT_DEEP_RUN_FILTER
grid_n2_noise3.0_peak3.0_h60_w15_p65_x65,1790886000000,MAINTAIN,,LIGHT,SHORT_DEEP_RUN_FILTER
grid_n2_noise3.0_peak3.0_h60_w15_p65_x65,1790886060000,MAINTAIN,,LIGHT,SHORT_DEEP_RUN_FILTER
grid_n2_noise3.0_peak3.0_h60_w15_p65_x65,1790886120000,MAINTAIN,,LIGHT,SHORT_DEEP_RUN_FILTER
grid_n2_noise3.0_peak3.0_h60_w15_p65_x65,1790886180000,MAINTAIN,,LIGHT,SHORT_DEEP_RUN_FILTER
grid_n2_noise3.0_peak3.0_h60_w15_p65_x65,1790886240000,EXIT,exit_sustained_rolling_motion,LIGHT,
grid_n2_noise3.0_peak3.0_h60_w15_p65_x65,1790886300000,ENTER,enter_stable_window,DEEP,
grid_n2_noise3.0_peak3.0_h60_w15_p65_x65,1790890380000,EXIT,exit_sustained_rolling_motion,LIGHT,
grid_n2_noise3.0_peak3.0_h60_w15_p65_x65,1790890560000,ENTER,enter_stable_window,LIGHT,SHORT_DEEP_RUN_FILTER
grid_n2_noise3.0_peak3.0_h60_w15_p65_x65,1790890620000,MAINTAIN,,LIGHT,SHORT_DEEP_RUN_FILTER
grid_n2_noise3.0_peak3.0_h60_w15_p65_x65,1790890680000,MAINTAIN,,LIGHT,SHORT_DEEP_RUN_FILTER
grid_n2_noise3.0_peak3.0_h60_w15_p65_x65,1790890740000,MAINTAIN,,LIGHT,SHORT_DEEP_RUN_FILTER
grid_n2_noise3.0_peak3.0_h60_w15_p65_x65,1790890800000,MAINTAIN,,LIGHT,SHORT_DEEP_RUN_FILTER
grid_n2_noise3.0_peak3.0_h60_w15_p65_x65,1790890860000,MAINTAIN,,LIGHT,SHORT_DEEP_RUN_FILTER
grid_n2_noise3.0_peak3.0_h60_w15_p65_x65,1790890920000,EXIT,exit_sustained_rolling_motion,LIGHT,
grid_n2_noise3.0_peak3.0_h60_w15_p65_x65,1790891040000,ENTER,enter_stable_window,LIGHT,SHORT_DEEP_RUN_FILTER
grid_n2_noise3.0_peak3.0_h60_w15_p65_x65,1790891100000,MAINTAIN,,LIGHT,SHORT_DEEP_RUN_FILTER
grid_n2_noise3.0_peak3.0_h60_w15_p65_x65,1790891160000,MAINTAIN,,LIGHT,SHORT_DEEP_RUN_FILTER
grid_n2_noise3.0_peak3.0_h60_w15_p65_x65,1790891220000,MAINTAIN,,LIGHT,SHORT_DEEP_RUN_FILTER
grid_n2_noise3.0_peak3.0_h60_w15_p65_x65,1790891280000,MAINTAIN,,LIGHT,SHORT_DEEP_RUN_FILTER
grid_n2_noise3.0_peak3.0_h60_w15_p65_x65,1790891340000,MAINTAIN,,LIGHT,SHORT_DEEP_RUN_FILTER
grid_n2_noise3.0_peak3.0_h60_w15_p65_x65,1790891400000,EXIT,exit_sustained_rolling_motion,LIGHT,
grid_n2_noise3.0_peak3.0_h60_w15_p65_x65,1790893080000,ENTER,enter_stable_window,LIGHT,SHORT_DEEP_RUN_FILTER
grid_n2_noise3.0_peak3.0_h60_w15_p65_x65,1790893140000,MAINTAIN,,LIGHT,SHORT_DEEP_RUN_FILTER
grid_n2_noise3.0_peak3.0_h60_w15_p65_x65,1790893200000,MAINTAIN,,LIGHT,SHORT_DEEP_RUN_FILTER
grid_n2_noise3.0_peak3.0_h60_w15_p65_x65,1790893260000,MAINTAIN,,LIGHT,SHORT_DEEP_RUN_FILTER
grid_n2_noise3.0_peak3.0_h60_w15_p65_x65,1790893320000,MAINTAIN,,LIGHT,SHORT_DEEP_RUN_FILTER
grid_n2_noise3.0_peak3.0_h60_w15_p65_x65,1790893380000,MAINTAIN,,LIGHT,SHORT_DEEP_RUN_FILTER
grid_n2_noise3.0_peak3.0_h60_w15_p65_x65,1790893440000,EXIT,exit_sustained_rolling_motion,LIGHT,
grid_n2_noise3.0_peak3.0_h60_w15_p65_x65,1790893560000,ENTER,enter_stable_window,DEEP,
grid_n2_noise3.0_peak3.0_h60_w15_p65_x65,1790894460000,EXIT,exit_sustained_rolling_motion,LIGHT,
grid_n2_noise3.0_peak3.0_h60_w15_p65_x65,1790894580000,ENTER,enter_stable_window,LIGHT,SHORT_DEEP_RUN_FILTER
grid_n2_noise3.0_peak3.0_h60_w15_p65_x65,1790894640000,MAINTAIN,,LIGHT,SHORT_DEEP_RUN_FILTER
grid_n2_noise3.0_peak3.0_h60_w15_p65_x65,1790894700000,MAINTAIN,,LIGHT,SHORT_DEEP_RUN_FILTER
grid_n2_noise3.0_peak3.0_h60_w15_p65_x65,1790894760000,MAINTAIN,,LIGHT,SHORT_DEEP_RUN_FILTER
grid_n2_noise3.0_peak3.0_h60_w15_p65_x65,1790894820000,MAINTAIN,,LIGHT,SHORT_DEEP_RUN_FILTER
grid_n2_noise3.0_peak3.0_h60_w15_p65_x65,1790894880000,MAINTAIN,,LIGHT,SHORT_DEEP_RUN_FILTER
grid_n2_noise3.0_peak3.0_h60_w15_p65_x65,1790894940000,EXIT,exit_sustained_rolling_motion,LIGHT,
grid_n2_noise3.0_peak3.0_h60_w15_p65_x65,1790895180000,ENTER,enter_stable_window,DEEP,
grid_n2_noise3.0_peak3.0_h60_w15_p65_x65,1790896320000,EXIT,exit_missing_motion,LIGHT,
grid_n2_noise3.0_peak3.0_h60_w10_p50_x70,1790882520000,ENTER,enter_stable_window,LIGHT,SHORT_DEEP_RUN_FILTER
grid_n2_noise3.0_peak3.0_h60_w10_p50_x70,1790882580000,MAINTAIN,,LIGHT,SHORT_DEEP_RUN_FILTER
grid_n2_noise3.0_peak3.0_h60_w10_p50_x70,1790882640000,MAINTAIN,,LIGHT,SHORT_DEEP_RUN_FILTER
grid_n2_noise3.0_peak3.0_h60_w10_p50_x70,1790882700000,MAINTAIN,,LIGHT,SHORT_DEEP_RUN_FILTER
grid_n2_noise3.0_peak3.0_h60_w10_p50_x70,1790882760000,MAINTAIN,,LIGHT,SHORT_DEEP_RUN_FILTER
grid_n2_noise3.0_peak3.0_h60_w10_p50_x70,1790882820000,MAINTAIN,,LIGHT,SHORT_DEEP_RUN_FILTER
grid_n2_noise3.0_peak3.0_h60_w10_p50_x70,1790882880000,MAINTAIN,,LIGHT,SHORT_DEEP_RUN_FILTER
grid_n2_noise3.0_peak3.0_h60_w10_p50_x70,1790882940000,MAINTAIN,,LIGHT,SHORT_DEEP_RUN_FILTER
grid_n2_noise3.0_peak3.0_h60_w10_p50_x70,1790883000000,EXIT,exit_coupling_lost,LIGHT,
grid_n2_noise3.0_peak3.0_h60_w10_p50_x70,1790885340000,ENTER,enter_stable_window,LIGHT,SHORT_DEEP_RUN_FILTER
grid_n2_noise3.0_peak3.0_h60_w10_p50_x70,1790885400000,MAINTAIN,,LIGHT,SHORT_DEEP_RUN_FILTER
grid_n2_noise3.0_peak3.0_h60_w10_p50_x70,1790885460000,MAINTAIN,,LIGHT,SHORT_DEEP_RUN_FILTER
grid_n2_noise3.0_peak3.0_h60_w10_p50_x70,1790885520000,MAINTAIN,,LIGHT,SHORT_DEEP_RUN_FILTER
grid_n2_noise3.0_peak3.0_h60_w10_p50_x70,1790885580000,MAINTAIN,,LIGHT,SHORT_DEEP_RUN_FILTER
grid_n2_noise3.0_peak3.0_h60_w10_p50_x70,1790885640000,MAINTAIN,,LIGHT,SHORT_DEEP_RUN_FILTER
grid_n2_noise3.0_peak3.0_h60_w10_p50_x70,1790885700000,EXIT,exit_sustained_rolling_motion,LIGHT,
grid_n2_noise3.0_peak3.0_h60_w10_p50_x70,1790885820000,ENTER,enter_stable_window,LIGHT,SHORT_DEEP_RUN_FILTER
grid_n2_noise3.0_peak3.0_h60_w10_p50_x70,1790885880000,MAINTAIN,,LIGHT,SHORT_DEEP_RUN_FILTER
grid_n2_noise3.0_peak3.0_h60_w10_p50_x70,1790885940000,MAINTAIN,,LIGHT,SHORT_DEEP_RUN_FILTER
grid_n2_noise3.0_peak3.0_h60_w10_p50_x70,1790886000000,MAINTAIN,,LIGHT,SHORT_DEEP_RUN_FILTER
grid_n2_noise3.0_peak3.0_h60_w10_p50_x70,1790886060000,MAINTAIN,,LIGHT,SHORT_DEEP_RUN_FILTER
grid_n2_noise3.0_peak3.0_h60_w10_p50_x70,1790886120000,MAINTAIN,,LIGHT,SHORT_DEEP_RUN_FILTER
grid_n2_noise3.0_peak3.0_h60_w10_p50_x70,1790886180000,MAINTAIN,,LIGHT,SHORT_DEEP_RUN_FILTER
grid_n2_noise3.0_peak3.0_h60_w10_p50_x70,1790886240000,EXIT,exit_sustained_rolling_motion,LIGHT,
grid_n2_noise3.0_peak3.0_h60_w10_p50_x70,1790886300000,ENTER,enter_stable_window,DEEP,
grid_n2_noise3.0_peak3.0_h60_w10_p50_x70,1790890380000,EXIT,exit_sustained_rolling_motion,LIGHT,
grid_n2_noise3.0_peak3.0_h60_w10_p50_x70,1790890560000,ENTER,enter_stable_window,LIGHT,SHORT_DEEP_RUN_FILTER
grid_n2_noise3.0_peak3.0_h60_w10_p50_x70,1790890620000,MAINTAIN,,LIGHT,SHORT_DEEP_RUN_FILTER
grid_n2_noise3.0_peak3.0_h60_w10_p50_x70,1790890680000,MAINTAIN,,LIGHT,SHORT_DEEP_RUN_FILTER
grid_n2_noise3.0_peak3.0_h60_w10_p50_x70,1790890740000,MAINTAIN,,LIGHT,SHORT_DEEP_RUN_FILTER
grid_n2_noise3.0_peak3.0_h60_w10_p50_x70,1790890800000,MAINTAIN,,LIGHT,SHORT_DEEP_RUN_FILTER
grid_n2_noise3.0_peak3.0_h60_w10_p50_x70,1790890860000,MAINTAIN,,LIGHT,SHORT_DEEP_RUN_FILTER
grid_n2_noise3.0_peak3.0_h60_w10_p50_x70,1790890920000,EXIT,exit_sustained_rolling_motion,LIGHT,
grid_n2_noise3.0_peak3.0_h60_w10_p50_x70,1790890980000,ENTER,enter_stable_window,LIGHT,SHORT_DEEP_RUN_FILTER
grid_n2_noise3.0_peak3.0_h60_w10_p50_x70,1790891040000,MAINTAIN,,LIGHT,SHORT_DEEP_RUN_FILTER
grid_n2_noise3.0_peak3.0_h60_w10_p50_x70,1790891100000,MAINTAIN,,LIGHT,SHORT_DEEP_RUN_FILTER
grid_n2_noise3.0_peak3.0_h60_w10_p50_x70,1790891160000,MAINTAIN,,LIGHT,SHORT_DEEP_RUN_FILTER
grid_n2_noise3.0_peak3.0_h60_w10_p50_x70,1790891220000,MAINTAIN,,LIGHT,SHORT_DEEP_RUN_FILTER
grid_n2_noise3.0_peak3.0_h60_w10_p50_x70,1790891280000,MAINTAIN,,LIGHT,SHORT_DEEP_RUN_FILTER
grid_n2_noise3.0_peak3.0_h60_w10_p50_x70,1790891340000,MAINTAIN,,LIGHT,SHORT_DEEP_RUN_FILTER
grid_n2_noise3.0_peak3.0_h60_w10_p50_x70,1790891400000,EXIT,exit_sustained_rolling_motion,LIGHT,
grid_n2_noise3.0_peak3.0_h60_w10_p50_x70,1790892960000,ENTER,enter_stable_window,LIGHT,SHORT_DEEP_RUN_FILTER
grid_n2_noise3.0_peak3.0_h60_w10_p50_x70,1790893020000,MAINTAIN,,LIGHT,SHORT_DEEP_RUN_FILTER
grid_n2_noise3.0_peak3.0_h60_w10_p50_x70,1790893080000,MAINTAIN,,LIGHT,SHORT_DEEP_RUN_FILTER
grid_n2_noise3.0_peak3.0_h60_w10_p50_x70,1790893140000,MAINTAIN,,LIGHT,SHORT_DEEP_RUN_FILTER
grid_n2_noise3.0_peak3.0_h60_w10_p50_x70,1790893200000,MAINTAIN,,LIGHT,SHORT_DEEP_RUN_FILTER
grid_n2_noise3.0_peak3.0_h60_w10_p50_x70,1790893260000,MAINTAIN,,LIGHT,SHORT_DEEP_RUN_FILTER
grid_n2_noise3.0_peak3.0_h60_w10_p50_x70,1790893320000,MAINTAIN,,LIGHT,SHORT_DEEP_RUN_FILTER
grid_n2_noise3.0_peak3.0_h60_w10_p50_x70,1790893380000,MAINTAIN,,LIGHT,SHORT_DEEP_RUN_FILTER
grid_n2_noise3.0_peak3.0_h60_w10_p50_x70,1790893440000,EXIT,exit_sustained_rolling_motion,LIGHT,
grid_n2_noise3.0_peak3.0_h60_w10_p50_x70,1790893560000,ENTER,enter_stable_window,DEEP,
grid_n2_noise3.0_peak3.0_h60_w10_p50_x70,1790894460000,EXIT,exit_sustained_rolling_motion,LIGHT,
grid_n2_noise3.0_peak3.0_h60_w10_p50_x70,1790896140000,ENTER,enter_stable_window,LIGHT,SHORT_DEEP_RUN_FILTER
grid_n2_noise3.0_peak3.0_h60_w10_p50_x70,1790896200000,MAINTAIN,,LIGHT,SHORT_DEEP_RUN_FILTER
grid_n2_noise3.0_peak3.0_h60_w10_p50_x70,1790896260000,MAINTAIN,,LIGHT,SHORT_DEEP_RUN_FILTER
grid_n2_noise3.0_peak3.0_h60_w10_p50_x70,1790896320000,EXIT,exit_missing_motion,LIGHT,
grid_n2_noise3.0_peak3.0_h60_w10_p50_x65,1790882520000,ENTER,enter_stable_window,LIGHT,SHORT_DEEP_RUN_FILTER
grid_n2_noise3.0_peak3.0_h60_w10_p50_x65,1790882580000,MAINTAIN,,LIGHT,SHORT_DEEP_RUN_FILTER
grid_n2_noise3.0_peak3.0_h60_w10_p50_x65,1790882640000,MAINTAIN,,LIGHT,SHORT_DEEP_RUN_FILTER
grid_n2_noise3.0_peak3.0_h60_w10_p50_x65,1790882700000,MAINTAIN,,LIGHT,SHORT_DEEP_RUN_FILTER
grid_n2_noise3.0_peak3.0_h60_w10_p50_x65,1790882760000,MAINTAIN,,LIGHT,SHORT_DEEP_RUN_FILTER
grid_n2_noise3.0_peak3.0_h60_w10_p50_x65,1790882820000,MAINTAIN,,LIGHT,SHORT_DEEP_RUN_FILTER
grid_n2_noise3.0_peak3.0_h60_w10_p50_x65,1790882880000,MAINTAIN,,LIGHT,SHORT_DEEP_RUN_FILTER
grid_n2_noise3.0_peak3.0_h60_w10_p50_x65,1790882940000,MAINTAIN,,LIGHT,SHORT_DEEP_RUN_FILTER
grid_n2_noise3.0_peak3.0_h60_w10_p50_x65,1790883000000,EXIT,exit_coupling_lost,LIGHT,
grid_n2_noise3.0_peak3.0_h60_w10_p50_x65,1790885340000,ENTER,enter_stable_window,LIGHT,SHORT_DEEP_RUN_FILTER
grid_n2_noise3.0_peak3.0_h60_w10_p50_x65,1790885400000,MAINTAIN,,LIGHT,SHORT_DEEP_RUN_FILTER
grid_n2_noise3.0_peak3.0_h60_w10_p50_x65,1790885460000,MAINTAIN,,LIGHT,SHORT_DEEP_RUN_FILTER
grid_n2_noise3.0_peak3.0_h60_w10_p50_x65,1790885520000,MAINTAIN,,LIGHT,SHORT_DEEP_RUN_FILTER
grid_n2_noise3.0_peak3.0_h60_w10_p50_x65,1790885580000,MAINTAIN,,LIGHT,SHORT_DEEP_RUN_FILTER
grid_n2_noise3.0_peak3.0_h60_w10_p50_x65,1790885640000,MAINTAIN,,LIGHT,SHORT_DEEP_RUN_FILTER
grid_n2_noise3.0_peak3.0_h60_w10_p50_x65,1790885700000,EXIT,exit_sustained_rolling_motion,LIGHT,
grid_n2_noise3.0_peak3.0_h60_w10_p50_x65,1790885820000,ENTER,enter_stable_window,LIGHT,SHORT_DEEP_RUN_FILTER
grid_n2_noise3.0_peak3.0_h60_w10_p50_x65,1790885880000,MAINTAIN,,LIGHT,SHORT_DEEP_RUN_FILTER
grid_n2_noise3.0_peak3.0_h60_w10_p50_x65,1790885940000,MAINTAIN,,LIGHT,SHORT_DEEP_RUN_FILTER
grid_n2_noise3.0_peak3.0_h60_w10_p50_x65,1790886000000,MAINTAIN,,LIGHT,SHORT_DEEP_RUN_FILTER
grid_n2_noise3.0_peak3.0_h60_w10_p50_x65,1790886060000,MAINTAIN,,LIGHT,SHORT_DEEP_RUN_FILTER
grid_n2_noise3.0_peak3.0_h60_w10_p50_x65,1790886120000,MAINTAIN,,LIGHT,SHORT_DEEP_RUN_FILTER
grid_n2_noise3.0_peak3.0_h60_w10_p50_x65,1790886180000,MAINTAIN,,LIGHT,SHORT_DEEP_RUN_FILTER
grid_n2_noise3.0_peak3.0_h60_w10_p50_x65,1790886240000,EXIT,exit_sustained_rolling_motion,LIGHT,
grid_n2_noise3.0_peak3.0_h60_w10_p50_x65,1790886300000,ENTER,enter_stable_window,DEEP,
grid_n2_noise3.0_peak3.0_h60_w10_p50_x65,1790890380000,EXIT,exit_sustained_rolling_motion,LIGHT,
grid_n2_noise3.0_peak3.0_h60_w10_p50_x65,1790890560000,ENTER,enter_stable_window,LIGHT,SHORT_DEEP_RUN_FILTER
grid_n2_noise3.0_peak3.0_h60_w10_p50_x65,1790890620000,MAINTAIN,,LIGHT,SHORT_DEEP_RUN_FILTER
grid_n2_noise3.0_peak3.0_h60_w10_p50_x65,1790890680000,MAINTAIN,,LIGHT,SHORT_DEEP_RUN_FILTER
grid_n2_noise3.0_peak3.0_h60_w10_p50_x65,1790890740000,MAINTAIN,,LIGHT,SHORT_DEEP_RUN_FILTER
grid_n2_noise3.0_peak3.0_h60_w10_p50_x65,1790890800000,MAINTAIN,,LIGHT,SHORT_DEEP_RUN_FILTER
grid_n2_noise3.0_peak3.0_h60_w10_p50_x65,1790890860000,MAINTAIN,,LIGHT,SHORT_DEEP_RUN_FILTER
grid_n2_noise3.0_peak3.0_h60_w10_p50_x65,1790890920000,EXIT,exit_sustained_rolling_motion,LIGHT,
grid_n2_noise3.0_peak3.0_h60_w10_p50_x65,1790890980000,ENTER,enter_stable_window,LIGHT,SHORT_DEEP_RUN_FILTER
grid_n2_noise3.0_peak3.0_h60_w10_p50_x65,1790891040000,MAINTAIN,,LIGHT,SHORT_DEEP_RUN_FILTER
grid_n2_noise3.0_peak3.0_h60_w10_p50_x65,1790891100000,MAINTAIN,,LIGHT,SHORT_DEEP_RUN_FILTER
grid_n2_noise3.0_peak3.0_h60_w10_p50_x65,1790891160000,MAINTAIN,,LIGHT,SHORT_DEEP_RUN_FILTER
grid_n2_noise3.0_peak3.0_h60_w10_p50_x65,1790891220000,MAINTAIN,,LIGHT,SHORT_DEEP_RUN_FILTER
grid_n2_noise3.0_peak3.0_h60_w10_p50_x65,1790891280000,MAINTAIN,,LIGHT,SHORT_DEEP_RUN_FILTER
grid_n2_noise3.0_peak3.0_h60_w10_p50_x65,1790891340000,MAINTAIN,,LIGHT,SHORT_DEEP_RUN_FILTER
grid_n2_noise3.0_peak3.0_h60_w10_p50_x65,1790891400000,EXIT,exit_sustained_rolling_motion,LIGHT,
grid_n2_noise3.0_peak3.0_h60_w10_p50_x65,1790892960000,ENTER,enter_stable_window,LIGHT,SHORT_DEEP_RUN_FILTER
grid_n2_noise3.0_peak3.0_h60_w10_p50_x65,1790893020000,MAINTAIN,,LIGHT,SHORT_DEEP_RUN_FILTER
grid_n2_noise3.0_peak3.0_h60_w10_p50_x65,1790893080000,MAINTAIN,,LIGHT,SHORT_DEEP_RUN_FILTER
grid_n2_noise3.0_peak3.0_h60_w10_p50_x65,1790893140000,MAINTAIN,,LIGHT,SHORT_DEEP_RUN_FILTER
grid_n2_noise3.0_peak3.0_h60_w10_p50_x65,1790893200000,MAINTAIN,,LIGHT,SHORT_DEEP_RUN_FILTER
grid_n2_noise3.0_peak3.0_h60_w10_p50_x65,1790893260000,MAINTAIN,,LIGHT,SHORT_DEEP_RUN_FILTER
grid_n2_noise3.0_peak3.0_h60_w10_p50_x65,1790893320000,MAINTAIN,,LIGHT,SHORT_DEEP_RUN_FILTER
grid_n2_noise3.0_peak3.0_h60_w10_p50_x65,1790893380000,MAINTAIN,,LIGHT,SHORT_DEEP_RUN_FILTER
grid_n2_noise3.0_peak3.0_h60_w10_p50_x65,1790893440000,EXIT,exit_sustained_rolling_motion,LIGHT,
grid_n2_noise3.0_peak3.0_h60_w10_p50_x65,1790893560000,ENTER,enter_stable_window,DEEP,
grid_n2_noise3.0_peak3.0_h60_w10_p50_x65,1790894460000,EXIT,exit_sustained_rolling_motion,LIGHT,
grid_n2_noise3.0_peak3.0_h60_w10_p50_x65,1790896140000,ENTER,enter_stable_window,LIGHT,SHORT_DEEP_RUN_FILTER
grid_n2_noise3.0_peak3.0_h60_w10_p50_x65,1790896200000,MAINTAIN,,LIGHT,SHORT_DEEP_RUN_FILTER
grid_n2_noise3.0_peak3.0_h60_w10_p50_x65,1790896260000,MAINTAIN,,LIGHT,SHORT_DEEP_RUN_FILTER
grid_n2_noise3.0_peak3.0_h60_w10_p50_x65,1790896320000,EXIT,exit_missing_motion,LIGHT,
grid_n2_noise3.0_peak3.0_h60_w10_p65_x70,1790880300000,ENTER,enter_stable_window,DEEP,
grid_n2_noise3.0_peak3.0_h60_w10_p65_x70,1790883000000,EXIT,exit_coupling_lost,LIGHT,
grid_n2_noise3.0_peak3.0_h60_w10_p65_x70,1790885160000,ENTER,enter_stable_window,LIGHT,SHORT_DEEP_RUN_FILTER
grid_n2_noise3.0_peak3.0_h60_w10_p65_x70,1790885220000,MAINTAIN,,LIGHT,SHORT_DEEP_RUN_FILTER
grid_n2_noise3.0_peak3.0_h60_w10_p65_x70,1790885280000,MAINTAIN,,LIGHT,SHORT_DEEP_RUN_FILTER
grid_n2_noise3.0_peak3.0_h60_w10_p65_x70,1790885340000,MAINTAIN,,LIGHT,SHORT_DEEP_RUN_FILTER
grid_n2_noise3.0_peak3.0_h60_w10_p65_x70,1790885400000,MAINTAIN,,LIGHT,SHORT_DEEP_RUN_FILTER
grid_n2_noise3.0_peak3.0_h60_w10_p65_x70,1790885460000,MAINTAIN,,LIGHT,SHORT_DEEP_RUN_FILTER
grid_n2_noise3.0_peak3.0_h60_w10_p65_x70,1790885520000,MAINTAIN,,LIGHT,SHORT_DEEP_RUN_FILTER
grid_n2_noise3.0_peak3.0_h60_w10_p65_x70,1790885580000,MAINTAIN,,LIGHT,SHORT_DEEP_RUN_FILTER
grid_n2_noise3.0_peak3.0_h60_w10_p65_x70,1790885640000,MAINTAIN,,LIGHT,SHORT_DEEP_RUN_FILTER
grid_n2_noise3.0_peak3.0_h60_w10_p65_x70,1790885700000,EXIT,exit_sustained_rolling_motion,LIGHT,
grid_n2_noise3.0_peak3.0_h60_w10_p65_x70,1790885820000,ENTER,enter_stable_window,LIGHT,SHORT_DEEP_RUN_FILTER
grid_n2_noise3.0_peak3.0_h60_w10_p65_x70,1790885880000,MAINTAIN,,LIGHT,SHORT_DEEP_RUN_FILTER
grid_n2_noise3.0_peak3.0_h60_w10_p65_x70,1790885940000,MAINTAIN,,LIGHT,SHORT_DEEP_RUN_FILTER
grid_n2_noise3.0_peak3.0_h60_w10_p65_x70,1790886000000,MAINTAIN,,LIGHT,SHORT_DEEP_RUN_FILTER
grid_n2_noise3.0_peak3.0_h60_w10_p65_x70,1790886060000,MAINTAIN,,LIGHT,SHORT_DEEP_RUN_FILTER
grid_n2_noise3.0_peak3.0_h60_w10_p65_x70,1790886120000,MAINTAIN,,LIGHT,SHORT_DEEP_RUN_FILTER
grid_n2_noise3.0_peak3.0_h60_w10_p65_x70,1790886180000,MAINTAIN,,LIGHT,SHORT_DEEP_RUN_FILTER
grid_n2_noise3.0_peak3.0_h60_w10_p65_x70,1790886240000,EXIT,exit_sustained_rolling_motion,LIGHT,
grid_n2_noise3.0_peak3.0_h60_w10_p65_x70,1790886300000,ENTER,enter_stable_window,DEEP,
grid_n2_noise3.0_peak3.0_h60_w10_p65_x70,1790890380000,EXIT,exit_sustained_rolling_motion,LIGHT,
grid_n2_noise3.0_peak3.0_h60_w10_p65_x70,1790890560000,ENTER,enter_stable_window,LIGHT,SHORT_DEEP_RUN_FILTER
grid_n2_noise3.0_peak3.0_h60_w10_p65_x70,1790890620000,MAINTAIN,,LIGHT,SHORT_DEEP_RUN_FILTER
grid_n2_noise3.0_peak3.0_h60_w10_p65_x70,1790890680000,MAINTAIN,,LIGHT,SHORT_DEEP_RUN_FILTER
grid_n2_noise3.0_peak3.0_h60_w10_p65_x70,1790890740000,MAINTAIN,,LIGHT,SHORT_DEEP_RUN_FILTER
grid_n2_noise3.0_peak3.0_h60_w10_p65_x70,1790890800000,MAINTAIN,,LIGHT,SHORT_DEEP_RUN_FILTER
grid_n2_noise3.0_peak3.0_h60_w10_p65_x70,1790890860000,MAINTAIN,,LIGHT,SHORT_DEEP_RUN_FILTER
grid_n2_noise3.0_peak3.0_h60_w10_p65_x70,1790890920000,EXIT,exit_sustained_rolling_motion,LIGHT,
grid_n2_noise3.0_peak3.0_h60_w10_p65_x70,1790890980000,ENTER,enter_stable_window,LIGHT,SHORT_DEEP_RUN_FILTER
grid_n2_noise3.0_peak3.0_h60_w10_p65_x70,1790891040000,MAINTAIN,,LIGHT,SHORT_DEEP_RUN_FILTER
grid_n2_noise3.0_peak3.0_h60_w10_p65_x70,1790891100000,MAINTAIN,,LIGHT,SHORT_DEEP_RUN_FILTER
grid_n2_noise3.0_peak3.0_h60_w10_p65_x70,1790891160000,MAINTAIN,,LIGHT,SHORT_DEEP_RUN_FILTER
grid_n2_noise3.0_peak3.0_h60_w10_p65_x70,1790891220000,MAINTAIN,,LIGHT,SHORT_DEEP_RUN_FILTER
grid_n2_noise3.0_peak3.0_h60_w10_p65_x70,1790891280000,MAINTAIN,,LIGHT,SHORT_DEEP_RUN_FILTER
grid_n2_noise3.0_peak3.0_h60_w10_p65_x70,1790891340000,MAINTAIN,,LIGHT,SHORT_DEEP_RUN_FILTER
grid_n2_noise3.0_peak3.0_h60_w10_p65_x70,1790891400000,EXIT,exit_sustained_rolling_motion,LIGHT,
grid_n2_noise3.0_peak3.0_h60_w10_p65_x70,1790892900000,ENTER,enter_stable_window,LIGHT,SHORT_DEEP_RUN_FILTER
grid_n2_noise3.0_peak3.0_h60_w10_p65_x70,1790892960000,MAINTAIN,,LIGHT,SHORT_DEEP_RUN_FILTER
grid_n2_noise3.0_peak3.0_h60_w10_p65_x70,1790893020000,MAINTAIN,,LIGHT,SHORT_DEEP_RUN_FILTER
grid_n2_noise3.0_peak3.0_h60_w10_p65_x70,1790893080000,MAINTAIN,,LIGHT,SHORT_DEEP_RUN_FILTER
grid_n2_noise3.0_peak3.0_h60_w10_p65_x70,1790893140000,MAINTAIN,,LIGHT,SHORT_DEEP_RUN_FILTER
grid_n2_noise3.0_peak3.0_h60_w10_p65_x70,1790893200000,MAINTAIN,,LIGHT,SHORT_DEEP_RUN_FILTER
grid_n2_noise3.0_peak3.0_h60_w10_p65_x70,1790893260000,MAINTAIN,,LIGHT,SHORT_DEEP_RUN_FILTER
grid_n2_noise3.0_peak3.0_h60_w10_p65_x70,1790893320000,MAINTAIN,,LIGHT,SHORT_DEEP_RUN_FILTER
grid_n2_noise3.0_peak3.0_h60_w10_p65_x70,1790893380000,MAINTAIN,,LIGHT,SHORT_DEEP_RUN_FILTER
grid_n2_noise3.0_peak3.0_h60_w10_p65_x70,1790893440000,EXIT,exit_sustained_rolling_motion,LIGHT,
grid_n2_noise3.0_peak3.0_h60_w10_p65_x70,1790893560000,ENTER,enter_stable_window,DEEP,
grid_n2_noise3.0_peak3.0_h60_w10_p65_x70,1790894460000,EXIT,exit_sustained_rolling_motion,LIGHT,
grid_n2_noise3.0_peak3.0_h60_w10_p65_x70,1790894580000,ENTER,enter_stable_window,LIGHT,SHORT_DEEP_RUN_FILTER
grid_n2_noise3.0_peak3.0_h60_w10_p65_x70,1790894640000,MAINTAIN,,LIGHT,SHORT_DEEP_RUN_FILTER
grid_n2_noise3.0_peak3.0_h60_w10_p65_x70,1790894700000,MAINTAIN,,LIGHT,SHORT_DEEP_RUN_FILTER
grid_n2_noise3.0_peak3.0_h60_w10_p65_x70,1790894760000,MAINTAIN,,LIGHT,SHORT_DEEP_RUN_FILTER
grid_n2_noise3.0_peak3.0_h60_w10_p65_x70,1790894820000,MAINTAIN,,LIGHT,SHORT_DEEP_RUN_FILTER
grid_n2_noise3.0_peak3.0_h60_w10_p65_x70,1790894880000,MAINTAIN,,LIGHT,SHORT_DEEP_RUN_FILTER
grid_n2_noise3.0_peak3.0_h60_w10_p65_x70,1790894940000,EXIT,exit_sustained_rolling_motion,LIGHT,
grid_n2_noise3.0_peak3.0_h60_w10_p65_x70,1790895420000,ENTER,enter_stable_window,DEEP,
grid_n2_noise3.0_peak3.0_h60_w10_p65_x70,1790896320000,EXIT,exit_missing_motion,LIGHT,
grid_n2_noise3.0_peak3.0_h60_w10_p65_x65,1790880300000,ENTER,enter_stable_window,DEEP,
grid_n2_noise3.0_peak3.0_h60_w10_p65_x65,1790881260000,EXIT,exit_sustained_rolling_motion,LIGHT,
grid_n2_noise3.0_peak3.0_h60_w10_p65_x65,1790881320000,ENTER,enter_stable_window,LIGHT,SHORT_DEEP_RUN_FILTER
grid_n2_noise3.0_peak3.0_h60_w10_p65_x65,1790881380000,MAINTAIN,,LIGHT,SHORT_DEEP_RUN_FILTER
grid_n2_noise3.0_peak3.0_h60_w10_p65_x65,1790881440000,MAINTAIN,,LIGHT,SHORT_DEEP_RUN_FILTER
grid_n2_noise3.0_peak3.0_h60_w10_p65_x65,1790881500000,EXIT,exit_sustained_rolling_motion,LIGHT,
grid_n2_noise3.0_peak3.0_h60_w10_p65_x65,1790881680000,ENTER,enter_stable_window,DEEP,
grid_n2_noise3.0_peak3.0_h60_w10_p65_x65,1790883000000,EXIT,exit_coupling_lost,LIGHT,
grid_n2_noise3.0_peak3.0_h60_w10_p65_x65,1790885160000,ENTER,enter_stable_window,LIGHT,SHORT_DEEP_RUN_FILTER
grid_n2_noise3.0_peak3.0_h60_w10_p65_x65,1790885220000,MAINTAIN,,LIGHT,SHORT_DEEP_RUN_FILTER
grid_n2_noise3.0_peak3.0_h60_w10_p65_x65,1790885280000,MAINTAIN,,LIGHT,SHORT_DEEP_RUN_FILTER
grid_n2_noise3.0_peak3.0_h60_w10_p65_x65,1790885340000,MAINTAIN,,LIGHT,SHORT_DEEP_RUN_FILTER
grid_n2_noise3.0_peak3.0_h60_w10_p65_x65,1790885400000,MAINTAIN,,LIGHT,SHORT_DEEP_RUN_FILTER
grid_n2_noise3.0_peak3.0_h60_w10_p65_x65,1790885460000,MAINTAIN,,LIGHT,SHORT_DEEP_RUN_FILTER
grid_n2_noise3.0_peak3.0_h60_w10_p65_x65,1790885520000,MAINTAIN,,LIGHT,SHORT_DEEP_RUN_FILTER
grid_n2_noise3.0_peak3.0_h60_w10_p65_x65,1790885580000,MAINTAIN,,LIGHT,SHORT_DEEP_RUN_FILTER
grid_n2_noise3.0_peak3.0_h60_w10_p65_x65,1790885640000,MAINTAIN,,LIGHT,SHORT_DEEP_RUN_FILTER
grid_n2_noise3.0_peak3.0_h60_w10_p65_x65,1790885700000,EXIT,exit_sustained_rolling_motion,LIGHT,
grid_n2_noise3.0_peak3.0_h60_w10_p65_x65,1790885820000,ENTER,enter_stable_window,LIGHT,SHORT_DEEP_RUN_FILTER
grid_n2_noise3.0_peak3.0_h60_w10_p65_x65,1790885880000,MAINTAIN,,LIGHT,SHORT_DEEP_RUN_FILTER
grid_n2_noise3.0_peak3.0_h60_w10_p65_x65,1790885940000,MAINTAIN,,LIGHT,SHORT_DEEP_RUN_FILTER
grid_n2_noise3.0_peak3.0_h60_w10_p65_x65,1790886000000,MAINTAIN,,LIGHT,SHORT_DEEP_RUN_FILTER
grid_n2_noise3.0_peak3.0_h60_w10_p65_x65,1790886060000,MAINTAIN,,LIGHT,SHORT_DEEP_RUN_FILTER
grid_n2_noise3.0_peak3.0_h60_w10_p65_x65,1790886120000,MAINTAIN,,LIGHT,SHORT_DEEP_RUN_FILTER
grid_n2_noise3.0_peak3.0_h60_w10_p65_x65,1790886180000,MAINTAIN,,LIGHT,SHORT_DEEP_RUN_FILTER
grid_n2_noise3.0_peak3.0_h60_w10_p65_x65,1790886240000,EXIT,exit_sustained_rolling_motion,LIGHT,
grid_n2_noise3.0_peak3.0_h60_w10_p65_x65,1790886300000,ENTER,enter_stable_window,DEEP,
grid_n2_noise3.0_peak3.0_h60_w10_p65_x65,1790890380000,EXIT,exit_sustained_rolling_motion,LIGHT,
grid_n2_noise3.0_peak3.0_h60_w10_p65_x65,1790890560000,ENTER,enter_stable_window,LIGHT,SHORT_DEEP_RUN_FILTER
grid_n2_noise3.0_peak3.0_h60_w10_p65_x65,1790890620000,MAINTAIN,,LIGHT,SHORT_DEEP_RUN_FILTER
grid_n2_noise3.0_peak3.0_h60_w10_p65_x65,1790890680000,MAINTAIN,,LIGHT,SHORT_DEEP_RUN_FILTER
grid_n2_noise3.0_peak3.0_h60_w10_p65_x65,1790890740000,MAINTAIN,,LIGHT,SHORT_DEEP_RUN_FILTER
grid_n2_noise3.0_peak3.0_h60_w10_p65_x65,1790890800000,MAINTAIN,,LIGHT,SHORT_DEEP_RUN_FILTER
grid_n2_noise3.0_peak3.0_h60_w10_p65_x65,1790890860000,MAINTAIN,,LIGHT,SHORT_DEEP_RUN_FILTER
grid_n2_noise3.0_peak3.0_h60_w10_p65_x65,1790890920000,EXIT,exit_sustained_rolling_motion,LIGHT,
grid_n2_noise3.0_peak3.0_h60_w10_p65_x65,1790890980000,ENTER,enter_stable_window,LIGHT,SHORT_DEEP_RUN_FILTER
grid_n2_noise3.0_peak3.0_h60_w10_p65_x65,1790891040000,MAINTAIN,,LIGHT,SHORT_DEEP_RUN_FILTER
grid_n2_noise3.0_peak3.0_h60_w10_p65_x65,1790891100000,MAINTAIN,,LIGHT,SHORT_DEEP_RUN_FILTER
grid_n2_noise3.0_peak3.0_h60_w10_p65_x65,1790891160000,MAINTAIN,,LIGHT,SHORT_DEEP_RUN_FILTER
grid_n2_noise3.0_peak3.0_h60_w10_p65_x65,1790891220000,MAINTAIN,,LIGHT,SHORT_DEEP_RUN_FILTER
grid_n2_noise3.0_peak3.0_h60_w10_p65_x65,1790891280000,MAINTAIN,,LIGHT,SHORT_DEEP_RUN_FILTER
grid_n2_noise3.0_peak3.0_h60_w10_p65_x65,1790891340000,MAINTAIN,,LIGHT,SHORT_DEEP_RUN_FILTER
grid_n2_noise3.0_peak3.0_h60_w10_p65_x65,1790891400000,EXIT,exit_sustained_rolling_motion,LIGHT,
grid_n2_noise3.0_peak3.0_h60_w10_p65_x65,1790892900000,ENTER,enter_stable_window,LIGHT,SHORT_DEEP_RUN_FILTER
grid_n2_noise3.0_peak3.0_h60_w10_p65_x65,1790892960000,MAINTAIN,,LIGHT,SHORT_DEEP_RUN_FILTER
grid_n2_noise3.0_peak3.0_h60_w10_p65_x65,1790893020000,MAINTAIN,,LIGHT,SHORT_DEEP_RUN_FILTER
grid_n2_noise3.0_peak3.0_h60_w10_p65_x65,1790893080000,MAINTAIN,,LIGHT,SHORT_DEEP_RUN_FILTER
grid_n2_noise3.0_peak3.0_h60_w10_p65_x65,1790893140000,MAINTAIN,,LIGHT,SHORT_DEEP_RUN_FILTER
grid_n2_noise3.0_peak3.0_h60_w10_p65_x65,1790893200000,MAINTAIN,,LIGHT,SHORT_DEEP_RUN_FILTER
grid_n2_noise3.0_peak3.0_h60_w10_p65_x65,1790893260000,MAINTAIN,,LIGHT,SHORT_DEEP_RUN_FILTER
grid_n2_noise3.0_peak3.0_h60_w10_p65_x65,1790893320000,MAINTAIN,,LIGHT,SHORT_DEEP_RUN_FILTER
grid_n2_noise3.0_peak3.0_h60_w10_p65_x65,1790893380000,MAINTAIN,,LIGHT,SHORT_DEEP_RUN_FILTER
grid_n2_noise3.0_peak3.0_h60_w10_p65_x65,1790893440000,EXIT,exit_sustained_rolling_motion,LIGHT,
grid_n2_noise3.0_peak3.0_h60_w10_p65_x65,1790893560000,ENTER,enter_stable_window,DEEP,
grid_n2_noise3.0_peak3.0_h60_w10_p65_x65,1790894460000,EXIT,exit_sustained_rolling_motion,LIGHT,
grid_n2_noise3.0_peak3.0_h60_w10_p65_x65,1790894580000,ENTER,enter_stable_window,LIGHT,SHORT_DEEP_RUN_FILTER
grid_n2_noise3.0_peak3.0_h60_w10_p65_x65,1790894640000,MAINTAIN,,LIGHT,SHORT_DEEP_RUN_FILTER
grid_n2_noise3.0_peak3.0_h60_w10_p65_x65,1790894700000,MAINTAIN,,LIGHT,SHORT_DEEP_RUN_FILTER
grid_n2_noise3.0_peak3.0_h60_w10_p65_x65,1790894760000,MAINTAIN,,LIGHT,SHORT_DEEP_RUN_FILTER
grid_n2_noise3.0_peak3.0_h60_w10_p65_x65,1790894820000,MAINTAIN,,LIGHT,SHORT_DEEP_RUN_FILTER
grid_n2_noise3.0_peak3.0_h60_w10_p65_x65,1790894880000,MAINTAIN,,LIGHT,SHORT_DEEP_RUN_FILTER
grid_n2_noise3.0_peak3.0_h60_w10_p65_x65,1790894940000,EXIT,exit_sustained_rolling_motion,LIGHT,
grid_n2_noise3.0_peak3.0_h60_w10_p65_x65,1790895420000,ENTER,enter_stable_window,DEEP,
grid_n2_noise3.0_peak3.0_h60_w10_p65_x65,1790896320000,EXIT,exit_missing_motion,LIGHT,
grid_n2_noise2.5_peak1.5_h45_w15_p50_x70,1790882700000,ENTER,enter_stable_window,DEEP,
grid_n2_noise2.5_peak1.5_h45_w15_p50_x70,1790884440000,EXIT,exit_coupling_lost,LIGHT,
grid_n2_noise2.5_peak1.5_h45_w15_p50_x70,1790886480000,ENTER,enter_stable_window,DEEP,
grid_n2_noise2.5_peak1.5_h45_w15_p50_x70,1790889840000,EXIT,exit_coupling_lost,LIGHT,
grid_n2_noise2.5_peak1.5_h45_w15_p50_x65,1790882700000,ENTER,enter_stable_window,DEEP,
grid_n2_noise2.5_peak1.5_h45_w15_p50_x65,1790884440000,EXIT,exit_coupling_lost,LIGHT,
grid_n2_noise2.5_peak1.5_h45_w15_p50_x65,1790886480000,ENTER,enter_stable_window,DEEP,
grid_n2_noise2.5_peak1.5_h45_w15_p50_x65,1790889840000,EXIT,exit_coupling_lost,LIGHT,
grid_n2_noise2.5_peak1.5_h45_w15_p65_x70,1790880660000,ENTER,enter_stable_window,DEEP,
grid_n2_noise2.5_peak1.5_h45_w15_p65_x70,1790881260000,EXIT,exit_sustained_rolling_motion,LIGHT,
grid_n2_noise2.5_peak1.5_h45_w15_p65_x70,1790882400000,ENTER,enter_stable_window,DEEP,
grid_n2_noise2.5_peak1.5_h45_w15_p65_x70,1790884440000,EXIT,exit_coupling_lost,LIGHT,
grid_n2_noise2.5_peak1.5_h45_w15_p65_x70,1790886480000,ENTER,enter_stable_window,DEEP,
grid_n2_noise2.5_peak1.5_h45_w15_p65_x70,1790889840000,EXIT,exit_coupling_lost,LIGHT,
grid_n2_noise2.5_peak1.5_h45_w15_p65_x70,1790895720000,ENTER,enter_stable_window,DEEP,
grid_n2_noise2.5_peak1.5_h45_w15_p65_x70,1790896320000,EXIT,exit_missing_motion,LIGHT,
grid_n2_noise2.5_peak1.5_h45_w15_p65_x65,1790880660000,ENTER,enter_stable_window,DEEP,
grid_n2_noise2.5_peak1.5_h45_w15_p65_x65,1790881260000,EXIT,exit_sustained_rolling_motion,LIGHT,
grid_n2_noise2.5_peak1.5_h45_w15_p65_x65,1790882400000,ENTER,enter_stable_window,DEEP,
grid_n2_noise2.5_peak1.5_h45_w15_p65_x65,1790884440000,EXIT,exit_coupling_lost,LIGHT,
grid_n2_noise2.5_peak1.5_h45_w15_p65_x65,1790886480000,ENTER,enter_stable_window,DEEP,
grid_n2_noise2.5_peak1.5_h45_w15_p65_x65,1790889840000,EXIT,exit_coupling_lost,LIGHT,
grid_n2_noise2.5_peak1.5_h45_w15_p65_x65,1790895720000,ENTER,enter_stable_window,DEEP,
grid_n2_noise2.5_peak1.5_h45_w15_p65_x65,1790896320000,EXIT,exit_missing_motion,LIGHT,
grid_n2_noise2.5_peak1.5_h45_w10_p50_x70,1790882520000,ENTER,enter_stable_window,DEEP,
grid_n2_noise2.5_peak1.5_h45_w10_p50_x70,1790884440000,EXIT,exit_coupling_lost,LIGHT,
grid_n2_noise2.5_peak1.5_h45_w10_p50_x70,1790886300000,ENTER,enter_stable_window,DEEP,
grid_n2_noise2.5_peak1.5_h45_w10_p50_x70,1790889840000,EXIT,exit_coupling_lost,LIGHT,
grid_n2_noise2.5_peak1.5_h45_w10_p50_x70,1790896140000,ENTER,enter_stable_window,LIGHT,SHORT_DEEP_RUN_FILTER
grid_n2_noise2.5_peak1.5_h45_w10_p50_x70,1790896200000,MAINTAIN,,LIGHT,SHORT_DEEP_RUN_FILTER
grid_n2_noise2.5_peak1.5_h45_w10_p50_x70,1790896260000,MAINTAIN,,LIGHT,SHORT_DEEP_RUN_FILTER
grid_n2_noise2.5_peak1.5_h45_w10_p50_x70,1790896320000,EXIT,exit_missing_motion,LIGHT,
grid_n2_noise2.5_peak1.5_h45_w10_p50_x65,1790882520000,ENTER,enter_stable_window,DEEP,
grid_n2_noise2.5_peak1.5_h45_w10_p50_x65,1790884440000,EXIT,exit_coupling_lost,LIGHT,
grid_n2_noise2.5_peak1.5_h45_w10_p50_x65,1790886300000,ENTER,enter_stable_window,DEEP,
grid_n2_noise2.5_peak1.5_h45_w10_p50_x65,1790889840000,EXIT,exit_coupling_lost,LIGHT,
grid_n2_noise2.5_peak1.5_h45_w10_p50_x65,1790896140000,ENTER,enter_stable_window,LIGHT,SHORT_DEEP_RUN_FILTER
grid_n2_noise2.5_peak1.5_h45_w10_p50_x65,1790896200000,MAINTAIN,,LIGHT,SHORT_DEEP_RUN_FILTER
grid_n2_noise2.5_peak1.5_h45_w10_p50_x65,1790896260000,MAINTAIN,,LIGHT,SHORT_DEEP_RUN_FILTER
grid_n2_noise2.5_peak1.5_h45_w10_p50_x65,1790896320000,EXIT,exit_missing_motion,LIGHT,
grid_n2_noise2.5_peak1.5_h45_w10_p65_x70,1790880480000,ENTER,enter_stable_window,DEEP,
grid_n2_noise2.5_peak1.5_h45_w10_p65_x70,1790881260000,EXIT,exit_sustained_rolling_motion,LIGHT,
grid_n2_noise2.5_peak1.5_h45_w10_p65_x70,1790882400000,ENTER,enter_stable_window,DEEP,
grid_n2_noise2.5_peak1.5_h45_w10_p65_x70,1790884440000,EXIT,exit_coupling_lost,LIGHT,
grid_n2_noise2.5_peak1.5_h45_w10_p65_x70,1790886300000,ENTER,enter_stable_window,DEEP,
grid_n2_noise2.5_peak1.5_h45_w10_p65_x70,1790889840000,EXIT,exit_coupling_lost,LIGHT,
grid_n2_noise2.5_peak1.5_h45_w10_p65_x70,1790895540000,ENTER,enter_stable_window,DEEP,
grid_n2_noise2.5_peak1.5_h45_w10_p65_x70,1790896320000,EXIT,exit_missing_motion,LIGHT,
grid_n2_noise2.5_peak1.5_h45_w10_p65_x65,1790880480000,ENTER,enter_stable_window,DEEP,
grid_n2_noise2.5_peak1.5_h45_w10_p65_x65,1790881260000,EXIT,exit_sustained_rolling_motion,LIGHT,
grid_n2_noise2.5_peak1.5_h45_w10_p65_x65,1790882400000,ENTER,enter_stable_window,DEEP,
grid_n2_noise2.5_peak1.5_h45_w10_p65_x65,1790884440000,EXIT,exit_coupling_lost,LIGHT,
grid_n2_noise2.5_peak1.5_h45_w10_p65_x65,1790886300000,ENTER,enter_stable_window,DEEP,
grid_n2_noise2.5_peak1.5_h45_w10_p65_x65,1790889840000,EXIT,exit_coupling_lost,LIGHT,
grid_n2_noise2.5_peak1.5_h45_w10_p65_x65,1790895540000,ENTER,enter_stable_window,DEEP,
grid_n2_noise2.5_peak1.5_h45_w10_p65_x65,1790896320000,EXIT,exit_missing_motion,LIGHT,
grid_n2_noise2.5_peak1.5_h60_w15_p50_x70,1790882700000,ENTER,enter_stable_window,DEEP,
grid_n2_noise2.5_peak1.5_h60_w15_p50_x70,1790884440000,EXIT,exit_coupling_lost,LIGHT,
grid_n2_noise2.5_peak1.5_h60_w15_p50_x70,1790886480000,ENTER,enter_stable_window,DEEP,
grid_n2_noise2.5_peak1.5_h60_w15_p50_x70,1790889840000,EXIT,exit_coupling_lost,LIGHT,
grid_n2_noise2.5_peak1.5_h60_w15_p50_x65,1790882700000,ENTER,enter_stable_window,DEEP,
grid_n2_noise2.5_peak1.5_h60_w15_p50_x65,1790884440000,EXIT,exit_coupling_lost,LIGHT,
grid_n2_noise2.5_peak1.5_h60_w15_p50_x65,1790886480000,ENTER,enter_stable_window,DEEP,
grid_n2_noise2.5_peak1.5_h60_w15_p50_x65,1790889840000,EXIT,exit_coupling_lost,LIGHT,
grid_n2_noise2.5_peak1.5_h60_w15_p65_x70,1790880660000,ENTER,enter_stable_window,DEEP,
grid_n2_noise2.5_peak1.5_h60_w15_p65_x70,1790881260000,EXIT,exit_sustained_rolling_motion,LIGHT,
grid_n2_noise2.5_peak1.5_h60_w15_p65_x70,1790882400000,ENTER,enter_stable_window,DEEP,
grid_n2_noise2.5_peak1.5_h60_w15_p65_x70,1790884440000,EXIT,exit_coupling_lost,LIGHT,
grid_n2_noise2.5_peak1.5_h60_w15_p65_x70,1790886480000,ENTER,enter_stable_window,DEEP,
grid_n2_noise2.5_peak1.5_h60_w15_p65_x70,1790889840000,EXIT,exit_coupling_lost,LIGHT,
grid_n2_noise2.5_peak1.5_h60_w15_p65_x70,1790895720000,ENTER,enter_stable_window,DEEP,
grid_n2_noise2.5_peak1.5_h60_w15_p65_x70,1790896320000,EXIT,exit_missing_motion,LIGHT,
grid_n2_noise2.5_peak1.5_h60_w15_p65_x65,1790880660000,ENTER,enter_stable_window,DEEP,
grid_n2_noise2.5_peak1.5_h60_w15_p65_x65,1790881260000,EXIT,exit_sustained_rolling_motion,LIGHT,
grid_n2_noise2.5_peak1.5_h60_w15_p65_x65,1790882400000,ENTER,enter_stable_window,DEEP,
grid_n2_noise2.5_peak1.5_h60_w15_p65_x65,1790884440000,EXIT,exit_coupling_lost,LIGHT,
grid_n2_noise2.5_peak1.5_h60_w15_p65_x65,1790886480000,ENTER,enter_stable_window,DEEP,
grid_n2_noise2.5_peak1.5_h60_w15_p65_x65,1790889840000,EXIT,exit_coupling_lost,LIGHT,
grid_n2_noise2.5_peak1.5_h60_w15_p65_x65,1790895720000,ENTER,enter_stable_window,DEEP,
grid_n2_noise2.5_peak1.5_h60_w15_p65_x65,1790896320000,EXIT,exit_missing_motion,LIGHT,
grid_n2_noise2.5_peak1.5_h60_w10_p50_x70,1790882520000,ENTER,enter_stable_window,DEEP,
grid_n2_noise2.5_peak1.5_h60_w10_p50_x70,1790884440000,EXIT,exit_coupling_lost,LIGHT,
grid_n2_noise2.5_peak1.5_h60_w10_p50_x70,1790886300000,ENTER,enter_stable_window,DEEP,
grid_n2_noise2.5_peak1.5_h60_w10_p50_x70,1790889840000,EXIT,exit_coupling_lost,LIGHT,
grid_n2_noise2.5_peak1.5_h60_w10_p50_x70,1790896140000,ENTER,enter_stable_window,LIGHT,SHORT_DEEP_RUN_FILTER
grid_n2_noise2.5_peak1.5_h60_w10_p50_x70,1790896200000,MAINTAIN,,LIGHT,SHORT_DEEP_RUN_FILTER
grid_n2_noise2.5_peak1.5_h60_w10_p50_x70,1790896260000,MAINTAIN,,LIGHT,SHORT_DEEP_RUN_FILTER
grid_n2_noise2.5_peak1.5_h60_w10_p50_x70,1790896320000,EXIT,exit_missing_motion,LIGHT,
grid_n2_noise2.5_peak1.5_h60_w10_p50_x65,1790882520000,ENTER,enter_stable_window,DEEP,
grid_n2_noise2.5_peak1.5_h60_w10_p50_x65,1790884440000,EXIT,exit_coupling_lost,LIGHT,
grid_n2_noise2.5_peak1.5_h60_w10_p50_x65,1790886300000,ENTER,enter_stable_window,DEEP,
grid_n2_noise2.5_peak1.5_h60_w10_p50_x65,1790889840000,EXIT,exit_coupling_lost,LIGHT,
grid_n2_noise2.5_peak1.5_h60_w10_p50_x65,1790896140000,ENTER,enter_stable_window,LIGHT,SHORT_DEEP_RUN_FILTER
grid_n2_noise2.5_peak1.5_h60_w10_p50_x65,1790896200000,MAINTAIN,,LIGHT,SHORT_DEEP_RUN_FILTER
grid_n2_noise2.5_peak1.5_h60_w10_p50_x65,1790896260000,MAINTAIN,,LIGHT,SHORT_DEEP_RUN_FILTER
grid_n2_noise2.5_peak1.5_h60_w10_p50_x65,1790896320000,EXIT,exit_missing_motion,LIGHT,
grid_n2_noise2.5_peak1.5_h60_w10_p65_x70,1790880480000,ENTER,enter_stable_window,DEEP,
grid_n2_noise2.5_peak1.5_h60_w10_p65_x70,1790881260000,EXIT,exit_sustained_rolling_motion,LIGHT,
grid_n2_noise2.5_peak1.5_h60_w10_p65_x70,1790882400000,ENTER,enter_stable_window,DEEP,
grid_n2_noise2.5_peak1.5_h60_w10_p65_x70,1790884440000,EXIT,exit_coupling_lost,LIGHT,
grid_n2_noise2.5_peak1.5_h60_w10_p65_x70,1790886300000,ENTER,enter_stable_window,DEEP,
grid_n2_noise2.5_peak1.5_h60_w10_p65_x70,1790889840000,EXIT,exit_coupling_lost,LIGHT,
grid_n2_noise2.5_peak1.5_h60_w10_p65_x70,1790895540000,ENTER,enter_stable_window,DEEP,
grid_n2_noise2.5_peak1.5_h60_w10_p65_x70,1790896320000,EXIT,exit_missing_motion,LIGHT,
grid_n2_noise2.5_peak1.5_h60_w10_p65_x65,1790880480000,ENTER,enter_stable_window,DEEP,
grid_n2_noise2.5_peak1.5_h60_w10_p65_x65,1790881260000,EXIT,exit_sustained_rolling_motion,LIGHT,
grid_n2_noise2.5_peak1.5_h60_w10_p65_x65,1790882400000,ENTER,enter_stable_window,DEEP,
grid_n2_noise2.5_peak1.5_h60_w10_p65_x65,1790884440000,EXIT,exit_coupling_lost,LIGHT,
grid_n2_noise2.5_peak1.5_h60_w10_p65_x65,1790886300000,ENTER,enter_stable_window,DEEP,
grid_n2_noise2.5_peak1.5_h60_w10_p65_x65,1790889840000,EXIT,exit_coupling_lost,LIGHT,
grid_n2_noise2.5_peak1.5_h60_w10_p65_x65,1790895540000,ENTER,enter_stable_window,DEEP,
grid_n2_noise2.5_peak1.5_h60_w10_p65_x65,1790896320000,EXIT,exit_missing_motion,LIGHT,
grid_n2_noise2.5_peak3.0_h45_w15_p50_x70,1790882700000,ENTER,enter_stable_window,DEEP,
grid_n2_noise2.5_peak3.0_h45_w15_p50_x70,1790884680000,EXIT,exit_sustained_rolling_motion,LIGHT,
grid_n2_noise2.5_peak3.0_h45_w15_p50_x70,1790885820000,ENTER,enter_stable_window,LIGHT,SHORT_DEEP_RUN_FILTER
grid_n2_noise2.5_peak3.0_h45_w15_p50_x70,1790885880000,MAINTAIN,,LIGHT,SHORT_DEEP_RUN_FILTER
grid_n2_noise2.5_peak3.0_h45_w15_p50_x70,1790885940000,MAINTAIN,,LIGHT,SHORT_DEEP_RUN_FILTER
grid_n2_noise2.5_peak3.0_h45_w15_p50_x70,1790886000000,MAINTAIN,,LIGHT,SHORT_DEEP_RUN_FILTER
grid_n2_noise2.5_peak3.0_h45_w15_p50_x70,1790886060000,MAINTAIN,,LIGHT,SHORT_DEEP_RUN_FILTER
grid_n2_noise2.5_peak3.0_h45_w15_p50_x70,1790886120000,MAINTAIN,,LIGHT,SHORT_DEEP_RUN_FILTER
grid_n2_noise2.5_peak3.0_h45_w15_p50_x70,1790886180000,MAINTAIN,,LIGHT,SHORT_DEEP_RUN_FILTER
grid_n2_noise2.5_peak3.0_h45_w15_p50_x70,1790886240000,EXIT,exit_sustained_rolling_motion,LIGHT,
grid_n2_noise2.5_peak3.0_h45_w15_p50_x70,1790886420000,ENTER,enter_stable_window,DEEP,
grid_n2_noise2.5_peak3.0_h45_w15_p50_x70,1790890380000,EXIT,exit_sustained_rolling_motion,LIGHT,
grid_n2_noise2.5_peak3.0_h45_w15_p50_x70,1790890620000,ENTER,enter_stable_window,LIGHT,SHORT_DEEP_RUN_FILTER
grid_n2_noise2.5_peak3.0_h45_w15_p50_x70,1790890680000,MAINTAIN,,LIGHT,SHORT_DEEP_RUN_FILTER
grid_n2_noise2.5_peak3.0_h45_w15_p50_x70,1790890740000,MAINTAIN,,LIGHT,SHORT_DEEP_RUN_FILTER
grid_n2_noise2.5_peak3.0_h45_w15_p50_x70,1790890800000,MAINTAIN,,LIGHT,SHORT_DEEP_RUN_FILTER
grid_n2_noise2.5_peak3.0_h45_w15_p50_x70,1790890860000,MAINTAIN,,LIGHT,SHORT_DEEP_RUN_FILTER
grid_n2_noise2.5_peak3.0_h45_w15_p50_x70,1790890920000,EXIT,exit_sustained_rolling_motion,LIGHT,
grid_n2_noise2.5_peak3.0_h45_w15_p50_x70,1790891040000,ENTER,enter_stable_window,LIGHT,SHORT_DEEP_RUN_FILTER
grid_n2_noise2.5_peak3.0_h45_w15_p50_x70,1790891100000,MAINTAIN,,LIGHT,SHORT_DEEP_RUN_FILTER
grid_n2_noise2.5_peak3.0_h45_w15_p50_x70,1790891160000,MAINTAIN,,LIGHT,SHORT_DEEP_RUN_FILTER
grid_n2_noise2.5_peak3.0_h45_w15_p50_x70,1790891220000,MAINTAIN,,LIGHT,SHORT_DEEP_RUN_FILTER
grid_n2_noise2.5_peak3.0_h45_w15_p50_x70,1790891280000,MAINTAIN,,LIGHT,SHORT_DEEP_RUN_FILTER
grid_n2_noise2.5_peak3.0_h45_w15_p50_x70,1790891340000,MAINTAIN,,LIGHT,SHORT_DEEP_RUN_FILTER
grid_n2_noise2.5_peak3.0_h45_w15_p50_x70,1790891400000,EXIT,exit_sustained_rolling_motion,LIGHT,
grid_n2_noise2.5_peak3.0_h45_w15_p50_x70,1790893080000,ENTER,enter_stable_window,LIGHT,SHORT_DEEP_RUN_FILTER
grid_n2_noise2.5_peak3.0_h45_w15_p50_x70,1790893140000,MAINTAIN,,LIGHT,SHORT_DEEP_RUN_FILTER
grid_n2_noise2.5_peak3.0_h45_w15_p50_x70,1790893200000,MAINTAIN,,LIGHT,SHORT_DEEP_RUN_FILTER
grid_n2_noise2.5_peak3.0_h45_w15_p50_x70,1790893260000,MAINTAIN,,LIGHT,SHORT_DEEP_RUN_FILTER
grid_n2_noise2.5_peak3.0_h45_w15_p50_x70,1790893320000,MAINTAIN,,LIGHT,SHORT_DEEP_RUN_FILTER
grid_n2_noise2.5_peak3.0_h45_w15_p50_x70,1790893380000,MAINTAIN,,LIGHT,SHORT_DEEP_RUN_FILTER
grid_n2_noise2.5_peak3.0_h45_w15_p50_x70,1790893440000,EXIT,exit_sustained_rolling_motion,LIGHT,
grid_n2_noise2.5_peak3.0_h45_w15_p50_x70,1790893620000,ENTER,enter_stable_window,DEEP,
grid_n2_noise2.5_peak3.0_h45_w15_p50_x70,1790894460000,EXIT,exit_sustained_rolling_motion,LIGHT,
grid_n2_noise2.5_peak3.0_h45_w15_p50_x70,1790896260000,ENTER,enter_stable_window,LIGHT,SHORT_DEEP_RUN_FILTER
grid_n2_noise2.5_peak3.0_h45_w15_p50_x70,1790896320000,EXIT,exit_missing_motion,LIGHT,
grid_n2_noise2.5_peak3.0_h45_w15_p50_x65,1790882700000,ENTER,enter_stable_window,DEEP,
grid_n2_noise2.5_peak3.0_h45_w15_p50_x65,1790884680000,EXIT,exit_sustained_rolling_motion,LIGHT,
grid_n2_noise2.5_peak3.0_h45_w15_p50_x65,1790885820000,ENTER,enter_stable_window,LIGHT,SHORT_DEEP_RUN_FILTER
grid_n2_noise2.5_peak3.0_h45_w15_p50_x65,1790885880000,MAINTAIN,,LIGHT,SHORT_DEEP_RUN_FILTER
grid_n2_noise2.5_peak3.0_h45_w15_p50_x65,1790885940000,MAINTAIN,,LIGHT,SHORT_DEEP_RUN_FILTER
grid_n2_noise2.5_peak3.0_h45_w15_p50_x65,1790886000000,MAINTAIN,,LIGHT,SHORT_DEEP_RUN_FILTER
grid_n2_noise2.5_peak3.0_h45_w15_p50_x65,1790886060000,MAINTAIN,,LIGHT,SHORT_DEEP_RUN_FILTER
grid_n2_noise2.5_peak3.0_h45_w15_p50_x65,1790886120000,MAINTAIN,,LIGHT,SHORT_DEEP_RUN_FILTER
grid_n2_noise2.5_peak3.0_h45_w15_p50_x65,1790886180000,MAINTAIN,,LIGHT,SHORT_DEEP_RUN_FILTER
grid_n2_noise2.5_peak3.0_h45_w15_p50_x65,1790886240000,EXIT,exit_sustained_rolling_motion,LIGHT,
grid_n2_noise2.5_peak3.0_h45_w15_p50_x65,1790886420000,ENTER,enter_stable_window,DEEP,
grid_n2_noise2.5_peak3.0_h45_w15_p50_x65,1790890380000,EXIT,exit_sustained_rolling_motion,LIGHT,
grid_n2_noise2.5_peak3.0_h45_w15_p50_x65,1790890620000,ENTER,enter_stable_window,LIGHT,SHORT_DEEP_RUN_FILTER
grid_n2_noise2.5_peak3.0_h45_w15_p50_x65,1790890680000,MAINTAIN,,LIGHT,SHORT_DEEP_RUN_FILTER
grid_n2_noise2.5_peak3.0_h45_w15_p50_x65,1790890740000,MAINTAIN,,LIGHT,SHORT_DEEP_RUN_FILTER
grid_n2_noise2.5_peak3.0_h45_w15_p50_x65,1790890800000,MAINTAIN,,LIGHT,SHORT_DEEP_RUN_FILTER
grid_n2_noise2.5_peak3.0_h45_w15_p50_x65,1790890860000,MAINTAIN,,LIGHT,SHORT_DEEP_RUN_FILTER
grid_n2_noise2.5_peak3.0_h45_w15_p50_x65,1790890920000,EXIT,exit_sustained_rolling_motion,LIGHT,
grid_n2_noise2.5_peak3.0_h45_w15_p50_x65,1790891040000,ENTER,enter_stable_window,LIGHT,SHORT_DEEP_RUN_FILTER
grid_n2_noise2.5_peak3.0_h45_w15_p50_x65,1790891100000,MAINTAIN,,LIGHT,SHORT_DEEP_RUN_FILTER
grid_n2_noise2.5_peak3.0_h45_w15_p50_x65,1790891160000,MAINTAIN,,LIGHT,SHORT_DEEP_RUN_FILTER
grid_n2_noise2.5_peak3.0_h45_w15_p50_x65,1790891220000,MAINTAIN,,LIGHT,SHORT_DEEP_RUN_FILTER
grid_n2_noise2.5_peak3.0_h45_w15_p50_x65,1790891280000,MAINTAIN,,LIGHT,SHORT_DEEP_RUN_FILTER
grid_n2_noise2.5_peak3.0_h45_w15_p50_x65,1790891340000,MAINTAIN,,LIGHT,SHORT_DEEP_RUN_FILTER
grid_n2_noise2.5_peak3.0_h45_w15_p50_x65,1790891400000,EXIT,exit_sustained_rolling_motion,LIGHT,
grid_n2_noise2.5_peak3.0_h45_w15_p50_x65,1790893080000,ENTER,enter_stable_window,LIGHT,SHORT_DEEP_RUN_FILTER
grid_n2_noise2.5_peak3.0_h45_w15_p50_x65,1790893140000,MAINTAIN,,LIGHT,SHORT_DEEP_RUN_FILTER
grid_n2_noise2.5_peak3.0_h45_w15_p50_x65,1790893200000,MAINTAIN,,LIGHT,SHORT_DEEP_RUN_FILTER
grid_n2_noise2.5_peak3.0_h45_w15_p50_x65,1790893260000,MAINTAIN,,LIGHT,SHORT_DEEP_RUN_FILTER
grid_n2_noise2.5_peak3.0_h45_w15_p50_x65,1790893320000,MAINTAIN,,LIGHT,SHORT_DEEP_RUN_FILTER
grid_n2_noise2.5_peak3.0_h45_w15_p50_x65,1790893380000,MAINTAIN,,LIGHT,SHORT_DEEP_RUN_FILTER
grid_n2_noise2.5_peak3.0_h45_w15_p50_x65,1790893440000,EXIT,exit_sustained_rolling_motion,LIGHT,
grid_n2_noise2.5_peak3.0_h45_w15_p50_x65,1790893620000,ENTER,enter_stable_window,DEEP,
grid_n2_noise2.5_peak3.0_h45_w15_p50_x65,1790894460000,EXIT,exit_sustained_rolling_motion,LIGHT,
grid_n2_noise2.5_peak3.0_h45_w15_p50_x65,1790896260000,ENTER,enter_stable_window,LIGHT,SHORT_DEEP_RUN_FILTER
grid_n2_noise2.5_peak3.0_h45_w15_p50_x65,1790896320000,EXIT,exit_missing_motion,LIGHT,
grid_n2_noise2.5_peak3.0_h45_w15_p65_x70,1790880660000,ENTER,enter_stable_window,DEEP,
grid_n2_noise2.5_peak3.0_h45_w15_p65_x70,1790881260000,EXIT,exit_sustained_rolling_motion,LIGHT,
grid_n2_noise2.5_peak3.0_h45_w15_p65_x70,1790881380000,ENTER,enter_stable_window,DEEP,
grid_n2_noise2.5_peak3.0_h45_w15_p65_x70,1790884680000,EXIT,exit_sustained_rolling_motion,LIGHT,
grid_n2_noise2.5_peak3.0_h45_w15_p65_x70,1790885820000,ENTER,enter_stable_window,LIGHT,SHORT_DEEP_RUN_FILTER
grid_n2_noise2.5_peak3.0_h45_w15_p65_x70,1790885880000,MAINTAIN,,LIGHT,SHORT_DEEP_RUN_FILTER
grid_n2_noise2.5_peak3.0_h45_w15_p65_x70,1790885940000,MAINTAIN,,LIGHT,SHORT_DEEP_RUN_FILTER
grid_n2_noise2.5_peak3.0_h45_w15_p65_x70,1790886000000,MAINTAIN,,LIGHT,SHORT_DEEP_RUN_FILTER
grid_n2_noise2.5_peak3.0_h45_w15_p65_x70,1790886060000,MAINTAIN,,LIGHT,SHORT_DEEP_RUN_FILTER
grid_n2_noise2.5_peak3.0_h45_w15_p65_x70,1790886120000,MAINTAIN,,LIGHT,SHORT_DEEP_RUN_FILTER
grid_n2_noise2.5_peak3.0_h45_w15_p65_x70,1790886180000,MAINTAIN,,LIGHT,SHORT_DEEP_RUN_FILTER
grid_n2_noise2.5_peak3.0_h45_w15_p65_x70,1790886240000,EXIT,exit_sustained_rolling_motion,LIGHT,
grid_n2_noise2.5_peak3.0_h45_w15_p65_x70,1790886300000,ENTER,enter_stable_window,DEEP,
grid_n2_noise2.5_peak3.0_h45_w15_p65_x70,1790890380000,EXIT,exit_sustained_rolling_motion,LIGHT,
grid_n2_noise2.5_peak3.0_h45_w15_p65_x70,1790890560000,ENTER,enter_stable_window,LIGHT,SHORT_DEEP_RUN_FILTER
grid_n2_noise2.5_peak3.0_h45_w15_p65_x70,1790890620000,MAINTAIN,,LIGHT,SHORT_DEEP_RUN_FILTER
grid_n2_noise2.5_peak3.0_h45_w15_p65_x70,1790890680000,MAINTAIN,,LIGHT,SHORT_DEEP_RUN_FILTER
grid_n2_noise2.5_peak3.0_h45_w15_p65_x70,1790890740000,MAINTAIN,,LIGHT,SHORT_DEEP_RUN_FILTER
grid_n2_noise2.5_peak3.0_h45_w15_p65_x70,1790890800000,MAINTAIN,,LIGHT,SHORT_DEEP_RUN_FILTER
grid_n2_noise2.5_peak3.0_h45_w15_p65_x70,1790890860000,MAINTAIN,,LIGHT,SHORT_DEEP_RUN_FILTER
grid_n2_noise2.5_peak3.0_h45_w15_p65_x70,1790890920000,EXIT,exit_sustained_rolling_motion,LIGHT,
grid_n2_noise2.5_peak3.0_h45_w15_p65_x70,1790891040000,ENTER,enter_stable_window,LIGHT,SHORT_DEEP_RUN_FILTER
grid_n2_noise2.5_peak3.0_h45_w15_p65_x70,1790891100000,MAINTAIN,,LIGHT,SHORT_DEEP_RUN_FILTER
grid_n2_noise2.5_peak3.0_h45_w15_p65_x70,1790891160000,MAINTAIN,,LIGHT,SHORT_DEEP_RUN_FILTER
grid_n2_noise2.5_peak3.0_h45_w15_p65_x70,1790891220000,MAINTAIN,,LIGHT,SHORT_DEEP_RUN_FILTER
grid_n2_noise2.5_peak3.0_h45_w15_p65_x70,1790891280000,MAINTAIN,,LIGHT,SHORT_DEEP_RUN_FILTER
grid_n2_noise2.5_peak3.0_h45_w15_p65_x70,1790891340000,MAINTAIN,,LIGHT,SHORT_DEEP_RUN_FILTER
grid_n2_noise2.5_peak3.0_h45_w15_p65_x70,1790891400000,EXIT,exit_sustained_rolling_motion,LIGHT,
grid_n2_noise2.5_peak3.0_h45_w15_p65_x70,1790893080000,ENTER,enter_stable_window,LIGHT,SHORT_DEEP_RUN_FILTER
grid_n2_noise2.5_peak3.0_h45_w15_p65_x70,1790893140000,MAINTAIN,,LIGHT,SHORT_DEEP_RUN_FILTER
grid_n2_noise2.5_peak3.0_h45_w15_p65_x70,1790893200000,MAINTAIN,,LIGHT,SHORT_DEEP_RUN_FILTER
grid_n2_noise2.5_peak3.0_h45_w15_p65_x70,1790893260000,MAINTAIN,,LIGHT,SHORT_DEEP_RUN_FILTER
grid_n2_noise2.5_peak3.0_h45_w15_p65_x70,1790893320000,MAINTAIN,,LIGHT,SHORT_DEEP_RUN_FILTER
grid_n2_noise2.5_peak3.0_h45_w15_p65_x70,1790893380000,MAINTAIN,,LIGHT,SHORT_DEEP_RUN_FILTER
grid_n2_noise2.5_peak3.0_h45_w15_p65_x70,1790893440000,EXIT,exit_sustained_rolling_motion,LIGHT,
grid_n2_noise2.5_peak3.0_h45_w15_p65_x70,1790893620000,ENTER,enter_stable_window,DEEP,
grid_n2_noise2.5_peak3.0_h45_w15_p65_x70,1790894460000,EXIT,exit_sustained_rolling_motion,LIGHT,
grid_n2_noise2.5_peak3.0_h45_w15_p65_x70,1790894580000,ENTER,enter_stable_window,LIGHT,SHORT_DEEP_RUN_FILTER
grid_n2_noise2.5_peak3.0_h45_w15_p65_x70,1790894640000,MAINTAIN,,LIGHT,SHORT_DEEP_RUN_FILTER
grid_n2_noise2.5_peak3.0_h45_w15_p65_x70,1790894700000,MAINTAIN,,LIGHT,SHORT_DEEP_RUN_FILTER
grid_n2_noise2.5_peak3.0_h45_w15_p65_x70,1790894760000,MAINTAIN,,LIGHT,SHORT_DEEP_RUN_FILTER
grid_n2_noise2.5_peak3.0_h45_w15_p65_x70,1790894820000,MAINTAIN,,LIGHT,SHORT_DEEP_RUN_FILTER
grid_n2_noise2.5_peak3.0_h45_w15_p65_x70,1790894880000,MAINTAIN,,LIGHT,SHORT_DEEP_RUN_FILTER
grid_n2_noise2.5_peak3.0_h45_w15_p65_x70,1790894940000,EXIT,exit_sustained_rolling_motion,LIGHT,
grid_n2_noise2.5_peak3.0_h45_w15_p65_x70,1790895180000,ENTER,enter_stable_window,LIGHT,
grid_n2_noise2.5_peak3.0_h45_w15_p65_x70,1790896320000,EXIT,exit_missing_motion,LIGHT,
grid_n2_noise2.5_peak3.0_h45_w15_p65_x65,1790880660000,ENTER,enter_stable_window,DEEP,
grid_n2_noise2.5_peak3.0_h45_w15_p65_x65,1790881260000,EXIT,exit_sustained_rolling_motion,LIGHT,
grid_n2_noise2.5_peak3.0_h45_w15_p65_x65,1790881380000,ENTER,enter_stable_window,LIGHT,SHORT_DEEP_RUN_FILTER
grid_n2_noise2.5_peak3.0_h45_w15_p65_x65,1790881440000,MAINTAIN,,LIGHT,SHORT_DEEP_RUN_FILTER
grid_n2_noise2.5_peak3.0_h45_w15_p65_x65,1790881500000,MAINTAIN,,LIGHT,SHORT_DEEP_RUN_FILTER
grid_n2_noise2.5_peak3.0_h45_w15_p65_x65,1790881560000,EXIT,exit_sustained_rolling_motion,LIGHT,
grid_n2_noise2.5_peak3.0_h45_w15_p65_x65,1790882100000,ENTER,enter_stable_window,DEEP,
grid_n2_noise2.5_peak3.0_h45_w15_p65_x65,1790884680000,EXIT,exit_sustained_rolling_motion,LIGHT,
grid_n2_noise2.5_peak3.0_h45_w15_p65_x65,1790885820000,ENTER,enter_stable_window,LIGHT,SHORT_DEEP_RUN_FILTER
grid_n2_noise2.5_peak3.0_h45_w15_p65_x65,1790885880000,MAINTAIN,,LIGHT,SHORT_DEEP_RUN_FILTER
grid_n2_noise2.5_peak3.0_h45_w15_p65_x65,1790885940000,MAINTAIN,,LIGHT,SHORT_DEEP_RUN_FILTER
grid_n2_noise2.5_peak3.0_h45_w15_p65_x65,1790886000000,MAINTAIN,,LIGHT,SHORT_DEEP_RUN_FILTER
grid_n2_noise2.5_peak3.0_h45_w15_p65_x65,1790886060000,MAINTAIN,,LIGHT,SHORT_DEEP_RUN_FILTER
grid_n2_noise2.5_peak3.0_h45_w15_p65_x65,1790886120000,MAINTAIN,,LIGHT,SHORT_DEEP_RUN_FILTER
grid_n2_noise2.5_peak3.0_h45_w15_p65_x65,1790886180000,MAINTAIN,,LIGHT,SHORT_DEEP_RUN_FILTER
grid_n2_noise2.5_peak3.0_h45_w15_p65_x65,1790886240000,EXIT,exit_sustained_rolling_motion,LIGHT,
grid_n2_noise2.5_peak3.0_h45_w15_p65_x65,1790886300000,ENTER,enter_stable_window,DEEP,
grid_n2_noise2.5_peak3.0_h45_w15_p65_x65,1790890380000,EXIT,exit_sustained_rolling_motion,LIGHT,
grid_n2_noise2.5_peak3.0_h45_w15_p65_x65,1790890560000,ENTER,enter_stable_window,LIGHT,SHORT_DEEP_RUN_FILTER
grid_n2_noise2.5_peak3.0_h45_w15_p65_x65,1790890620000,MAINTAIN,,LIGHT,SHORT_DEEP_RUN_FILTER
grid_n2_noise2.5_peak3.0_h45_w15_p65_x65,1790890680000,MAINTAIN,,LIGHT,SHORT_DEEP_RUN_FILTER
grid_n2_noise2.5_peak3.0_h45_w15_p65_x65,1790890740000,MAINTAIN,,LIGHT,SHORT_DEEP_RUN_FILTER
grid_n2_noise2.5_peak3.0_h45_w15_p65_x65,1790890800000,MAINTAIN,,LIGHT,SHORT_DEEP_RUN_FILTER
grid_n2_noise2.5_peak3.0_h45_w15_p65_x65,1790890860000,MAINTAIN,,LIGHT,SHORT_DEEP_RUN_FILTER
grid_n2_noise2.5_peak3.0_h45_w15_p65_x65,1790890920000,EXIT,exit_sustained_rolling_motion,LIGHT,
grid_n2_noise2.5_peak3.0_h45_w15_p65_x65,1790891040000,ENTER,enter_stable_window,LIGHT,SHORT_DEEP_RUN_FILTER
grid_n2_noise2.5_peak3.0_h45_w15_p65_x65,1790891100000,MAINTAIN,,LIGHT,SHORT_DEEP_RUN_FILTER
grid_n2_noise2.5_peak3.0_h45_w15_p65_x65,1790891160000,MAINTAIN,,LIGHT,SHORT_DEEP_RUN_FILTER
grid_n2_noise2.5_peak3.0_h45_w15_p65_x65,1790891220000,MAINTAIN,,LIGHT,SHORT_DEEP_RUN_FILTER
grid_n2_noise2.5_peak3.0_h45_w15_p65_x65,1790891280000,MAINTAIN,,LIGHT,SHORT_DEEP_RUN_FILTER
grid_n2_noise2.5_peak3.0_h45_w15_p65_x65,1790891340000,MAINTAIN,,LIGHT,SHORT_DEEP_RUN_FILTER
grid_n2_noise2.5_peak3.0_h45_w15_p65_x65,1790891400000,EXIT,exit_sustained_rolling_motion,LIGHT,
grid_n2_noise2.5_peak3.0_h45_w15_p65_x65,1790893080000,ENTER,enter_stable_window,LIGHT,SHORT_DEEP_RUN_FILTER
grid_n2_noise2.5_peak3.0_h45_w15_p65_x65,1790893140000,MAINTAIN,,LIGHT,SHORT_DEEP_RUN_FILTER
grid_n2_noise2.5_peak3.0_h45_w15_p65_x65,1790893200000,MAINTAIN,,LIGHT,SHORT_DEEP_RUN_FILTER
grid_n2_noise2.5_peak3.0_h45_w15_p65_x65,1790893260000,MAINTAIN,,LIGHT,SHORT_DEEP_RUN_FILTER
grid_n2_noise2.5_peak3.0_h45_w15_p65_x65,1790893320000,MAINTAIN,,LIGHT,SHORT_DEEP_RUN_FILTER
grid_n2_noise2.5_peak3.0_h45_w15_p65_x65,1790893380000,MAINTAIN,,LIGHT,SHORT_DEEP_RUN_FILTER
grid_n2_noise2.5_peak3.0_h45_w15_p65_x65,1790893440000,EXIT,exit_sustained_rolling_motion,LIGHT,
grid_n2_noise2.5_peak3.0_h45_w15_p65_x65,1790893620000,ENTER,enter_stable_window,DEEP,
grid_n2_noise2.5_peak3.0_h45_w15_p65_x65,1790894460000,EXIT,exit_sustained_rolling_motion,LIGHT,
grid_n2_noise2.5_peak3.0_h45_w15_p65_x65,1790894580000,ENTER,enter_stable_window,LIGHT,SHORT_DEEP_RUN_FILTER
grid_n2_noise2.5_peak3.0_h45_w15_p65_x65,1790894640000,MAINTAIN,,LIGHT,SHORT_DEEP_RUN_FILTER
grid_n2_noise2.5_peak3.0_h45_w15_p65_x65,1790894700000,MAINTAIN,,LIGHT,SHORT_DEEP_RUN_FILTER
grid_n2_noise2.5_peak3.0_h45_w15_p65_x65,1790894760000,MAINTAIN,,LIGHT,SHORT_DEEP_RUN_FILTER
grid_n2_noise2.5_peak3.0_h45_w15_p65_x65,1790894820000,MAINTAIN,,LIGHT,SHORT_DEEP_RUN_FILTER
grid_n2_noise2.5_peak3.0_h45_w15_p65_x65,1790894880000,MAINTAIN,,LIGHT,SHORT_DEEP_RUN_FILTER
grid_n2_noise2.5_peak3.0_h45_w15_p65_x65,1790894940000,EXIT,exit_sustained_rolling_motion,LIGHT,
grid_n2_noise2.5_peak3.0_h45_w15_p65_x65,1790895180000,ENTER,enter_stable_window,DEEP,
grid_n2_noise2.5_peak3.0_h45_w15_p65_x65,1790896320000,EXIT,exit_missing_motion,LIGHT,
grid_n2_noise2.5_peak3.0_h45_w10_p50_x70,1790882520000,ENTER,enter_stable_window,DEEP,
grid_n2_noise2.5_peak3.0_h45_w10_p50_x70,1790884680000,EXIT,exit_sustained_rolling_motion,LIGHT,
grid_n2_noise2.5_peak3.0_h45_w10_p50_x70,1790885340000,ENTER,enter_stable_window,LIGHT,SHORT_DEEP_RUN_FILTER
grid_n2_noise2.5_peak3.0_h45_w10_p50_x70,1790885400000,MAINTAIN,,LIGHT,SHORT_DEEP_RUN_FILTER
grid_n2_noise2.5_peak3.0_h45_w10_p50_x70,1790885460000,MAINTAIN,,LIGHT,SHORT_DEEP_RUN_FILTER
grid_n2_noise2.5_peak3.0_h45_w10_p50_x70,1790885520000,MAINTAIN,,LIGHT,SHORT_DEEP_RUN_FILTER
grid_n2_noise2.5_peak3.0_h45_w10_p50_x70,1790885580000,MAINTAIN,,LIGHT,SHORT_DEEP_RUN_FILTER
grid_n2_noise2.5_peak3.0_h45_w10_p50_x70,1790885640000,MAINTAIN,,LIGHT,SHORT_DEEP_RUN_FILTER
grid_n2_noise2.5_peak3.0_h45_w10_p50_x70,1790885700000,EXIT,exit_sustained_rolling_motion,LIGHT,
grid_n2_noise2.5_peak3.0_h45_w10_p50_x70,1790885820000,ENTER,enter_stable_window,LIGHT,SHORT_DEEP_RUN_FILTER
grid_n2_noise2.5_peak3.0_h45_w10_p50_x70,1790885880000,MAINTAIN,,LIGHT,SHORT_DEEP_RUN_FILTER
grid_n2_noise2.5_peak3.0_h45_w10_p50_x70,1790885940000,MAINTAIN,,LIGHT,SHORT_DEEP_RUN_FILTER
grid_n2_noise2.5_peak3.0_h45_w10_p50_x70,1790886000000,MAINTAIN,,LIGHT,SHORT_DEEP_RUN_FILTER
grid_n2_noise2.5_peak3.0_h45_w10_p50_x70,1790886060000,MAINTAIN,,LIGHT,SHORT_DEEP_RUN_FILTER
grid_n2_noise2.5_peak3.0_h45_w10_p50_x70,1790886120000,MAINTAIN,,LIGHT,SHORT_DEEP_RUN_FILTER
grid_n2_noise2.5_peak3.0_h45_w10_p50_x70,1790886180000,MAINTAIN,,LIGHT,SHORT_DEEP_RUN_FILTER
grid_n2_noise2.5_peak3.0_h45_w10_p50_x70,1790886240000,EXIT,exit_sustained_rolling_motion,LIGHT,
grid_n2_noise2.5_peak3.0_h45_w10_p50_x70,1790886300000,ENTER,enter_stable_window,DEEP,
grid_n2_noise2.5_peak3.0_h45_w10_p50_x70,1790890380000,EXIT,exit_sustained_rolling_motion,LIGHT,
grid_n2_noise2.5_peak3.0_h45_w10_p50_x70,1790890560000,ENTER,enter_stable_window,LIGHT,SHORT_DEEP_RUN_FILTER
grid_n2_noise2.5_peak3.0_h45_w10_p50_x70,1790890620000,MAINTAIN,,LIGHT,SHORT_DEEP_RUN_FILTER
grid_n2_noise2.5_peak3.0_h45_w10_p50_x70,1790890680000,MAINTAIN,,LIGHT,SHORT_DEEP_RUN_FILTER
grid_n2_noise2.5_peak3.0_h45_w10_p50_x70,1790890740000,MAINTAIN,,LIGHT,SHORT_DEEP_RUN_FILTER
grid_n2_noise2.5_peak3.0_h45_w10_p50_x70,1790890800000,MAINTAIN,,LIGHT,SHORT_DEEP_RUN_FILTER
grid_n2_noise2.5_peak3.0_h45_w10_p50_x70,1790890860000,MAINTAIN,,LIGHT,SHORT_DEEP_RUN_FILTER
grid_n2_noise2.5_peak3.0_h45_w10_p50_x70,1790890920000,EXIT,exit_sustained_rolling_motion,LIGHT,
grid_n2_noise2.5_peak3.0_h45_w10_p50_x70,1790890980000,ENTER,enter_stable_window,LIGHT,SHORT_DEEP_RUN_FILTER
grid_n2_noise2.5_peak3.0_h45_w10_p50_x70,1790891040000,MAINTAIN,,LIGHT,SHORT_DEEP_RUN_FILTER
grid_n2_noise2.5_peak3.0_h45_w10_p50_x70,1790891100000,MAINTAIN,,LIGHT,SHORT_DEEP_RUN_FILTER
grid_n2_noise2.5_peak3.0_h45_w10_p50_x70,1790891160000,MAINTAIN,,LIGHT,SHORT_DEEP_RUN_FILTER
grid_n2_noise2.5_peak3.0_h45_w10_p50_x70,1790891220000,MAINTAIN,,LIGHT,SHORT_DEEP_RUN_FILTER
grid_n2_noise2.5_peak3.0_h45_w10_p50_x70,1790891280000,MAINTAIN,,LIGHT,SHORT_DEEP_RUN_FILTER
grid_n2_noise2.5_peak3.0_h45_w10_p50_x70,1790891340000,MAINTAIN,,LIGHT,SHORT_DEEP_RUN_FILTER
grid_n2_noise2.5_peak3.0_h45_w10_p50_x70,1790891400000,EXIT,exit_sustained_rolling_motion,LIGHT,
grid_n2_noise2.5_peak3.0_h45_w10_p50_x70,1790892960000,ENTER,enter_stable_window,LIGHT,SHORT_DEEP_RUN_FILTER
grid_n2_noise2.5_peak3.0_h45_w10_p50_x70,1790893020000,MAINTAIN,,LIGHT,SHORT_DEEP_RUN_FILTER
grid_n2_noise2.5_peak3.0_h45_w10_p50_x70,1790893080000,MAINTAIN,,LIGHT,SHORT_DEEP_RUN_FILTER
grid_n2_noise2.5_peak3.0_h45_w10_p50_x70,1790893140000,MAINTAIN,,LIGHT,SHORT_DEEP_RUN_FILTER
grid_n2_noise2.5_peak3.0_h45_w10_p50_x70,1790893200000,MAINTAIN,,LIGHT,SHORT_DEEP_RUN_FILTER
grid_n2_noise2.5_peak3.0_h45_w10_p50_x70,1790893260000,MAINTAIN,,LIGHT,SHORT_DEEP_RUN_FILTER
grid_n2_noise2.5_peak3.0_h45_w10_p50_x70,1790893320000,MAINTAIN,,LIGHT,SHORT_DEEP_RUN_FILTER
grid_n2_noise2.5_peak3.0_h45_w10_p50_x70,1790893380000,MAINTAIN,,LIGHT,SHORT_DEEP_RUN_FILTER
grid_n2_noise2.5_peak3.0_h45_w10_p50_x70,1790893440000,EXIT,exit_sustained_rolling_motion,LIGHT,
grid_n2_noise2.5_peak3.0_h45_w10_p50_x70,1790893620000,ENTER,enter_stable_window,DEEP,
grid_n2_noise2.5_peak3.0_h45_w10_p50_x70,1790894460000,EXIT,exit_sustained_rolling_motion,LIGHT,
grid_n2_noise2.5_peak3.0_h45_w10_p50_x70,1790896140000,ENTER,enter_stable_window,LIGHT,SHORT_DEEP_RUN_FILTER
grid_n2_noise2.5_peak3.0_h45_w10_p50_x70,1790896200000,MAINTAIN,,LIGHT,SHORT_DEEP_RUN_FILTER
grid_n2_noise2.5_peak3.0_h45_w10_p50_x70,1790896260000,MAINTAIN,,LIGHT,SHORT_DEEP_RUN_FILTER
grid_n2_noise2.5_peak3.0_h45_w10_p50_x70,1790896320000,EXIT,exit_missing_motion,LIGHT,
grid_n2_noise2.5_peak3.0_h45_w10_p50_x65,1790882520000,ENTER,enter_stable_window,DEEP,
grid_n2_noise2.5_peak3.0_h45_w10_p50_x65,1790884680000,EXIT,exit_sustained_rolling_motion,LIGHT,
grid_n2_noise2.5_peak3.0_h45_w10_p50_x65,1790885340000,ENTER,enter_stable_window,LIGHT,SHORT_DEEP_RUN_FILTER
grid_n2_noise2.5_peak3.0_h45_w10_p50_x65,1790885400000,MAINTAIN,,LIGHT,SHORT_DEEP_RUN_FILTER
grid_n2_noise2.5_peak3.0_h45_w10_p50_x65,1790885460000,MAINTAIN,,LIGHT,SHORT_DEEP_RUN_FILTER
grid_n2_noise2.5_peak3.0_h45_w10_p50_x65,1790885520000,MAINTAIN,,LIGHT,SHORT_DEEP_RUN_FILTER
grid_n2_noise2.5_peak3.0_h45_w10_p50_x65,1790885580000,EXIT,exit_sustained_rolling_motion,LIGHT,
grid_n2_noise2.5_peak3.0_h45_w10_p50_x65,1790885820000,ENTER,enter_stable_window,LIGHT,SHORT_DEEP_RUN_FILTER
grid_n2_noise2.5_peak3.0_h45_w10_p50_x65,1790885880000,MAINTAIN,,LIGHT,SHORT_DEEP_RUN_FILTER
grid_n2_noise2.5_peak3.0_h45_w10_p50_x65,1790885940000,MAINTAIN,,LIGHT,SHORT_DEEP_RUN_FILTER
grid_n2_noise2.5_peak3.0_h45_w10_p50_x65,1790886000000,MAINTAIN,,LIGHT,SHORT_DEEP_RUN_FILTER
grid_n2_noise2.5_peak3.0_h45_w10_p50_x65,1790886060000,MAINTAIN,,LIGHT,SHORT_DEEP_RUN_FILTER
grid_n2_noise2.5_peak3.0_h45_w10_p50_x65,1790886120000,MAINTAIN,,LIGHT,SHORT_DEEP_RUN_FILTER
grid_n2_noise2.5_peak3.0_h45_w10_p50_x65,1790886180000,MAINTAIN,,LIGHT,SHORT_DEEP_RUN_FILTER
grid_n2_noise2.5_peak3.0_h45_w10_p50_x65,1790886240000,EXIT,exit_sustained_rolling_motion,LIGHT,
grid_n2_noise2.5_peak3.0_h45_w10_p50_x65,1790886300000,ENTER,enter_stable_window,DEEP,
grid_n2_noise2.5_peak3.0_h45_w10_p50_x65,1790890380000,EXIT,exit_sustained_rolling_motion,LIGHT,
grid_n2_noise2.5_peak3.0_h45_w10_p50_x65,1790890560000,ENTER,enter_stable_window,LIGHT,SHORT_DEEP_RUN_FILTER
grid_n2_noise2.5_peak3.0_h45_w10_p50_x65,1790890620000,MAINTAIN,,LIGHT,SHORT_DEEP_RUN_FILTER
grid_n2_noise2.5_peak3.0_h45_w10_p50_x65,1790890680000,MAINTAIN,,LIGHT,SHORT_DEEP_RUN_FILTER
grid_n2_noise2.5_peak3.0_h45_w10_p50_x65,1790890740000,MAINTAIN,,LIGHT,SHORT_DEEP_RUN_FILTER
grid_n2_noise2.5_peak3.0_h45_w10_p50_x65,1790890800000,MAINTAIN,,LIGHT,SHORT_DEEP_RUN_FILTER
grid_n2_noise2.5_peak3.0_h45_w10_p50_x65,1790890860000,MAINTAIN,,LIGHT,SHORT_DEEP_RUN_FILTER
grid_n2_noise2.5_peak3.0_h45_w10_p50_x65,1790890920000,EXIT,exit_sustained_rolling_motion,LIGHT,
grid_n2_noise2.5_peak3.0_h45_w10_p50_x65,1790890980000,ENTER,enter_stable_window,LIGHT,SHORT_DEEP_RUN_FILTER
grid_n2_noise2.5_peak3.0_h45_w10_p50_x65,1790891040000,MAINTAIN,,LIGHT,SHORT_DEEP_RUN_FILTER
grid_n2_noise2.5_peak3.0_h45_w10_p50_x65,1790891100000,MAINTAIN,,LIGHT,SHORT_DEEP_RUN_FILTER
grid_n2_noise2.5_peak3.0_h45_w10_p50_x65,1790891160000,MAINTAIN,,LIGHT,SHORT_DEEP_RUN_FILTER
grid_n2_noise2.5_peak3.0_h45_w10_p50_x65,1790891220000,MAINTAIN,,LIGHT,SHORT_DEEP_RUN_FILTER
grid_n2_noise2.5_peak3.0_h45_w10_p50_x65,1790891280000,MAINTAIN,,LIGHT,SHORT_DEEP_RUN_FILTER
grid_n2_noise2.5_peak3.0_h45_w10_p50_x65,1790891340000,MAINTAIN,,LIGHT,SHORT_DEEP_RUN_FILTER
grid_n2_noise2.5_peak3.0_h45_w10_p50_x65,1790891400000,EXIT,exit_sustained_rolling_motion,LIGHT,
grid_n2_noise2.5_peak3.0_h45_w10_p50_x65,1790892960000,ENTER,enter_stable_window,LIGHT,SHORT_DEEP_RUN_FILTER
grid_n2_noise2.5_peak3.0_h45_w10_p50_x65,1790893020000,MAINTAIN,,LIGHT,SHORT_DEEP_RUN_FILTER
grid_n2_noise2.5_peak3.0_h45_w10_p50_x65,1790893080000,MAINTAIN,,LIGHT,SHORT_DEEP_RUN_FILTER
grid_n2_noise2.5_peak3.0_h45_w10_p50_x65,1790893140000,MAINTAIN,,LIGHT,SHORT_DEEP_RUN_FILTER
grid_n2_noise2.5_peak3.0_h45_w10_p50_x65,1790893200000,MAINTAIN,,LIGHT,SHORT_DEEP_RUN_FILTER
grid_n2_noise2.5_peak3.0_h45_w10_p50_x65,1790893260000,MAINTAIN,,LIGHT,SHORT_DEEP_RUN_FILTER
grid_n2_noise2.5_peak3.0_h45_w10_p50_x65,1790893320000,MAINTAIN,,LIGHT,SHORT_DEEP_RUN_FILTER
grid_n2_noise2.5_peak3.0_h45_w10_p50_x65,1790893380000,MAINTAIN,,LIGHT,SHORT_DEEP_RUN_FILTER
grid_n2_noise2.5_peak3.0_h45_w10_p50_x65,1790893440000,EXIT,exit_sustained_rolling_motion,LIGHT,
grid_n2_noise2.5_peak3.0_h45_w10_p50_x65,1790893620000,ENTER,enter_stable_window,DEEP,
grid_n2_noise2.5_peak3.0_h45_w10_p50_x65,1790894460000,EXIT,exit_sustained_rolling_motion,LIGHT,
grid_n2_noise2.5_peak3.0_h45_w10_p50_x65,1790896140000,ENTER,enter_stable_window,LIGHT,SHORT_DEEP_RUN_FILTER
grid_n2_noise2.5_peak3.0_h45_w10_p50_x65,1790896200000,MAINTAIN,,LIGHT,SHORT_DEEP_RUN_FILTER
grid_n2_noise2.5_peak3.0_h45_w10_p50_x65,1790896260000,MAINTAIN,,LIGHT,SHORT_DEEP_RUN_FILTER
grid_n2_noise2.5_peak3.0_h45_w10_p50_x65,1790896320000,EXIT,exit_missing_motion,LIGHT,
grid_n2_noise2.5_peak3.0_h45_w10_p65_x70,1790880420000,ENTER,enter_stable_window,LIGHT,
grid_n2_noise2.5_peak3.0_h45_w10_p65_x70,1790881260000,EXIT,exit_sustained_rolling_motion,LIGHT,
grid_n2_noise2.5_peak3.0_h45_w10_p65_x70,1790881800000,ENTER,enter_stable_window,DEEP,
grid_n2_noise2.5_peak3.0_h45_w10_p65_x70,1790884680000,EXIT,exit_sustained_rolling_motion,LIGHT,
grid_n2_noise2.5_peak3.0_h45_w10_p65_x70,1790885160000,ENTER,enter_stable_window,LIGHT,SHORT_DEEP_RUN_FILTER
grid_n2_noise2.5_peak3.0_h45_w10_p65_x70,1790885220000,MAINTAIN,,LIGHT,SHORT_DEEP_RUN_FILTER
grid_n2_noise2.5_peak3.0_h45_w10_p65_x70,1790885280000,MAINTAIN,,LIGHT,SHORT_DEEP_RUN_FILTER
grid_n2_noise2.5_peak3.0_h45_w10_p65_x70,1790885340000,MAINTAIN,,LIGHT,SHORT_DEEP_RUN_FILTER
grid_n2_noise2.5_peak3.0_h45_w10_p65_x70,1790885400000,MAINTAIN,,LIGHT,SHORT_DEEP_RUN_FILTER
grid_n2_noise2.5_peak3.0_h45_w10_p65_x70,1790885460000,MAINTAIN,,LIGHT,SHORT_DEEP_RUN_FILTER
grid_n2_noise2.5_peak3.0_h45_w10_p65_x70,1790885520000,MAINTAIN,,LIGHT,SHORT_DEEP_RUN_FILTER
grid_n2_noise2.5_peak3.0_h45_w10_p65_x70,1790885580000,MAINTAIN,,LIGHT,SHORT_DEEP_RUN_FILTER
grid_n2_noise2.5_peak3.0_h45_w10_p65_x70,1790885640000,MAINTAIN,,LIGHT,SHORT_DEEP_RUN_FILTER
grid_n2_noise2.5_peak3.0_h45_w10_p65_x70,1790885700000,EXIT,exit_sustained_rolling_motion,LIGHT,
grid_n2_noise2.5_peak3.0_h45_w10_p65_x70,1790885820000,ENTER,enter_stable_window,LIGHT,SHORT_DEEP_RUN_FILTER
grid_n2_noise2.5_peak3.0_h45_w10_p65_x70,1790885880000,MAINTAIN,,LIGHT,SHORT_DEEP_RUN_FILTER
grid_n2_noise2.5_peak3.0_h45_w10_p65_x70,1790885940000,MAINTAIN,,LIGHT,SHORT_DEEP_RUN_FILTER
grid_n2_noise2.5_peak3.0_h45_w10_p65_x70,1790886000000,MAINTAIN,,LIGHT,SHORT_DEEP_RUN_FILTER
grid_n2_noise2.5_peak3.0_h45_w10_p65_x70,1790886060000,MAINTAIN,,LIGHT,SHORT_DEEP_RUN_FILTER
grid_n2_noise2.5_peak3.0_h45_w10_p65_x70,1790886120000,MAINTAIN,,LIGHT,SHORT_DEEP_RUN_FILTER
grid_n2_noise2.5_peak3.0_h45_w10_p65_x70,1790886180000,MAINTAIN,,LIGHT,SHORT_DEEP_RUN_FILTER
grid_n2_noise2.5_peak3.0_h45_w10_p65_x70,1790886240000,EXIT,exit_sustained_rolling_motion,LIGHT,
grid_n2_noise2.5_peak3.0_h45_w10_p65_x70,1790886300000,ENTER,enter_stable_window,DEEP,
grid_n2_noise2.5_peak3.0_h45_w10_p65_x70,1790890380000,EXIT,exit_sustained_rolling_motion,LIGHT,
grid_n2_noise2.5_peak3.0_h45_w10_p65_x70,1790890560000,ENTER,enter_stable_window,LIGHT,
grid_n2_noise2.5_peak3.0_h45_w10_p65_x70,1790890920000,EXIT,exit_sustained_rolling_motion,LIGHT,
grid_n2_noise2.5_peak3.0_h45_w10_p65_x70,1790890980000,ENTER,enter_stable_window,LIGHT,SHORT_DEEP_RUN_FILTER
grid_n2_noise2.5_peak3.0_h45_w10_p65_x70,1790891040000,MAINTAIN,,LIGHT,SHORT_DEEP_RUN_FILTER
grid_n2_noise2.5_peak3.0_h45_w10_p65_x70,1790891100000,MAINTAIN,,LIGHT,SHORT_DEEP_RUN_FILTER
grid_n2_noise2.5_peak3.0_h45_w10_p65_x70,1790891160000,MAINTAIN,,LIGHT,SHORT_DEEP_RUN_FILTER
grid_n2_noise2.5_peak3.0_h45_w10_p65_x70,1790891220000,MAINTAIN,,LIGHT,SHORT_DEEP_RUN_FILTER
grid_n2_noise2.5_peak3.0_h45_w10_p65_x70,1790891280000,MAINTAIN,,LIGHT,SHORT_DEEP_RUN_FILTER
grid_n2_noise2.5_peak3.0_h45_w10_p65_x70,1790891340000,MAINTAIN,,LIGHT,SHORT_DEEP_RUN_FILTER
grid_n2_noise2.5_peak3.0_h45_w10_p65_x70,1790891400000,EXIT,exit_sustained_rolling_motion,LIGHT,
grid_n2_noise2.5_peak3.0_h45_w10_p65_x70,1790892900000,ENTER,enter_stable_window,LIGHT,SHORT_DEEP_RUN_FILTER
grid_n2_noise2.5_peak3.0_h45_w10_p65_x70,1790892960000,MAINTAIN,,LIGHT,SHORT_DEEP_RUN_FILTER
grid_n2_noise2.5_peak3.0_h45_w10_p65_x70,1790893020000,MAINTAIN,,LIGHT,SHORT_DEEP_RUN_FILTER
grid_n2_noise2.5_peak3.0_h45_w10_p65_x70,1790893080000,MAINTAIN,,LIGHT,SHORT_DEEP_RUN_FILTER
grid_n2_noise2.5_peak3.0_h45_w10_p65_x70,1790893140000,MAINTAIN,,LIGHT,SHORT_DEEP_RUN_FILTER
grid_n2_noise2.5_peak3.0_h45_w10_p65_x70,1790893200000,MAINTAIN,,LIGHT,SHORT_DEEP_RUN_FILTER
grid_n2_noise2.5_peak3.0_h45_w10_p65_x70,1790893260000,MAINTAIN,,LIGHT,SHORT_DEEP_RUN_FILTER
grid_n2_noise2.5_peak3.0_h45_w10_p65_x70,1790893320000,MAINTAIN,,LIGHT,SHORT_DEEP_RUN_FILTER
grid_n2_noise2.5_peak3.0_h45_w10_p65_x70,1790893380000,MAINTAIN,,LIGHT,SHORT_DEEP_RUN_FILTER
grid_n2_noise2.5_peak3.0_h45_w10_p65_x70,1790893440000,EXIT,exit_sustained_rolling_motion,LIGHT,
grid_n2_noise2.5_peak3.0_h45_w10_p65_x70,1790893620000,ENTER,enter_stable_window,DEEP,
grid_n2_noise2.5_peak3.0_h45_w10_p65_x70,1790894460000,EXIT,exit_sustained_rolling_motion,LIGHT,
grid_n2_noise2.5_peak3.0_h45_w10_p65_x70,1790894580000,ENTER,enter_stable_window,LIGHT,
grid_n2_noise2.5_peak3.0_h45_w10_p65_x70,1790894940000,EXIT,exit_sustained_rolling_motion,LIGHT,
grid_n2_noise2.5_peak3.0_h45_w10_p65_x70,1790895420000,ENTER,enter_stable_window,DEEP,
grid_n2_noise2.5_peak3.0_h45_w10_p65_x70,1790896320000,EXIT,exit_missing_motion,LIGHT,
grid_n2_noise2.5_peak3.0_h45_w10_p65_x65,1790880420000,ENTER,enter_stable_window,LIGHT,
grid_n2_noise2.5_peak3.0_h45_w10_p65_x65,1790881260000,EXIT,exit_sustained_rolling_motion,LIGHT,
grid_n2_noise2.5_peak3.0_h45_w10_p65_x65,1790881800000,ENTER,enter_stable_window,DEEP,
grid_n2_noise2.5_peak3.0_h45_w10_p65_x65,1790884680000,EXIT,exit_sustained_rolling_motion,LIGHT,
grid_n2_noise2.5_peak3.0_h45_w10_p65_x65,1790885160000,ENTER,enter_stable_window,LIGHT,SHORT_DEEP_RUN_FILTER
grid_n2_noise2.5_peak3.0_h45_w10_p65_x65,1790885220000,MAINTAIN,,LIGHT,SHORT_DEEP_RUN_FILTER
grid_n2_noise2.5_peak3.0_h45_w10_p65_x65,1790885280000,MAINTAIN,,LIGHT,SHORT_DEEP_RUN_FILTER
grid_n2_noise2.5_peak3.0_h45_w10_p65_x65,1790885340000,MAINTAIN,,LIGHT,SHORT_DEEP_RUN_FILTER
grid_n2_noise2.5_peak3.0_h45_w10_p65_x65,1790885400000,MAINTAIN,,LIGHT,SHORT_DEEP_RUN_FILTER
grid_n2_noise2.5_peak3.0_h45_w10_p65_x65,1790885460000,MAINTAIN,,LIGHT,SHORT_DEEP_RUN_FILTER
grid_n2_noise2.5_peak3.0_h45_w10_p65_x65,1790885520000,MAINTAIN,,LIGHT,SHORT_DEEP_RUN_FILTER
grid_n2_noise2.5_peak3.0_h45_w10_p65_x65,1790885580000,EXIT,exit_sustained_rolling_motion,LIGHT,
grid_n2_noise2.5_peak3.0_h45_w10_p65_x65,1790885820000,ENTER,enter_stable_window,LIGHT,SHORT_DEEP_RUN_FILTER
grid_n2_noise2.5_peak3.0_h45_w10_p65_x65,1790885880000,MAINTAIN,,LIGHT,SHORT_DEEP_RUN_FILTER
grid_n2_noise2.5_peak3.0_h45_w10_p65_x65,1790885940000,MAINTAIN,,LIGHT,SHORT_DEEP_RUN_FILTER
grid_n2_noise2.5_peak3.0_h45_w10_p65_x65,1790886000000,MAINTAIN,,LIGHT,SHORT_DEEP_RUN_FILTER
grid_n2_noise2.5_peak3.0_h45_w10_p65_x65,1790886060000,MAINTAIN,,LIGHT,SHORT_DEEP_RUN_FILTER
grid_n2_noise2.5_peak3.0_h45_w10_p65_x65,1790886120000,MAINTAIN,,LIGHT,SHORT_DEEP_RUN_FILTER
grid_n2_noise2.5_peak3.0_h45_w10_p65_x65,1790886180000,MAINTAIN,,LIGHT,SHORT_DEEP_RUN_FILTER
grid_n2_noise2.5_peak3.0_h45_w10_p65_x65,1790886240000,EXIT,exit_sustained_rolling_motion,LIGHT,
grid_n2_noise2.5_peak3.0_h45_w10_p65_x65,1790886300000,ENTER,enter_stable_window,DEEP,
grid_n2_noise2.5_peak3.0_h45_w10_p65_x65,1790890380000,EXIT,exit_sustained_rolling_motion,LIGHT,
grid_n2_noise2.5_peak3.0_h45_w10_p65_x65,1790890560000,ENTER,enter_stable_window,LIGHT,
grid_n2_noise2.5_peak3.0_h45_w10_p65_x65,1790890920000,EXIT,exit_sustained_rolling_motion,LIGHT,
grid_n2_noise2.5_peak3.0_h45_w10_p65_x65,1790890980000,ENTER,enter_stable_window,LIGHT,SHORT_DEEP_RUN_FILTER
grid_n2_noise2.5_peak3.0_h45_w10_p65_x65,1790891040000,MAINTAIN,,LIGHT,SHORT_DEEP_RUN_FILTER
grid_n2_noise2.5_peak3.0_h45_w10_p65_x65,1790891100000,MAINTAIN,,LIGHT,SHORT_DEEP_RUN_FILTER
grid_n2_noise2.5_peak3.0_h45_w10_p65_x65,1790891160000,MAINTAIN,,LIGHT,SHORT_DEEP_RUN_FILTER
grid_n2_noise2.5_peak3.0_h45_w10_p65_x65,1790891220000,MAINTAIN,,LIGHT,SHORT_DEEP_RUN_FILTER
grid_n2_noise2.5_peak3.0_h45_w10_p65_x65,1790891280000,MAINTAIN,,LIGHT,SHORT_DEEP_RUN_FILTER
grid_n2_noise2.5_peak3.0_h45_w10_p65_x65,1790891340000,MAINTAIN,,LIGHT,SHORT_DEEP_RUN_FILTER
grid_n2_noise2.5_peak3.0_h45_w10_p65_x65,1790891400000,EXIT,exit_sustained_rolling_motion,LIGHT,
grid_n2_noise2.5_peak3.0_h45_w10_p65_x65,1790892900000,ENTER,enter_stable_window,LIGHT,SHORT_DEEP_RUN_FILTER
grid_n2_noise2.5_peak3.0_h45_w10_p65_x65,1790892960000,MAINTAIN,,LIGHT,SHORT_DEEP_RUN_FILTER
grid_n2_noise2.5_peak3.0_h45_w10_p65_x65,1790893020000,MAINTAIN,,LIGHT,SHORT_DEEP_RUN_FILTER
grid_n2_noise2.5_peak3.0_h45_w10_p65_x65,1790893080000,MAINTAIN,,LIGHT,SHORT_DEEP_RUN_FILTER
grid_n2_noise2.5_peak3.0_h45_w10_p65_x65,1790893140000,MAINTAIN,,LIGHT,SHORT_DEEP_RUN_FILTER
grid_n2_noise2.5_peak3.0_h45_w10_p65_x65,1790893200000,MAINTAIN,,LIGHT,SHORT_DEEP_RUN_FILTER
grid_n2_noise2.5_peak3.0_h45_w10_p65_x65,1790893260000,MAINTAIN,,LIGHT,SHORT_DEEP_RUN_FILTER
grid_n2_noise2.5_peak3.0_h45_w10_p65_x65,1790893320000,MAINTAIN,,LIGHT,SHORT_DEEP_RUN_FILTER
grid_n2_noise2.5_peak3.0_h45_w10_p65_x65,1790893380000,MAINTAIN,,LIGHT,SHORT_DEEP_RUN_FILTER
grid_n2_noise2.5_peak3.0_h45_w10_p65_x65,1790893440000,EXIT,exit_sustained_rolling_motion,LIGHT,
grid_n2_noise2.5_peak3.0_h45_w10_p65_x65,1790893620000,ENTER,enter_stable_window,DEEP,
grid_n2_noise2.5_peak3.0_h45_w10_p65_x65,1790894460000,EXIT,exit_sustained_rolling_motion,LIGHT,
grid_n2_noise2.5_peak3.0_h45_w10_p65_x65,1790894580000,ENTER,enter_stable_window,LIGHT,
grid_n2_noise2.5_peak3.0_h45_w10_p65_x65,1790894940000,EXIT,exit_sustained_rolling_motion,LIGHT,
grid_n2_noise2.5_peak3.0_h45_w10_p65_x65,1790895420000,ENTER,enter_stable_window,DEEP,
grid_n2_noise2.5_peak3.0_h45_w10_p65_x65,1790896320000,EXIT,exit_missing_motion,LIGHT,
grid_n2_noise2.5_peak3.0_h60_w15_p50_x70,1790882700000,ENTER,enter_stable_window,DEEP,
grid_n2_noise2.5_peak3.0_h60_w15_p50_x70,1790884680000,EXIT,exit_sustained_rolling_motion,LIGHT,
grid_n2_noise2.5_peak3.0_h60_w15_p50_x70,1790885820000,ENTER,enter_stable_window,LIGHT,SHORT_DEEP_RUN_FILTER
grid_n2_noise2.5_peak3.0_h60_w15_p50_x70,1790885880000,MAINTAIN,,LIGHT,SHORT_DEEP_RUN_FILTER
grid_n2_noise2.5_peak3.0_h60_w15_p50_x70,1790885940000,MAINTAIN,,LIGHT,SHORT_DEEP_RUN_FILTER
grid_n2_noise2.5_peak3.0_h60_w15_p50_x70,1790886000000,MAINTAIN,,LIGHT,SHORT_DEEP_RUN_FILTER
grid_n2_noise2.5_peak3.0_h60_w15_p50_x70,1790886060000,MAINTAIN,,LIGHT,SHORT_DEEP_RUN_FILTER
grid_n2_noise2.5_peak3.0_h60_w15_p50_x70,1790886120000,MAINTAIN,,LIGHT,SHORT_DEEP_RUN_FILTER
grid_n2_noise2.5_peak3.0_h60_w15_p50_x70,1790886180000,MAINTAIN,,LIGHT,SHORT_DEEP_RUN_FILTER
grid_n2_noise2.5_peak3.0_h60_w15_p50_x70,1790886240000,EXIT,exit_sustained_rolling_motion,LIGHT,
grid_n2_noise2.5_peak3.0_h60_w15_p50_x70,1790886420000,ENTER,enter_stable_window,DEEP,
grid_n2_noise2.5_peak3.0_h60_w15_p50_x70,1790890380000,EXIT,exit_sustained_rolling_motion,LIGHT,
grid_n2_noise2.5_peak3.0_h60_w15_p50_x70,1790890620000,ENTER,enter_stable_window,LIGHT,SHORT_DEEP_RUN_FILTER
grid_n2_noise2.5_peak3.0_h60_w15_p50_x70,1790890680000,MAINTAIN,,LIGHT,SHORT_DEEP_RUN_FILTER
grid_n2_noise2.5_peak3.0_h60_w15_p50_x70,1790890740000,MAINTAIN,,LIGHT,SHORT_DEEP_RUN_FILTER
grid_n2_noise2.5_peak3.0_h60_w15_p50_x70,1790890800000,MAINTAIN,,LIGHT,SHORT_DEEP_RUN_FILTER
grid_n2_noise2.5_peak3.0_h60_w15_p50_x70,1790890860000,MAINTAIN,,LIGHT,SHORT_DEEP_RUN_FILTER
grid_n2_noise2.5_peak3.0_h60_w15_p50_x70,1790890920000,EXIT,exit_sustained_rolling_motion,LIGHT,
grid_n2_noise2.5_peak3.0_h60_w15_p50_x70,1790891040000,ENTER,enter_stable_window,LIGHT,SHORT_DEEP_RUN_FILTER
grid_n2_noise2.5_peak3.0_h60_w15_p50_x70,1790891100000,MAINTAIN,,LIGHT,SHORT_DEEP_RUN_FILTER
grid_n2_noise2.5_peak3.0_h60_w15_p50_x70,1790891160000,MAINTAIN,,LIGHT,SHORT_DEEP_RUN_FILTER
grid_n2_noise2.5_peak3.0_h60_w15_p50_x70,1790891220000,MAINTAIN,,LIGHT,SHORT_DEEP_RUN_FILTER
grid_n2_noise2.5_peak3.0_h60_w15_p50_x70,1790891280000,MAINTAIN,,LIGHT,SHORT_DEEP_RUN_FILTER
grid_n2_noise2.5_peak3.0_h60_w15_p50_x70,1790891340000,MAINTAIN,,LIGHT,SHORT_DEEP_RUN_FILTER
grid_n2_noise2.5_peak3.0_h60_w15_p50_x70,1790891400000,EXIT,exit_sustained_rolling_motion,LIGHT,
grid_n2_noise2.5_peak3.0_h60_w15_p50_x70,1790893080000,ENTER,enter_stable_window,LIGHT,SHORT_DEEP_RUN_FILTER
grid_n2_noise2.5_peak3.0_h60_w15_p50_x70,1790893140000,MAINTAIN,,LIGHT,SHORT_DEEP_RUN_FILTER
grid_n2_noise2.5_peak3.0_h60_w15_p50_x70,1790893200000,MAINTAIN,,LIGHT,SHORT_DEEP_RUN_FILTER
grid_n2_noise2.5_peak3.0_h60_w15_p50_x70,1790893260000,MAINTAIN,,LIGHT,SHORT_DEEP_RUN_FILTER
grid_n2_noise2.5_peak3.0_h60_w15_p50_x70,1790893320000,MAINTAIN,,LIGHT,SHORT_DEEP_RUN_FILTER
grid_n2_noise2.5_peak3.0_h60_w15_p50_x70,1790893380000,MAINTAIN,,LIGHT,SHORT_DEEP_RUN_FILTER
grid_n2_noise2.5_peak3.0_h60_w15_p50_x70,1790893440000,EXIT,exit_sustained_rolling_motion,LIGHT,
grid_n2_noise2.5_peak3.0_h60_w15_p50_x70,1790893620000,ENTER,enter_stable_window,DEEP,
grid_n2_noise2.5_peak3.0_h60_w15_p50_x70,1790894460000,EXIT,exit_sustained_rolling_motion,LIGHT,
grid_n2_noise2.5_peak3.0_h60_w15_p50_x70,1790896260000,ENTER,enter_stable_window,LIGHT,SHORT_DEEP_RUN_FILTER
grid_n2_noise2.5_peak3.0_h60_w15_p50_x70,1790896320000,EXIT,exit_missing_motion,LIGHT,
grid_n2_noise2.5_peak3.0_h60_w15_p50_x65,1790882700000,ENTER,enter_stable_window,DEEP,
grid_n2_noise2.5_peak3.0_h60_w15_p50_x65,1790884680000,EXIT,exit_sustained_rolling_motion,LIGHT,
grid_n2_noise2.5_peak3.0_h60_w15_p50_x65,1790885820000,ENTER,enter_stable_window,LIGHT,SHORT_DEEP_RUN_FILTER
grid_n2_noise2.5_peak3.0_h60_w15_p50_x65,1790885880000,MAINTAIN,,LIGHT,SHORT_DEEP_RUN_FILTER
grid_n2_noise2.5_peak3.0_h60_w15_p50_x65,1790885940000,MAINTAIN,,LIGHT,SHORT_DEEP_RUN_FILTER
grid_n2_noise2.5_peak3.0_h60_w15_p50_x65,1790886000000,MAINTAIN,,LIGHT,SHORT_DEEP_RUN_FILTER
grid_n2_noise2.5_peak3.0_h60_w15_p50_x65,1790886060000,MAINTAIN,,LIGHT,SHORT_DEEP_RUN_FILTER
grid_n2_noise2.5_peak3.0_h60_w15_p50_x65,1790886120000,MAINTAIN,,LIGHT,SHORT_DEEP_RUN_FILTER
grid_n2_noise2.5_peak3.0_h60_w15_p50_x65,1790886180000,MAINTAIN,,LIGHT,SHORT_DEEP_RUN_FILTER
grid_n2_noise2.5_peak3.0_h60_w15_p50_x65,1790886240000,EXIT,exit_sustained_rolling_motion,LIGHT,
grid_n2_noise2.5_peak3.0_h60_w15_p50_x65,1790886420000,ENTER,enter_stable_window,DEEP,
grid_n2_noise2.5_peak3.0_h60_w15_p50_x65,1790890380000,EXIT,exit_sustained_rolling_motion,LIGHT,
grid_n2_noise2.5_peak3.0_h60_w15_p50_x65,1790890620000,ENTER,enter_stable_window,LIGHT,SHORT_DEEP_RUN_FILTER
grid_n2_noise2.5_peak3.0_h60_w15_p50_x65,1790890680000,MAINTAIN,,LIGHT,SHORT_DEEP_RUN_FILTER
grid_n2_noise2.5_peak3.0_h60_w15_p50_x65,1790890740000,MAINTAIN,,LIGHT,SHORT_DEEP_RUN_FILTER
grid_n2_noise2.5_peak3.0_h60_w15_p50_x65,1790890800000,MAINTAIN,,LIGHT,SHORT_DEEP_RUN_FILTER
grid_n2_noise2.5_peak3.0_h60_w15_p50_x65,1790890860000,MAINTAIN,,LIGHT,SHORT_DEEP_RUN_FILTER
grid_n2_noise2.5_peak3.0_h60_w15_p50_x65,1790890920000,EXIT,exit_sustained_rolling_motion,LIGHT,
grid_n2_noise2.5_peak3.0_h60_w15_p50_x65,1790891040000,ENTER,enter_stable_window,LIGHT,SHORT_DEEP_RUN_FILTER
grid_n2_noise2.5_peak3.0_h60_w15_p50_x65,1790891100000,MAINTAIN,,LIGHT,SHORT_DEEP_RUN_FILTER
grid_n2_noise2.5_peak3.0_h60_w15_p50_x65,1790891160000,MAINTAIN,,LIGHT,SHORT_DEEP_RUN_FILTER
grid_n2_noise2.5_peak3.0_h60_w15_p50_x65,1790891220000,MAINTAIN,,LIGHT,SHORT_DEEP_RUN_FILTER
grid_n2_noise2.5_peak3.0_h60_w15_p50_x65,1790891280000,MAINTAIN,,LIGHT,SHORT_DEEP_RUN_FILTER
grid_n2_noise2.5_peak3.0_h60_w15_p50_x65,1790891340000,MAINTAIN,,LIGHT,SHORT_DEEP_RUN_FILTER
grid_n2_noise2.5_peak3.0_h60_w15_p50_x65,1790891400000,EXIT,exit_sustained_rolling_motion,LIGHT,
grid_n2_noise2.5_peak3.0_h60_w15_p50_x65,1790893080000,ENTER,enter_stable_window,LIGHT,SHORT_DEEP_RUN_FILTER
grid_n2_noise2.5_peak3.0_h60_w15_p50_x65,1790893140000,MAINTAIN,,LIGHT,SHORT_DEEP_RUN_FILTER
grid_n2_noise2.5_peak3.0_h60_w15_p50_x65,1790893200000,MAINTAIN,,LIGHT,SHORT_DEEP_RUN_FILTER
grid_n2_noise2.5_peak3.0_h60_w15_p50_x65,1790893260000,MAINTAIN,,LIGHT,SHORT_DEEP_RUN_FILTER
grid_n2_noise2.5_peak3.0_h60_w15_p50_x65,1790893320000,MAINTAIN,,LIGHT,SHORT_DEEP_RUN_FILTER
grid_n2_noise2.5_peak3.0_h60_w15_p50_x65,1790893380000,MAINTAIN,,LIGHT,SHORT_DEEP_RUN_FILTER
grid_n2_noise2.5_peak3.0_h60_w15_p50_x65,1790893440000,EXIT,exit_sustained_rolling_motion,LIGHT,
grid_n2_noise2.5_peak3.0_h60_w15_p50_x65,1790893620000,ENTER,enter_stable_window,DEEP,
grid_n2_noise2.5_peak3.0_h60_w15_p50_x65,1790894460000,EXIT,exit_sustained_rolling_motion,LIGHT,
grid_n2_noise2.5_peak3.0_h60_w15_p50_x65,1790896260000,ENTER,enter_stable_window,LIGHT,SHORT_DEEP_RUN_FILTER
grid_n2_noise2.5_peak3.0_h60_w15_p50_x65,1790896320000,EXIT,exit_missing_motion,LIGHT,
grid_n2_noise2.5_peak3.0_h60_w15_p65_x70,1790880660000,ENTER,enter_stable_window,DEEP,
grid_n2_noise2.5_peak3.0_h60_w15_p65_x70,1790881260000,EXIT,exit_sustained_rolling_motion,LIGHT,
grid_n2_noise2.5_peak3.0_h60_w15_p65_x70,1790881380000,ENTER,enter_stable_window,DEEP,
grid_n2_noise2.5_peak3.0_h60_w15_p65_x70,1790884680000,EXIT,exit_sustained_rolling_motion,LIGHT,
grid_n2_noise2.5_peak3.0_h60_w15_p65_x70,1790885820000,ENTER,enter_stable_window,LIGHT,SHORT_DEEP_RUN_FILTER
grid_n2_noise2.5_peak3.0_h60_w15_p65_x70,1790885880000,MAINTAIN,,LIGHT,SHORT_DEEP_RUN_FILTER
grid_n2_noise2.5_peak3.0_h60_w15_p65_x70,1790885940000,MAINTAIN,,LIGHT,SHORT_DEEP_RUN_FILTER
grid_n2_noise2.5_peak3.0_h60_w15_p65_x70,1790886000000,MAINTAIN,,LIGHT,SHORT_DEEP_RUN_FILTER
grid_n2_noise2.5_peak3.0_h60_w15_p65_x70,1790886060000,MAINTAIN,,LIGHT,SHORT_DEEP_RUN_FILTER
grid_n2_noise2.5_peak3.0_h60_w15_p65_x70,1790886120000,MAINTAIN,,LIGHT,SHORT_DEEP_RUN_FILTER
grid_n2_noise2.5_peak3.0_h60_w15_p65_x70,1790886180000,MAINTAIN,,LIGHT,SHORT_DEEP_RUN_FILTER
grid_n2_noise2.5_peak3.0_h60_w15_p65_x70,1790886240000,EXIT,exit_sustained_rolling_motion,LIGHT,
grid_n2_noise2.5_peak3.0_h60_w15_p65_x70,1790886300000,ENTER,enter_stable_window,DEEP,
grid_n2_noise2.5_peak3.0_h60_w15_p65_x70,1790890380000,EXIT,exit_sustained_rolling_motion,LIGHT,
grid_n2_noise2.5_peak3.0_h60_w15_p65_x70,1790890560000,ENTER,enter_stable_window,LIGHT,SHORT_DEEP_RUN_FILTER
grid_n2_noise2.5_peak3.0_h60_w15_p65_x70,1790890620000,MAINTAIN,,LIGHT,SHORT_DEEP_RUN_FILTER
grid_n2_noise2.5_peak3.0_h60_w15_p65_x70,1790890680000,MAINTAIN,,LIGHT,SHORT_DEEP_RUN_FILTER
grid_n2_noise2.5_peak3.0_h60_w15_p65_x70,1790890740000,MAINTAIN,,LIGHT,SHORT_DEEP_RUN_FILTER
grid_n2_noise2.5_peak3.0_h60_w15_p65_x70,1790890800000,MAINTAIN,,LIGHT,SHORT_DEEP_RUN_FILTER
grid_n2_noise2.5_peak3.0_h60_w15_p65_x70,1790890860000,MAINTAIN,,LIGHT,SHORT_DEEP_RUN_FILTER
grid_n2_noise2.5_peak3.0_h60_w15_p65_x70,1790890920000,EXIT,exit_sustained_rolling_motion,LIGHT,
grid_n2_noise2.5_peak3.0_h60_w15_p65_x70,1790891040000,ENTER,enter_stable_window,LIGHT,SHORT_DEEP_RUN_FILTER
grid_n2_noise2.5_peak3.0_h60_w15_p65_x70,1790891100000,MAINTAIN,,LIGHT,SHORT_DEEP_RUN_FILTER
grid_n2_noise2.5_peak3.0_h60_w15_p65_x70,1790891160000,MAINTAIN,,LIGHT,SHORT_DEEP_RUN_FILTER
grid_n2_noise2.5_peak3.0_h60_w15_p65_x70,1790891220000,MAINTAIN,,LIGHT,SHORT_DEEP_RUN_FILTER
grid_n2_noise2.5_peak3.0_h60_w15_p65_x70,1790891280000,MAINTAIN,,LIGHT,SHORT_DEEP_RUN_FILTER
grid_n2_noise2.5_peak3.0_h60_w15_p65_x70,1790891340000,MAINTAIN,,LIGHT,SHORT_DEEP_RUN_FILTER
grid_n2_noise2.5_peak3.0_h60_w15_p65_x70,1790891400000,EXIT,exit_sustained_rolling_motion,LIGHT,
grid_n2_noise2.5_peak3.0_h60_w15_p65_x70,1790893080000,ENTER,enter_stable_window,LIGHT,SHORT_DEEP_RUN_FILTER
grid_n2_noise2.5_peak3.0_h60_w15_p65_x70,1790893140000,MAINTAIN,,LIGHT,SHORT_DEEP_RUN_FILTER
grid_n2_noise2.5_peak3.0_h60_w15_p65_x70,1790893200000,MAINTAIN,,LIGHT,SHORT_DEEP_RUN_FILTER
grid_n2_noise2.5_peak3.0_h60_w15_p65_x70,1790893260000,MAINTAIN,,LIGHT,SHORT_DEEP_RUN_FILTER
grid_n2_noise2.5_peak3.0_h60_w15_p65_x70,1790893320000,MAINTAIN,,LIGHT,SHORT_DEEP_RUN_FILTER
grid_n2_noise2.5_peak3.0_h60_w15_p65_x70,1790893380000,MAINTAIN,,LIGHT,SHORT_DEEP_RUN_FILTER
grid_n2_noise2.5_peak3.0_h60_w15_p65_x70,1790893440000,EXIT,exit_sustained_rolling_motion,LIGHT,
grid_n2_noise2.5_peak3.0_h60_w15_p65_x70,1790893620000,ENTER,enter_stable_window,DEEP,
grid_n2_noise2.5_peak3.0_h60_w15_p65_x70,1790894460000,EXIT,exit_sustained_rolling_motion,LIGHT,
grid_n2_noise2.5_peak3.0_h60_w15_p65_x70,1790894580000,ENTER,enter_stable_window,LIGHT,SHORT_DEEP_RUN_FILTER
grid_n2_noise2.5_peak3.0_h60_w15_p65_x70,1790894640000,MAINTAIN,,LIGHT,SHORT_DEEP_RUN_FILTER
grid_n2_noise2.5_peak3.0_h60_w15_p65_x70,1790894700000,MAINTAIN,,LIGHT,SHORT_DEEP_RUN_FILTER
grid_n2_noise2.5_peak3.0_h60_w15_p65_x70,1790894760000,MAINTAIN,,LIGHT,SHORT_DEEP_RUN_FILTER
grid_n2_noise2.5_peak3.0_h60_w15_p65_x70,1790894820000,MAINTAIN,,LIGHT,SHORT_DEEP_RUN_FILTER
grid_n2_noise2.5_peak3.0_h60_w15_p65_x70,1790894880000,MAINTAIN,,LIGHT,SHORT_DEEP_RUN_FILTER
grid_n2_noise2.5_peak3.0_h60_w15_p65_x70,1790894940000,EXIT,exit_sustained_rolling_motion,LIGHT,
grid_n2_noise2.5_peak3.0_h60_w15_p65_x70,1790895180000,ENTER,enter_stable_window,LIGHT,
grid_n2_noise2.5_peak3.0_h60_w15_p65_x70,1790896320000,EXIT,exit_missing_motion,LIGHT,
grid_n2_noise2.5_peak3.0_h60_w15_p65_x65,1790880660000,ENTER,enter_stable_window,DEEP,
grid_n2_noise2.5_peak3.0_h60_w15_p65_x65,1790881260000,EXIT,exit_sustained_rolling_motion,LIGHT,
grid_n2_noise2.5_peak3.0_h60_w15_p65_x65,1790881380000,ENTER,enter_stable_window,LIGHT,SHORT_DEEP_RUN_FILTER
grid_n2_noise2.5_peak3.0_h60_w15_p65_x65,1790881440000,MAINTAIN,,LIGHT,SHORT_DEEP_RUN_FILTER
grid_n2_noise2.5_peak3.0_h60_w15_p65_x65,1790881500000,MAINTAIN,,LIGHT,SHORT_DEEP_RUN_FILTER
grid_n2_noise2.5_peak3.0_h60_w15_p65_x65,1790881560000,EXIT,exit_sustained_rolling_motion,LIGHT,
grid_n2_noise2.5_peak3.0_h60_w15_p65_x65,1790882100000,ENTER,enter_stable_window,DEEP,
grid_n2_noise2.5_peak3.0_h60_w15_p65_x65,1790884680000,EXIT,exit_sustained_rolling_motion,LIGHT,
grid_n2_noise2.5_peak3.0_h60_w15_p65_x65,1790885820000,ENTER,enter_stable_window,LIGHT,SHORT_DEEP_RUN_FILTER
grid_n2_noise2.5_peak3.0_h60_w15_p65_x65,1790885880000,MAINTAIN,,LIGHT,SHORT_DEEP_RUN_FILTER
grid_n2_noise2.5_peak3.0_h60_w15_p65_x65,1790885940000,MAINTAIN,,LIGHT,SHORT_DEEP_RUN_FILTER
grid_n2_noise2.5_peak3.0_h60_w15_p65_x65,1790886000000,MAINTAIN,,LIGHT,SHORT_DEEP_RUN_FILTER
grid_n2_noise2.5_peak3.0_h60_w15_p65_x65,1790886060000,MAINTAIN,,LIGHT,SHORT_DEEP_RUN_FILTER
grid_n2_noise2.5_peak3.0_h60_w15_p65_x65,1790886120000,MAINTAIN,,LIGHT,SHORT_DEEP_RUN_FILTER
grid_n2_noise2.5_peak3.0_h60_w15_p65_x65,1790886180000,MAINTAIN,,LIGHT,SHORT_DEEP_RUN_FILTER
grid_n2_noise2.5_peak3.0_h60_w15_p65_x65,1790886240000,EXIT,exit_sustained_rolling_motion,LIGHT,
grid_n2_noise2.5_peak3.0_h60_w15_p65_x65,1790886300000,ENTER,enter_stable_window,DEEP,
grid_n2_noise2.5_peak3.0_h60_w15_p65_x65,1790890380000,EXIT,exit_sustained_rolling_motion,LIGHT,
grid_n2_noise2.5_peak3.0_h60_w15_p65_x65,1790890560000,ENTER,enter_stable_window,LIGHT,SHORT_DEEP_RUN_FILTER
grid_n2_noise2.5_peak3.0_h60_w15_p65_x65,1790890620000,MAINTAIN,,LIGHT,SHORT_DEEP_RUN_FILTER
grid_n2_noise2.5_peak3.0_h60_w15_p65_x65,1790890680000,MAINTAIN,,LIGHT,SHORT_DEEP_RUN_FILTER
grid_n2_noise2.5_peak3.0_h60_w15_p65_x65,1790890740000,MAINTAIN,,LIGHT,SHORT_DEEP_RUN_FILTER
grid_n2_noise2.5_peak3.0_h60_w15_p65_x65,1790890800000,MAINTAIN,,LIGHT,SHORT_DEEP_RUN_FILTER
grid_n2_noise2.5_peak3.0_h60_w15_p65_x65,1790890860000,MAINTAIN,,LIGHT,SHORT_DEEP_RUN_FILTER
grid_n2_noise2.5_peak3.0_h60_w15_p65_x65,1790890920000,EXIT,exit_sustained_rolling_motion,LIGHT,
grid_n2_noise2.5_peak3.0_h60_w15_p65_x65,1790891040000,ENTER,enter_stable_window,LIGHT,SHORT_DEEP_RUN_FILTER
grid_n2_noise2.5_peak3.0_h60_w15_p65_x65,1790891100000,MAINTAIN,,LIGHT,SHORT_DEEP_RUN_FILTER
grid_n2_noise2.5_peak3.0_h60_w15_p65_x65,1790891160000,MAINTAIN,,LIGHT,SHORT_DEEP_RUN_FILTER
grid_n2_noise2.5_peak3.0_h60_w15_p65_x65,1790891220000,MAINTAIN,,LIGHT,SHORT_DEEP_RUN_FILTER
grid_n2_noise2.5_peak3.0_h60_w15_p65_x65,1790891280000,MAINTAIN,,LIGHT,SHORT_DEEP_RUN_FILTER
grid_n2_noise2.5_peak3.0_h60_w15_p65_x65,1790891340000,MAINTAIN,,LIGHT,SHORT_DEEP_RUN_FILTER
grid_n2_noise2.5_peak3.0_h60_w15_p65_x65,1790891400000,EXIT,exit_sustained_rolling_motion,LIGHT,
grid_n2_noise2.5_peak3.0_h60_w15_p65_x65,1790893080000,ENTER,enter_stable_window,LIGHT,SHORT_DEEP_RUN_FILTER
grid_n2_noise2.5_peak3.0_h60_w15_p65_x65,1790893140000,MAINTAIN,,LIGHT,SHORT_DEEP_RUN_FILTER
grid_n2_noise2.5_peak3.0_h60_w15_p65_x65,1790893200000,MAINTAIN,,LIGHT,SHORT_DEEP_RUN_FILTER
grid_n2_noise2.5_peak3.0_h60_w15_p65_x65,1790893260000,MAINTAIN,,LIGHT,SHORT_DEEP_RUN_FILTER
grid_n2_noise2.5_peak3.0_h60_w15_p65_x65,1790893320000,MAINTAIN,,LIGHT,SHORT_DEEP_RUN_FILTER
grid_n2_noise2.5_peak3.0_h60_w15_p65_x65,1790893380000,MAINTAIN,,LIGHT,SHORT_DEEP_RUN_FILTER
grid_n2_noise2.5_peak3.0_h60_w15_p65_x65,1790893440000,EXIT,exit_sustained_rolling_motion,LIGHT,
grid_n2_noise2.5_peak3.0_h60_w15_p65_x65,1790893620000,ENTER,enter_stable_window,DEEP,
grid_n2_noise2.5_peak3.0_h60_w15_p65_x65,1790894460000,EXIT,exit_sustained_rolling_motion,LIGHT,
grid_n2_noise2.5_peak3.0_h60_w15_p65_x65,1790894580000,ENTER,enter_stable_window,LIGHT,SHORT_DEEP_RUN_FILTER
grid_n2_noise2.5_peak3.0_h60_w15_p65_x65,1790894640000,MAINTAIN,,LIGHT,SHORT_DEEP_RUN_FILTER
grid_n2_noise2.5_peak3.0_h60_w15_p65_x65,1790894700000,MAINTAIN,,LIGHT,SHORT_DEEP_RUN_FILTER
grid_n2_noise2.5_peak3.0_h60_w15_p65_x65,1790894760000,MAINTAIN,,LIGHT,SHORT_DEEP_RUN_FILTER
grid_n2_noise2.5_peak3.0_h60_w15_p65_x65,1790894820000,MAINTAIN,,LIGHT,SHORT_DEEP_RUN_FILTER
grid_n2_noise2.5_peak3.0_h60_w15_p65_x65,1790894880000,MAINTAIN,,LIGHT,SHORT_DEEP_RUN_FILTER
grid_n2_noise2.5_peak3.0_h60_w15_p65_x65,1790894940000,EXIT,exit_sustained_rolling_motion,LIGHT,
grid_n2_noise2.5_peak3.0_h60_w15_p65_x65,1790895180000,ENTER,enter_stable_window,DEEP,
grid_n2_noise2.5_peak3.0_h60_w15_p65_x65,1790896320000,EXIT,exit_missing_motion,LIGHT,
grid_n2_noise2.5_peak3.0_h60_w10_p50_x70,1790882520000,ENTER,enter_stable_window,DEEP,
grid_n2_noise2.5_peak3.0_h60_w10_p50_x70,1790884680000,EXIT,exit_sustained_rolling_motion,LIGHT,
grid_n2_noise2.5_peak3.0_h60_w10_p50_x70,1790885340000,ENTER,enter_stable_window,LIGHT,SHORT_DEEP_RUN_FILTER
grid_n2_noise2.5_peak3.0_h60_w10_p50_x70,1790885400000,MAINTAIN,,LIGHT,SHORT_DEEP_RUN_FILTER
grid_n2_noise2.5_peak3.0_h60_w10_p50_x70,1790885460000,MAINTAIN,,LIGHT,SHORT_DEEP_RUN_FILTER
grid_n2_noise2.5_peak3.0_h60_w10_p50_x70,1790885520000,MAINTAIN,,LIGHT,SHORT_DEEP_RUN_FILTER
grid_n2_noise2.5_peak3.0_h60_w10_p50_x70,1790885580000,MAINTAIN,,LIGHT,SHORT_DEEP_RUN_FILTER
grid_n2_noise2.5_peak3.0_h60_w10_p50_x70,1790885640000,MAINTAIN,,LIGHT,SHORT_DEEP_RUN_FILTER
grid_n2_noise2.5_peak3.0_h60_w10_p50_x70,1790885700000,EXIT,exit_sustained_rolling_motion,LIGHT,
grid_n2_noise2.5_peak3.0_h60_w10_p50_x70,1790885820000,ENTER,enter_stable_window,LIGHT,SHORT_DEEP_RUN_FILTER
grid_n2_noise2.5_peak3.0_h60_w10_p50_x70,1790885880000,MAINTAIN,,LIGHT,SHORT_DEEP_RUN_FILTER
grid_n2_noise2.5_peak3.0_h60_w10_p50_x70,1790885940000,MAINTAIN,,LIGHT,SHORT_DEEP_RUN_FILTER
grid_n2_noise2.5_peak3.0_h60_w10_p50_x70,1790886000000,MAINTAIN,,LIGHT,SHORT_DEEP_RUN_FILTER
grid_n2_noise2.5_peak3.0_h60_w10_p50_x70,1790886060000,MAINTAIN,,LIGHT,SHORT_DEEP_RUN_FILTER
grid_n2_noise2.5_peak3.0_h60_w10_p50_x70,1790886120000,MAINTAIN,,LIGHT,SHORT_DEEP_RUN_FILTER
grid_n2_noise2.5_peak3.0_h60_w10_p50_x70,1790886180000,MAINTAIN,,LIGHT,SHORT_DEEP_RUN_FILTER
grid_n2_noise2.5_peak3.0_h60_w10_p50_x70,1790886240000,EXIT,exit_sustained_rolling_motion,LIGHT,
grid_n2_noise2.5_peak3.0_h60_w10_p50_x70,1790886300000,ENTER,enter_stable_window,DEEP,
grid_n2_noise2.5_peak3.0_h60_w10_p50_x70,1790890380000,EXIT,exit_sustained_rolling_motion,LIGHT,
grid_n2_noise2.5_peak3.0_h60_w10_p50_x70,1790890560000,ENTER,enter_stable_window,LIGHT,SHORT_DEEP_RUN_FILTER
grid_n2_noise2.5_peak3.0_h60_w10_p50_x70,1790890620000,MAINTAIN,,LIGHT,SHORT_DEEP_RUN_FILTER
grid_n2_noise2.5_peak3.0_h60_w10_p50_x70,1790890680000,MAINTAIN,,LIGHT,SHORT_DEEP_RUN_FILTER
grid_n2_noise2.5_peak3.0_h60_w10_p50_x70,1790890740000,MAINTAIN,,LIGHT,SHORT_DEEP_RUN_FILTER
grid_n2_noise2.5_peak3.0_h60_w10_p50_x70,1790890800000,MAINTAIN,,LIGHT,SHORT_DEEP_RUN_FILTER
grid_n2_noise2.5_peak3.0_h60_w10_p50_x70,1790890860000,MAINTAIN,,LIGHT,SHORT_DEEP_RUN_FILTER
grid_n2_noise2.5_peak3.0_h60_w10_p50_x70,1790890920000,EXIT,exit_sustained_rolling_motion,LIGHT,
grid_n2_noise2.5_peak3.0_h60_w10_p50_x70,1790890980000,ENTER,enter_stable_window,LIGHT,SHORT_DEEP_RUN_FILTER
grid_n2_noise2.5_peak3.0_h60_w10_p50_x70,1790891040000,MAINTAIN,,LIGHT,SHORT_DEEP_RUN_FILTER
grid_n2_noise2.5_peak3.0_h60_w10_p50_x70,1790891100000,MAINTAIN,,LIGHT,SHORT_DEEP_RUN_FILTER
grid_n2_noise2.5_peak3.0_h60_w10_p50_x70,1790891160000,MAINTAIN,,LIGHT,SHORT_DEEP_RUN_FILTER
grid_n2_noise2.5_peak3.0_h60_w10_p50_x70,1790891220000,MAINTAIN,,LIGHT,SHORT_DEEP_RUN_FILTER
grid_n2_noise2.5_peak3.0_h60_w10_p50_x70,1790891280000,MAINTAIN,,LIGHT,SHORT_DEEP_RUN_FILTER
grid_n2_noise2.5_peak3.0_h60_w10_p50_x70,1790891340000,MAINTAIN,,LIGHT,SHORT_DEEP_RUN_FILTER
grid_n2_noise2.5_peak3.0_h60_w10_p50_x70,1790891400000,EXIT,exit_sustained_rolling_motion,LIGHT,
grid_n2_noise2.5_peak3.0_h60_w10_p50_x70,1790892960000,ENTER,enter_stable_window,LIGHT,SHORT_DEEP_RUN_FILTER
grid_n2_noise2.5_peak3.0_h60_w10_p50_x70,1790893020000,MAINTAIN,,LIGHT,SHORT_DEEP_RUN_FILTER
grid_n2_noise2.5_peak3.0_h60_w10_p50_x70,1790893080000,MAINTAIN,,LIGHT,SHORT_DEEP_RUN_FILTER
grid_n2_noise2.5_peak3.0_h60_w10_p50_x70,1790893140000,MAINTAIN,,LIGHT,SHORT_DEEP_RUN_FILTER
grid_n2_noise2.5_peak3.0_h60_w10_p50_x70,1790893200000,MAINTAIN,,LIGHT,SHORT_DEEP_RUN_FILTER
grid_n2_noise2.5_peak3.0_h60_w10_p50_x70,1790893260000,MAINTAIN,,LIGHT,SHORT_DEEP_RUN_FILTER
grid_n2_noise2.5_peak3.0_h60_w10_p50_x70,1790893320000,MAINTAIN,,LIGHT,SHORT_DEEP_RUN_FILTER
grid_n2_noise2.5_peak3.0_h60_w10_p50_x70,1790893380000,MAINTAIN,,LIGHT,SHORT_DEEP_RUN_FILTER
grid_n2_noise2.5_peak3.0_h60_w10_p50_x70,1790893440000,EXIT,exit_sustained_rolling_motion,LIGHT,
grid_n2_noise2.5_peak3.0_h60_w10_p50_x70,1790893620000,ENTER,enter_stable_window,DEEP,
grid_n2_noise2.5_peak3.0_h60_w10_p50_x70,1790894460000,EXIT,exit_sustained_rolling_motion,LIGHT,
grid_n2_noise2.5_peak3.0_h60_w10_p50_x70,1790896140000,ENTER,enter_stable_window,LIGHT,SHORT_DEEP_RUN_FILTER
grid_n2_noise2.5_peak3.0_h60_w10_p50_x70,1790896200000,MAINTAIN,,LIGHT,SHORT_DEEP_RUN_FILTER
grid_n2_noise2.5_peak3.0_h60_w10_p50_x70,1790896260000,MAINTAIN,,LIGHT,SHORT_DEEP_RUN_FILTER
grid_n2_noise2.5_peak3.0_h60_w10_p50_x70,1790896320000,EXIT,exit_missing_motion,LIGHT,
grid_n2_noise2.5_peak3.0_h60_w10_p50_x65,1790882520000,ENTER,enter_stable_window,DEEP,
grid_n2_noise2.5_peak3.0_h60_w10_p50_x65,1790884680000,EXIT,exit_sustained_rolling_motion,LIGHT,
grid_n2_noise2.5_peak3.0_h60_w10_p50_x65,1790885340000,ENTER,enter_stable_window,LIGHT,SHORT_DEEP_RUN_FILTER
grid_n2_noise2.5_peak3.0_h60_w10_p50_x65,1790885400000,MAINTAIN,,LIGHT,SHORT_DEEP_RUN_FILTER
grid_n2_noise2.5_peak3.0_h60_w10_p50_x65,1790885460000,MAINTAIN,,LIGHT,SHORT_DEEP_RUN_FILTER
grid_n2_noise2.5_peak3.0_h60_w10_p50_x65,1790885520000,MAINTAIN,,LIGHT,SHORT_DEEP_RUN_FILTER
grid_n2_noise2.5_peak3.0_h60_w10_p50_x65,1790885580000,EXIT,exit_sustained_rolling_motion,LIGHT,
grid_n2_noise2.5_peak3.0_h60_w10_p50_x65,1790885820000,ENTER,enter_stable_window,LIGHT,SHORT_DEEP_RUN_FILTER
grid_n2_noise2.5_peak3.0_h60_w10_p50_x65,1790885880000,MAINTAIN,,LIGHT,SHORT_DEEP_RUN_FILTER
grid_n2_noise2.5_peak3.0_h60_w10_p50_x65,1790885940000,MAINTAIN,,LIGHT,SHORT_DEEP_RUN_FILTER
grid_n2_noise2.5_peak3.0_h60_w10_p50_x65,1790886000000,MAINTAIN,,LIGHT,SHORT_DEEP_RUN_FILTER
grid_n2_noise2.5_peak3.0_h60_w10_p50_x65,1790886060000,MAINTAIN,,LIGHT,SHORT_DEEP_RUN_FILTER
grid_n2_noise2.5_peak3.0_h60_w10_p50_x65,1790886120000,MAINTAIN,,LIGHT,SHORT_DEEP_RUN_FILTER
grid_n2_noise2.5_peak3.0_h60_w10_p50_x65,1790886180000,MAINTAIN,,LIGHT,SHORT_DEEP_RUN_FILTER
grid_n2_noise2.5_peak3.0_h60_w10_p50_x65,1790886240000,EXIT,exit_sustained_rolling_motion,LIGHT,
grid_n2_noise2.5_peak3.0_h60_w10_p50_x65,1790886300000,ENTER,enter_stable_window,DEEP,
grid_n2_noise2.5_peak3.0_h60_w10_p50_x65,1790890380000,EXIT,exit_sustained_rolling_motion,LIGHT,
grid_n2_noise2.5_peak3.0_h60_w10_p50_x65,1790890560000,ENTER,enter_stable_window,LIGHT,SHORT_DEEP_RUN_FILTER
grid_n2_noise2.5_peak3.0_h60_w10_p50_x65,1790890620000,MAINTAIN,,LIGHT,SHORT_DEEP_RUN_FILTER
grid_n2_noise2.5_peak3.0_h60_w10_p50_x65,1790890680000,MAINTAIN,,LIGHT,SHORT_DEEP_RUN_FILTER
grid_n2_noise2.5_peak3.0_h60_w10_p50_x65,1790890740000,MAINTAIN,,LIGHT,SHORT_DEEP_RUN_FILTER
grid_n2_noise2.5_peak3.0_h60_w10_p50_x65,1790890800000,MAINTAIN,,LIGHT,SHORT_DEEP_RUN_FILTER
grid_n2_noise2.5_peak3.0_h60_w10_p50_x65,1790890860000,MAINTAIN,,LIGHT,SHORT_DEEP_RUN_FILTER
grid_n2_noise2.5_peak3.0_h60_w10_p50_x65,1790890920000,EXIT,exit_sustained_rolling_motion,LIGHT,
grid_n2_noise2.5_peak3.0_h60_w10_p50_x65,1790890980000,ENTER,enter_stable_window,LIGHT,SHORT_DEEP_RUN_FILTER
grid_n2_noise2.5_peak3.0_h60_w10_p50_x65,1790891040000,MAINTAIN,,LIGHT,SHORT_DEEP_RUN_FILTER
grid_n2_noise2.5_peak3.0_h60_w10_p50_x65,1790891100000,MAINTAIN,,LIGHT,SHORT_DEEP_RUN_FILTER
grid_n2_noise2.5_peak3.0_h60_w10_p50_x65,1790891160000,MAINTAIN,,LIGHT,SHORT_DEEP_RUN_FILTER
grid_n2_noise2.5_peak3.0_h60_w10_p50_x65,1790891220000,MAINTAIN,,LIGHT,SHORT_DEEP_RUN_FILTER
grid_n2_noise2.5_peak3.0_h60_w10_p50_x65,1790891280000,MAINTAIN,,LIGHT,SHORT_DEEP_RUN_FILTER
grid_n2_noise2.5_peak3.0_h60_w10_p50_x65,1790891340000,MAINTAIN,,LIGHT,SHORT_DEEP_RUN_FILTER
grid_n2_noise2.5_peak3.0_h60_w10_p50_x65,1790891400000,EXIT,exit_sustained_rolling_motion,LIGHT,
grid_n2_noise2.5_peak3.0_h60_w10_p50_x65,1790892960000,ENTER,enter_stable_window,LIGHT,SHORT_DEEP_RUN_FILTER
grid_n2_noise2.5_peak3.0_h60_w10_p50_x65,1790893020000,MAINTAIN,,LIGHT,SHORT_DEEP_RUN_FILTER
grid_n2_noise2.5_peak3.0_h60_w10_p50_x65,1790893080000,MAINTAIN,,LIGHT,SHORT_DEEP_RUN_FILTER
grid_n2_noise2.5_peak3.0_h60_w10_p50_x65,1790893140000,MAINTAIN,,LIGHT,SHORT_DEEP_RUN_FILTER
grid_n2_noise2.5_peak3.0_h60_w10_p50_x65,1790893200000,MAINTAIN,,LIGHT,SHORT_DEEP_RUN_FILTER
grid_n2_noise2.5_peak3.0_h60_w10_p50_x65,1790893260000,MAINTAIN,,LIGHT,SHORT_DEEP_RUN_FILTER
grid_n2_noise2.5_peak3.0_h60_w10_p50_x65,1790893320000,MAINTAIN,,LIGHT,SHORT_DEEP_RUN_FILTER
grid_n2_noise2.5_peak3.0_h60_w10_p50_x65,1790893380000,MAINTAIN,,LIGHT,SHORT_DEEP_RUN_FILTER
grid_n2_noise2.5_peak3.0_h60_w10_p50_x65,1790893440000,EXIT,exit_sustained_rolling_motion,LIGHT,
grid_n2_noise2.5_peak3.0_h60_w10_p50_x65,1790893620000,ENTER,enter_stable_window,DEEP,
grid_n2_noise2.5_peak3.0_h60_w10_p50_x65,1790894460000,EXIT,exit_sustained_rolling_motion,LIGHT,
grid_n2_noise2.5_peak3.0_h60_w10_p50_x65,1790896140000,ENTER,enter_stable_window,LIGHT,SHORT_DEEP_RUN_FILTER
grid_n2_noise2.5_peak3.0_h60_w10_p50_x65,1790896200000,MAINTAIN,,LIGHT,SHORT_DEEP_RUN_FILTER
grid_n2_noise2.5_peak3.0_h60_w10_p50_x65,1790896260000,MAINTAIN,,LIGHT,SHORT_DEEP_RUN_FILTER
grid_n2_noise2.5_peak3.0_h60_w10_p50_x65,1790896320000,EXIT,exit_missing_motion,LIGHT,
grid_n2_noise2.5_peak3.0_h60_w10_p65_x70,1790880420000,ENTER,enter_stable_window,LIGHT,
grid_n2_noise2.5_peak3.0_h60_w10_p65_x70,1790881260000,EXIT,exit_sustained_rolling_motion,LIGHT,
grid_n2_noise2.5_peak3.0_h60_w10_p65_x70,1790881800000,ENTER,enter_stable_window,DEEP,
grid_n2_noise2.5_peak3.0_h60_w10_p65_x70,1790884680000,EXIT,exit_sustained_rolling_motion,LIGHT,
grid_n2_noise2.5_peak3.0_h60_w10_p65_x70,1790885160000,ENTER,enter_stable_window,LIGHT,SHORT_DEEP_RUN_FILTER
grid_n2_noise2.5_peak3.0_h60_w10_p65_x70,1790885220000,MAINTAIN,,LIGHT,SHORT_DEEP_RUN_FILTER
grid_n2_noise2.5_peak3.0_h60_w10_p65_x70,1790885280000,MAINTAIN,,LIGHT,SHORT_DEEP_RUN_FILTER
grid_n2_noise2.5_peak3.0_h60_w10_p65_x70,1790885340000,MAINTAIN,,LIGHT,SHORT_DEEP_RUN_FILTER
grid_n2_noise2.5_peak3.0_h60_w10_p65_x70,1790885400000,MAINTAIN,,LIGHT,SHORT_DEEP_RUN_FILTER
grid_n2_noise2.5_peak3.0_h60_w10_p65_x70,1790885460000,MAINTAIN,,LIGHT,SHORT_DEEP_RUN_FILTER
grid_n2_noise2.5_peak3.0_h60_w10_p65_x70,1790885520000,MAINTAIN,,LIGHT,SHORT_DEEP_RUN_FILTER
grid_n2_noise2.5_peak3.0_h60_w10_p65_x70,1790885580000,MAINTAIN,,LIGHT,SHORT_DEEP_RUN_FILTER
grid_n2_noise2.5_peak3.0_h60_w10_p65_x70,1790885640000,MAINTAIN,,LIGHT,SHORT_DEEP_RUN_FILTER
grid_n2_noise2.5_peak3.0_h60_w10_p65_x70,1790885700000,EXIT,exit_sustained_rolling_motion,LIGHT,
grid_n2_noise2.5_peak3.0_h60_w10_p65_x70,1790885820000,ENTER,enter_stable_window,LIGHT,SHORT_DEEP_RUN_FILTER
grid_n2_noise2.5_peak3.0_h60_w10_p65_x70,1790885880000,MAINTAIN,,LIGHT,SHORT_DEEP_RUN_FILTER
grid_n2_noise2.5_peak3.0_h60_w10_p65_x70,1790885940000,MAINTAIN,,LIGHT,SHORT_DEEP_RUN_FILTER
grid_n2_noise2.5_peak3.0_h60_w10_p65_x70,1790886000000,MAINTAIN,,LIGHT,SHORT_DEEP_RUN_FILTER
grid_n2_noise2.5_peak3.0_h60_w10_p65_x70,1790886060000,MAINTAIN,,LIGHT,SHORT_DEEP_RUN_FILTER
grid_n2_noise2.5_peak3.0_h60_w10_p65_x70,1790886120000,MAINTAIN,,LIGHT,SHORT_DEEP_RUN_FILTER
grid_n2_noise2.5_peak3.0_h60_w10_p65_x70,1790886180000,MAINTAIN,,LIGHT,SHORT_DEEP_RUN_FILTER
grid_n2_noise2.5_peak3.0_h60_w10_p65_x70,1790886240000,EXIT,exit_sustained_rolling_motion,LIGHT,
grid_n2_noise2.5_peak3.0_h60_w10_p65_x70,1790886300000,ENTER,enter_stable_window,DEEP,
grid_n2_noise2.5_peak3.0_h60_w10_p65_x70,1790890380000,EXIT,exit_sustained_rolling_motion,LIGHT,
grid_n2_noise2.5_peak3.0_h60_w10_p65_x70,1790890560000,ENTER,enter_stable_window,LIGHT,
grid_n2_noise2.5_peak3.0_h60_w10_p65_x70,1790890920000,EXIT,exit_sustained_rolling_motion,LIGHT,
grid_n2_noise2.5_peak3.0_h60_w10_p65_x70,1790890980000,ENTER,enter_stable_window,LIGHT,SHORT_DEEP_RUN_FILTER
grid_n2_noise2.5_peak3.0_h60_w10_p65_x70,1790891040000,MAINTAIN,,LIGHT,SHORT_DEEP_RUN_FILTER
grid_n2_noise2.5_peak3.0_h60_w10_p65_x70,1790891100000,MAINTAIN,,LIGHT,SHORT_DEEP_RUN_FILTER
grid_n2_noise2.5_peak3.0_h60_w10_p65_x70,1790891160000,MAINTAIN,,LIGHT,SHORT_DEEP_RUN_FILTER
grid_n2_noise2.5_peak3.0_h60_w10_p65_x70,1790891220000,MAINTAIN,,LIGHT,SHORT_DEEP_RUN_FILTER
grid_n2_noise2.5_peak3.0_h60_w10_p65_x70,1790891280000,MAINTAIN,,LIGHT,SHORT_DEEP_RUN_FILTER
grid_n2_noise2.5_peak3.0_h60_w10_p65_x70,1790891340000,MAINTAIN,,LIGHT,SHORT_DEEP_RUN_FILTER
grid_n2_noise2.5_peak3.0_h60_w10_p65_x70,1790891400000,EXIT,exit_sustained_rolling_motion,LIGHT,
grid_n2_noise2.5_peak3.0_h60_w10_p65_x70,1790892900000,ENTER,enter_stable_window,LIGHT,SHORT_DEEP_RUN_FILTER
grid_n2_noise2.5_peak3.0_h60_w10_p65_x70,1790892960000,MAINTAIN,,LIGHT,SHORT_DEEP_RUN_FILTER
grid_n2_noise2.5_peak3.0_h60_w10_p65_x70,1790893020000,MAINTAIN,,LIGHT,SHORT_DEEP_RUN_FILTER
grid_n2_noise2.5_peak3.0_h60_w10_p65_x70,1790893080000,MAINTAIN,,LIGHT,SHORT_DEEP_RUN_FILTER
grid_n2_noise2.5_peak3.0_h60_w10_p65_x70,1790893140000,MAINTAIN,,LIGHT,SHORT_DEEP_RUN_FILTER
grid_n2_noise2.5_peak3.0_h60_w10_p65_x70,1790893200000,MAINTAIN,,LIGHT,SHORT_DEEP_RUN_FILTER
grid_n2_noise2.5_peak3.0_h60_w10_p65_x70,1790893260000,MAINTAIN,,LIGHT,SHORT_DEEP_RUN_FILTER
grid_n2_noise2.5_peak3.0_h60_w10_p65_x70,1790893320000,MAINTAIN,,LIGHT,SHORT_DEEP_RUN_FILTER
grid_n2_noise2.5_peak3.0_h60_w10_p65_x70,1790893380000,MAINTAIN,,LIGHT,SHORT_DEEP_RUN_FILTER
grid_n2_noise2.5_peak3.0_h60_w10_p65_x70,1790893440000,EXIT,exit_sustained_rolling_motion,LIGHT,
grid_n2_noise2.5_peak3.0_h60_w10_p65_x70,1790893620000,ENTER,enter_stable_window,DEEP,
grid_n2_noise2.5_peak3.0_h60_w10_p65_x70,1790894460000,EXIT,exit_sustained_rolling_motion,LIGHT,
grid_n2_noise2.5_peak3.0_h60_w10_p65_x70,1790894580000,ENTER,enter_stable_window,LIGHT,
grid_n2_noise2.5_peak3.0_h60_w10_p65_x70,1790894940000,EXIT,exit_sustained_rolling_motion,LIGHT,
grid_n2_noise2.5_peak3.0_h60_w10_p65_x70,1790895420000,ENTER,enter_stable_window,DEEP,
grid_n2_noise2.5_peak3.0_h60_w10_p65_x70,1790896320000,EXIT,exit_missing_motion,LIGHT,
grid_n2_noise2.5_peak3.0_h60_w10_p65_x65,1790880420000,ENTER,enter_stable_window,LIGHT,
grid_n2_noise2.5_peak3.0_h60_w10_p65_x65,1790881260000,EXIT,exit_sustained_rolling_motion,LIGHT,
grid_n2_noise2.5_peak3.0_h60_w10_p65_x65,1790881800000,ENTER,enter_stable_window,DEEP,
grid_n2_noise2.5_peak3.0_h60_w10_p65_x65,1790884680000,EXIT,exit_sustained_rolling_motion,LIGHT,
grid_n2_noise2.5_peak3.0_h60_w10_p65_x65,1790885160000,ENTER,enter_stable_window,LIGHT,SHORT_DEEP_RUN_FILTER
grid_n2_noise2.5_peak3.0_h60_w10_p65_x65,1790885220000,MAINTAIN,,LIGHT,SHORT_DEEP_RUN_FILTER
grid_n2_noise2.5_peak3.0_h60_w10_p65_x65,1790885280000,MAINTAIN,,LIGHT,SHORT_DEEP_RUN_FILTER
grid_n2_noise2.5_peak3.0_h60_w10_p65_x65,1790885340000,MAINTAIN,,LIGHT,SHORT_DEEP_RUN_FILTER
grid_n2_noise2.5_peak3.0_h60_w10_p65_x65,1790885400000,MAINTAIN,,LIGHT,SHORT_DEEP_RUN_FILTER
grid_n2_noise2.5_peak3.0_h60_w10_p65_x65,1790885460000,MAINTAIN,,LIGHT,SHORT_DEEP_RUN_FILTER
grid_n2_noise2.5_peak3.0_h60_w10_p65_x65,1790885520000,MAINTAIN,,LIGHT,SHORT_DEEP_RUN_FILTER
grid_n2_noise2.5_peak3.0_h60_w10_p65_x65,1790885580000,EXIT,exit_sustained_rolling_motion,LIGHT,
grid_n2_noise2.5_peak3.0_h60_w10_p65_x65,1790885820000,ENTER,enter_stable_window,LIGHT,SHORT_DEEP_RUN_FILTER
grid_n2_noise2.5_peak3.0_h60_w10_p65_x65,1790885880000,MAINTAIN,,LIGHT,SHORT_DEEP_RUN_FILTER
grid_n2_noise2.5_peak3.0_h60_w10_p65_x65,1790885940000,MAINTAIN,,LIGHT,SHORT_DEEP_RUN_FILTER
grid_n2_noise2.5_peak3.0_h60_w10_p65_x65,1790886000000,MAINTAIN,,LIGHT,SHORT_DEEP_RUN_FILTER
grid_n2_noise2.5_peak3.0_h60_w10_p65_x65,1790886060000,MAINTAIN,,LIGHT,SHORT_DEEP_RUN_FILTER
grid_n2_noise2.5_peak3.0_h60_w10_p65_x65,1790886120000,MAINTAIN,,LIGHT,SHORT_DEEP_RUN_FILTER
grid_n2_noise2.5_peak3.0_h60_w10_p65_x65,1790886180000,MAINTAIN,,LIGHT,SHORT_DEEP_RUN_FILTER
grid_n2_noise2.5_peak3.0_h60_w10_p65_x65,1790886240000,EXIT,exit_sustained_rolling_motion,LIGHT,
grid_n2_noise2.5_peak3.0_h60_w10_p65_x65,1790886300000,ENTER,enter_stable_window,DEEP,
grid_n2_noise2.5_peak3.0_h60_w10_p65_x65,1790890380000,EXIT,exit_sustained_rolling_motion,LIGHT,
grid_n2_noise2.5_peak3.0_h60_w10_p65_x65,1790890560000,ENTER,enter_stable_window,LIGHT,
grid_n2_noise2.5_peak3.0_h60_w10_p65_x65,1790890920000,EXIT,exit_sustained_rolling_motion,LIGHT,
grid_n2_noise2.5_peak3.0_h60_w10_p65_x65,1790890980000,ENTER,enter_stable_window,LIGHT,SHORT_DEEP_RUN_FILTER
grid_n2_noise2.5_peak3.0_h60_w10_p65_x65,1790891040000,MAINTAIN,,LIGHT,SHORT_DEEP_RUN_FILTER
grid_n2_noise2.5_peak3.0_h60_w10_p65_x65,1790891100000,MAINTAIN,,LIGHT,SHORT_DEEP_RUN_FILTER
grid_n2_noise2.5_peak3.0_h60_w10_p65_x65,1790891160000,MAINTAIN,,LIGHT,SHORT_DEEP_RUN_FILTER
grid_n2_noise2.5_peak3.0_h60_w10_p65_x65,1790891220000,MAINTAIN,,LIGHT,SHORT_DEEP_RUN_FILTER
grid_n2_noise2.5_peak3.0_h60_w10_p65_x65,1790891280000,MAINTAIN,,LIGHT,SHORT_DEEP_RUN_FILTER
grid_n2_noise2.5_peak3.0_h60_w10_p65_x65,1790891340000,MAINTAIN,,LIGHT,SHORT_DEEP_RUN_FILTER
grid_n2_noise2.5_peak3.0_h60_w10_p65_x65,1790891400000,EXIT,exit_sustained_rolling_motion,LIGHT,
grid_n2_noise2.5_peak3.0_h60_w10_p65_x65,1790892900000,ENTER,enter_stable_window,LIGHT,SHORT_DEEP_RUN_FILTER
grid_n2_noise2.5_peak3.0_h60_w10_p65_x65,1790892960000,MAINTAIN,,LIGHT,SHORT_DEEP_RUN_FILTER
grid_n2_noise2.5_peak3.0_h60_w10_p65_x65,1790893020000,MAINTAIN,,LIGHT,SHORT_DEEP_RUN_FILTER
grid_n2_noise2.5_peak3.0_h60_w10_p65_x65,1790893080000,MAINTAIN,,LIGHT,SHORT_DEEP_RUN_FILTER
grid_n2_noise2.5_peak3.0_h60_w10_p65_x65,1790893140000,MAINTAIN,,LIGHT,SHORT_DEEP_RUN_FILTER
grid_n2_noise2.5_peak3.0_h60_w10_p65_x65,1790893200000,MAINTAIN,,LIGHT,SHORT_DEEP_RUN_FILTER
grid_n2_noise2.5_peak3.0_h60_w10_p65_x65,1790893260000,MAINTAIN,,LIGHT,SHORT_DEEP_RUN_FILTER
grid_n2_noise2.5_peak3.0_h60_w10_p65_x65,1790893320000,MAINTAIN,,LIGHT,SHORT_DEEP_RUN_FILTER
grid_n2_noise2.5_peak3.0_h60_w10_p65_x65,1790893380000,MAINTAIN,,LIGHT,SHORT_DEEP_RUN_FILTER
grid_n2_noise2.5_peak3.0_h60_w10_p65_x65,1790893440000,EXIT,exit_sustained_rolling_motion,LIGHT,
grid_n2_noise2.5_peak3.0_h60_w10_p65_x65,1790893620000,ENTER,enter_stable_window,DEEP,
grid_n2_noise2.5_peak3.0_h60_w10_p65_x65,1790894460000,EXIT,exit_sustained_rolling_motion,LIGHT,
grid_n2_noise2.5_peak3.0_h60_w10_p65_x65,1790894580000,ENTER,enter_stable_window,LIGHT,
grid_n2_noise2.5_peak3.0_h60_w10_p65_x65,1790894940000,EXIT,exit_sustained_rolling_motion,LIGHT,
grid_n2_noise2.5_peak3.0_h60_w10_p65_x65,1790895420000,ENTER,enter_stable_window,DEEP,
grid_n2_noise2.5_peak3.0_h60_w10_p65_x65,1790896320000,EXIT,exit_missing_motion,LIGHT,
composite_n3_r-1.0_w15_x70,1790886480000,ENTER,enter_stable_window,DEEP,
composite_n3_r-1.0_w15_x70,1790889840000,EXIT,exit_coupling_lost,LIGHT,
composite_n3_r-1.0_w15_x70,1790893620000,ENTER,enter_stable_window,DEEP,
composite_n3_r-1.0_w15_x70,1790894460000,EXIT,exit_sustained_rolling_motion,LIGHT,
composite_n3_r-1.0_w15_x65,1790886480000,ENTER,enter_stable_window,DEEP,
composite_n3_r-1.0_w15_x65,1790889840000,EXIT,exit_coupling_lost,LIGHT,
composite_n3_r-1.0_w15_x65,1790893620000,ENTER,enter_stable_window,DEEP,
composite_n3_r-1.0_w15_x65,1790894460000,EXIT,exit_sustained_rolling_motion,LIGHT,
composite_n3_r-1.0_w10_x70,1790886600000,ENTER,enter_stable_window,DEEP,
composite_n3_r-1.0_w10_x70,1790889840000,EXIT,exit_coupling_lost,LIGHT,
composite_n3_r-1.0_w10_x70,1790893140000,ENTER,enter_stable_window,LIGHT,SHORT_DEEP_RUN_FILTER
composite_n3_r-1.0_w10_x70,1790893200000,MAINTAIN,,LIGHT,SHORT_DEEP_RUN_FILTER
composite_n3_r-1.0_w10_x70,1790893260000,MAINTAIN,,LIGHT,SHORT_DEEP_RUN_FILTER
composite_n3_r-1.0_w10_x70,1790893320000,MAINTAIN,,LIGHT,SHORT_DEEP_RUN_FILTER
composite_n3_r-1.0_w10_x70,1790893380000,MAINTAIN,,LIGHT,SHORT_DEEP_RUN_FILTER
composite_n3_r-1.0_w10_x70,1790893440000,EXIT,exit_sustained_rolling_motion,LIGHT,
composite_n3_r-1.0_w10_x70,1790893980000,ENTER,enter_stable_window,LIGHT,SHORT_DEEP_RUN_FILTER
composite_n3_r-1.0_w10_x70,1790894040000,MAINTAIN,,LIGHT,SHORT_DEEP_RUN_FILTER
composite_n3_r-1.0_w10_x70,1790894100000,MAINTAIN,,LIGHT,SHORT_DEEP_RUN_FILTER
composite_n3_r-1.0_w10_x70,1790894160000,MAINTAIN,,LIGHT,SHORT_DEEP_RUN_FILTER
composite_n3_r-1.0_w10_x70,1790894220000,MAINTAIN,,LIGHT,SHORT_DEEP_RUN_FILTER
composite_n3_r-1.0_w10_x70,1790894280000,MAINTAIN,,LIGHT,SHORT_DEEP_RUN_FILTER
composite_n3_r-1.0_w10_x70,1790894340000,MAINTAIN,,LIGHT,SHORT_DEEP_RUN_FILTER
composite_n3_r-1.0_w10_x70,1790894400000,MAINTAIN,,LIGHT,SHORT_DEEP_RUN_FILTER
composite_n3_r-1.0_w10_x70,1790894460000,EXIT,exit_sustained_rolling_motion,LIGHT,
composite_n3_r-1.0_w10_x65,1790886600000,ENTER,enter_stable_window,DEEP,
composite_n3_r-1.0_w10_x65,1790889840000,EXIT,exit_coupling_lost,LIGHT,
composite_n3_r-1.0_w10_x65,1790893140000,ENTER,enter_stable_window,LIGHT,SHORT_DEEP_RUN_FILTER
composite_n3_r-1.0_w10_x65,1790893200000,MAINTAIN,,LIGHT,SHORT_DEEP_RUN_FILTER
composite_n3_r-1.0_w10_x65,1790893260000,MAINTAIN,,LIGHT,SHORT_DEEP_RUN_FILTER
composite_n3_r-1.0_w10_x65,1790893320000,MAINTAIN,,LIGHT,SHORT_DEEP_RUN_FILTER
composite_n3_r-1.0_w10_x65,1790893380000,MAINTAIN,,LIGHT,SHORT_DEEP_RUN_FILTER
composite_n3_r-1.0_w10_x65,1790893440000,EXIT,exit_sustained_rolling_motion,LIGHT,
composite_n3_r-1.0_w10_x65,1790893980000,ENTER,enter_stable_window,LIGHT,SHORT_DEEP_RUN_FILTER
composite_n3_r-1.0_w10_x65,1790894040000,MAINTAIN,,LIGHT,SHORT_DEEP_RUN_FILTER
composite_n3_r-1.0_w10_x65,1790894100000,MAINTAIN,,LIGHT,SHORT_DEEP_RUN_FILTER
composite_n3_r-1.0_w10_x65,1790894160000,MAINTAIN,,LIGHT,SHORT_DEEP_RUN_FILTER
composite_n3_r-1.0_w10_x65,1790894220000,MAINTAIN,,LIGHT,SHORT_DEEP_RUN_FILTER
composite_n3_r-1.0_w10_x65,1790894280000,MAINTAIN,,LIGHT,SHORT_DEEP_RUN_FILTER
composite_n3_r-1.0_w10_x65,1790894340000,MAINTAIN,,LIGHT,SHORT_DEEP_RUN_FILTER
composite_n3_r-1.0_w10_x65,1790894400000,MAINTAIN,,LIGHT,SHORT_DEEP_RUN_FILTER
composite_n3_r-1.0_w10_x65,1790894460000,EXIT,exit_sustained_rolling_motion,LIGHT,
composite_n3_r2.5_w15_x70,1790886480000,ENTER,enter_stable_window,DEEP,
composite_n3_r2.5_w15_x70,1790889840000,EXIT,exit_coupling_lost,LIGHT,
composite_n3_r2.5_w15_x70,1790893620000,ENTER,enter_stable_window,DEEP,
composite_n3_r2.5_w15_x70,1790894460000,EXIT,exit_sustained_rolling_motion,LIGHT,
composite_n3_r2.5_w15_x65,1790886480000,ENTER,enter_stable_window,DEEP,
composite_n3_r2.5_w15_x65,1790889840000,EXIT,exit_coupling_lost,LIGHT,
composite_n3_r2.5_w15_x65,1790893620000,ENTER,enter_stable_window,DEEP,
composite_n3_r2.5_w15_x65,1790894460000,EXIT,exit_sustained_rolling_motion,LIGHT,
composite_n3_r2.5_w10_x70,1790886600000,ENTER,enter_stable_window,DEEP,
composite_n3_r2.5_w10_x70,1790889840000,EXIT,exit_coupling_lost,LIGHT,
composite_n3_r2.5_w10_x70,1790893140000,ENTER,enter_stable_window,LIGHT,SHORT_DEEP_RUN_FILTER
composite_n3_r2.5_w10_x70,1790893200000,MAINTAIN,,LIGHT,SHORT_DEEP_RUN_FILTER
composite_n3_r2.5_w10_x70,1790893260000,MAINTAIN,,LIGHT,SHORT_DEEP_RUN_FILTER
composite_n3_r2.5_w10_x70,1790893320000,MAINTAIN,,LIGHT,SHORT_DEEP_RUN_FILTER
composite_n3_r2.5_w10_x70,1790893380000,MAINTAIN,,LIGHT,SHORT_DEEP_RUN_FILTER
composite_n3_r2.5_w10_x70,1790893440000,EXIT,exit_sustained_rolling_motion,LIGHT,
composite_n3_r2.5_w10_x70,1790893980000,ENTER,enter_stable_window,LIGHT,SHORT_DEEP_RUN_FILTER
composite_n3_r2.5_w10_x70,1790894040000,MAINTAIN,,LIGHT,SHORT_DEEP_RUN_FILTER
composite_n3_r2.5_w10_x70,1790894100000,MAINTAIN,,LIGHT,SHORT_DEEP_RUN_FILTER
composite_n3_r2.5_w10_x70,1790894160000,MAINTAIN,,LIGHT,SHORT_DEEP_RUN_FILTER
composite_n3_r2.5_w10_x70,1790894220000,MAINTAIN,,LIGHT,SHORT_DEEP_RUN_FILTER
composite_n3_r2.5_w10_x70,1790894280000,MAINTAIN,,LIGHT,SHORT_DEEP_RUN_FILTER
composite_n3_r2.5_w10_x70,1790894340000,MAINTAIN,,LIGHT,SHORT_DEEP_RUN_FILTER
composite_n3_r2.5_w10_x70,1790894400000,MAINTAIN,,LIGHT,SHORT_DEEP_RUN_FILTER
composite_n3_r2.5_w10_x70,1790894460000,EXIT,exit_sustained_rolling_motion,LIGHT,
composite_n3_r2.5_w10_x65,1790886600000,ENTER,enter_stable_window,DEEP,
composite_n3_r2.5_w10_x65,1790889840000,EXIT,exit_coupling_lost,LIGHT,
composite_n3_r2.5_w10_x65,1790893140000,ENTER,enter_stable_window,LIGHT,SHORT_DEEP_RUN_FILTER
composite_n3_r2.5_w10_x65,1790893200000,MAINTAIN,,LIGHT,SHORT_DEEP_RUN_FILTER
composite_n3_r2.5_w10_x65,1790893260000,MAINTAIN,,LIGHT,SHORT_DEEP_RUN_FILTER
composite_n3_r2.5_w10_x65,1790893320000,MAINTAIN,,LIGHT,SHORT_DEEP_RUN_FILTER
composite_n3_r2.5_w10_x65,1790893380000,MAINTAIN,,LIGHT,SHORT_DEEP_RUN_FILTER
composite_n3_r2.5_w10_x65,1790893440000,EXIT,exit_sustained_rolling_motion,LIGHT,
composite_n3_r2.5_w10_x65,1790893980000,ENTER,enter_stable_window,LIGHT,SHORT_DEEP_RUN_FILTER
composite_n3_r2.5_w10_x65,1790894040000,MAINTAIN,,LIGHT,SHORT_DEEP_RUN_FILTER
composite_n3_r2.5_w10_x65,1790894100000,MAINTAIN,,LIGHT,SHORT_DEEP_RUN_FILTER
composite_n3_r2.5_w10_x65,1790894160000,MAINTAIN,,LIGHT,SHORT_DEEP_RUN_FILTER
composite_n3_r2.5_w10_x65,1790894220000,MAINTAIN,,LIGHT,SHORT_DEEP_RUN_FILTER
composite_n3_r2.5_w10_x65,1790894280000,MAINTAIN,,LIGHT,SHORT_DEEP_RUN_FILTER
composite_n3_r2.5_w10_x65,1790894340000,MAINTAIN,,LIGHT,SHORT_DEEP_RUN_FILTER
composite_n3_r2.5_w10_x65,1790894400000,MAINTAIN,,LIGHT,SHORT_DEEP_RUN_FILTER
composite_n3_r2.5_w10_x65,1790894460000,EXIT,exit_sustained_rolling_motion,LIGHT,
composite_n2_r-1.0_w15_x70,1790885820000,ENTER,enter_stable_window,LIGHT,SHORT_DEEP_RUN_FILTER
composite_n2_r-1.0_w15_x70,1790885880000,MAINTAIN,,LIGHT,SHORT_DEEP_RUN_FILTER
composite_n2_r-1.0_w15_x70,1790885940000,MAINTAIN,,LIGHT,SHORT_DEEP_RUN_FILTER
composite_n2_r-1.0_w15_x70,1790886000000,MAINTAIN,,LIGHT,SHORT_DEEP_RUN_FILTER
composite_n2_r-1.0_w15_x70,1790886060000,MAINTAIN,,LIGHT,SHORT_DEEP_RUN_FILTER
composite_n2_r-1.0_w15_x70,1790886120000,MAINTAIN,,LIGHT,SHORT_DEEP_RUN_FILTER
composite_n2_r-1.0_w15_x70,1790886180000,MAINTAIN,,LIGHT,SHORT_DEEP_RUN_FILTER
composite_n2_r-1.0_w15_x70,1790886240000,EXIT,exit_sustained_rolling_motion,LIGHT,
composite_n2_r-1.0_w15_x70,1790886420000,ENTER,enter_stable_window,DEEP,
composite_n2_r-1.0_w15_x70,1790889840000,EXIT,exit_coupling_lost,LIGHT,
composite_n2_r-1.0_w15_x70,1790893080000,ENTER,enter_stable_window,LIGHT,SHORT_DEEP_RUN_FILTER
composite_n2_r-1.0_w15_x70,1790893140000,MAINTAIN,,LIGHT,SHORT_DEEP_RUN_FILTER
composite_n2_r-1.0_w15_x70,1790893200000,MAINTAIN,,LIGHT,SHORT_DEEP_RUN_FILTER
composite_n2_r-1.0_w15_x70,1790893260000,MAINTAIN,,LIGHT,SHORT_DEEP_RUN_FILTER
composite_n2_r-1.0_w15_x70,1790893320000,MAINTAIN,,LIGHT,SHORT_DEEP_RUN_FILTER
composite_n2_r-1.0_w15_x70,1790893380000,MAINTAIN,,LIGHT,SHORT_DEEP_RUN_FILTER
composite_n2_r-1.0_w15_x70,1790893440000,EXIT,exit_sustained_rolling_motion,LIGHT,
composite_n2_r-1.0_w15_x70,1790893560000,ENTER,enter_stable_window,DEEP,
composite_n2_r-1.0_w15_x70,1790894460000,EXIT,exit_sustained_rolling_motion,LIGHT,
composite_n2_r-1.0_w15_x70,1790894580000,ENTER,enter_stable_window,LIGHT,SHORT_DEEP_RUN_FILTER
composite_n2_r-1.0_w15_x70,1790894640000,MAINTAIN,,LIGHT,SHORT_DEEP_RUN_FILTER
composite_n2_r-1.0_w15_x70,1790894700000,MAINTAIN,,LIGHT,SHORT_DEEP_RUN_FILTER
composite_n2_r-1.0_w15_x70,1790894760000,MAINTAIN,,LIGHT,SHORT_DEEP_RUN_FILTER
composite_n2_r-1.0_w15_x70,1790894820000,MAINTAIN,,LIGHT,SHORT_DEEP_RUN_FILTER
composite_n2_r-1.0_w15_x70,1790894880000,MAINTAIN,,LIGHT,SHORT_DEEP_RUN_FILTER
composite_n2_r-1.0_w15_x70,1790894940000,EXIT,exit_sustained_rolling_motion,LIGHT,
composite_n2_r-1.0_w15_x70,1790896080000,ENTER,enter_stable_window,LIGHT,SHORT_DEEP_RUN_FILTER
composite_n2_r-1.0_w15_x70,1790896140000,MAINTAIN,,LIGHT,SHORT_DEEP_RUN_FILTER
composite_n2_r-1.0_w15_x70,1790896200000,MAINTAIN,,LIGHT,SHORT_DEEP_RUN_FILTER
composite_n2_r-1.0_w15_x70,1790896260000,MAINTAIN,,LIGHT,SHORT_DEEP_RUN_FILTER
composite_n2_r-1.0_w15_x70,1790896320000,EXIT,exit_missing_motion,LIGHT,
composite_n2_r-1.0_w15_x65,1790885820000,ENTER,enter_stable_window,LIGHT,SHORT_DEEP_RUN_FILTER
composite_n2_r-1.0_w15_x65,1790885880000,MAINTAIN,,LIGHT,SHORT_DEEP_RUN_FILTER
composite_n2_r-1.0_w15_x65,1790885940000,MAINTAIN,,LIGHT,SHORT_DEEP_RUN_FILTER
composite_n2_r-1.0_w15_x65,1790886000000,MAINTAIN,,LIGHT,SHORT_DEEP_RUN_FILTER
composite_n2_r-1.0_w15_x65,1790886060000,MAINTAIN,,LIGHT,SHORT_DEEP_RUN_FILTER
composite_n2_r-1.0_w15_x65,1790886120000,MAINTAIN,,LIGHT,SHORT_DEEP_RUN_FILTER
composite_n2_r-1.0_w15_x65,1790886180000,MAINTAIN,,LIGHT,SHORT_DEEP_RUN_FILTER
composite_n2_r-1.0_w15_x65,1790886240000,EXIT,exit_sustained_rolling_motion,LIGHT,
composite_n2_r-1.0_w15_x65,1790886420000,ENTER,enter_stable_window,DEEP,
composite_n2_r-1.0_w15_x65,1790889840000,EXIT,exit_coupling_lost,LIGHT,
composite_n2_r-1.0_w15_x65,1790893080000,ENTER,enter_stable_window,LIGHT,SHORT_DEEP_RUN_FILTER
composite_n2_r-1.0_w15_x65,1790893140000,MAINTAIN,,LIGHT,SHORT_DEEP_RUN_FILTER
composite_n2_r-1.0_w15_x65,1790893200000,MAINTAIN,,LIGHT,SHORT_DEEP_RUN_FILTER
composite_n2_r-1.0_w15_x65,1790893260000,MAINTAIN,,LIGHT,SHORT_DEEP_RUN_FILTER
composite_n2_r-1.0_w15_x65,1790893320000,MAINTAIN,,LIGHT,SHORT_DEEP_RUN_FILTER
composite_n2_r-1.0_w15_x65,1790893380000,MAINTAIN,,LIGHT,SHORT_DEEP_RUN_FILTER
composite_n2_r-1.0_w15_x65,1790893440000,EXIT,exit_sustained_rolling_motion,LIGHT,
composite_n2_r-1.0_w15_x65,1790893560000,ENTER,enter_stable_window,DEEP,
composite_n2_r-1.0_w15_x65,1790894460000,EXIT,exit_sustained_rolling_motion,LIGHT,
composite_n2_r-1.0_w15_x65,1790894580000,ENTER,enter_stable_window,LIGHT,SHORT_DEEP_RUN_FILTER
composite_n2_r-1.0_w15_x65,1790894640000,MAINTAIN,,LIGHT,SHORT_DEEP_RUN_FILTER
composite_n2_r-1.0_w15_x65,1790894700000,MAINTAIN,,LIGHT,SHORT_DEEP_RUN_FILTER
composite_n2_r-1.0_w15_x65,1790894760000,MAINTAIN,,LIGHT,SHORT_DEEP_RUN_FILTER
composite_n2_r-1.0_w15_x65,1790894820000,MAINTAIN,,LIGHT,SHORT_DEEP_RUN_FILTER
composite_n2_r-1.0_w15_x65,1790894880000,MAINTAIN,,LIGHT,SHORT_DEEP_RUN_FILTER
composite_n2_r-1.0_w15_x65,1790894940000,EXIT,exit_sustained_rolling_motion,LIGHT,
composite_n2_r-1.0_w15_x65,1790896080000,ENTER,enter_stable_window,LIGHT,SHORT_DEEP_RUN_FILTER
composite_n2_r-1.0_w15_x65,1790896140000,MAINTAIN,,LIGHT,SHORT_DEEP_RUN_FILTER
composite_n2_r-1.0_w15_x65,1790896200000,MAINTAIN,,LIGHT,SHORT_DEEP_RUN_FILTER
composite_n2_r-1.0_w15_x65,1790896260000,MAINTAIN,,LIGHT,SHORT_DEEP_RUN_FILTER
composite_n2_r-1.0_w15_x65,1790896320000,EXIT,exit_missing_motion,LIGHT,
composite_n2_r-1.0_w10_x70,1790885160000,ENTER,enter_stable_window,LIGHT,SHORT_DEEP_RUN_FILTER
composite_n2_r-1.0_w10_x70,1790885220000,MAINTAIN,,LIGHT,SHORT_DEEP_RUN_FILTER
composite_n2_r-1.0_w10_x70,1790885280000,MAINTAIN,,LIGHT,SHORT_DEEP_RUN_FILTER
composite_n2_r-1.0_w10_x70,1790885340000,MAINTAIN,,LIGHT,SHORT_DEEP_RUN_FILTER
composite_n2_r-1.0_w10_x70,1790885400000,MAINTAIN,,LIGHT,SHORT_DEEP_RUN_FILTER
composite_n2_r-1.0_w10_x70,1790885460000,MAINTAIN,,LIGHT,SHORT_DEEP_RUN_FILTER
composite_n2_r-1.0_w10_x70,1790885520000,MAINTAIN,,LIGHT,SHORT_DEEP_RUN_FILTER
composite_n2_r-1.0_w10_x70,1790885580000,MAINTAIN,,LIGHT,SHORT_DEEP_RUN_FILTER
composite_n2_r-1.0_w10_x70,1790885640000,MAINTAIN,,LIGHT,SHORT_DEEP_RUN_FILTER
composite_n2_r-1.0_w10_x70,1790885700000,EXIT,exit_sustained_rolling_motion,LIGHT,
composite_n2_r-1.0_w10_x70,1790885820000,ENTER,enter_stable_window,LIGHT,SHORT_DEEP_RUN_FILTER
composite_n2_r-1.0_w10_x70,1790885880000,MAINTAIN,,LIGHT,SHORT_DEEP_RUN_FILTER
composite_n2_r-1.0_w10_x70,1790885940000,MAINTAIN,,LIGHT,SHORT_DEEP_RUN_FILTER
composite_n2_r-1.0_w10_x70,1790886000000,MAINTAIN,,LIGHT,SHORT_DEEP_RUN_FILTER
composite_n2_r-1.0_w10_x70,1790886060000,MAINTAIN,,LIGHT,SHORT_DEEP_RUN_FILTER
composite_n2_r-1.0_w10_x70,1790886120000,MAINTAIN,,LIGHT,SHORT_DEEP_RUN_FILTER
composite_n2_r-1.0_w10_x70,1790886180000,MAINTAIN,,LIGHT,SHORT_DEEP_RUN_FILTER
composite_n2_r-1.0_w10_x70,1790886240000,EXIT,exit_sustained_rolling_motion,LIGHT,
composite_n2_r-1.0_w10_x70,1790886300000,ENTER,enter_stable_window,DEEP,
composite_n2_r-1.0_w10_x70,1790889840000,EXIT,exit_coupling_lost,LIGHT,
composite_n2_r-1.0_w10_x70,1790892960000,ENTER,enter_stable_window,LIGHT,SHORT_DEEP_RUN_FILTER
composite_n2_r-1.0_w10_x70,1790893020000,MAINTAIN,,LIGHT,SHORT_DEEP_RUN_FILTER
composite_n2_r-1.0_w10_x70,1790893080000,MAINTAIN,,LIGHT,SHORT_DEEP_RUN_FILTER
composite_n2_r-1.0_w10_x70,1790893140000,MAINTAIN,,LIGHT,SHORT_DEEP_RUN_FILTER
composite_n2_r-1.0_w10_x70,1790893200000,MAINTAIN,,LIGHT,SHORT_DEEP_RUN_FILTER
composite_n2_r-1.0_w10_x70,1790893260000,MAINTAIN,,LIGHT,SHORT_DEEP_RUN_FILTER
composite_n2_r-1.0_w10_x70,1790893320000,MAINTAIN,,LIGHT,SHORT_DEEP_RUN_FILTER
composite_n2_r-1.0_w10_x70,1790893380000,MAINTAIN,,LIGHT,SHORT_DEEP_RUN_FILTER
composite_n2_r-1.0_w10_x70,1790893440000,EXIT,exit_sustained_rolling_motion,LIGHT,
composite_n2_r-1.0_w10_x70,1790893560000,ENTER,enter_stable_window,DEEP,
composite_n2_r-1.0_w10_x70,1790894460000,EXIT,exit_sustained_rolling_motion,LIGHT,
composite_n2_r-1.0_w10_x70,1790896020000,ENTER,enter_stable_window,LIGHT,SHORT_DEEP_RUN_FILTER
composite_n2_r-1.0_w10_x70,1790896080000,MAINTAIN,,LIGHT,SHORT_DEEP_RUN_FILTER
composite_n2_r-1.0_w10_x70,1790896140000,MAINTAIN,,LIGHT,SHORT_DEEP_RUN_FILTER
composite_n2_r-1.0_w10_x70,1790896200000,MAINTAIN,,LIGHT,SHORT_DEEP_RUN_FILTER
composite_n2_r-1.0_w10_x70,1790896260000,MAINTAIN,,LIGHT,SHORT_DEEP_RUN_FILTER
composite_n2_r-1.0_w10_x70,1790896320000,EXIT,exit_missing_motion,LIGHT,
composite_n2_r-1.0_w10_x65,1790885160000,ENTER,enter_stable_window,LIGHT,SHORT_DEEP_RUN_FILTER
composite_n2_r-1.0_w10_x65,1790885220000,MAINTAIN,,LIGHT,SHORT_DEEP_RUN_FILTER
composite_n2_r-1.0_w10_x65,1790885280000,MAINTAIN,,LIGHT,SHORT_DEEP_RUN_FILTER
composite_n2_r-1.0_w10_x65,1790885340000,MAINTAIN,,LIGHT,SHORT_DEEP_RUN_FILTER
composite_n2_r-1.0_w10_x65,1790885400000,MAINTAIN,,LIGHT,SHORT_DEEP_RUN_FILTER
composite_n2_r-1.0_w10_x65,1790885460000,MAINTAIN,,LIGHT,SHORT_DEEP_RUN_FILTER
composite_n2_r-1.0_w10_x65,1790885520000,MAINTAIN,,LIGHT,SHORT_DEEP_RUN_FILTER
composite_n2_r-1.0_w10_x65,1790885580000,EXIT,exit_sustained_rolling_motion,LIGHT,
composite_n2_r-1.0_w10_x65,1790885820000,ENTER,enter_stable_window,LIGHT,SHORT_DEEP_RUN_FILTER
composite_n2_r-1.0_w10_x65,1790885880000,MAINTAIN,,LIGHT,SHORT_DEEP_RUN_FILTER
composite_n2_r-1.0_w10_x65,1790885940000,MAINTAIN,,LIGHT,SHORT_DEEP_RUN_FILTER
composite_n2_r-1.0_w10_x65,1790886000000,MAINTAIN,,LIGHT,SHORT_DEEP_RUN_FILTER
composite_n2_r-1.0_w10_x65,1790886060000,MAINTAIN,,LIGHT,SHORT_DEEP_RUN_FILTER
composite_n2_r-1.0_w10_x65,1790886120000,MAINTAIN,,LIGHT,SHORT_DEEP_RUN_FILTER
composite_n2_r-1.0_w10_x65,1790886180000,MAINTAIN,,LIGHT,SHORT_DEEP_RUN_FILTER
composite_n2_r-1.0_w10_x65,1790886240000,EXIT,exit_sustained_rolling_motion,LIGHT,
composite_n2_r-1.0_w10_x65,1790886300000,ENTER,enter_stable_window,DEEP,
composite_n2_r-1.0_w10_x65,1790889840000,EXIT,exit_coupling_lost,LIGHT,
composite_n2_r-1.0_w10_x65,1790892960000,ENTER,enter_stable_window,LIGHT,SHORT_DEEP_RUN_FILTER
composite_n2_r-1.0_w10_x65,1790893020000,MAINTAIN,,LIGHT,SHORT_DEEP_RUN_FILTER
composite_n2_r-1.0_w10_x65,1790893080000,MAINTAIN,,LIGHT,SHORT_DEEP_RUN_FILTER
composite_n2_r-1.0_w10_x65,1790893140000,MAINTAIN,,LIGHT,SHORT_DEEP_RUN_FILTER
composite_n2_r-1.0_w10_x65,1790893200000,MAINTAIN,,LIGHT,SHORT_DEEP_RUN_FILTER
composite_n2_r-1.0_w10_x65,1790893260000,MAINTAIN,,LIGHT,SHORT_DEEP_RUN_FILTER
composite_n2_r-1.0_w10_x65,1790893320000,MAINTAIN,,LIGHT,SHORT_DEEP_RUN_FILTER
composite_n2_r-1.0_w10_x65,1790893380000,MAINTAIN,,LIGHT,SHORT_DEEP_RUN_FILTER
composite_n2_r-1.0_w10_x65,1790893440000,EXIT,exit_sustained_rolling_motion,LIGHT,
composite_n2_r-1.0_w10_x65,1790893560000,ENTER,enter_stable_window,DEEP,
composite_n2_r-1.0_w10_x65,1790894460000,EXIT,exit_sustained_rolling_motion,LIGHT,
composite_n2_r-1.0_w10_x65,1790896020000,ENTER,enter_stable_window,LIGHT,SHORT_DEEP_RUN_FILTER
composite_n2_r-1.0_w10_x65,1790896080000,MAINTAIN,,LIGHT,SHORT_DEEP_RUN_FILTER
composite_n2_r-1.0_w10_x65,1790896140000,MAINTAIN,,LIGHT,SHORT_DEEP_RUN_FILTER
composite_n2_r-1.0_w10_x65,1790896200000,MAINTAIN,,LIGHT,SHORT_DEEP_RUN_FILTER
composite_n2_r-1.0_w10_x65,1790896260000,MAINTAIN,,LIGHT,SHORT_DEEP_RUN_FILTER
composite_n2_r-1.0_w10_x65,1790896320000,EXIT,exit_missing_motion,LIGHT,
composite_n2_r2.5_w15_x70,1790882700000,ENTER,enter_stable_window,DEEP,
composite_n2_r2.5_w15_x70,1790884680000,EXIT,exit_sustained_rolling_motion,LIGHT,
composite_n2_r2.5_w15_x70,1790885820000,ENTER,enter_stable_window,LIGHT,SHORT_DEEP_RUN_FILTER
composite_n2_r2.5_w15_x70,1790885880000,MAINTAIN,,LIGHT,SHORT_DEEP_RUN_FILTER
composite_n2_r2.5_w15_x70,1790885940000,MAINTAIN,,LIGHT,SHORT_DEEP_RUN_FILTER
composite_n2_r2.5_w15_x70,1790886000000,MAINTAIN,,LIGHT,SHORT_DEEP_RUN_FILTER
composite_n2_r2.5_w15_x70,1790886060000,MAINTAIN,,LIGHT,SHORT_DEEP_RUN_FILTER
composite_n2_r2.5_w15_x70,1790886120000,MAINTAIN,,LIGHT,SHORT_DEEP_RUN_FILTER
composite_n2_r2.5_w15_x70,1790886180000,MAINTAIN,,LIGHT,SHORT_DEEP_RUN_FILTER
composite_n2_r2.5_w15_x70,1790886240000,EXIT,exit_sustained_rolling_motion,LIGHT,
composite_n2_r2.5_w15_x70,1790886420000,ENTER,enter_stable_window,DEEP,
composite_n2_r2.5_w15_x70,1790889840000,EXIT,exit_coupling_lost,LIGHT,
composite_n2_r2.5_w15_x70,1790893080000,ENTER,enter_stable_window,LIGHT,SHORT_DEEP_RUN_FILTER
composite_n2_r2.5_w15_x70,1790893140000,MAINTAIN,,LIGHT,SHORT_DEEP_RUN_FILTER
composite_n2_r2.5_w15_x70,1790893200000,MAINTAIN,,LIGHT,SHORT_DEEP_RUN_FILTER
composite_n2_r2.5_w15_x70,1790893260000,MAINTAIN,,LIGHT,SHORT_DEEP_RUN_FILTER
composite_n2_r2.5_w15_x70,1790893320000,MAINTAIN,,LIGHT,SHORT_DEEP_RUN_FILTER
composite_n2_r2.5_w15_x70,1790893380000,MAINTAIN,,LIGHT,SHORT_DEEP_RUN_FILTER
composite_n2_r2.5_w15_x70,1790893440000,EXIT,exit_sustained_rolling_motion,LIGHT,
composite_n2_r2.5_w15_x70,1790893620000,ENTER,enter_stable_window,DEEP,
composite_n2_r2.5_w15_x70,1790894460000,EXIT,exit_sustained_rolling_motion,LIGHT,
composite_n2_r2.5_w15_x65,1790882700000,ENTER,enter_stable_window,DEEP,
composite_n2_r2.5_w15_x65,1790884680000,EXIT,exit_sustained_rolling_motion,LIGHT,
composite_n2_r2.5_w15_x65,1790885820000,ENTER,enter_stable_window,LIGHT,SHORT_DEEP_RUN_FILTER
composite_n2_r2.5_w15_x65,1790885880000,MAINTAIN,,LIGHT,SHORT_DEEP_RUN_FILTER
composite_n2_r2.5_w15_x65,1790885940000,MAINTAIN,,LIGHT,SHORT_DEEP_RUN_FILTER
composite_n2_r2.5_w15_x65,1790886000000,MAINTAIN,,LIGHT,SHORT_DEEP_RUN_FILTER
composite_n2_r2.5_w15_x65,1790886060000,MAINTAIN,,LIGHT,SHORT_DEEP_RUN_FILTER
composite_n2_r2.5_w15_x65,1790886120000,MAINTAIN,,LIGHT,SHORT_DEEP_RUN_FILTER
composite_n2_r2.5_w15_x65,1790886180000,MAINTAIN,,LIGHT,SHORT_DEEP_RUN_FILTER
composite_n2_r2.5_w15_x65,1790886240000,EXIT,exit_sustained_rolling_motion,LIGHT,
composite_n2_r2.5_w15_x65,1790886420000,ENTER,enter_stable_window,DEEP,
composite_n2_r2.5_w15_x65,1790889840000,EXIT,exit_coupling_lost,LIGHT,
composite_n2_r2.5_w15_x65,1790893080000,ENTER,enter_stable_window,LIGHT,SHORT_DEEP_RUN_FILTER
composite_n2_r2.5_w15_x65,1790893140000,MAINTAIN,,LIGHT,SHORT_DEEP_RUN_FILTER
composite_n2_r2.5_w15_x65,1790893200000,MAINTAIN,,LIGHT,SHORT_DEEP_RUN_FILTER
composite_n2_r2.5_w15_x65,1790893260000,MAINTAIN,,LIGHT,SHORT_DEEP_RUN_FILTER
composite_n2_r2.5_w15_x65,1790893320000,MAINTAIN,,LIGHT,SHORT_DEEP_RUN_FILTER
composite_n2_r2.5_w15_x65,1790893380000,MAINTAIN,,LIGHT,SHORT_DEEP_RUN_FILTER
composite_n2_r2.5_w15_x65,1790893440000,EXIT,exit_sustained_rolling_motion,LIGHT,
composite_n2_r2.5_w15_x65,1790893620000,ENTER,enter_stable_window,DEEP,
composite_n2_r2.5_w15_x65,1790894460000,EXIT,exit_sustained_rolling_motion,LIGHT,
composite_n2_r2.5_w10_x70,1790882520000,ENTER,enter_stable_window,DEEP,
composite_n2_r2.5_w10_x70,1790884680000,EXIT,exit_sustained_rolling_motion,LIGHT,
composite_n2_r2.5_w10_x70,1790885340000,ENTER,enter_stable_window,LIGHT,SHORT_DEEP_RUN_FILTER
composite_n2_r2.5_w10_x70,1790885400000,MAINTAIN,,LIGHT,SHORT_DEEP_RUN_FILTER
composite_n2_r2.5_w10_x70,1790885460000,MAINTAIN,,LIGHT,SHORT_DEEP_RUN_FILTER
composite_n2_r2.5_w10_x70,1790885520000,MAINTAIN,,LIGHT,SHORT_DEEP_RUN_FILTER
composite_n2_r2.5_w10_x70,1790885580000,EXIT,exit_sustained_rolling_motion,LIGHT,
composite_n2_r2.5_w10_x70,1790885820000,ENTER,enter_stable_window,LIGHT,SHORT_DEEP_RUN_FILTER
composite_n2_r2.5_w10_x70,1790885880000,MAINTAIN,,LIGHT,SHORT_DEEP_RUN_FILTER
composite_n2_r2.5_w10_x70,1790885940000,MAINTAIN,,LIGHT,SHORT_DEEP_RUN_FILTER
composite_n2_r2.5_w10_x70,1790886000000,MAINTAIN,,LIGHT,SHORT_DEEP_RUN_FILTER
composite_n2_r2.5_w10_x70,1790886060000,MAINTAIN,,LIGHT,SHORT_DEEP_RUN_FILTER
composite_n2_r2.5_w10_x70,1790886120000,MAINTAIN,,LIGHT,SHORT_DEEP_RUN_FILTER
composite_n2_r2.5_w10_x70,1790886180000,MAINTAIN,,LIGHT,SHORT_DEEP_RUN_FILTER
composite_n2_r2.5_w10_x70,1790886240000,EXIT,exit_sustained_rolling_motion,LIGHT,
composite_n2_r2.5_w10_x70,1790886540000,ENTER,enter_stable_window,DEEP,
composite_n2_r2.5_w10_x70,1790889840000,EXIT,exit_coupling_lost,LIGHT,
composite_n2_r2.5_w10_x70,1790892960000,ENTER,enter_stable_window,LIGHT,SHORT_DEEP_RUN_FILTER
composite_n2_r2.5_w10_x70,1790893020000,MAINTAIN,,LIGHT,SHORT_DEEP_RUN_FILTER
composite_n2_r2.5_w10_x70,1790893080000,MAINTAIN,,LIGHT,SHORT_DEEP_RUN_FILTER
composite_n2_r2.5_w10_x70,1790893140000,MAINTAIN,,LIGHT,SHORT_DEEP_RUN_FILTER
composite_n2_r2.5_w10_x70,1790893200000,MAINTAIN,,LIGHT,SHORT_DEEP_RUN_FILTER
composite_n2_r2.5_w10_x70,1790893260000,MAINTAIN,,LIGHT,SHORT_DEEP_RUN_FILTER
composite_n2_r2.5_w10_x70,1790893320000,MAINTAIN,,LIGHT,SHORT_DEEP_RUN_FILTER
composite_n2_r2.5_w10_x70,1790893380000,MAINTAIN,,LIGHT,SHORT_DEEP_RUN_FILTER
composite_n2_r2.5_w10_x70,1790893440000,EXIT,exit_sustained_rolling_motion,LIGHT,
composite_n2_r2.5_w10_x70,1790893740000,ENTER,enter_stable_window,DEEP,
composite_n2_r2.5_w10_x70,1790894460000,EXIT,exit_sustained_rolling_motion,LIGHT,
composite_n2_r2.5_w10_x70,1790896200000,ENTER,enter_stable_window,LIGHT,SHORT_DEEP_RUN_FILTER
composite_n2_r2.5_w10_x70,1790896260000,MAINTAIN,,LIGHT,SHORT_DEEP_RUN_FILTER
composite_n2_r2.5_w10_x70,1790896320000,EXIT,exit_missing_motion,LIGHT,
composite_n2_r2.5_w10_x65,1790882520000,ENTER,enter_stable_window,DEEP,
composite_n2_r2.5_w10_x65,1790884680000,EXIT,exit_sustained_rolling_motion,LIGHT,
composite_n2_r2.5_w10_x65,1790885340000,ENTER,enter_stable_window,LIGHT,SHORT_DEEP_RUN_FILTER
composite_n2_r2.5_w10_x65,1790885400000,MAINTAIN,,LIGHT,SHORT_DEEP_RUN_FILTER
composite_n2_r2.5_w10_x65,1790885460000,MAINTAIN,,LIGHT,SHORT_DEEP_RUN_FILTER
composite_n2_r2.5_w10_x65,1790885520000,MAINTAIN,,LIGHT,SHORT_DEEP_RUN_FILTER
composite_n2_r2.5_w10_x65,1790885580000,EXIT,exit_sustained_rolling_motion,LIGHT,
composite_n2_r2.5_w10_x65,1790885820000,ENTER,enter_stable_window,LIGHT,SHORT_DEEP_RUN_FILTER
composite_n2_r2.5_w10_x65,1790885880000,MAINTAIN,,LIGHT,SHORT_DEEP_RUN_FILTER
composite_n2_r2.5_w10_x65,1790885940000,MAINTAIN,,LIGHT,SHORT_DEEP_RUN_FILTER
composite_n2_r2.5_w10_x65,1790886000000,MAINTAIN,,LIGHT,SHORT_DEEP_RUN_FILTER
composite_n2_r2.5_w10_x65,1790886060000,MAINTAIN,,LIGHT,SHORT_DEEP_RUN_FILTER
composite_n2_r2.5_w10_x65,1790886120000,MAINTAIN,,LIGHT,SHORT_DEEP_RUN_FILTER
composite_n2_r2.5_w10_x65,1790886180000,MAINTAIN,,LIGHT,SHORT_DEEP_RUN_FILTER
composite_n2_r2.5_w10_x65,1790886240000,EXIT,exit_sustained_rolling_motion,LIGHT,
composite_n2_r2.5_w10_x65,1790886540000,ENTER,enter_stable_window,DEEP,
composite_n2_r2.5_w10_x65,1790889840000,EXIT,exit_coupling_lost,LIGHT,
composite_n2_r2.5_w10_x65,1790892960000,ENTER,enter_stable_window,LIGHT,SHORT_DEEP_RUN_FILTER
composite_n2_r2.5_w10_x65,1790893020000,MAINTAIN,,LIGHT,SHORT_DEEP_RUN_FILTER
composite_n2_r2.5_w10_x65,1790893080000,MAINTAIN,,LIGHT,SHORT_DEEP_RUN_FILTER
composite_n2_r2.5_w10_x65,1790893140000,MAINTAIN,,LIGHT,SHORT_DEEP_RUN_FILTER
composite_n2_r2.5_w10_x65,1790893200000,MAINTAIN,,LIGHT,SHORT_DEEP_RUN_FILTER
composite_n2_r2.5_w10_x65,1790893260000,MAINTAIN,,LIGHT,SHORT_DEEP_RUN_FILTER
composite_n2_r2.5_w10_x65,1790893320000,MAINTAIN,,LIGHT,SHORT_DEEP_RUN_FILTER
composite_n2_r2.5_w10_x65,1790893380000,MAINTAIN,,LIGHT,SHORT_DEEP_RUN_FILTER
composite_n2_r2.5_w10_x65,1790893440000,EXIT,exit_sustained_rolling_motion,LIGHT,
composite_n2_r2.5_w10_x65,1790893740000,ENTER,enter_stable_window,DEEP,
composite_n2_r2.5_w10_x65,1790894460000,EXIT,exit_sustained_rolling_motion,LIGHT,
composite_n2_r2.5_w10_x65,1790896200000,ENTER,enter_stable_window,LIGHT,SHORT_DEEP_RUN_FILTER
composite_n2_r2.5_w10_x65,1790896260000,MAINTAIN,,LIGHT,SHORT_DEEP_RUN_FILTER
composite_n2_r2.5_w10_x65,1790896320000,EXIT,exit_missing_motion,LIGHT,
focused_pair_b10_x70_e3_w15,1790880180000,ENTER,enter_stable_window,DEEP,
focused_pair_b10_x70_e3_w15,1790881260000,EXIT,exit_sustained_rolling_motion,LIGHT,
focused_pair_b10_x70_e3_w15,1790881380000,ENTER,enter_stable_window,DEEP,
focused_pair_b10_x70_e3_w15,1790882100000,EXIT,exit_coupling_lost,LIGHT,
focused_pair_b10_x70_e3_w15,1790886480000,ENTER,enter_stable_window,DEEP,
focused_pair_b10_x70_e3_w15,1790888820000,EXIT,exit_coupling_lost,LIGHT,
focused_pair_b10_x70_e3_w15,1790895180000,ENTER,enter_stable_window,DEEP,
focused_pair_b10_x70_e3_w15,1790896320000,EXIT,exit_missing_motion,LIGHT,
focused_pair_b10_x70_e3_w10,1790880360000,ENTER,enter_stable_window,DEEP,
focused_pair_b10_x70_e3_w10,1790881260000,EXIT,exit_sustained_rolling_motion,LIGHT,
focused_pair_b10_x70_e3_w10,1790881800000,ENTER,enter_stable_window,LIGHT,SHORT_DEEP_RUN_FILTER
focused_pair_b10_x70_e3_w10,1790881860000,MAINTAIN,,LIGHT,SHORT_DEEP_RUN_FILTER
focused_pair_b10_x70_e3_w10,1790881920000,MAINTAIN,,LIGHT,SHORT_DEEP_RUN_FILTER
focused_pair_b10_x70_e3_w10,1790881980000,MAINTAIN,,LIGHT,SHORT_DEEP_RUN_FILTER
focused_pair_b10_x70_e3_w10,1790882040000,MAINTAIN,,LIGHT,SHORT_DEEP_RUN_FILTER
focused_pair_b10_x70_e3_w10,1790882100000,EXIT,exit_coupling_lost,LIGHT,
focused_pair_b10_x70_e3_w10,1790886300000,ENTER,enter_stable_window,DEEP,
focused_pair_b10_x70_e3_w10,1790888820000,EXIT,exit_coupling_lost,LIGHT,
focused_pair_b10_x70_e3_w10,1790895420000,ENTER,enter_stable_window,DEEP,
focused_pair_b10_x70_e3_w10,1790896320000,EXIT,exit_missing_motion,LIGHT,
focused_pair_b10_x70_e2_w15,1790880180000,ENTER,enter_stable_window,DEEP,
focused_pair_b10_x70_e2_w15,1790881200000,EXIT,exit_sustained_rolling_motion,LIGHT,
focused_pair_b10_x70_e2_w15,1790881380000,ENTER,enter_stable_window,DEEP,
focused_pair_b10_x70_e2_w15,1790882100000,EXIT,exit_coupling_lost,LIGHT,
focused_pair_b10_x70_e2_w15,1790886480000,ENTER,enter_stable_window,DEEP,
focused_pair_b10_x70_e2_w15,1790888820000,EXIT,exit_coupling_lost,LIGHT,
focused_pair_b10_x70_e2_w15,1790895180000,ENTER,enter_stable_window,DEEP,
focused_pair_b10_x70_e2_w15,1790896320000,EXIT,exit_missing_motion,LIGHT,
focused_pair_b10_x70_e2_w10,1790880360000,ENTER,enter_stable_window,DEEP,
focused_pair_b10_x70_e2_w10,1790881200000,EXIT,exit_sustained_rolling_motion,LIGHT,
focused_pair_b10_x70_e2_w10,1790881800000,ENTER,enter_stable_window,LIGHT,SHORT_DEEP_RUN_FILTER
focused_pair_b10_x70_e2_w10,1790881860000,MAINTAIN,,LIGHT,SHORT_DEEP_RUN_FILTER
focused_pair_b10_x70_e2_w10,1790881920000,MAINTAIN,,LIGHT,SHORT_DEEP_RUN_FILTER
focused_pair_b10_x70_e2_w10,1790881980000,MAINTAIN,,LIGHT,SHORT_DEEP_RUN_FILTER
focused_pair_b10_x70_e2_w10,1790882040000,MAINTAIN,,LIGHT,SHORT_DEEP_RUN_FILTER
focused_pair_b10_x70_e2_w10,1790882100000,EXIT,exit_coupling_lost,LIGHT,
focused_pair_b10_x70_e2_w10,1790886300000,ENTER,enter_stable_window,DEEP,
focused_pair_b10_x70_e2_w10,1790888820000,EXIT,exit_coupling_lost,LIGHT,
focused_pair_b10_x70_e2_w10,1790895420000,ENTER,enter_stable_window,DEEP,
focused_pair_b10_x70_e2_w10,1790896320000,EXIT,exit_missing_motion,LIGHT,
focused_pair_b10_x70_e1_w15,1790880180000,ENTER,enter_stable_window,DEEP,
focused_pair_b10_x70_e1_w15,1790881140000,EXIT,exit_sustained_rolling_motion,LIGHT,
focused_pair_b10_x70_e1_w15,1790881380000,ENTER,enter_stable_window,DEEP,
focused_pair_b10_x70_e1_w15,1790882100000,EXIT,exit_coupling_lost,LIGHT,
focused_pair_b10_x70_e1_w15,1790886480000,ENTER,enter_stable_window,DEEP,
focused_pair_b10_x70_e1_w15,1790888820000,EXIT,exit_coupling_lost,LIGHT,
focused_pair_b10_x70_e1_w15,1790895180000,ENTER,enter_stable_window,DEEP,
focused_pair_b10_x70_e1_w15,1790896320000,EXIT,exit_missing_motion,LIGHT,
focused_pair_b10_x70_e1_w10,1790880360000,ENTER,enter_stable_window,DEEP,
focused_pair_b10_x70_e1_w10,1790881140000,EXIT,exit_sustained_rolling_motion,LIGHT,
focused_pair_b10_x70_e1_w10,1790881800000,ENTER,enter_stable_window,LIGHT,SHORT_DEEP_RUN_FILTER
focused_pair_b10_x70_e1_w10,1790881860000,MAINTAIN,,LIGHT,SHORT_DEEP_RUN_FILTER
focused_pair_b10_x70_e1_w10,1790881920000,MAINTAIN,,LIGHT,SHORT_DEEP_RUN_FILTER
focused_pair_b10_x70_e1_w10,1790881980000,MAINTAIN,,LIGHT,SHORT_DEEP_RUN_FILTER
focused_pair_b10_x70_e1_w10,1790882040000,MAINTAIN,,LIGHT,SHORT_DEEP_RUN_FILTER
focused_pair_b10_x70_e1_w10,1790882100000,EXIT,exit_coupling_lost,LIGHT,
focused_pair_b10_x70_e1_w10,1790886300000,ENTER,enter_stable_window,DEEP,
focused_pair_b10_x70_e1_w10,1790888820000,EXIT,exit_coupling_lost,LIGHT,
focused_pair_b10_x70_e1_w10,1790895420000,ENTER,enter_stable_window,DEEP,
focused_pair_b10_x70_e1_w10,1790896320000,EXIT,exit_missing_motion,LIGHT,
focused_pair_b10_x65_e3_w15,1790880180000,ENTER,enter_stable_window,DEEP,
focused_pair_b10_x65_e3_w15,1790881260000,EXIT,exit_sustained_rolling_motion,LIGHT,
focused_pair_b10_x65_e3_w15,1790881380000,ENTER,enter_stable_window,LIGHT,SHORT_DEEP_RUN_FILTER
focused_pair_b10_x65_e3_w15,1790881440000,MAINTAIN,,LIGHT,SHORT_DEEP_RUN_FILTER
focused_pair_b10_x65_e3_w15,1790881500000,MAINTAIN,,LIGHT,SHORT_DEEP_RUN_FILTER
focused_pair_b10_x65_e3_w15,1790881560000,EXIT,exit_sustained_rolling_motion,LIGHT,
focused_pair_b10_x65_e3_w15,1790886480000,ENTER,enter_stable_window,DEEP,
focused_pair_b10_x65_e3_w15,1790888820000,EXIT,exit_coupling_lost,LIGHT,
focused_pair_b10_x65_e3_w15,1790895180000,ENTER,enter_stable_window,DEEP,
focused_pair_b10_x65_e3_w15,1790896320000,EXIT,exit_missing_motion,LIGHT,
focused_pair_b10_x65_e3_w10,1790880360000,ENTER,enter_stable_window,DEEP,
focused_pair_b10_x65_e3_w10,1790881260000,EXIT,exit_sustained_rolling_motion,LIGHT,
focused_pair_b10_x65_e3_w10,1790881800000,ENTER,enter_stable_window,LIGHT,SHORT_DEEP_RUN_FILTER
focused_pair_b10_x65_e3_w10,1790881860000,MAINTAIN,,LIGHT,SHORT_DEEP_RUN_FILTER
focused_pair_b10_x65_e3_w10,1790881920000,MAINTAIN,,LIGHT,SHORT_DEEP_RUN_FILTER
focused_pair_b10_x65_e3_w10,1790881980000,MAINTAIN,,LIGHT,SHORT_DEEP_RUN_FILTER
focused_pair_b10_x65_e3_w10,1790882040000,MAINTAIN,,LIGHT,SHORT_DEEP_RUN_FILTER
focused_pair_b10_x65_e3_w10,1790882100000,EXIT,exit_coupling_lost,LIGHT,
focused_pair_b10_x65_e3_w10,1790886300000,ENTER,enter_stable_window,DEEP,
focused_pair_b10_x65_e3_w10,1790888820000,EXIT,exit_coupling_lost,LIGHT,
focused_pair_b10_x65_e3_w10,1790895420000,ENTER,enter_stable_window,DEEP,
focused_pair_b10_x65_e3_w10,1790896320000,EXIT,exit_missing_motion,LIGHT,
focused_pair_b10_x65_e2_w15,1790880180000,ENTER,enter_stable_window,DEEP,
focused_pair_b10_x65_e2_w15,1790881200000,EXIT,exit_sustained_rolling_motion,LIGHT,
focused_pair_b10_x65_e2_w15,1790881380000,ENTER,enter_stable_window,LIGHT,SHORT_DEEP_RUN_FILTER
focused_pair_b10_x65_e2_w15,1790881440000,MAINTAIN,,LIGHT,SHORT_DEEP_RUN_FILTER
focused_pair_b10_x65_e2_w15,1790881500000,EXIT,exit_sustained_rolling_motion,LIGHT,
focused_pair_b10_x65_e2_w15,1790886480000,ENTER,enter_stable_window,DEEP,
focused_pair_b10_x65_e2_w15,1790888820000,EXIT,exit_coupling_lost,LIGHT,
focused_pair_b10_x65_e2_w15,1790895180000,ENTER,enter_stable_window,DEEP,
focused_pair_b10_x65_e2_w15,1790896320000,EXIT,exit_missing_motion,LIGHT,
focused_pair_b10_x65_e2_w10,1790880360000,ENTER,enter_stable_window,DEEP,
focused_pair_b10_x65_e2_w10,1790881200000,EXIT,exit_sustained_rolling_motion,LIGHT,
focused_pair_b10_x65_e2_w10,1790881800000,ENTER,enter_stable_window,LIGHT,SHORT_DEEP_RUN_FILTER
focused_pair_b10_x65_e2_w10,1790881860000,MAINTAIN,,LIGHT,SHORT_DEEP_RUN_FILTER
focused_pair_b10_x65_e2_w10,1790881920000,MAINTAIN,,LIGHT,SHORT_DEEP_RUN_FILTER
focused_pair_b10_x65_e2_w10,1790881980000,MAINTAIN,,LIGHT,SHORT_DEEP_RUN_FILTER
focused_pair_b10_x65_e2_w10,1790882040000,MAINTAIN,,LIGHT,SHORT_DEEP_RUN_FILTER
focused_pair_b10_x65_e2_w10,1790882100000,EXIT,exit_coupling_lost,LIGHT,
focused_pair_b10_x65_e2_w10,1790886300000,ENTER,enter_stable_window,DEEP,
focused_pair_b10_x65_e2_w10,1790888820000,EXIT,exit_coupling_lost,LIGHT,
focused_pair_b10_x65_e2_w10,1790895420000,ENTER,enter_stable_window,DEEP,
focused_pair_b10_x65_e2_w10,1790896320000,EXIT,exit_missing_motion,LIGHT,
focused_pair_b10_x65_e1_w15,1790880180000,ENTER,enter_stable_window,DEEP,
focused_pair_b10_x65_e1_w15,1790881140000,EXIT,exit_sustained_rolling_motion,LIGHT,
focused_pair_b10_x65_e1_w15,1790881380000,ENTER,enter_stable_window,LIGHT,SHORT_DEEP_RUN_FILTER
focused_pair_b10_x65_e1_w15,1790881440000,EXIT,exit_sustained_rolling_motion,LIGHT,
focused_pair_b10_x65_e1_w15,1790886480000,ENTER,enter_stable_window,DEEP,
focused_pair_b10_x65_e1_w15,1790888820000,EXIT,exit_coupling_lost,LIGHT,
focused_pair_b10_x65_e1_w15,1790895180000,ENTER,enter_stable_window,DEEP,
focused_pair_b10_x65_e1_w15,1790896320000,EXIT,exit_missing_motion,LIGHT,
focused_pair_b10_x65_e1_w10,1790880360000,ENTER,enter_stable_window,DEEP,
focused_pair_b10_x65_e1_w10,1790881140000,EXIT,exit_sustained_rolling_motion,LIGHT,
focused_pair_b10_x65_e1_w10,1790881800000,ENTER,enter_stable_window,LIGHT,SHORT_DEEP_RUN_FILTER
focused_pair_b10_x65_e1_w10,1790881860000,MAINTAIN,,LIGHT,SHORT_DEEP_RUN_FILTER
focused_pair_b10_x65_e1_w10,1790881920000,MAINTAIN,,LIGHT,SHORT_DEEP_RUN_FILTER
focused_pair_b10_x65_e1_w10,1790881980000,EXIT,exit_sustained_rolling_motion,LIGHT,
focused_pair_b10_x65_e1_w10,1790882040000,ENTER,enter_stable_window,LIGHT,SHORT_DEEP_RUN_FILTER
focused_pair_b10_x65_e1_w10,1790882100000,EXIT,exit_coupling_lost,LIGHT,
focused_pair_b10_x65_e1_w10,1790886300000,ENTER,enter_stable_window,DEEP,
focused_pair_b10_x65_e1_w10,1790888820000,EXIT,exit_coupling_lost,LIGHT,
focused_pair_b10_x65_e1_w10,1790895420000,ENTER,enter_stable_window,DEEP,
focused_pair_b10_x65_e1_w10,1790896320000,EXIT,exit_missing_motion,LIGHT,
focused_pair_b10_x50_e3_w15,1790880180000,ENTER,enter_stable_window,LIGHT,SHORT_DEEP_RUN_FILTER
focused_pair_b10_x50_e3_w15,1790880240000,MAINTAIN,,LIGHT,SHORT_DEEP_RUN_FILTER
focused_pair_b10_x50_e3_w15,1790880300000,MAINTAIN,,LIGHT,SHORT_DEEP_RUN_FILTER
focused_pair_b10_x50_e3_w15,1790880360000,EXIT,exit_sustained_rolling_motion,LIGHT,
focused_pair_b10_x50_e3_w15,1790880420000,ENTER,enter_stable_window,LIGHT,SHORT_DEEP_RUN_FILTER
focused_pair_b10_x50_e3_w15,1790880480000,MAINTAIN,,LIGHT,SHORT_DEEP_RUN_FILTER
focused_pair_b10_x50_e3_w15,1790880540000,MAINTAIN,,LIGHT,SHORT_DEEP_RUN_FILTER
focused_pair_b10_x50_e3_w15,1790880600000,EXIT,exit_sustained_rolling_motion,LIGHT,
focused_pair_b10_x50_e3_w15,1790880660000,ENTER,enter_stable_window,DEEP,
focused_pair_b10_x50_e3_w15,1790881260000,EXIT,exit_sustained_rolling_motion,LIGHT,
focused_pair_b10_x50_e3_w15,1790881380000,ENTER,enter_stable_window,LIGHT,SHORT_DEEP_RUN_FILTER
focused_pair_b10_x50_e3_w15,1790881440000,MAINTAIN,,LIGHT,SHORT_DEEP_RUN_FILTER
focused_pair_b10_x50_e3_w15,1790881500000,MAINTAIN,,LIGHT,SHORT_DEEP_RUN_FILTER
focused_pair_b10_x50_e3_w15,1790881560000,EXIT,exit_sustained_rolling_motion,LIGHT,
focused_pair_b10_x50_e3_w15,1790886480000,ENTER,enter_stable_window,DEEP,
focused_pair_b10_x50_e3_w15,1790888820000,EXIT,exit_coupling_lost,LIGHT,
focused_pair_b10_x50_e3_w15,1790895180000,ENTER,enter_stable_window,LIGHT,SHORT_DEEP_RUN_FILTER
focused_pair_b10_x50_e3_w15,1790895240000,MAINTAIN,,LIGHT,SHORT_DEEP_RUN_FILTER
focused_pair_b10_x50_e3_w15,1790895300000,MAINTAIN,,LIGHT,SHORT_DEEP_RUN_FILTER
focused_pair_b10_x50_e3_w15,1790895360000,EXIT,exit_sustained_rolling_motion,LIGHT,
focused_pair_b10_x50_e3_w15,1790895420000,ENTER,enter_stable_window,LIGHT,SHORT_DEEP_RUN_FILTER
focused_pair_b10_x50_e3_w15,1790895480000,MAINTAIN,,LIGHT,SHORT_DEEP_RUN_FILTER
focused_pair_b10_x50_e3_w15,1790895540000,MAINTAIN,,LIGHT,SHORT_DEEP_RUN_FILTER
focused_pair_b10_x50_e3_w15,1790895600000,MAINTAIN,,LIGHT,SHORT_DEEP_RUN_FILTER
focused_pair_b10_x50_e3_w15,1790895660000,MAINTAIN,,LIGHT,SHORT_DEEP_RUN_FILTER
focused_pair_b10_x50_e3_w15,1790895720000,MAINTAIN,,LIGHT,SHORT_DEEP_RUN_FILTER
focused_pair_b10_x50_e3_w15,1790895780000,MAINTAIN,,LIGHT,SHORT_DEEP_RUN_FILTER
focused_pair_b10_x50_e3_w15,1790895840000,EXIT,exit_sustained_rolling_motion,LIGHT,
focused_pair_b10_x50_e3_w15,1790895900000,ENTER,enter_stable_window,LIGHT,SHORT_DEEP_RUN_FILTER
focused_pair_b10_x50_e3_w15,1790895960000,MAINTAIN,,LIGHT,SHORT_DEEP_RUN_FILTER
focused_pair_b10_x50_e3_w15,1790896020000,MAINTAIN,,LIGHT,SHORT_DEEP_RUN_FILTER
focused_pair_b10_x50_e3_w15,1790896080000,MAINTAIN,,LIGHT,SHORT_DEEP_RUN_FILTER
focused_pair_b10_x50_e3_w15,1790896140000,MAINTAIN,,LIGHT,SHORT_DEEP_RUN_FILTER
focused_pair_b10_x50_e3_w15,1790896200000,MAINTAIN,,LIGHT,SHORT_DEEP_RUN_FILTER
focused_pair_b10_x50_e3_w15,1790896260000,MAINTAIN,,LIGHT,SHORT_DEEP_RUN_FILTER
focused_pair_b10_x50_e3_w15,1790896320000,EXIT,exit_missing_motion,LIGHT,
focused_pair_b10_x50_e3_w10,1790880360000,ENTER,enter_stable_window,LIGHT,SHORT_DEEP_RUN_FILTER
focused_pair_b10_x50_e3_w10,1790880420000,MAINTAIN,,LIGHT,SHORT_DEEP_RUN_FILTER
focused_pair_b10_x50_e3_w10,1790880480000,MAINTAIN,,LIGHT,SHORT_DEEP_RUN_FILTER
focused_pair_b10_x50_e3_w10,1790880540000,EXIT,exit_sustained_rolling_motion,LIGHT,
focused_pair_b10_x50_e3_w10,1790880600000,ENTER,enter_stable_window,LIGHT,SHORT_DEEP_RUN_FILTER
focused_pair_b10_x50_e3_w10,1790880660000,MAINTAIN,,LIGHT,SHORT_DEEP_RUN_FILTER
focused_pair_b10_x50_e3_w10,1790880720000,MAINTAIN,,LIGHT,SHORT_DEEP_RUN_FILTER
focused_pair_b10_x50_e3_w10,1790880780000,EXIT,exit_sustained_rolling_motion,LIGHT,
focused_pair_b10_x50_e3_w10,1790880840000,ENTER,enter_stable_window,LIGHT,SHORT_DEEP_RUN_FILTER
focused_pair_b10_x50_e3_w10,1790880900000,MAINTAIN,,LIGHT,SHORT_DEEP_RUN_FILTER
focused_pair_b10_x50_e3_w10,1790880960000,MAINTAIN,,LIGHT,SHORT_DEEP_RUN_FILTER
focused_pair_b10_x50_e3_w10,1790881020000,MAINTAIN,,LIGHT,SHORT_DEEP_RUN_FILTER
focused_pair_b10_x50_e3_w10,1790881080000,MAINTAIN,,LIGHT,SHORT_DEEP_RUN_FILTER
focused_pair_b10_x50_e3_w10,1790881140000,MAINTAIN,,LIGHT,SHORT_DEEP_RUN_FILTER
focused_pair_b10_x50_e3_w10,1790881200000,MAINTAIN,,LIGHT,SHORT_DEEP_RUN_FILTER
focused_pair_b10_x50_e3_w10,1790881260000,EXIT,exit_sustained_rolling_motion,LIGHT,
focused_pair_b10_x50_e3_w10,1790881800000,ENTER,enter_stable_window,LIGHT,SHORT_DEEP_RUN_FILTER
focused_pair_b10_x50_e3_w10,1790881860000,MAINTAIN,,LIGHT,SHORT_DEEP_RUN_FILTER
focused_pair_b10_x50_e3_w10,1790881920000,MAINTAIN,,LIGHT,SHORT_DEEP_RUN_FILTER
focused_pair_b10_x50_e3_w10,1790881980000,EXIT,exit_sustained_rolling_motion,LIGHT,
focused_pair_b10_x50_e3_w10,1790882040000,ENTER,enter_stable_window,LIGHT,SHORT_DEEP_RUN_FILTER
focused_pair_b10_x50_e3_w10,1790882100000,EXIT,exit_coupling_lost,LIGHT,
focused_pair_b10_x50_e3_w10,1790886300000,ENTER,enter_stable_window,DEEP,
focused_pair_b10_x50_e3_w10,1790888820000,EXIT,exit_coupling_lost,LIGHT,
focused_pair_b10_x50_e3_w10,1790895420000,ENTER,enter_stable_window,LIGHT,SHORT_DEEP_RUN_FILTER
focused_pair_b10_x50_e3_w10,1790895480000,MAINTAIN,,LIGHT,SHORT_DEEP_RUN_FILTER
focused_pair_b10_x50_e3_w10,1790895540000,MAINTAIN,,LIGHT,SHORT_DEEP_RUN_FILTER
focused_pair_b10_x50_e3_w10,1790895600000,MAINTAIN,,LIGHT,SHORT_DEEP_RUN_FILTER
focused_pair_b10_x50_e3_w10,1790895660000,MAINTAIN,,LIGHT,SHORT_DEEP_RUN_FILTER
focused_pair_b10_x50_e3_w10,1790895720000,MAINTAIN,,LIGHT,SHORT_DEEP_RUN_FILTER
focused_pair_b10_x50_e3_w10,1790895780000,MAINTAIN,,LIGHT,SHORT_DEEP_RUN_FILTER
focused_pair_b10_x50_e3_w10,1790895840000,EXIT,exit_sustained_rolling_motion,LIGHT,
focused_pair_b10_x50_e3_w10,1790895900000,ENTER,enter_stable_window,LIGHT,SHORT_DEEP_RUN_FILTER
focused_pair_b10_x50_e3_w10,1790895960000,MAINTAIN,,LIGHT,SHORT_DEEP_RUN_FILTER
focused_pair_b10_x50_e3_w10,1790896020000,MAINTAIN,,LIGHT,SHORT_DEEP_RUN_FILTER
focused_pair_b10_x50_e3_w10,1790896080000,MAINTAIN,,LIGHT,SHORT_DEEP_RUN_FILTER
focused_pair_b10_x50_e3_w10,1790896140000,MAINTAIN,,LIGHT,SHORT_DEEP_RUN_FILTER
focused_pair_b10_x50_e3_w10,1790896200000,MAINTAIN,,LIGHT,SHORT_DEEP_RUN_FILTER
focused_pair_b10_x50_e3_w10,1790896260000,MAINTAIN,,LIGHT,SHORT_DEEP_RUN_FILTER
focused_pair_b10_x50_e3_w10,1790896320000,EXIT,exit_missing_motion,LIGHT,
focused_pair_b10_x50_e2_w15,1790880180000,ENTER,enter_stable_window,LIGHT,SHORT_DEEP_RUN_FILTER
focused_pair_b10_x50_e2_w15,1790880240000,MAINTAIN,,LIGHT,SHORT_DEEP_RUN_FILTER
focused_pair_b10_x50_e2_w15,1790880300000,EXIT,exit_sustained_rolling_motion,LIGHT,
focused_pair_b10_x50_e2_w15,1790880360000,ENTER,enter_stable_window,LIGHT,SHORT_DEEP_RUN_FILTER
focused_pair_b10_x50_e2_w15,1790880420000,MAINTAIN,,LIGHT,SHORT_DEEP_RUN_FILTER
focused_pair_b10_x50_e2_w15,1790880480000,EXIT,exit_sustained_rolling_motion,LIGHT,
focused_pair_b10_x50_e2_w15,1790880540000,ENTER,enter_stable_window,LIGHT,SHORT_DEEP_RUN_FILTER
focused_pair_b10_x50_e2_w15,1790880600000,MAINTAIN,,LIGHT,SHORT_DEEP_RUN_FILTER
focused_pair_b10_x50_e2_w15,1790880660000,EXIT,exit_sustained_rolling_motion,LIGHT,
focused_pair_b10_x50_e2_w15,1790880720000,ENTER,enter_stable_window,LIGHT,SHORT_DEEP_RUN_FILTER
focused_pair_b10_x50_e2_w15,1790880780000,MAINTAIN,,LIGHT,SHORT_DEEP_RUN_FILTER
focused_pair_b10_x50_e2_w15,1790880840000,MAINTAIN,,LIGHT,SHORT_DEEP_RUN_FILTER
focused_pair_b10_x50_e2_w15,1790880900000,MAINTAIN,,LIGHT,SHORT_DEEP_RUN_FILTER
focused_pair_b10_x50_e2_w15,1790880960000,MAINTAIN,,LIGHT,SHORT_DEEP_RUN_FILTER
focused_pair_b10_x50_e2_w15,1790881020000,MAINTAIN,,LIGHT,SHORT_DEEP_RUN_FILTER
focused_pair_b10_x50_e2_w15,1790881080000,MAINTAIN,,LIGHT,SHORT_DEEP_RUN_FILTER
focused_pair_b10_x50_e2_w15,1790881140000,MAINTAIN,,LIGHT,SHORT_DEEP_RUN_FILTER
focused_pair_b10_x50_e2_w15,1790881200000,EXIT,exit_sustained_rolling_motion,LIGHT,
focused_pair_b10_x50_e2_w15,1790881380000,ENTER,enter_stable_window,LIGHT,SHORT_DEEP_RUN_FILTER
focused_pair_b10_x50_e2_w15,1790881440000,MAINTAIN,,LIGHT,SHORT_DEEP_RUN_FILTER
focused_pair_b10_x50_e2_w15,1790881500000,EXIT,exit_sustained_rolling_motion,LIGHT,
focused_pair_b10_x50_e2_w15,1790886480000,ENTER,enter_stable_window,DEEP,
focused_pair_b10_x50_e2_w15,1790888820000,EXIT,exit_coupling_lost,LIGHT,
focused_pair_b10_x50_e2_w15,1790895180000,ENTER,enter_stable_window,LIGHT,SHORT_DEEP_RUN_FILTER
focused_pair_b10_x50_e2_w15,1790895240000,MAINTAIN,,LIGHT,SHORT_DEEP_RUN_FILTER
focused_pair_b10_x50_e2_w15,1790895300000,EXIT,exit_sustained_rolling_motion,LIGHT,
focused_pair_b10_x50_e2_w15,1790895360000,ENTER,enter_stable_window,LIGHT,SHORT_DEEP_RUN_FILTER
focused_pair_b10_x50_e2_w15,1790895420000,MAINTAIN,,LIGHT,SHORT_DEEP_RUN_FILTER
focused_pair_b10_x50_e2_w15,1790895480000,MAINTAIN,,LIGHT,SHORT_DEEP_RUN_FILTER
focused_pair_b10_x50_e2_w15,1790895540000,MAINTAIN,,LIGHT,SHORT_DEEP_RUN_FILTER
focused_pair_b10_x50_e2_w15,1790895600000,MAINTAIN,,LIGHT,SHORT_DEEP_RUN_FILTER
focused_pair_b10_x50_e2_w15,1790895660000,MAINTAIN,,LIGHT,SHORT_DEEP_RUN_FILTER
focused_pair_b10_x50_e2_w15,1790895720000,MAINTAIN,,LIGHT,SHORT_DEEP_RUN_FILTER
focused_pair_b10_x50_e2_w15,1790895780000,EXIT,exit_sustained_rolling_motion,LIGHT,
focused_pair_b10_x50_e2_w15,1790895840000,ENTER,enter_stable_window,LIGHT,SHORT_DEEP_RUN_FILTER
focused_pair_b10_x50_e2_w15,1790895900000,MAINTAIN,,LIGHT,SHORT_DEEP_RUN_FILTER
focused_pair_b10_x50_e2_w15,1790895960000,EXIT,exit_sustained_rolling_motion,LIGHT,
focused_pair_b10_x50_e2_w15,1790896020000,ENTER,enter_stable_window,LIGHT,SHORT_DEEP_RUN_FILTER
focused_pair_b10_x50_e2_w15,1790896080000,MAINTAIN,,LIGHT,SHORT_DEEP_RUN_FILTER
focused_pair_b10_x50_e2_w15,1790896140000,MAINTAIN,,LIGHT,SHORT_DEEP_RUN_FILTER
focused_pair_b10_x50_e2_w15,1790896200000,MAINTAIN,,LIGHT,SHORT_DEEP_RUN_FILTER
focused_pair_b10_x50_e2_w15,1790896260000,MAINTAIN,,LIGHT,SHORT_DEEP_RUN_FILTER
focused_pair_b10_x50_e2_w15,1790896320000,EXIT,exit_missing_motion,LIGHT,
focused_pair_b10_x50_e2_w10,1790880360000,ENTER,enter_stable_window,LIGHT,SHORT_DEEP_RUN_FILTER
focused_pair_b10_x50_e2_w10,1790880420000,MAINTAIN,,LIGHT,SHORT_DEEP_RUN_FILTER
focused_pair_b10_x50_e2_w10,1790880480000,EXIT,exit_sustained_rolling_motion,LIGHT,
focused_pair_b10_x50_e2_w10,1790880540000,ENTER,enter_stable_window,LIGHT,SHORT_DEEP_RUN_FILTER
focused_pair_b10_x50_e2_w10,1790880600000,MAINTAIN,,LIGHT,SHORT_DEEP_RUN_FILTER
focused_pair_b10_x50_e2_w10,1790880660000,EXIT,exit_sustained_rolling_motion,LIGHT,
focused_pair_b10_x50_e2_w10,1790880720000,ENTER,enter_stable_window,LIGHT,SHORT_DEEP_RUN_FILTER
focused_pair_b10_x50_e2_w10,1790880780000,MAINTAIN,,LIGHT,SHORT_DEEP_RUN_FILTER
focused_pair_b10_x50_e2_w10,1790880840000,MAINTAIN,,LIGHT,SHORT_DEEP_RUN_FILTER
focused_pair_b10_x50_e2_w10,1790880900000,MAINTAIN,,LIGHT,SHORT_DEEP_RUN_FILTER
focused_pair_b10_x50_e2_w10,1790880960000,MAINTAIN,,LIGHT,SHORT_DEEP_RUN_FILTER
focused_pair_b10_x50_e2_w10,1790881020000,MAINTAIN,,LIGHT,SHORT_DEEP_RUN_FILTER
focused_pair_b10_x50_e2_w10,1790881080000,MAINTAIN,,LIGHT,SHORT_DEEP_RUN_FILTER
focused_pair_b10_x50_e2_w10,1790881140000,MAINTAIN,,LIGHT,SHORT_DEEP_RUN_FILTER
focused_pair_b10_x50_e2_w10,1790881200000,EXIT,exit_sustained_rolling_motion,LIGHT,
focused_pair_b10_x50_e2_w10,1790881800000,ENTER,enter_stable_window,LIGHT,SHORT_DEEP_RUN_FILTER
focused_pair_b10_x50_e2_w10,1790881860000,MAINTAIN,,LIGHT,SHORT_DEEP_RUN_FILTER
focused_pair_b10_x50_e2_w10,1790881920000,EXIT,exit_sustained_rolling_motion,LIGHT,
focused_pair_b10_x50_e2_w10,1790881980000,ENTER,enter_stable_window,LIGHT,SHORT_DEEP_RUN_FILTER
focused_pair_b10_x50_e2_w10,1790882040000,MAINTAIN,,LIGHT,SHORT_DEEP_RUN_FILTER
focused_pair_b10_x50_e2_w10,1790882100000,EXIT,exit_coupling_lost,LIGHT,
focused_pair_b10_x50_e2_w10,1790886300000,ENTER,enter_stable_window,DEEP,
focused_pair_b10_x50_e2_w10,1790888820000,EXIT,exit_coupling_lost,LIGHT,
focused_pair_b10_x50_e2_w10,1790895420000,ENTER,enter_stable_window,LIGHT,SHORT_DEEP_RUN_FILTER
focused_pair_b10_x50_e2_w10,1790895480000,MAINTAIN,,LIGHT,SHORT_DEEP_RUN_FILTER
focused_pair_b10_x50_e2_w10,1790895540000,MAINTAIN,,LIGHT,SHORT_DEEP_RUN_FILTER
focused_pair_b10_x50_e2_w10,1790895600000,MAINTAIN,,LIGHT,SHORT_DEEP_RUN_FILTER
focused_pair_b10_x50_e2_w10,1790895660000,MAINTAIN,,LIGHT,SHORT_DEEP_RUN_FILTER
focused_pair_b10_x50_e2_w10,1790895720000,MAINTAIN,,LIGHT,SHORT_DEEP_RUN_FILTER
focused_pair_b10_x50_e2_w10,1790895780000,EXIT,exit_sustained_rolling_motion,LIGHT,
focused_pair_b10_x50_e2_w10,1790895840000,ENTER,enter_stable_window,LIGHT,SHORT_DEEP_RUN_FILTER
focused_pair_b10_x50_e2_w10,1790895900000,MAINTAIN,,LIGHT,SHORT_DEEP_RUN_FILTER
focused_pair_b10_x50_e2_w10,1790895960000,EXIT,exit_sustained_rolling_motion,LIGHT,
focused_pair_b10_x50_e2_w10,1790896020000,ENTER,enter_stable_window,LIGHT,SHORT_DEEP_RUN_FILTER
focused_pair_b10_x50_e2_w10,1790896080000,MAINTAIN,,LIGHT,SHORT_DEEP_RUN_FILTER
focused_pair_b10_x50_e2_w10,1790896140000,MAINTAIN,,LIGHT,SHORT_DEEP_RUN_FILTER
focused_pair_b10_x50_e2_w10,1790896200000,MAINTAIN,,LIGHT,SHORT_DEEP_RUN_FILTER
focused_pair_b10_x50_e2_w10,1790896260000,MAINTAIN,,LIGHT,SHORT_DEEP_RUN_FILTER
focused_pair_b10_x50_e2_w10,1790896320000,EXIT,exit_missing_motion,LIGHT,
focused_pair_b10_x50_e1_w15,1790880180000,ENTER,enter_stable_window,LIGHT,SHORT_DEEP_RUN_FILTER
focused_pair_b10_x50_e1_w15,1790880240000,EXIT,exit_sustained_rolling_motion,LIGHT,
focused_pair_b10_x50_e1_w15,1790880300000,ENTER,enter_stable_window,LIGHT,SHORT_DEEP_RUN_FILTER
focused_pair_b10_x50_e1_w15,1790880360000,EXIT,exit_sustained_rolling_motion,LIGHT,
focused_pair_b10_x50_e1_w15,1790880420000,ENTER,enter_stable_window,LIGHT,SHORT_DEEP_RUN_FILTER
focused_pair_b10_x50_e1_w15,1790880480000,EXIT,exit_sustained_rolling_motion,LIGHT,
focused_pair_b10_x50_e1_w15,1790880540000,ENTER,enter_stable_window,LIGHT,SHORT_DEEP_RUN_FILTER
focused_pair_b10_x50_e1_w15,1790880600000,EXIT,exit_sustained_rolling_motion,LIGHT,
focused_pair_b10_x50_e1_w15,1790880660000,ENTER,enter_stable_window,LIGHT,SHORT_DEEP_RUN_FILTER
focused_pair_b10_x50_e1_w15,1790880720000,EXIT,exit_sustained_rolling_motion,LIGHT,
focused_pair_b10_x50_e1_w15,1790880780000,ENTER,enter_stable_window,LIGHT,SHORT_DEEP_RUN_FILTER
focused_pair_b10_x50_e1_w15,1790880840000,MAINTAIN,,LIGHT,SHORT_DEEP_RUN_FILTER
focused_pair_b10_x50_e1_w15,1790880900000,MAINTAIN,,LIGHT,SHORT_DEEP_RUN_FILTER
focused_pair_b10_x50_e1_w15,1790880960000,MAINTAIN,,LIGHT,SHORT_DEEP_RUN_FILTER
focused_pair_b10_x50_e1_w15,1790881020000,MAINTAIN,,LIGHT,SHORT_DEEP_RUN_FILTER
focused_pair_b10_x50_e1_w15,1790881080000,MAINTAIN,,LIGHT,SHORT_DEEP_RUN_FILTER
focused_pair_b10_x50_e1_w15,1790881140000,EXIT,exit_sustained_rolling_motion,LIGHT,
focused_pair_b10_x50_e1_w15,1790881380000,ENTER,enter_stable_window,LIGHT,SHORT_DEEP_RUN_FILTER
focused_pair_b10_x50_e1_w15,1790881440000,EXIT,exit_sustained_rolling_motion,LIGHT,
focused_pair_b10_x50_e1_w15,1790886480000,ENTER,enter_stable_window,DEEP,
focused_pair_b10_x50_e1_w15,1790888820000,EXIT,exit_coupling_lost,LIGHT,
focused_pair_b10_x50_e1_w15,1790895180000,ENTER,enter_stable_window,LIGHT,SHORT_DEEP_RUN_FILTER
focused_pair_b10_x50_e1_w15,1790895240000,EXIT,exit_sustained_rolling_motion,LIGHT,
focused_pair_b10_x50_e1_w15,1790895300000,ENTER,enter_stable_window,LIGHT,SHORT_DEEP_RUN_FILTER
focused_pair_b10_x50_e1_w15,1790895360000,EXIT,exit_sustained_rolling_motion,LIGHT,
focused_pair_b10_x50_e1_w15,1790895420000,ENTER,enter_stable_window,LIGHT,SHORT_DEEP_RUN_FILTER
focused_pair_b10_x50_e1_w15,1790895480000,MAINTAIN,,LIGHT,SHORT_DEEP_RUN_FILTER
focused_pair_b10_x50_e1_w15,1790895540000,MAINTAIN,,LIGHT,SHORT_DEEP_RUN_FILTER
focused_pair_b10_x50_e1_w15,1790895600000,MAINTAIN,,LIGHT,SHORT_DEEP_RUN_FILTER
focused_pair_b10_x50_e1_w15,1790895660000,MAINTAIN,,LIGHT,SHORT_DEEP_RUN_FILTER
focused_pair_b10_x50_e1_w15,1790895720000,EXIT,exit_sustained_rolling_motion,LIGHT,
focused_pair_b10_x50_e1_w15,1790895780000,ENTER,enter_stable_window,LIGHT,SHORT_DEEP_RUN_FILTER
focused_pair_b10_x50_e1_w15,1790895840000,EXIT,exit_sustained_rolling_motion,LIGHT,
focused_pair_b10_x50_e1_w15,1790895900000,ENTER,enter_stable_window,LIGHT,SHORT_DEEP_RUN_FILTER
focused_pair_b10_x50_e1_w15,1790895960000,EXIT,exit_sustained_rolling_motion,LIGHT,
focused_pair_b10_x50_e1_w15,1790896020000,ENTER,enter_stable_window,LIGHT,SHORT_DEEP_RUN_FILTER
focused_pair_b10_x50_e1_w15,1790896080000,MAINTAIN,,LIGHT,SHORT_DEEP_RUN_FILTER
focused_pair_b10_x50_e1_w15,1790896140000,MAINTAIN,,LIGHT,SHORT_DEEP_RUN_FILTER
focused_pair_b10_x50_e1_w15,1790896200000,MAINTAIN,,LIGHT,SHORT_DEEP_RUN_FILTER
focused_pair_b10_x50_e1_w15,1790896260000,MAINTAIN,,LIGHT,SHORT_DEEP_RUN_FILTER
focused_pair_b10_x50_e1_w15,1790896320000,EXIT,exit_missing_motion,LIGHT,
focused_pair_b10_x50_e1_w10,1790880360000,ENTER,enter_stable_window,LIGHT,SHORT_DEEP_RUN_FILTER
focused_pair_b10_x50_e1_w10,1790880420000,EXIT,exit_sustained_rolling_motion,LIGHT,
focused_pair_b10_x50_e1_w10,1790880480000,ENTER,enter_stable_window,LIGHT,SHORT_DEEP_RUN_FILTER
focused_pair_b10_x50_e1_w10,1790880540000,EXIT,exit_sustained_rolling_motion,LIGHT,
focused_pair_b10_x50_e1_w10,1790880600000,ENTER,enter_stable_window,LIGHT,SHORT_DEEP_RUN_FILTER
focused_pair_b10_x50_e1_w10,1790880660000,EXIT,exit_sustained_rolling_motion,LIGHT,
focused_pair_b10_x50_e1_w10,1790880720000,ENTER,enter_stable_window,LIGHT,SHORT_DEEP_RUN_FILTER
focused_pair_b10_x50_e1_w10,1790880780000,EXIT,exit_sustained_rolling_motion,LIGHT,
focused_pair_b10_x50_e1_w10,1790880840000,ENTER,enter_stable_window,LIGHT,SHORT_DEEP_RUN_FILTER
focused_pair_b10_x50_e1_w10,1790880900000,MAINTAIN,,LIGHT,SHORT_DEEP_RUN_FILTER
focused_pair_b10_x50_e1_w10,1790880960000,MAINTAIN,,LIGHT,SHORT_DEEP_RUN_FILTER
focused_pair_b10_x50_e1_w10,1790881020000,MAINTAIN,,LIGHT,SHORT_DEEP_RUN_FILTER
focused_pair_b10_x50_e1_w10,1790881080000,MAINTAIN,,LIGHT,SHORT_DEEP_RUN_FILTER
focused_pair_b10_x50_e1_w10,1790881140000,EXIT,exit_sustained_rolling_motion,LIGHT,
focused_pair_b10_x50_e1_w10,1790881800000,ENTER,enter_stable_window,LIGHT,SHORT_DEEP_RUN_FILTER
focused_pair_b10_x50_e1_w10,1790881860000,EXIT,exit_sustained_rolling_motion,LIGHT,
focused_pair_b10_x50_e1_w10,1790881920000,ENTER,enter_stable_window,LIGHT,SHORT_DEEP_RUN_FILTER
focused_pair_b10_x50_e1_w10,1790881980000,EXIT,exit_sustained_rolling_motion,LIGHT,
focused_pair_b10_x50_e1_w10,1790882040000,ENTER,enter_stable_window,LIGHT,SHORT_DEEP_RUN_FILTER
focused_pair_b10_x50_e1_w10,1790882100000,EXIT,exit_coupling_lost,LIGHT,
focused_pair_b10_x50_e1_w10,1790886300000,ENTER,enter_stable_window,LIGHT,SHORT_DEEP_RUN_FILTER
focused_pair_b10_x50_e1_w10,1790886360000,EXIT,exit_sustained_rolling_motion,LIGHT,
focused_pair_b10_x50_e1_w10,1790886420000,ENTER,enter_stable_window,DEEP,
focused_pair_b10_x50_e1_w10,1790888820000,EXIT,exit_coupling_lost,LIGHT,
focused_pair_b10_x50_e1_w10,1790895420000,ENTER,enter_stable_window,LIGHT,SHORT_DEEP_RUN_FILTER
focused_pair_b10_x50_e1_w10,1790895480000,MAINTAIN,,LIGHT,SHORT_DEEP_RUN_FILTER
focused_pair_b10_x50_e1_w10,1790895540000,MAINTAIN,,LIGHT,SHORT_DEEP_RUN_FILTER
focused_pair_b10_x50_e1_w10,1790895600000,MAINTAIN,,LIGHT,SHORT_DEEP_RUN_FILTER
focused_pair_b10_x50_e1_w10,1790895660000,MAINTAIN,,LIGHT,SHORT_DEEP_RUN_FILTER
focused_pair_b10_x50_e1_w10,1790895720000,EXIT,exit_sustained_rolling_motion,LIGHT,
focused_pair_b10_x50_e1_w10,1790895780000,ENTER,enter_stable_window,LIGHT,SHORT_DEEP_RUN_FILTER
focused_pair_b10_x50_e1_w10,1790895840000,EXIT,exit_sustained_rolling_motion,LIGHT,
focused_pair_b10_x50_e1_w10,1790895900000,ENTER,enter_stable_window,LIGHT,SHORT_DEEP_RUN_FILTER
focused_pair_b10_x50_e1_w10,1790895960000,EXIT,exit_sustained_rolling_motion,LIGHT,
focused_pair_b10_x50_e1_w10,1790896020000,ENTER,enter_stable_window,LIGHT,SHORT_DEEP_RUN_FILTER
focused_pair_b10_x50_e1_w10,1790896080000,MAINTAIN,,LIGHT,SHORT_DEEP_RUN_FILTER
focused_pair_b10_x50_e1_w10,1790896140000,MAINTAIN,,LIGHT,SHORT_DEEP_RUN_FILTER
focused_pair_b10_x50_e1_w10,1790896200000,MAINTAIN,,LIGHT,SHORT_DEEP_RUN_FILTER
focused_pair_b10_x50_e1_w10,1790896260000,MAINTAIN,,LIGHT,SHORT_DEEP_RUN_FILTER
focused_pair_b10_x50_e1_w10,1790896320000,EXIT,exit_missing_motion,LIGHT,
focused_pair_b5_x70_e3_w15,1790880180000,ENTER,enter_stable_window,DEEP,
focused_pair_b5_x70_e3_w15,1790881260000,EXIT,exit_sustained_rolling_motion,LIGHT,
focused_pair_b5_x70_e3_w15,1790881380000,ENTER,enter_stable_window,DEEP,
focused_pair_b5_x70_e3_w15,1790882100000,EXIT,exit_coupling_lost,LIGHT,
focused_pair_b5_x70_e3_w15,1790886480000,ENTER,enter_stable_window,DEEP,
focused_pair_b5_x70_e3_w15,1790888820000,EXIT,exit_coupling_lost,LIGHT,
focused_pair_b5_x70_e3_w15,1790895180000,ENTER,enter_stable_window,DEEP,
focused_pair_b5_x70_e3_w15,1790896320000,EXIT,exit_missing_motion,LIGHT,
focused_pair_b5_x70_e3_w10,1790880360000,ENTER,enter_stable_window,DEEP,
focused_pair_b5_x70_e3_w10,1790881260000,EXIT,exit_sustained_rolling_motion,LIGHT,
focused_pair_b5_x70_e3_w10,1790881800000,ENTER,enter_stable_window,DEEP,
focused_pair_b5_x70_e3_w10,1790882100000,EXIT,exit_coupling_lost,LIGHT,
focused_pair_b5_x70_e3_w10,1790886300000,ENTER,enter_stable_window,DEEP,
focused_pair_b5_x70_e3_w10,1790888820000,EXIT,exit_coupling_lost,LIGHT,
focused_pair_b5_x70_e3_w10,1790895420000,ENTER,enter_stable_window,DEEP,
focused_pair_b5_x70_e3_w10,1790896320000,EXIT,exit_missing_motion,LIGHT,
focused_pair_b5_x70_e2_w15,1790880180000,ENTER,enter_stable_window,DEEP,
focused_pair_b5_x70_e2_w15,1790881200000,EXIT,exit_sustained_rolling_motion,LIGHT,
focused_pair_b5_x70_e2_w15,1790881380000,ENTER,enter_stable_window,DEEP,
focused_pair_b5_x70_e2_w15,1790882100000,EXIT,exit_coupling_lost,LIGHT,
focused_pair_b5_x70_e2_w15,1790886480000,ENTER,enter_stable_window,DEEP,
focused_pair_b5_x70_e2_w15,1790888820000,EXIT,exit_coupling_lost,LIGHT,
focused_pair_b5_x70_e2_w15,1790895180000,ENTER,enter_stable_window,DEEP,
focused_pair_b5_x70_e2_w15,1790896320000,EXIT,exit_missing_motion,LIGHT,
focused_pair_b5_x70_e2_w10,1790880360000,ENTER,enter_stable_window,DEEP,
focused_pair_b5_x70_e2_w10,1790881200000,EXIT,exit_sustained_rolling_motion,LIGHT,
focused_pair_b5_x70_e2_w10,1790881800000,ENTER,enter_stable_window,DEEP,
focused_pair_b5_x70_e2_w10,1790882100000,EXIT,exit_coupling_lost,LIGHT,
focused_pair_b5_x70_e2_w10,1790886300000,ENTER,enter_stable_window,DEEP,
focused_pair_b5_x70_e2_w10,1790888820000,EXIT,exit_coupling_lost,LIGHT,
focused_pair_b5_x70_e2_w10,1790895420000,ENTER,enter_stable_window,DEEP,
focused_pair_b5_x70_e2_w10,1790896320000,EXIT,exit_missing_motion,LIGHT,
focused_pair_b5_x70_e1_w15,1790880180000,ENTER,enter_stable_window,DEEP,
focused_pair_b5_x70_e1_w15,1790881140000,EXIT,exit_sustained_rolling_motion,LIGHT,
focused_pair_b5_x70_e1_w15,1790881380000,ENTER,enter_stable_window,DEEP,
focused_pair_b5_x70_e1_w15,1790882100000,EXIT,exit_coupling_lost,LIGHT,
focused_pair_b5_x70_e1_w15,1790886480000,ENTER,enter_stable_window,DEEP,
focused_pair_b5_x70_e1_w15,1790888820000,EXIT,exit_coupling_lost,LIGHT,
focused_pair_b5_x70_e1_w15,1790895180000,ENTER,enter_stable_window,DEEP,
focused_pair_b5_x70_e1_w15,1790896320000,EXIT,exit_missing_motion,LIGHT,
focused_pair_b5_x70_e1_w10,1790880360000,ENTER,enter_stable_window,DEEP,
focused_pair_b5_x70_e1_w10,1790881140000,EXIT,exit_sustained_rolling_motion,LIGHT,
focused_pair_b5_x70_e1_w10,1790881800000,ENTER,enter_stable_window,DEEP,
focused_pair_b5_x70_e1_w10,1790882100000,EXIT,exit_coupling_lost,LIGHT,
focused_pair_b5_x70_e1_w10,1790886300000,ENTER,enter_stable_window,DEEP,
focused_pair_b5_x70_e1_w10,1790888820000,EXIT,exit_coupling_lost,LIGHT,
focused_pair_b5_x70_e1_w10,1790895420000,ENTER,enter_stable_window,DEEP,
focused_pair_b5_x70_e1_w10,1790896320000,EXIT,exit_missing_motion,LIGHT,
focused_pair_b5_x65_e3_w15,1790880180000,ENTER,enter_stable_window,DEEP,
focused_pair_b5_x65_e3_w15,1790881260000,EXIT,exit_sustained_rolling_motion,LIGHT,
focused_pair_b5_x65_e3_w15,1790881380000,ENTER,enter_stable_window,LIGHT,SHORT_DEEP_RUN_FILTER
focused_pair_b5_x65_e3_w15,1790881440000,MAINTAIN,,LIGHT,SHORT_DEEP_RUN_FILTER
focused_pair_b5_x65_e3_w15,1790881500000,MAINTAIN,,LIGHT,SHORT_DEEP_RUN_FILTER
focused_pair_b5_x65_e3_w15,1790881560000,EXIT,exit_sustained_rolling_motion,LIGHT,
focused_pair_b5_x65_e3_w15,1790886480000,ENTER,enter_stable_window,DEEP,
focused_pair_b5_x65_e3_w15,1790888820000,EXIT,exit_coupling_lost,LIGHT,
focused_pair_b5_x65_e3_w15,1790895180000,ENTER,enter_stable_window,DEEP,
focused_pair_b5_x65_e3_w15,1790896320000,EXIT,exit_missing_motion,LIGHT,
focused_pair_b5_x65_e3_w10,1790880360000,ENTER,enter_stable_window,DEEP,
focused_pair_b5_x65_e3_w10,1790881260000,EXIT,exit_sustained_rolling_motion,LIGHT,
focused_pair_b5_x65_e3_w10,1790881800000,ENTER,enter_stable_window,DEEP,
focused_pair_b5_x65_e3_w10,1790882100000,EXIT,exit_coupling_lost,LIGHT,
focused_pair_b5_x65_e3_w10,1790886300000,ENTER,enter_stable_window,DEEP,
focused_pair_b5_x65_e3_w10,1790888820000,EXIT,exit_coupling_lost,LIGHT,
focused_pair_b5_x65_e3_w10,1790895420000,ENTER,enter_stable_window,DEEP,
focused_pair_b5_x65_e3_w10,1790896320000,EXIT,exit_missing_motion,LIGHT,
focused_pair_b5_x65_e2_w15,1790880180000,ENTER,enter_stable_window,DEEP,
focused_pair_b5_x65_e2_w15,1790881200000,EXIT,exit_sustained_rolling_motion,LIGHT,
focused_pair_b5_x65_e2_w15,1790881380000,ENTER,enter_stable_window,LIGHT,SHORT_DEEP_RUN_FILTER
focused_pair_b5_x65_e2_w15,1790881440000,MAINTAIN,,LIGHT,SHORT_DEEP_RUN_FILTER
focused_pair_b5_x65_e2_w15,1790881500000,EXIT,exit_sustained_rolling_motion,LIGHT,
focused_pair_b5_x65_e2_w15,1790886480000,ENTER,enter_stable_window,DEEP,
focused_pair_b5_x65_e2_w15,1790888820000,EXIT,exit_coupling_lost,LIGHT,
focused_pair_b5_x65_e2_w15,1790895180000,ENTER,enter_stable_window,DEEP,
focused_pair_b5_x65_e2_w15,1790896320000,EXIT,exit_missing_motion,LIGHT,
focused_pair_b5_x65_e2_w10,1790880360000,ENTER,enter_stable_window,DEEP,
focused_pair_b5_x65_e2_w10,1790881200000,EXIT,exit_sustained_rolling_motion,LIGHT,
focused_pair_b5_x65_e2_w10,1790881800000,ENTER,enter_stable_window,DEEP,
focused_pair_b5_x65_e2_w10,1790882100000,EXIT,exit_coupling_lost,LIGHT,
focused_pair_b5_x65_e2_w10,1790886300000,ENTER,enter_stable_window,DEEP,
focused_pair_b5_x65_e2_w10,1790888820000,EXIT,exit_coupling_lost,LIGHT,
focused_pair_b5_x65_e2_w10,1790895420000,ENTER,enter_stable_window,DEEP,
focused_pair_b5_x65_e2_w10,1790896320000,EXIT,exit_missing_motion,LIGHT,
focused_pair_b5_x65_e1_w15,1790880180000,ENTER,enter_stable_window,DEEP,
focused_pair_b5_x65_e1_w15,1790881140000,EXIT,exit_sustained_rolling_motion,LIGHT,
focused_pair_b5_x65_e1_w15,1790881380000,ENTER,enter_stable_window,LIGHT,SHORT_DEEP_RUN_FILTER
focused_pair_b5_x65_e1_w15,1790881440000,EXIT,exit_sustained_rolling_motion,LIGHT,
focused_pair_b5_x65_e1_w15,1790886480000,ENTER,enter_stable_window,DEEP,
focused_pair_b5_x65_e1_w15,1790888820000,EXIT,exit_coupling_lost,LIGHT,
focused_pair_b5_x65_e1_w15,1790895180000,ENTER,enter_stable_window,DEEP,
focused_pair_b5_x65_e1_w15,1790896320000,EXIT,exit_missing_motion,LIGHT,
focused_pair_b5_x65_e1_w10,1790880360000,ENTER,enter_stable_window,DEEP,
focused_pair_b5_x65_e1_w10,1790881140000,EXIT,exit_sustained_rolling_motion,LIGHT,
focused_pair_b5_x65_e1_w10,1790881800000,ENTER,enter_stable_window,LIGHT,SHORT_DEEP_RUN_FILTER
focused_pair_b5_x65_e1_w10,1790881860000,MAINTAIN,,LIGHT,SHORT_DEEP_RUN_FILTER
focused_pair_b5_x65_e1_w10,1790881920000,MAINTAIN,,LIGHT,SHORT_DEEP_RUN_FILTER
focused_pair_b5_x65_e1_w10,1790881980000,EXIT,exit_sustained_rolling_motion,LIGHT,
focused_pair_b5_x65_e1_w10,1790882040000,ENTER,enter_stable_window,LIGHT,SHORT_DEEP_RUN_FILTER
focused_pair_b5_x65_e1_w10,1790882100000,EXIT,exit_coupling_lost,LIGHT,
focused_pair_b5_x65_e1_w10,1790886300000,ENTER,enter_stable_window,DEEP,
focused_pair_b5_x65_e1_w10,1790888820000,EXIT,exit_coupling_lost,LIGHT,
focused_pair_b5_x65_e1_w10,1790895420000,ENTER,enter_stable_window,DEEP,
focused_pair_b5_x65_e1_w10,1790896320000,EXIT,exit_missing_motion,LIGHT,
focused_pair_b5_x50_e3_w15,1790880180000,ENTER,enter_stable_window,LIGHT,SHORT_DEEP_RUN_FILTER
focused_pair_b5_x50_e3_w15,1790880240000,MAINTAIN,,LIGHT,SHORT_DEEP_RUN_FILTER
focused_pair_b5_x50_e3_w15,1790880300000,MAINTAIN,,LIGHT,SHORT_DEEP_RUN_FILTER
focused_pair_b5_x50_e3_w15,1790880360000,EXIT,exit_sustained_rolling_motion,LIGHT,
focused_pair_b5_x50_e3_w15,1790880420000,ENTER,enter_stable_window,LIGHT,SHORT_DEEP_RUN_FILTER
focused_pair_b5_x50_e3_w15,1790880480000,MAINTAIN,,LIGHT,SHORT_DEEP_RUN_FILTER
focused_pair_b5_x50_e3_w15,1790880540000,MAINTAIN,,LIGHT,SHORT_DEEP_RUN_FILTER
focused_pair_b5_x50_e3_w15,1790880600000,EXIT,exit_sustained_rolling_motion,LIGHT,
focused_pair_b5_x50_e3_w15,1790880660000,ENTER,enter_stable_window,DEEP,
focused_pair_b5_x50_e3_w15,1790881260000,EXIT,exit_sustained_rolling_motion,LIGHT,
focused_pair_b5_x50_e3_w15,1790881380000,ENTER,enter_stable_window,LIGHT,SHORT_DEEP_RUN_FILTER
focused_pair_b5_x50_e3_w15,1790881440000,MAINTAIN,,LIGHT,SHORT_DEEP_RUN_FILTER
focused_pair_b5_x50_e3_w15,1790881500000,MAINTAIN,,LIGHT,SHORT_DEEP_RUN_FILTER
focused_pair_b5_x50_e3_w15,1790881560000,EXIT,exit_sustained_rolling_motion,LIGHT,
focused_pair_b5_x50_e3_w15,1790886480000,ENTER,enter_stable_window,DEEP,
focused_pair_b5_x50_e3_w15,1790888820000,EXIT,exit_coupling_lost,LIGHT,
focused_pair_b5_x50_e3_w15,1790895180000,ENTER,enter_stable_window,LIGHT,SHORT_DEEP_RUN_FILTER
focused_pair_b5_x50_e3_w15,1790895240000,MAINTAIN,,LIGHT,SHORT_DEEP_RUN_FILTER
focused_pair_b5_x50_e3_w15,1790895300000,MAINTAIN,,LIGHT,SHORT_DEEP_RUN_FILTER
focused_pair_b5_x50_e3_w15,1790895360000,EXIT,exit_sustained_rolling_motion,LIGHT,
focused_pair_b5_x50_e3_w15,1790895420000,ENTER,enter_stable_window,DEEP,
focused_pair_b5_x50_e3_w15,1790895840000,EXIT,exit_sustained_rolling_motion,LIGHT,
focused_pair_b5_x50_e3_w15,1790895900000,ENTER,enter_stable_window,DEEP,
focused_pair_b5_x50_e3_w15,1790896320000,EXIT,exit_missing_motion,LIGHT,
focused_pair_b5_x50_e3_w10,1790880360000,ENTER,enter_stable_window,LIGHT,SHORT_DEEP_RUN_FILTER
focused_pair_b5_x50_e3_w10,1790880420000,MAINTAIN,,LIGHT,SHORT_DEEP_RUN_FILTER
focused_pair_b5_x50_e3_w10,1790880480000,MAINTAIN,,LIGHT,SHORT_DEEP_RUN_FILTER
focused_pair_b5_x50_e3_w10,1790880540000,EXIT,exit_sustained_rolling_motion,LIGHT,
focused_pair_b5_x50_e3_w10,1790880600000,ENTER,enter_stable_window,LIGHT,SHORT_DEEP_RUN_FILTER
focused_pair_b5_x50_e3_w10,1790880660000,MAINTAIN,,LIGHT,SHORT_DEEP_RUN_FILTER
focused_pair_b5_x50_e3_w10,1790880720000,MAINTAIN,,LIGHT,SHORT_DEEP_RUN_FILTER
focused_pair_b5_x50_e3_w10,1790880780000,EXIT,exit_sustained_rolling_motion,LIGHT,
focused_pair_b5_x50_e3_w10,1790880840000,ENTER,enter_stable_window,DEEP,
focused_pair_b5_x50_e3_w10,1790881260000,EXIT,exit_sustained_rolling_motion,LIGHT,
focused_pair_b5_x50_e3_w10,1790881800000,ENTER,enter_stable_window,LIGHT,SHORT_DEEP_RUN_FILTER
focused_pair_b5_x50_e3_w10,1790881860000,MAINTAIN,,LIGHT,SHORT_DEEP_RUN_FILTER
focused_pair_b5_x50_e3_w10,1790881920000,MAINTAIN,,LIGHT,SHORT_DEEP_RUN_FILTER
focused_pair_b5_x50_e3_w10,1790881980000,EXIT,exit_sustained_rolling_motion,LIGHT,
focused_pair_b5_x50_e3_w10,1790882040000,ENTER,enter_stable_window,LIGHT,SHORT_DEEP_RUN_FILTER
focused_pair_b5_x50_e3_w10,1790882100000,EXIT,exit_coupling_lost,LIGHT,
focused_pair_b5_x50_e3_w10,1790886300000,ENTER,enter_stable_window,DEEP,
focused_pair_b5_x50_e3_w10,1790888820000,EXIT,exit_coupling_lost,LIGHT,
focused_pair_b5_x50_e3_w10,1790895420000,ENTER,enter_stable_window,DEEP,
focused_pair_b5_x50_e3_w10,1790895840000,EXIT,exit_sustained_rolling_motion,LIGHT,
focused_pair_b5_x50_e3_w10,1790895900000,ENTER,enter_stable_window,DEEP,
focused_pair_b5_x50_e3_w10,1790896320000,EXIT,exit_missing_motion,LIGHT,
focused_pair_b5_x50_e2_w15,1790880180000,ENTER,enter_stable_window,LIGHT,SHORT_DEEP_RUN_FILTER
focused_pair_b5_x50_e2_w15,1790880240000,MAINTAIN,,LIGHT,SHORT_DEEP_RUN_FILTER
focused_pair_b5_x50_e2_w15,1790880300000,EXIT,exit_sustained_rolling_motion,LIGHT,
focused_pair_b5_x50_e2_w15,1790880360000,ENTER,enter_stable_window,LIGHT,SHORT_DEEP_RUN_FILTER
focused_pair_b5_x50_e2_w15,1790880420000,MAINTAIN,,LIGHT,SHORT_DEEP_RUN_FILTER
focused_pair_b5_x50_e2_w15,1790880480000,EXIT,exit_sustained_rolling_motion,LIGHT,
focused_pair_b5_x50_e2_w15,1790880540000,ENTER,enter_stable_window,LIGHT,SHORT_DEEP_RUN_FILTER
focused_pair_b5_x50_e2_w15,1790880600000,MAINTAIN,,LIGHT,SHORT_DEEP_RUN_FILTER
focused_pair_b5_x50_e2_w15,1790880660000,EXIT,exit_sustained_rolling_motion,LIGHT,
focused_pair_b5_x50_e2_w15,1790880720000,ENTER,enter_stable_window,DEEP,
focused_pair_b5_x50_e2_w15,1790881200000,EXIT,exit_sustained_rolling_motion,LIGHT,
focused_pair_b5_x50_e2_w15,1790881380000,ENTER,enter_stable_window,LIGHT,SHORT_DEEP_RUN_FILTER
focused_pair_b5_x50_e2_w15,1790881440000,MAINTAIN,,LIGHT,SHORT_DEEP_RUN_FILTER
focused_pair_b5_x50_e2_w15,1790881500000,EXIT,exit_sustained_rolling_motion,LIGHT,
focused_pair_b5_x50_e2_w15,1790886480000,ENTER,enter_stable_window,DEEP,
focused_pair_b5_x50_e2_w15,1790888820000,EXIT,exit_coupling_lost,LIGHT,
focused_pair_b5_x50_e2_w15,1790895180000,ENTER,enter_stable_window,LIGHT,SHORT_DEEP_RUN_FILTER
focused_pair_b5_x50_e2_w15,1790895240000,MAINTAIN,,LIGHT,SHORT_DEEP_RUN_FILTER
focused_pair_b5_x50_e2_w15,1790895300000,EXIT,exit_sustained_rolling_motion,LIGHT,
focused_pair_b5_x50_e2_w15,1790895360000,ENTER,enter_stable_window,DEEP,
focused_pair_b5_x50_e2_w15,1790895780000,EXIT,exit_sustained_rolling_motion,LIGHT,
focused_pair_b5_x50_e2_w15,1790895840000,ENTER,enter_stable_window,LIGHT,SHORT_DEEP_RUN_FILTER
focused_pair_b5_x50_e2_w15,1790895900000,MAINTAIN,,LIGHT,SHORT_DEEP_RUN_FILTER
focused_pair_b5_x50_e2_w15,1790895960000,EXIT,exit_sustained_rolling_motion,LIGHT,
focused_pair_b5_x50_e2_w15,1790896020000,ENTER,enter_stable_window,DEEP,
focused_pair_b5_x50_e2_w15,1790896320000,EXIT,exit_missing_motion,LIGHT,
focused_pair_b5_x50_e2_w10,1790880360000,ENTER,enter_stable_window,LIGHT,SHORT_DEEP_RUN_FILTER
focused_pair_b5_x50_e2_w10,1790880420000,MAINTAIN,,LIGHT,SHORT_DEEP_RUN_FILTER
focused_pair_b5_x50_e2_w10,1790880480000,EXIT,exit_sustained_rolling_motion,LIGHT,
focused_pair_b5_x50_e2_w10,1790880540000,ENTER,enter_stable_window,LIGHT,SHORT_DEEP_RUN_FILTER
focused_pair_b5_x50_e2_w10,1790880600000,MAINTAIN,,LIGHT,SHORT_DEEP_RUN_FILTER
focused_pair_b5_x50_e2_w10,1790880660000,EXIT,exit_sustained_rolling_motion,LIGHT,
focused_pair_b5_x50_e2_w10,1790880720000,ENTER,enter_stable_window,DEEP,
focused_pair_b5_x50_e2_w10,1790881200000,EXIT,exit_sustained_rolling_motion,LIGHT,
focused_pair_b5_x50_e2_w10,1790881800000,ENTER,enter_stable_window,LIGHT,SHORT_DEEP_RUN_FILTER
focused_pair_b5_x50_e2_w10,1790881860000,MAINTAIN,,LIGHT,SHORT_DEEP_RUN_FILTER
focused_pair_b5_x50_e2_w10,1790881920000,EXIT,exit_sustained_rolling_motion,LIGHT,
focused_pair_b5_x50_e2_w10,1790881980000,ENTER,enter_stable_window,LIGHT,SHORT_DEEP_RUN_FILTER
focused_pair_b5_x50_e2_w10,1790882040000,MAINTAIN,,LIGHT,SHORT_DEEP_RUN_FILTER
focused_pair_b5_x50_e2_w10,1790882100000,EXIT,exit_coupling_lost,LIGHT,
focused_pair_b5_x50_e2_w10,1790886300000,ENTER,enter_stable_window,DEEP,
focused_pair_b5_x50_e2_w10,1790888820000,EXIT,exit_coupling_lost,LIGHT,
focused_pair_b5_x50_e2_w10,1790895420000,ENTER,enter_stable_window,DEEP,
focused_pair_b5_x50_e2_w10,1790895780000,EXIT,exit_sustained_rolling_motion,LIGHT,
focused_pair_b5_x50_e2_w10,1790895840000,ENTER,enter_stable_window,LIGHT,SHORT_DEEP_RUN_FILTER
focused_pair_b5_x50_e2_w10,1790895900000,MAINTAIN,,LIGHT,SHORT_DEEP_RUN_FILTER
focused_pair_b5_x50_e2_w10,1790895960000,EXIT,exit_sustained_rolling_motion,LIGHT,
focused_pair_b5_x50_e2_w10,1790896020000,ENTER,enter_stable_window,DEEP,
focused_pair_b5_x50_e2_w10,1790896320000,EXIT,exit_missing_motion,LIGHT,
focused_pair_b5_x50_e1_w15,1790880180000,ENTER,enter_stable_window,LIGHT,SHORT_DEEP_RUN_FILTER
focused_pair_b5_x50_e1_w15,1790880240000,EXIT,exit_sustained_rolling_motion,LIGHT,
focused_pair_b5_x50_e1_w15,1790880300000,ENTER,enter_stable_window,LIGHT,SHORT_DEEP_RUN_FILTER
focused_pair_b5_x50_e1_w15,1790880360000,EXIT,exit_sustained_rolling_motion,LIGHT,
focused_pair_b5_x50_e1_w15,1790880420000,ENTER,enter_stable_window,LIGHT,SHORT_DEEP_RUN_FILTER
focused_pair_b5_x50_e1_w15,1790880480000,EXIT,exit_sustained_rolling_motion,LIGHT,
focused_pair_b5_x50_e1_w15,1790880540000,ENTER,enter_stable_window,LIGHT,SHORT_DEEP_RUN_FILTER
focused_pair_b5_x50_e1_w15,1790880600000,EXIT,exit_sustained_rolling_motion,LIGHT,
focused_pair_b5_x50_e1_w15,1790880660000,ENTER,enter_stable_window,LIGHT,SHORT_DEEP_RUN_FILTER
focused_pair_b5_x50_e1_w15,1790880720000,EXIT,exit_sustained_rolling_motion,LIGHT,
focused_pair_b5_x50_e1_w15,1790880780000,ENTER,enter_stable_window,DEEP,
focused_pair_b5_x50_e1_w15,1790881140000,EXIT,exit_sustained_rolling_motion,LIGHT,
focused_pair_b5_x50_e1_w15,1790881380000,ENTER,enter_stable_window,LIGHT,SHORT_DEEP_RUN_FILTER
focused_pair_b5_x50_e1_w15,1790881440000,EXIT,exit_sustained_rolling_motion,LIGHT,
focused_pair_b5_x50_e1_w15,1790886480000,ENTER,enter_stable_window,DEEP,
focused_pair_b5_x50_e1_w15,1790888820000,EXIT,exit_coupling_lost,LIGHT,
focused_pair_b5_x50_e1_w15,1790895180000,ENTER,enter_stable_window,LIGHT,SHORT_DEEP_RUN_FILTER
focused_pair_b5_x50_e1_w15,1790895240000,EXIT,exit_sustained_rolling_motion,LIGHT,
focused_pair_b5_x50_e1_w15,1790895300000,ENTER,enter_stable_window,LIGHT,SHORT_DEEP_RUN_FILTER
focused_pair_b5_x50_e1_w15,1790895360000,EXIT,exit_sustained_rolling_motion,LIGHT,
focused_pair_b5_x50_e1_w15,1790895420000,ENTER,enter_stable_window,DEEP,
focused_pair_b5_x50_e1_w15,1790895720000,EXIT,exit_sustained_rolling_motion,LIGHT,
focused_pair_b5_x50_e1_w15,1790895780000,ENTER,enter_stable_window,LIGHT,SHORT_DEEP_RUN_FILTER
focused_pair_b5_x50_e1_w15,1790895840000,EXIT,exit_sustained_rolling_motion,LIGHT,
focused_pair_b5_x50_e1_w15,1790895900000,ENTER,enter_stable_window,LIGHT,SHORT_DEEP_RUN_FILTER
focused_pair_b5_x50_e1_w15,1790895960000,EXIT,exit_sustained_rolling_motion,LIGHT,
focused_pair_b5_x50_e1_w15,1790896020000,ENTER,enter_stable_window,DEEP,
focused_pair_b5_x50_e1_w15,1790896320000,EXIT,exit_missing_motion,LIGHT,
focused_pair_b5_x50_e1_w10,1790880360000,ENTER,enter_stable_window,LIGHT,SHORT_DEEP_RUN_FILTER
focused_pair_b5_x50_e1_w10,1790880420000,EXIT,exit_sustained_rolling_motion,LIGHT,
focused_pair_b5_x50_e1_w10,1790880480000,ENTER,enter_stable_window,LIGHT,SHORT_DEEP_RUN_FILTER
focused_pair_b5_x50_e1_w10,1790880540000,EXIT,exit_sustained_rolling_motion,LIGHT,
focused_pair_b5_x50_e1_w10,1790880600000,ENTER,enter_stable_window,LIGHT,SHORT_DEEP_RUN_FILTER
focused_pair_b5_x50_e1_w10,1790880660000,EXIT,exit_sustained_rolling_motion,LIGHT,
focused_pair_b5_x50_e1_w10,1790880720000,ENTER,enter_stable_window,LIGHT,SHORT_DEEP_RUN_FILTER
focused_pair_b5_x50_e1_w10,1790880780000,EXIT,exit_sustained_rolling_motion,LIGHT,
focused_pair_b5_x50_e1_w10,1790880840000,ENTER,enter_stable_window,DEEP,
focused_pair_b5_x50_e1_w10,1790881140000,EXIT,exit_sustained_rolling_motion,LIGHT,
focused_pair_b5_x50_e1_w10,1790881800000,ENTER,enter_stable_window,LIGHT,SHORT_DEEP_RUN_FILTER
focused_pair_b5_x50_e1_w10,1790881860000,EXIT,exit_sustained_rolling_motion,LIGHT,
focused_pair_b5_x50_e1_w10,1790881920000,ENTER,enter_stable_window,LIGHT,SHORT_DEEP_RUN_FILTER
focused_pair_b5_x50_e1_w10,1790881980000,EXIT,exit_sustained_rolling_motion,LIGHT,
focused_pair_b5_x50_e1_w10,1790882040000,ENTER,enter_stable_window,LIGHT,SHORT_DEEP_RUN_FILTER
focused_pair_b5_x50_e1_w10,1790882100000,EXIT,exit_coupling_lost,LIGHT,
focused_pair_b5_x50_e1_w10,1790886300000,ENTER,enter_stable_window,LIGHT,SHORT_DEEP_RUN_FILTER
focused_pair_b5_x50_e1_w10,1790886360000,EXIT,exit_sustained_rolling_motion,LIGHT,
focused_pair_b5_x50_e1_w10,1790886420000,ENTER,enter_stable_window,DEEP,
focused_pair_b5_x50_e1_w10,1790888820000,EXIT,exit_coupling_lost,LIGHT,
focused_pair_b5_x50_e1_w10,1790895420000,ENTER,enter_stable_window,DEEP,
focused_pair_b5_x50_e1_w10,1790895720000,EXIT,exit_sustained_rolling_motion,LIGHT,
focused_pair_b5_x50_e1_w10,1790895780000,ENTER,enter_stable_window,LIGHT,SHORT_DEEP_RUN_FILTER
focused_pair_b5_x50_e1_w10,1790895840000,EXIT,exit_sustained_rolling_motion,LIGHT,
focused_pair_b5_x50_e1_w10,1790895900000,ENTER,enter_stable_window,LIGHT,SHORT_DEEP_RUN_FILTER
focused_pair_b5_x50_e1_w10,1790895960000,EXIT,exit_sustained_rolling_motion,LIGHT,
focused_pair_b5_x50_e1_w10,1790896020000,ENTER,enter_stable_window,DEEP,
focused_pair_b5_x50_e1_w10,1790896320000,EXIT,exit_missing_motion,LIGHT,
focused_pair_b2_x70_e3_w15,1790880180000,ENTER,enter_stable_window,DEEP,
focused_pair_b2_x70_e3_w15,1790881260000,EXIT,exit_sustained_rolling_motion,LIGHT,
focused_pair_b2_x70_e3_w15,1790881380000,ENTER,enter_stable_window,DEEP,
focused_pair_b2_x70_e3_w15,1790882100000,EXIT,exit_coupling_lost,LIGHT,
focused_pair_b2_x70_e3_w15,1790886480000,ENTER,enter_stable_window,DEEP,
focused_pair_b2_x70_e3_w15,1790888820000,EXIT,exit_coupling_lost,LIGHT,
focused_pair_b2_x70_e3_w15,1790895180000,ENTER,enter_stable_window,DEEP,
focused_pair_b2_x70_e3_w15,1790896320000,EXIT,exit_missing_motion,LIGHT,
focused_pair_b2_x70_e3_w10,1790880360000,ENTER,enter_stable_window,DEEP,
focused_pair_b2_x70_e3_w10,1790881260000,EXIT,exit_sustained_rolling_motion,LIGHT,
focused_pair_b2_x70_e3_w10,1790881800000,ENTER,enter_stable_window,DEEP,
focused_pair_b2_x70_e3_w10,1790882100000,EXIT,exit_coupling_lost,LIGHT,
focused_pair_b2_x70_e3_w10,1790886300000,ENTER,enter_stable_window,DEEP,
focused_pair_b2_x70_e3_w10,1790888820000,EXIT,exit_coupling_lost,LIGHT,
focused_pair_b2_x70_e3_w10,1790895420000,ENTER,enter_stable_window,DEEP,
focused_pair_b2_x70_e3_w10,1790896320000,EXIT,exit_missing_motion,LIGHT,
focused_pair_b2_x70_e2_w15,1790880180000,ENTER,enter_stable_window,DEEP,
focused_pair_b2_x70_e2_w15,1790881200000,EXIT,exit_sustained_rolling_motion,LIGHT,
focused_pair_b2_x70_e2_w15,1790881380000,ENTER,enter_stable_window,DEEP,
focused_pair_b2_x70_e2_w15,1790882100000,EXIT,exit_coupling_lost,LIGHT,
focused_pair_b2_x70_e2_w15,1790886480000,ENTER,enter_stable_window,DEEP,
focused_pair_b2_x70_e2_w15,1790888820000,EXIT,exit_coupling_lost,LIGHT,
focused_pair_b2_x70_e2_w15,1790895180000,ENTER,enter_stable_window,DEEP,
focused_pair_b2_x70_e2_w15,1790896320000,EXIT,exit_missing_motion,LIGHT,
focused_pair_b2_x70_e2_w10,1790880360000,ENTER,enter_stable_window,DEEP,
focused_pair_b2_x70_e2_w10,1790881200000,EXIT,exit_sustained_rolling_motion,LIGHT,
focused_pair_b2_x70_e2_w10,1790881800000,ENTER,enter_stable_window,DEEP,
focused_pair_b2_x70_e2_w10,1790882100000,EXIT,exit_coupling_lost,LIGHT,
focused_pair_b2_x70_e2_w10,1790886300000,ENTER,enter_stable_window,DEEP,
focused_pair_b2_x70_e2_w10,1790888820000,EXIT,exit_coupling_lost,LIGHT,
focused_pair_b2_x70_e2_w10,1790895420000,ENTER,enter_stable_window,DEEP,
focused_pair_b2_x70_e2_w10,1790896320000,EXIT,exit_missing_motion,LIGHT,
focused_pair_b2_x70_e1_w15,1790880180000,ENTER,enter_stable_window,DEEP,
focused_pair_b2_x70_e1_w15,1790881140000,EXIT,exit_sustained_rolling_motion,LIGHT,
focused_pair_b2_x70_e1_w15,1790881380000,ENTER,enter_stable_window,DEEP,
focused_pair_b2_x70_e1_w15,1790882100000,EXIT,exit_coupling_lost,LIGHT,
focused_pair_b2_x70_e1_w15,1790886480000,ENTER,enter_stable_window,DEEP,
focused_pair_b2_x70_e1_w15,1790888820000,EXIT,exit_coupling_lost,LIGHT,
focused_pair_b2_x70_e1_w15,1790895180000,ENTER,enter_stable_window,DEEP,
focused_pair_b2_x70_e1_w15,1790896320000,EXIT,exit_missing_motion,LIGHT,
focused_pair_b2_x70_e1_w10,1790880360000,ENTER,enter_stable_window,DEEP,
focused_pair_b2_x70_e1_w10,1790881140000,EXIT,exit_sustained_rolling_motion,LIGHT,
focused_pair_b2_x70_e1_w10,1790881800000,ENTER,enter_stable_window,DEEP,
focused_pair_b2_x70_e1_w10,1790882100000,EXIT,exit_coupling_lost,LIGHT,
focused_pair_b2_x70_e1_w10,1790886300000,ENTER,enter_stable_window,DEEP,
focused_pair_b2_x70_e1_w10,1790888820000,EXIT,exit_coupling_lost,LIGHT,
focused_pair_b2_x70_e1_w10,1790895420000,ENTER,enter_stable_window,DEEP,
focused_pair_b2_x70_e1_w10,1790896320000,EXIT,exit_missing_motion,LIGHT,
focused_pair_b2_x65_e3_w15,1790880180000,ENTER,enter_stable_window,DEEP,
focused_pair_b2_x65_e3_w15,1790881260000,EXIT,exit_sustained_rolling_motion,LIGHT,
focused_pair_b2_x65_e3_w15,1790881380000,ENTER,enter_stable_window,DEEP,
focused_pair_b2_x65_e3_w15,1790881560000,EXIT,exit_sustained_rolling_motion,LIGHT,
focused_pair_b2_x65_e3_w15,1790886480000,ENTER,enter_stable_window,DEEP,
focused_pair_b2_x65_e3_w15,1790888820000,EXIT,exit_coupling_lost,LIGHT,
focused_pair_b2_x65_e3_w15,1790895180000,ENTER,enter_stable_window,DEEP,
focused_pair_b2_x65_e3_w15,1790896320000,EXIT,exit_missing_motion,LIGHT,
focused_pair_b2_x65_e3_w10,1790880360000,ENTER,enter_stable_window,DEEP,
focused_pair_b2_x65_e3_w10,1790881260000,EXIT,exit_sustained_rolling_motion,LIGHT,
focused_pair_b2_x65_e3_w10,1790881800000,ENTER,enter_stable_window,DEEP,
focused_pair_b2_x65_e3_w10,1790882100000,EXIT,exit_coupling_lost,LIGHT,
focused_pair_b2_x65_e3_w10,1790886300000,ENTER,enter_stable_window,DEEP,
focused_pair_b2_x65_e3_w10,1790888820000,EXIT,exit_coupling_lost,LIGHT,
focused_pair_b2_x65_e3_w10,1790895420000,ENTER,enter_stable_window,DEEP,
focused_pair_b2_x65_e3_w10,1790896320000,EXIT,exit_missing_motion,LIGHT,
focused_pair_b2_x65_e2_w15,1790880180000,ENTER,enter_stable_window,DEEP,
focused_pair_b2_x65_e2_w15,1790881200000,EXIT,exit_sustained_rolling_motion,LIGHT,
focused_pair_b2_x65_e2_w15,1790881380000,ENTER,enter_stable_window,DEEP,
focused_pair_b2_x65_e2_w15,1790881500000,EXIT,exit_sustained_rolling_motion,LIGHT,
focused_pair_b2_x65_e2_w15,1790886480000,ENTER,enter_stable_window,DEEP,
focused_pair_b2_x65_e2_w15,1790888820000,EXIT,exit_coupling_lost,LIGHT,
focused_pair_b2_x65_e2_w15,1790895180000,ENTER,enter_stable_window,DEEP,
focused_pair_b2_x65_e2_w15,1790896320000,EXIT,exit_missing_motion,LIGHT,
focused_pair_b2_x65_e2_w10,1790880360000,ENTER,enter_stable_window,DEEP,
focused_pair_b2_x65_e2_w10,1790881200000,EXIT,exit_sustained_rolling_motion,LIGHT,
focused_pair_b2_x65_e2_w10,1790881800000,ENTER,enter_stable_window,DEEP,
focused_pair_b2_x65_e2_w10,1790882100000,EXIT,exit_coupling_lost,LIGHT,
focused_pair_b2_x65_e2_w10,1790886300000,ENTER,enter_stable_window,DEEP,
focused_pair_b2_x65_e2_w10,1790888820000,EXIT,exit_coupling_lost,LIGHT,
focused_pair_b2_x65_e2_w10,1790895420000,ENTER,enter_stable_window,DEEP,
focused_pair_b2_x65_e2_w10,1790896320000,EXIT,exit_missing_motion,LIGHT,
focused_pair_b2_x65_e1_w15,1790880180000,ENTER,enter_stable_window,DEEP,
focused_pair_b2_x65_e1_w15,1790881140000,EXIT,exit_sustained_rolling_motion,LIGHT,
focused_pair_b2_x65_e1_w15,1790881380000,ENTER,enter_stable_window,LIGHT,SHORT_DEEP_RUN_FILTER
focused_pair_b2_x65_e1_w15,1790881440000,EXIT,exit_sustained_rolling_motion,LIGHT,
focused_pair_b2_x65_e1_w15,1790886480000,ENTER,enter_stable_window,DEEP,
focused_pair_b2_x65_e1_w15,1790888820000,EXIT,exit_coupling_lost,LIGHT,
focused_pair_b2_x65_e1_w15,1790895180000,ENTER,enter_stable_window,DEEP,
focused_pair_b2_x65_e1_w15,1790896320000,EXIT,exit_missing_motion,LIGHT,
focused_pair_b2_x65_e1_w10,1790880360000,ENTER,enter_stable_window,DEEP,
focused_pair_b2_x65_e1_w10,1790881140000,EXIT,exit_sustained_rolling_motion,LIGHT,
focused_pair_b2_x65_e1_w10,1790881800000,ENTER,enter_stable_window,DEEP,
focused_pair_b2_x65_e1_w10,1790881980000,EXIT,exit_sustained_rolling_motion,LIGHT,
focused_pair_b2_x65_e1_w10,1790882040000,ENTER,enter_stable_window,LIGHT,SHORT_DEEP_RUN_FILTER
focused_pair_b2_x65_e1_w10,1790882100000,EXIT,exit_coupling_lost,LIGHT,
focused_pair_b2_x65_e1_w10,1790886300000,ENTER,enter_stable_window,DEEP,
focused_pair_b2_x65_e1_w10,1790888820000,EXIT,exit_coupling_lost,LIGHT,
focused_pair_b2_x65_e1_w10,1790895420000,ENTER,enter_stable_window,DEEP,
focused_pair_b2_x65_e1_w10,1790896320000,EXIT,exit_missing_motion,LIGHT,
focused_pair_b2_x50_e3_w15,1790880180000,ENTER,enter_stable_window,DEEP,
focused_pair_b2_x50_e3_w15,1790880360000,EXIT,exit_sustained_rolling_motion,LIGHT,
focused_pair_b2_x50_e3_w15,1790880420000,ENTER,enter_stable_window,DEEP,
focused_pair_b2_x50_e3_w15,1790880600000,EXIT,exit_sustained_rolling_motion,LIGHT,
focused_pair_b2_x50_e3_w15,1790880660000,ENTER,enter_stable_window,DEEP,
focused_pair_b2_x50_e3_w15,1790881260000,EXIT,exit_sustained_rolling_motion,LIGHT,
focused_pair_b2_x50_e3_w15,1790881380000,ENTER,enter_stable_window,DEEP,
focused_pair_b2_x50_e3_w15,1790881560000,EXIT,exit_sustained_rolling_motion,LIGHT,
focused_pair_b2_x50_e3_w15,1790886480000,ENTER,enter_stable_window,DEEP,
focused_pair_b2_x50_e3_w15,1790888820000,EXIT,exit_coupling_lost,LIGHT,
focused_pair_b2_x50_e3_w15,1790895180000,ENTER,enter_stable_window,DEEP,
focused_pair_b2_x50_e3_w15,1790895360000,EXIT,exit_sustained_rolling_motion,LIGHT,
focused_pair_b2_x50_e3_w15,1790895420000,ENTER,enter_stable_window,DEEP,
focused_pair_b2_x50_e3_w15,1790895840000,EXIT,exit_sustained_rolling_motion,LIGHT,
focused_pair_b2_x50_e3_w15,1790895900000,ENTER,enter_stable_window,DEEP,
focused_pair_b2_x50_e3_w15,1790896320000,EXIT,exit_missing_motion,LIGHT,
focused_pair_b2_x50_e3_w10,1790880360000,ENTER,enter_stable_window,DEEP,
focused_pair_b2_x50_e3_w10,1790880540000,EXIT,exit_sustained_rolling_motion,LIGHT,
focused_pair_b2_x50_e3_w10,1790880600000,ENTER,enter_stable_window,DEEP,
focused_pair_b2_x50_e3_w10,1790880780000,EXIT,exit_sustained_rolling_motion,LIGHT,
focused_pair_b2_x50_e3_w10,1790880840000,ENTER,enter_stable_window,DEEP,
focused_pair_b2_x50_e3_w10,1790881260000,EXIT,exit_sustained_rolling_motion,LIGHT,
focused_pair_b2_x50_e3_w10,1790881800000,ENTER,enter_stable_window,DEEP,
focused_pair_b2_x50_e3_w10,1790881980000,EXIT,exit_sustained_rolling_motion,LIGHT,
focused_pair_b2_x50_e3_w10,1790882040000,ENTER,enter_stable_window,LIGHT,SHORT_DEEP_RUN_FILTER
focused_pair_b2_x50_e3_w10,1790882100000,EXIT,exit_coupling_lost,LIGHT,
focused_pair_b2_x50_e3_w10,1790886300000,ENTER,enter_stable_window,DEEP,
focused_pair_b2_x50_e3_w10,1790888820000,EXIT,exit_coupling_lost,LIGHT,
focused_pair_b2_x50_e3_w10,1790895420000,ENTER,enter_stable_window,DEEP,
focused_pair_b2_x50_e3_w10,1790895840000,EXIT,exit_sustained_rolling_motion,LIGHT,
focused_pair_b2_x50_e3_w10,1790895900000,ENTER,enter_stable_window,DEEP,
focused_pair_b2_x50_e3_w10,1790896320000,EXIT,exit_missing_motion,LIGHT,
focused_pair_b2_x50_e2_w15,1790880180000,ENTER,enter_stable_window,DEEP,
focused_pair_b2_x50_e2_w15,1790880300000,EXIT,exit_sustained_rolling_motion,LIGHT,
focused_pair_b2_x50_e2_w15,1790880360000,ENTER,enter_stable_window,DEEP,
focused_pair_b2_x50_e2_w15,1790880480000,EXIT,exit_sustained_rolling_motion,LIGHT,
focused_pair_b2_x50_e2_w15,1790880540000,ENTER,enter_stable_window,DEEP,
focused_pair_b2_x50_e2_w15,1790880660000,EXIT,exit_sustained_rolling_motion,LIGHT,
focused_pair_b2_x50_e2_w15,1790880720000,ENTER,enter_stable_window,DEEP,
focused_pair_b2_x50_e2_w15,1790881200000,EXIT,exit_sustained_rolling_motion,LIGHT,
focused_pair_b2_x50_e2_w15,1790881380000,ENTER,enter_stable_window,DEEP,
focused_pair_b2_x50_e2_w15,1790881500000,EXIT,exit_sustained_rolling_motion,LIGHT,
focused_pair_b2_x50_e2_w15,1790886480000,ENTER,enter_stable_window,DEEP,
focused_pair_b2_x50_e2_w15,1790888820000,EXIT,exit_coupling_lost,LIGHT,
focused_pair_b2_x50_e2_w15,1790895180000,ENTER,enter_stable_window,DEEP,
focused_pair_b2_x50_e2_w15,1790895300000,EXIT,exit_sustained_rolling_motion,LIGHT,
focused_pair_b2_x50_e2_w15,1790895360000,ENTER,enter_stable_window,DEEP,
focused_pair_b2_x50_e2_w15,1790895780000,EXIT,exit_sustained_rolling_motion,LIGHT,
focused_pair_b2_x50_e2_w15,1790895840000,ENTER,enter_stable_window,DEEP,
focused_pair_b2_x50_e2_w15,1790895960000,EXIT,exit_sustained_rolling_motion,LIGHT,
focused_pair_b2_x50_e2_w15,1790896020000,ENTER,enter_stable_window,DEEP,
focused_pair_b2_x50_e2_w15,1790896320000,EXIT,exit_missing_motion,LIGHT,
focused_pair_b2_x50_e2_w10,1790880360000,ENTER,enter_stable_window,DEEP,
focused_pair_b2_x50_e2_w10,1790880480000,EXIT,exit_sustained_rolling_motion,LIGHT,
focused_pair_b2_x50_e2_w10,1790880540000,ENTER,enter_stable_window,DEEP,
focused_pair_b2_x50_e2_w10,1790880660000,EXIT,exit_sustained_rolling_motion,LIGHT,
focused_pair_b2_x50_e2_w10,1790880720000,ENTER,enter_stable_window,DEEP,
focused_pair_b2_x50_e2_w10,1790881200000,EXIT,exit_sustained_rolling_motion,LIGHT,
focused_pair_b2_x50_e2_w10,1790881800000,ENTER,enter_stable_window,DEEP,
focused_pair_b2_x50_e2_w10,1790881920000,EXIT,exit_sustained_rolling_motion,LIGHT,
focused_pair_b2_x50_e2_w10,1790881980000,ENTER,enter_stable_window,DEEP,
focused_pair_b2_x50_e2_w10,1790882100000,EXIT,exit_coupling_lost,LIGHT,
focused_pair_b2_x50_e2_w10,1790886300000,ENTER,enter_stable_window,DEEP,
focused_pair_b2_x50_e2_w10,1790888820000,EXIT,exit_coupling_lost,LIGHT,
focused_pair_b2_x50_e2_w10,1790895420000,ENTER,enter_stable_window,DEEP,
focused_pair_b2_x50_e2_w10,1790895780000,EXIT,exit_sustained_rolling_motion,LIGHT,
focused_pair_b2_x50_e2_w10,1790895840000,ENTER,enter_stable_window,DEEP,
focused_pair_b2_x50_e2_w10,1790895960000,EXIT,exit_sustained_rolling_motion,LIGHT,
focused_pair_b2_x50_e2_w10,1790896020000,ENTER,enter_stable_window,DEEP,
focused_pair_b2_x50_e2_w10,1790896320000,EXIT,exit_missing_motion,LIGHT,
focused_pair_b2_x50_e1_w15,1790880180000,ENTER,enter_stable_window,LIGHT,SHORT_DEEP_RUN_FILTER
focused_pair_b2_x50_e1_w15,1790880240000,EXIT,exit_sustained_rolling_motion,LIGHT,
focused_pair_b2_x50_e1_w15,1790880300000,ENTER,enter_stable_window,LIGHT,SHORT_DEEP_RUN_FILTER
focused_pair_b2_x50_e1_w15,1790880360000,EXIT,exit_sustained_rolling_motion,LIGHT,
focused_pair_b2_x50_e1_w15,1790880420000,ENTER,enter_stable_window,LIGHT,SHORT_DEEP_RUN_FILTER
focused_pair_b2_x50_e1_w15,1790880480000,EXIT,exit_sustained_rolling_motion,LIGHT,
focused_pair_b2_x50_e1_w15,1790880540000,ENTER,enter_stable_window,LIGHT,SHORT_DEEP_RUN_FILTER
focused_pair_b2_x50_e1_w15,1790880600000,EXIT,exit_sustained_rolling_motion,LIGHT,
focused_pair_b2_x50_e1_w15,1790880660000,ENTER,enter_stable_window,LIGHT,SHORT_DEEP_RUN_FILTER
focused_pair_b2_x50_e1_w15,1790880720000,EXIT,exit_sustained_rolling_motion,LIGHT,
focused_pair_b2_x50_e1_w15,1790880780000,ENTER,enter_stable_window,DEEP,
focused_pair_b2_x50_e1_w15,1790881140000,EXIT,exit_sustained_rolling_motion,LIGHT,
focused_pair_b2_x50_e1_w15,1790881380000,ENTER,enter_stable_window,LIGHT,SHORT_DEEP_RUN_FILTER
focused_pair_b2_x50_e1_w15,1790881440000,EXIT,exit_sustained_rolling_motion,LIGHT,
focused_pair_b2_x50_e1_w15,1790886480000,ENTER,enter_stable_window,DEEP,
focused_pair_b2_x50_e1_w15,1790888820000,EXIT,exit_coupling_lost,LIGHT,
focused_pair_b2_x50_e1_w15,1790895180000,ENTER,enter_stable_window,LIGHT,SHORT_DEEP_RUN_FILTER
focused_pair_b2_x50_e1_w15,1790895240000,EXIT,exit_sustained_rolling_motion,LIGHT,
focused_pair_b2_x50_e1_w15,1790895300000,ENTER,enter_stable_window,LIGHT,SHORT_DEEP_RUN_FILTER
focused_pair_b2_x50_e1_w15,1790895360000,EXIT,exit_sustained_rolling_motion,LIGHT,
focused_pair_b2_x50_e1_w15,1790895420000,ENTER,enter_stable_window,DEEP,
focused_pair_b2_x50_e1_w15,1790895720000,EXIT,exit_sustained_rolling_motion,LIGHT,
focused_pair_b2_x50_e1_w15,1790895780000,ENTER,enter_stable_window,LIGHT,SHORT_DEEP_RUN_FILTER
focused_pair_b2_x50_e1_w15,1790895840000,EXIT,exit_sustained_rolling_motion,LIGHT,
focused_pair_b2_x50_e1_w15,1790895900000,ENTER,enter_stable_window,LIGHT,SHORT_DEEP_RUN_FILTER
focused_pair_b2_x50_e1_w15,1790895960000,EXIT,exit_sustained_rolling_motion,LIGHT,
focused_pair_b2_x50_e1_w15,1790896020000,ENTER,enter_stable_window,DEEP,
focused_pair_b2_x50_e1_w15,1790896320000,EXIT,exit_missing_motion,LIGHT,
focused_pair_b2_x50_e1_w10,1790880360000,ENTER,enter_stable_window,LIGHT,SHORT_DEEP_RUN_FILTER
focused_pair_b2_x50_e1_w10,1790880420000,EXIT,exit_sustained_rolling_motion,LIGHT,
focused_pair_b2_x50_e1_w10,1790880480000,ENTER,enter_stable_window,LIGHT,SHORT_DEEP_RUN_FILTER
focused_pair_b2_x50_e1_w10,1790880540000,EXIT,exit_sustained_rolling_motion,LIGHT,
focused_pair_b2_x50_e1_w10,1790880600000,ENTER,enter_stable_window,LIGHT,SHORT_DEEP_RUN_FILTER
focused_pair_b2_x50_e1_w10,1790880660000,EXIT,exit_sustained_rolling_motion,LIGHT,
focused_pair_b2_x50_e1_w10,1790880720000,ENTER,enter_stable_window,LIGHT,SHORT_DEEP_RUN_FILTER
focused_pair_b2_x50_e1_w10,1790880780000,EXIT,exit_sustained_rolling_motion,LIGHT,
focused_pair_b2_x50_e1_w10,1790880840000,ENTER,enter_stable_window,DEEP,
focused_pair_b2_x50_e1_w10,1790881140000,EXIT,exit_sustained_rolling_motion,LIGHT,
focused_pair_b2_x50_e1_w10,1790881800000,ENTER,enter_stable_window,LIGHT,SHORT_DEEP_RUN_FILTER
focused_pair_b2_x50_e1_w10,1790881860000,EXIT,exit_sustained_rolling_motion,LIGHT,
focused_pair_b2_x50_e1_w10,1790881920000,ENTER,enter_stable_window,LIGHT,SHORT_DEEP_RUN_FILTER
focused_pair_b2_x50_e1_w10,1790881980000,EXIT,exit_sustained_rolling_motion,LIGHT,
focused_pair_b2_x50_e1_w10,1790882040000,ENTER,enter_stable_window,LIGHT,SHORT_DEEP_RUN_FILTER
focused_pair_b2_x50_e1_w10,1790882100000,EXIT,exit_coupling_lost,LIGHT,
focused_pair_b2_x50_e1_w10,1790886300000,ENTER,enter_stable_window,LIGHT,SHORT_DEEP_RUN_FILTER
focused_pair_b2_x50_e1_w10,1790886360000,EXIT,exit_sustained_rolling_motion,LIGHT,
focused_pair_b2_x50_e1_w10,1790886420000,ENTER,enter_stable_window,DEEP,
focused_pair_b2_x50_e1_w10,1790888820000,EXIT,exit_coupling_lost,LIGHT,
focused_pair_b2_x50_e1_w10,1790895420000,ENTER,enter_stable_window,DEEP,
focused_pair_b2_x50_e1_w10,1790895720000,EXIT,exit_sustained_rolling_motion,LIGHT,
focused_pair_b2_x50_e1_w10,1790895780000,ENTER,enter_stable_window,LIGHT,SHORT_DEEP_RUN_FILTER
focused_pair_b2_x50_e1_w10,1790895840000,EXIT,exit_sustained_rolling_motion,LIGHT,
focused_pair_b2_x50_e1_w10,1790895900000,ENTER,enter_stable_window,LIGHT,SHORT_DEEP_RUN_FILTER
focused_pair_b2_x50_e1_w10,1790895960000,EXIT,exit_sustained_rolling_motion,LIGHT,
focused_pair_b2_x50_e1_w10,1790896020000,ENTER,enter_stable_window,DEEP,
focused_pair_b2_x50_e1_w10,1790896320000,EXIT,exit_missing_motion,LIGHT,
focused_noise_b10_x70_e3_w15,1790882880000,ENTER,enter_stable_window,DEEP,
focused_noise_b10_x70_e3_w15,1790883720000,EXIT,exit_sustained_rolling_motion,LIGHT,
focused_noise_b10_x70_e3_w15,1790883900000,ENTER,enter_stable_window,LIGHT,SHORT_DEEP_RUN_FILTER
focused_noise_b10_x70_e3_w15,1790883960000,MAINTAIN,,LIGHT,SHORT_DEEP_RUN_FILTER
focused_noise_b10_x70_e3_w15,1790884020000,MAINTAIN,,LIGHT,SHORT_DEEP_RUN_FILTER
focused_noise_b10_x70_e3_w15,1790884080000,MAINTAIN,,LIGHT,SHORT_DEEP_RUN_FILTER
focused_noise_b10_x70_e3_w15,1790884140000,MAINTAIN,,LIGHT,SHORT_DEEP_RUN_FILTER
focused_noise_b10_x70_e3_w15,1790884200000,MAINTAIN,,LIGHT,SHORT_DEEP_RUN_FILTER
focused_noise_b10_x70_e3_w15,1790884260000,MAINTAIN,,LIGHT,SHORT_DEEP_RUN_FILTER
focused_noise_b10_x70_e3_w15,1790884320000,MAINTAIN,,LIGHT,SHORT_DEEP_RUN_FILTER
focused_noise_b10_x70_e3_w15,1790884380000,MAINTAIN,,LIGHT,SHORT_DEEP_RUN_FILTER
focused_noise_b10_x70_e3_w15,1790884440000,EXIT,exit_coupling_lost,LIGHT,
focused_noise_b10_x70_e3_w15,1790886480000,ENTER,enter_stable_window,DEEP,
focused_noise_b10_x70_e3_w15,1790889780000,EXIT,exit_sustained_rolling_motion,LIGHT,
focused_noise_b10_x70_e3_w10,1790882640000,ENTER,enter_stable_window,DEEP,
focused_noise_b10_x70_e3_w10,1790883720000,EXIT,exit_sustained_rolling_motion,LIGHT,
focused_noise_b10_x70_e3_w10,1790884020000,ENTER,enter_stable_window,LIGHT,SHORT_DEEP_RUN_FILTER
focused_noise_b10_x70_e3_w10,1790884080000,MAINTAIN,,LIGHT,SHORT_DEEP_RUN_FILTER
focused_noise_b10_x70_e3_w10,1790884140000,MAINTAIN,,LIGHT,SHORT_DEEP_RUN_FILTER
focused_noise_b10_x70_e3_w10,1790884200000,MAINTAIN,,LIGHT,SHORT_DEEP_RUN_FILTER
focused_noise_b10_x70_e3_w10,1790884260000,MAINTAIN,,LIGHT,SHORT_DEEP_RUN_FILTER
focused_noise_b10_x70_e3_w10,1790884320000,MAINTAIN,,LIGHT,SHORT_DEEP_RUN_FILTER
focused_noise_b10_x70_e3_w10,1790884380000,MAINTAIN,,LIGHT,SHORT_DEEP_RUN_FILTER
focused_noise_b10_x70_e3_w10,1790884440000,EXIT,exit_coupling_lost,LIGHT,
focused_noise_b10_x70_e3_w10,1790886600000,ENTER,enter_stable_window,DEEP,
focused_noise_b10_x70_e3_w10,1790889780000,EXIT,exit_sustained_rolling_motion,LIGHT,
focused_noise_b10_x70_e2_w15,1790882880000,ENTER,enter_stable_window,DEEP,
focused_noise_b10_x70_e2_w15,1790883660000,EXIT,exit_sustained_rolling_motion,LIGHT,
focused_noise_b10_x70_e2_w15,1790883900000,ENTER,enter_stable_window,LIGHT,SHORT_DEEP_RUN_FILTER
focused_noise_b10_x70_e2_w15,1790883960000,MAINTAIN,,LIGHT,SHORT_DEEP_RUN_FILTER
focused_noise_b10_x70_e2_w15,1790884020000,MAINTAIN,,LIGHT,SHORT_DEEP_RUN_FILTER
focused_noise_b10_x70_e2_w15,1790884080000,MAINTAIN,,LIGHT,SHORT_DEEP_RUN_FILTER
focused_noise_b10_x70_e2_w15,1790884140000,MAINTAIN,,LIGHT,SHORT_DEEP_RUN_FILTER
focused_noise_b10_x70_e2_w15,1790884200000,MAINTAIN,,LIGHT,SHORT_DEEP_RUN_FILTER
focused_noise_b10_x70_e2_w15,1790884260000,MAINTAIN,,LIGHT,SHORT_DEEP_RUN_FILTER
focused_noise_b10_x70_e2_w15,1790884320000,MAINTAIN,,LIGHT,SHORT_DEEP_RUN_FILTER
focused_noise_b10_x70_e2_w15,1790884380000,MAINTAIN,,LIGHT,SHORT_DEEP_RUN_FILTER
focused_noise_b10_x70_e2_w15,1790884440000,EXIT,exit_coupling_lost,LIGHT,
focused_noise_b10_x70_e2_w15,1790886480000,ENTER,enter_stable_window,DEEP,
focused_noise_b10_x70_e2_w15,1790889720000,EXIT,exit_sustained_rolling_motion,LIGHT,
focused_noise_b10_x70_e2_w10,1790882640000,ENTER,enter_stable_window,DEEP,
focused_noise_b10_x70_e2_w10,1790883660000,EXIT,exit_sustained_rolling_motion,LIGHT,
focused_noise_b10_x70_e2_w10,1790884020000,ENTER,enter_stable_window,LIGHT,SHORT_DEEP_RUN_FILTER
focused_noise_b10_x70_e2_w10,1790884080000,MAINTAIN,,LIGHT,SHORT_DEEP_RUN_FILTER
focused_noise_b10_x70_e2_w10,1790884140000,MAINTAIN,,LIGHT,SHORT_DEEP_RUN_FILTER
focused_noise_b10_x70_e2_w10,1790884200000,MAINTAIN,,LIGHT,SHORT_DEEP_RUN_FILTER
focused_noise_b10_x70_e2_w10,1790884260000,MAINTAIN,,LIGHT,SHORT_DEEP_RUN_FILTER
focused_noise_b10_x70_e2_w10,1790884320000,MAINTAIN,,LIGHT,SHORT_DEEP_RUN_FILTER
focused_noise_b10_x70_e2_w10,1790884380000,MAINTAIN,,LIGHT,SHORT_DEEP_RUN_FILTER
focused_noise_b10_x70_e2_w10,1790884440000,EXIT,exit_coupling_lost,LIGHT,
focused_noise_b10_x70_e2_w10,1790886600000,ENTER,enter_stable_window,DEEP,
focused_noise_b10_x70_e2_w10,1790889720000,EXIT,exit_sustained_rolling_motion,LIGHT,
focused_noise_b10_x70_e1_w15,1790882880000,ENTER,enter_stable_window,DEEP,
focused_noise_b10_x70_e1_w15,1790883600000,EXIT,exit_sustained_rolling_motion,LIGHT,
focused_noise_b10_x70_e1_w15,1790883900000,ENTER,enter_stable_window,LIGHT,SHORT_DEEP_RUN_FILTER
focused_noise_b10_x70_e1_w15,1790883960000,MAINTAIN,,LIGHT,SHORT_DEEP_RUN_FILTER
focused_noise_b10_x70_e1_w15,1790884020000,MAINTAIN,,LIGHT,SHORT_DEEP_RUN_FILTER
focused_noise_b10_x70_e1_w15,1790884080000,MAINTAIN,,LIGHT,SHORT_DEEP_RUN_FILTER
focused_noise_b10_x70_e1_w15,1790884140000,MAINTAIN,,LIGHT,SHORT_DEEP_RUN_FILTER
focused_noise_b10_x70_e1_w15,1790884200000,MAINTAIN,,LIGHT,SHORT_DEEP_RUN_FILTER
focused_noise_b10_x70_e1_w15,1790884260000,MAINTAIN,,LIGHT,SHORT_DEEP_RUN_FILTER
focused_noise_b10_x70_e1_w15,1790884320000,MAINTAIN,,LIGHT,SHORT_DEEP_RUN_FILTER
focused_noise_b10_x70_e1_w15,1790884380000,MAINTAIN,,LIGHT,SHORT_DEEP_RUN_FILTER
focused_noise_b10_x70_e1_w15,1790884440000,EXIT,exit_coupling_lost,LIGHT,
focused_noise_b10_x70_e1_w15,1790886480000,ENTER,enter_stable_window,DEEP,
focused_noise_b10_x70_e1_w15,1790889660000,EXIT,exit_sustained_rolling_motion,LIGHT,
focused_noise_b10_x70_e1_w10,1790882640000,ENTER,enter_stable_window,DEEP,
focused_noise_b10_x70_e1_w10,1790883600000,EXIT,exit_sustained_rolling_motion,LIGHT,
focused_noise_b10_x70_e1_w10,1790884020000,ENTER,enter_stable_window,LIGHT,SHORT_DEEP_RUN_FILTER
focused_noise_b10_x70_e1_w10,1790884080000,MAINTAIN,,LIGHT,SHORT_DEEP_RUN_FILTER
focused_noise_b10_x70_e1_w10,1790884140000,MAINTAIN,,LIGHT,SHORT_DEEP_RUN_FILTER
focused_noise_b10_x70_e1_w10,1790884200000,MAINTAIN,,LIGHT,SHORT_DEEP_RUN_FILTER
focused_noise_b10_x70_e1_w10,1790884260000,MAINTAIN,,LIGHT,SHORT_DEEP_RUN_FILTER
focused_noise_b10_x70_e1_w10,1790884320000,MAINTAIN,,LIGHT,SHORT_DEEP_RUN_FILTER
focused_noise_b10_x70_e1_w10,1790884380000,MAINTAIN,,LIGHT,SHORT_DEEP_RUN_FILTER
focused_noise_b10_x70_e1_w10,1790884440000,EXIT,exit_coupling_lost,LIGHT,
focused_noise_b10_x70_e1_w10,1790886600000,ENTER,enter_stable_window,DEEP,
focused_noise_b10_x70_e1_w10,1790889660000,EXIT,exit_sustained_rolling_motion,LIGHT,
focused_noise_b10_x65_e3_w15,1790882880000,ENTER,enter_stable_window,DEEP,
focused_noise_b10_x65_e3_w15,1790883720000,EXIT,exit_sustained_rolling_motion,LIGHT,
focused_noise_b10_x65_e3_w15,1790883900000,ENTER,enter_stable_window,LIGHT,SHORT_DEEP_RUN_FILTER
focused_noise_b10_x65_e3_w15,1790883960000,MAINTAIN,,LIGHT,SHORT_DEEP_RUN_FILTER
focused_noise_b10_x65_e3_w15,1790884020000,MAINTAIN,,LIGHT,SHORT_DEEP_RUN_FILTER
focused_noise_b10_x65_e3_w15,1790884080000,MAINTAIN,,LIGHT,SHORT_DEEP_RUN_FILTER
focused_noise_b10_x65_e3_w15,1790884140000,MAINTAIN,,LIGHT,SHORT_DEEP_RUN_FILTER
focused_noise_b10_x65_e3_w15,1790884200000,MAINTAIN,,LIGHT,SHORT_DEEP_RUN_FILTER
focused_noise_b10_x65_e3_w15,1790884260000,MAINTAIN,,LIGHT,SHORT_DEEP_RUN_FILTER
focused_noise_b10_x65_e3_w15,1790884320000,MAINTAIN,,LIGHT,SHORT_DEEP_RUN_FILTER
focused_noise_b10_x65_e3_w15,1790884380000,MAINTAIN,,LIGHT,SHORT_DEEP_RUN_FILTER
focused_noise_b10_x65_e3_w15,1790884440000,EXIT,exit_coupling_lost,LIGHT,
focused_noise_b10_x65_e3_w15,1790886480000,ENTER,enter_stable_window,DEEP,
focused_noise_b10_x65_e3_w15,1790889780000,EXIT,exit_sustained_rolling_motion,LIGHT,
focused_noise_b10_x65_e3_w10,1790882640000,ENTER,enter_stable_window,DEEP,
focused_noise_b10_x65_e3_w10,1790883720000,EXIT,exit_sustained_rolling_motion,LIGHT,
focused_noise_b10_x65_e3_w10,1790884020000,ENTER,enter_stable_window,LIGHT,SHORT_DEEP_RUN_FILTER
focused_noise_b10_x65_e3_w10,1790884080000,MAINTAIN,,LIGHT,SHORT_DEEP_RUN_FILTER
focused_noise_b10_x65_e3_w10,1790884140000,MAINTAIN,,LIGHT,SHORT_DEEP_RUN_FILTER
focused_noise_b10_x65_e3_w10,1790884200000,MAINTAIN,,LIGHT,SHORT_DEEP_RUN_FILTER
focused_noise_b10_x65_e3_w10,1790884260000,MAINTAIN,,LIGHT,SHORT_DEEP_RUN_FILTER
focused_noise_b10_x65_e3_w10,1790884320000,MAINTAIN,,LIGHT,SHORT_DEEP_RUN_FILTER
focused_noise_b10_x65_e3_w10,1790884380000,MAINTAIN,,LIGHT,SHORT_DEEP_RUN_FILTER
focused_noise_b10_x65_e3_w10,1790884440000,EXIT,exit_coupling_lost,LIGHT,
focused_noise_b10_x65_e3_w10,1790886600000,ENTER,enter_stable_window,DEEP,
focused_noise_b10_x65_e3_w10,1790889780000,EXIT,exit_sustained_rolling_motion,LIGHT,
focused_noise_b10_x65_e2_w15,1790882880000,ENTER,enter_stable_window,DEEP,
focused_noise_b10_x65_e2_w15,1790883660000,EXIT,exit_sustained_rolling_motion,LIGHT,
focused_noise_b10_x65_e2_w15,1790883900000,ENTER,enter_stable_window,LIGHT,SHORT_DEEP_RUN_FILTER
focused_noise_b10_x65_e2_w15,1790883960000,MAINTAIN,,LIGHT,SHORT_DEEP_RUN_FILTER
focused_noise_b10_x65_e2_w15,1790884020000,MAINTAIN,,LIGHT,SHORT_DEEP_RUN_FILTER
focused_noise_b10_x65_e2_w15,1790884080000,MAINTAIN,,LIGHT,SHORT_DEEP_RUN_FILTER
focused_noise_b10_x65_e2_w15,1790884140000,MAINTAIN,,LIGHT,SHORT_DEEP_RUN_FILTER
focused_noise_b10_x65_e2_w15,1790884200000,MAINTAIN,,LIGHT,SHORT_DEEP_RUN_FILTER
focused_noise_b10_x65_e2_w15,1790884260000,MAINTAIN,,LIGHT,SHORT_DEEP_RUN_FILTER
focused_noise_b10_x65_e2_w15,1790884320000,MAINTAIN,,LIGHT,SHORT_DEEP_RUN_FILTER
focused_noise_b10_x65_e2_w15,1790884380000,MAINTAIN,,LIGHT,SHORT_DEEP_RUN_FILTER
focused_noise_b10_x65_e2_w15,1790884440000,EXIT,exit_coupling_lost,LIGHT,
focused_noise_b10_x65_e2_w15,1790886480000,ENTER,enter_stable_window,DEEP,
focused_noise_b10_x65_e2_w15,1790889720000,EXIT,exit_sustained_rolling_motion,LIGHT,
focused_noise_b10_x65_e2_w10,1790882640000,ENTER,enter_stable_window,DEEP,
focused_noise_b10_x65_e2_w10,1790883660000,EXIT,exit_sustained_rolling_motion,LIGHT,
focused_noise_b10_x65_e2_w10,1790884020000,ENTER,enter_stable_window,LIGHT,SHORT_DEEP_RUN_FILTER
focused_noise_b10_x65_e2_w10,1790884080000,MAINTAIN,,LIGHT,SHORT_DEEP_RUN_FILTER
focused_noise_b10_x65_e2_w10,1790884140000,MAINTAIN,,LIGHT,SHORT_DEEP_RUN_FILTER
focused_noise_b10_x65_e2_w10,1790884200000,MAINTAIN,,LIGHT,SHORT_DEEP_RUN_FILTER
focused_noise_b10_x65_e2_w10,1790884260000,MAINTAIN,,LIGHT,SHORT_DEEP_RUN_FILTER
focused_noise_b10_x65_e2_w10,1790884320000,MAINTAIN,,LIGHT,SHORT_DEEP_RUN_FILTER
focused_noise_b10_x65_e2_w10,1790884380000,MAINTAIN,,LIGHT,SHORT_DEEP_RUN_FILTER
focused_noise_b10_x65_e2_w10,1790884440000,EXIT,exit_coupling_lost,LIGHT,
focused_noise_b10_x65_e2_w10,1790886600000,ENTER,enter_stable_window,DEEP,
focused_noise_b10_x65_e2_w10,1790889720000,EXIT,exit_sustained_rolling_motion,LIGHT,
focused_noise_b10_x65_e1_w15,1790882880000,ENTER,enter_stable_window,DEEP,
focused_noise_b10_x65_e1_w15,1790883600000,EXIT,exit_sustained_rolling_motion,LIGHT,
focused_noise_b10_x65_e1_w15,1790883900000,ENTER,enter_stable_window,LIGHT,SHORT_DEEP_RUN_FILTER
focused_noise_b10_x65_e1_w15,1790883960000,MAINTAIN,,LIGHT,SHORT_DEEP_RUN_FILTER
focused_noise_b10_x65_e1_w15,1790884020000,MAINTAIN,,LIGHT,SHORT_DEEP_RUN_FILTER
focused_noise_b10_x65_e1_w15,1790884080000,MAINTAIN,,LIGHT,SHORT_DEEP_RUN_FILTER
focused_noise_b10_x65_e1_w15,1790884140000,MAINTAIN,,LIGHT,SHORT_DEEP_RUN_FILTER
focused_noise_b10_x65_e1_w15,1790884200000,MAINTAIN,,LIGHT,SHORT_DEEP_RUN_FILTER
focused_noise_b10_x65_e1_w15,1790884260000,MAINTAIN,,LIGHT,SHORT_DEEP_RUN_FILTER
focused_noise_b10_x65_e1_w15,1790884320000,MAINTAIN,,LIGHT,SHORT_DEEP_RUN_FILTER
focused_noise_b10_x65_e1_w15,1790884380000,MAINTAIN,,LIGHT,SHORT_DEEP_RUN_FILTER
focused_noise_b10_x65_e1_w15,1790884440000,EXIT,exit_coupling_lost,LIGHT,
focused_noise_b10_x65_e1_w15,1790886480000,ENTER,enter_stable_window,DEEP,
focused_noise_b10_x65_e1_w15,1790889660000,EXIT,exit_sustained_rolling_motion,LIGHT,
focused_noise_b10_x65_e1_w10,1790882640000,ENTER,enter_stable_window,DEEP,
focused_noise_b10_x65_e1_w10,1790883600000,EXIT,exit_sustained_rolling_motion,LIGHT,
focused_noise_b10_x65_e1_w10,1790884020000,ENTER,enter_stable_window,LIGHT,SHORT_DEEP_RUN_FILTER
focused_noise_b10_x65_e1_w10,1790884080000,MAINTAIN,,LIGHT,SHORT_DEEP_RUN_FILTER
focused_noise_b10_x65_e1_w10,1790884140000,MAINTAIN,,LIGHT,SHORT_DEEP_RUN_FILTER
focused_noise_b10_x65_e1_w10,1790884200000,MAINTAIN,,LIGHT,SHORT_DEEP_RUN_FILTER
focused_noise_b10_x65_e1_w10,1790884260000,MAINTAIN,,LIGHT,SHORT_DEEP_RUN_FILTER
focused_noise_b10_x65_e1_w10,1790884320000,MAINTAIN,,LIGHT,SHORT_DEEP_RUN_FILTER
focused_noise_b10_x65_e1_w10,1790884380000,MAINTAIN,,LIGHT,SHORT_DEEP_RUN_FILTER
focused_noise_b10_x65_e1_w10,1790884440000,EXIT,exit_coupling_lost,LIGHT,
focused_noise_b10_x65_e1_w10,1790886600000,ENTER,enter_stable_window,DEEP,
focused_noise_b10_x65_e1_w10,1790889660000,EXIT,exit_sustained_rolling_motion,LIGHT,
focused_noise_b10_x50_e3_w15,1790882880000,ENTER,enter_stable_window,DEEP,
focused_noise_b10_x50_e3_w15,1790883720000,EXIT,exit_sustained_rolling_motion,LIGHT,
focused_noise_b10_x50_e3_w15,1790883900000,ENTER,enter_stable_window,LIGHT,SHORT_DEEP_RUN_FILTER
focused_noise_b10_x50_e3_w15,1790883960000,MAINTAIN,,LIGHT,SHORT_DEEP_RUN_FILTER
focused_noise_b10_x50_e3_w15,1790884020000,MAINTAIN,,LIGHT,SHORT_DEEP_RUN_FILTER
focused_noise_b10_x50_e3_w15,1790884080000,MAINTAIN,,LIGHT,SHORT_DEEP_RUN_FILTER
focused_noise_b10_x50_e3_w15,1790884140000,MAINTAIN,,LIGHT,SHORT_DEEP_RUN_FILTER
focused_noise_b10_x50_e3_w15,1790884200000,MAINTAIN,,LIGHT,SHORT_DEEP_RUN_FILTER
focused_noise_b10_x50_e3_w15,1790884260000,MAINTAIN,,LIGHT,SHORT_DEEP_RUN_FILTER
focused_noise_b10_x50_e3_w15,1790884320000,MAINTAIN,,LIGHT,SHORT_DEEP_RUN_FILTER
focused_noise_b10_x50_e3_w15,1790884380000,MAINTAIN,,LIGHT,SHORT_DEEP_RUN_FILTER
focused_noise_b10_x50_e3_w15,1790884440000,EXIT,exit_coupling_lost,LIGHT,
focused_noise_b10_x50_e3_w15,1790886480000,ENTER,enter_stable_window,DEEP,
focused_noise_b10_x50_e3_w15,1790887380000,EXIT,exit_sustained_rolling_motion,LIGHT,
focused_noise_b10_x50_e3_w15,1790887440000,ENTER,enter_stable_window,DEEP,
focused_noise_b10_x50_e3_w15,1790888640000,EXIT,exit_sustained_rolling_motion,LIGHT,
focused_noise_b10_x50_e3_w15,1790888700000,ENTER,enter_stable_window,DEEP,
focused_noise_b10_x50_e3_w15,1790889780000,EXIT,exit_sustained_rolling_motion,LIGHT,
focused_noise_b10_x50_e3_w10,1790882640000,ENTER,enter_stable_window,DEEP,
focused_noise_b10_x50_e3_w10,1790883720000,EXIT,exit_sustained_rolling_motion,LIGHT,
focused_noise_b10_x50_e3_w10,1790884020000,ENTER,enter_stable_window,LIGHT,SHORT_DEEP_RUN_FILTER
focused_noise_b10_x50_e3_w10,1790884080000,MAINTAIN,,LIGHT,SHORT_DEEP_RUN_FILTER
focused_noise_b10_x50_e3_w10,1790884140000,MAINTAIN,,LIGHT,SHORT_DEEP_RUN_FILTER
focused_noise_b10_x50_e3_w10,1790884200000,MAINTAIN,,LIGHT,SHORT_DEEP_RUN_FILTER
focused_noise_b10_x50_e3_w10,1790884260000,MAINTAIN,,LIGHT,SHORT_DEEP_RUN_FILTER
focused_noise_b10_x50_e3_w10,1790884320000,MAINTAIN,,LIGHT,SHORT_DEEP_RUN_FILTER
focused_noise_b10_x50_e3_w10,1790884380000,MAINTAIN,,LIGHT,SHORT_DEEP_RUN_FILTER
focused_noise_b10_x50_e3_w10,1790884440000,EXIT,exit_coupling_lost,LIGHT,
focused_noise_b10_x50_e3_w10,1790886600000,ENTER,enter_stable_window,DEEP,
focused_noise_b10_x50_e3_w10,1790887380000,EXIT,exit_sustained_rolling_motion,LIGHT,
focused_noise_b10_x50_e3_w10,1790887440000,ENTER,enter_stable_window,DEEP,
focused_noise_b10_x50_e3_w10,1790888640000,EXIT,exit_sustained_rolling_motion,LIGHT,
focused_noise_b10_x50_e3_w10,1790888700000,ENTER,enter_stable_window,DEEP,
focused_noise_b10_x50_e3_w10,1790889780000,EXIT,exit_sustained_rolling_motion,LIGHT,
focused_noise_b10_x50_e2_w15,1790882880000,ENTER,enter_stable_window,DEEP,
focused_noise_b10_x50_e2_w15,1790883660000,EXIT,exit_sustained_rolling_motion,LIGHT,
focused_noise_b10_x50_e2_w15,1790883900000,ENTER,enter_stable_window,LIGHT,SHORT_DEEP_RUN_FILTER
focused_noise_b10_x50_e2_w15,1790883960000,MAINTAIN,,LIGHT,SHORT_DEEP_RUN_FILTER
focused_noise_b10_x50_e2_w15,1790884020000,MAINTAIN,,LIGHT,SHORT_DEEP_RUN_FILTER
focused_noise_b10_x50_e2_w15,1790884080000,MAINTAIN,,LIGHT,SHORT_DEEP_RUN_FILTER
focused_noise_b10_x50_e2_w15,1790884140000,MAINTAIN,,LIGHT,SHORT_DEEP_RUN_FILTER
focused_noise_b10_x50_e2_w15,1790884200000,MAINTAIN,,LIGHT,SHORT_DEEP_RUN_FILTER
focused_noise_b10_x50_e2_w15,1790884260000,MAINTAIN,,LIGHT,SHORT_DEEP_RUN_FILTER
focused_noise_b10_x50_e2_w15,1790884320000,MAINTAIN,,LIGHT,SHORT_DEEP_RUN_FILTER
focused_noise_b10_x50_e2_w15,1790884380000,MAINTAIN,,LIGHT,SHORT_DEEP_RUN_FILTER
focused_noise_b10_x50_e2_w15,1790884440000,EXIT,exit_coupling_lost,LIGHT,
focused_noise_b10_x50_e2_w15,1790886480000,ENTER,enter_stable_window,LIGHT,SHORT_DEEP_RUN_FILTER
focused_noise_b10_x50_e2_w15,1790886540000,MAINTAIN,,LIGHT,SHORT_DEEP_RUN_FILTER
focused_noise_b10_x50_e2_w15,1790886600000,MAINTAIN,,LIGHT,SHORT_DEEP_RUN_FILTER
focused_noise_b10_x50_e2_w15,1790886660000,MAINTAIN,,LIGHT,SHORT_DEEP_RUN_FILTER
focused_noise_b10_x50_e2_w15,1790886720000,MAINTAIN,,LIGHT,SHORT_DEEP_RUN_FILTER
focused_noise_b10_x50_e2_w15,1790886780000,MAINTAIN,,LIGHT,SHORT_DEEP_RUN_FILTER
focused_noise_b10_x50_e2_w15,1790886840000,MAINTAIN,,LIGHT,SHORT_DEEP_RUN_FILTER
focused_noise_b10_x50_e2_w15,1790886900000,MAINTAIN,,LIGHT,SHORT_DEEP_RUN_FILTER
focused_noise_b10_x50_e2_w15,1790886960000,EXIT,exit_sustained_rolling_motion,LIGHT,
focused_noise_b10_x50_e2_w15,1790887020000,ENTER,enter_stable_window,LIGHT,SHORT_DEEP_RUN_FILTER
focused_noise_b10_x50_e2_w15,1790887080000,MAINTAIN,,LIGHT,SHORT_DEEP_RUN_FILTER
focused_noise_b10_x50_e2_w15,1790887140000,MAINTAIN,,LIGHT,SHORT_DEEP_RUN_FILTER
focused_noise_b10_x50_e2_w15,1790887200000,MAINTAIN,,LIGHT,SHORT_DEEP_RUN_FILTER
focused_noise_b10_x50_e2_w15,1790887260000,MAINTAIN,,LIGHT,SHORT_DEEP_RUN_FILTER
focused_noise_b10_x50_e2_w15,1790887320000,EXIT,exit_sustained_rolling_motion,LIGHT,
focused_noise_b10_x50_e2_w15,1790887380000,ENTER,enter_stable_window,DEEP,
focused_noise_b10_x50_e2_w15,1790888580000,EXIT,exit_sustained_rolling_motion,LIGHT,
focused_noise_b10_x50_e2_w15,1790888640000,ENTER,enter_stable_window,DEEP,
focused_noise_b10_x50_e2_w15,1790889720000,EXIT,exit_sustained_rolling_motion,LIGHT,
focused_noise_b10_x50_e2_w10,1790882640000,ENTER,enter_stable_window,LIGHT,SHORT_DEEP_RUN_FILTER
focused_noise_b10_x50_e2_w10,1790882700000,MAINTAIN,,LIGHT,SHORT_DEEP_RUN_FILTER
focused_noise_b10_x50_e2_w10,1790882760000,MAINTAIN,,LIGHT,SHORT_DEEP_RUN_FILTER
focused_noise_b10_x50_e2_w10,1790882820000,EXIT,exit_sustained_rolling_motion,LIGHT,
focused_noise_b10_x50_e2_w10,1790882880000,ENTER,enter_stable_window,DEEP,
focused_noise_b10_x50_e2_w10,1790883660000,EXIT,exit_sustained_rolling_motion,LIGHT,
focused_noise_b10_x50_e2_w10,1790884020000,ENTER,enter_stable_window,LIGHT,SHORT_DEEP_RUN_FILTER
focused_noise_b10_x50_e2_w10,1790884080000,MAINTAIN,,LIGHT,SHORT_DEEP_RUN_FILTER
focused_noise_b10_x50_e2_w10,1790884140000,MAINTAIN,,LIGHT,SHORT_DEEP_RUN_FILTER
focused_noise_b10_x50_e2_w10,1790884200000,MAINTAIN,,LIGHT,SHORT_DEEP_RUN_FILTER
focused_noise_b10_x50_e2_w10,1790884260000,MAINTAIN,,LIGHT,SHORT_DEEP_RUN_FILTER
focused_noise_b10_x50_e2_w10,1790884320000,MAINTAIN,,LIGHT,SHORT_DEEP_RUN_FILTER
focused_noise_b10_x50_e2_w10,1790884380000,MAINTAIN,,LIGHT,SHORT_DEEP_RUN_FILTER
focused_noise_b10_x50_e2_w10,1790884440000,EXIT,exit_coupling_lost,LIGHT,
focused_noise_b10_x50_e2_w10,1790886600000,ENTER,enter_stable_window,LIGHT,SHORT_DEEP_RUN_FILTER
focused_noise_b10_x50_e2_w10,1790886660000,MAINTAIN,,LIGHT,SHORT_DEEP_RUN_FILTER
focused_noise_b10_x50_e2_w10,1790886720000,MAINTAIN,,LIGHT,SHORT_DEEP_RUN_FILTER
focused_noise_b10_x50_e2_w10,1790886780000,MAINTAIN,,LIGHT,SHORT_DEEP_RUN_FILTER
focused_noise_b10_x50_e2_w10,1790886840000,MAINTAIN,,LIGHT,SHORT_DEEP_RUN_FILTER
focused_noise_b10_x50_e2_w10,1790886900000,MAINTAIN,,LIGHT,SHORT_DEEP_RUN_FILTER
focused_noise_b10_x50_e2_w10,1790886960000,EXIT,exit_sustained_rolling_motion,LIGHT,
focused_noise_b10_x50_e2_w10,1790887020000,ENTER,enter_stable_window,LIGHT,SHORT_DEEP_RUN_FILTER
focused_noise_b10_x50_e2_w10,1790887080000,MAINTAIN,,LIGHT,SHORT_DEEP_RUN_FILTER
focused_noise_b10_x50_e2_w10,1790887140000,MAINTAIN,,LIGHT,SHORT_DEEP_RUN_FILTER
focused_noise_b10_x50_e2_w10,1790887200000,MAINTAIN,,LIGHT,SHORT_DEEP_RUN_FILTER
focused_noise_b10_x50_e2_w10,1790887260000,MAINTAIN,,LIGHT,SHORT_DEEP_RUN_FILTER
focused_noise_b10_x50_e2_w10,1790887320000,EXIT,exit_sustained_rolling_motion,LIGHT,
focused_noise_b10_x50_e2_w10,1790887380000,ENTER,enter_stable_window,DEEP,
focused_noise_b10_x50_e2_w10,1790888580000,EXIT,exit_sustained_rolling_motion,LIGHT,
focused_noise_b10_x50_e2_w10,1790888640000,ENTER,enter_stable_window,DEEP,
focused_noise_b10_x50_e2_w10,1790889720000,EXIT,exit_sustained_rolling_motion,LIGHT,
focused_noise_b10_x50_e1_w15,1790882880000,ENTER,enter_stable_window,DEEP,
focused_noise_b10_x50_e1_w15,1790883600000,EXIT,exit_sustained_rolling_motion,LIGHT,
focused_noise_b10_x50_e1_w15,1790883900000,ENTER,enter_stable_window,LIGHT,SHORT_DEEP_RUN_FILTER
focused_noise_b10_x50_e1_w15,1790883960000,MAINTAIN,,LIGHT,SHORT_DEEP_RUN_FILTER
focused_noise_b10_x50_e1_w15,1790884020000,MAINTAIN,,LIGHT,SHORT_DEEP_RUN_FILTER
focused_noise_b10_x50_e1_w15,1790884080000,MAINTAIN,,LIGHT,SHORT_DEEP_RUN_FILTER
focused_noise_b10_x50_e1_w15,1790884140000,MAINTAIN,,LIGHT,SHORT_DEEP_RUN_FILTER
focused_noise_b10_x50_e1_w15,1790884200000,MAINTAIN,,LIGHT,SHORT_DEEP_RUN_FILTER
focused_noise_b10_x50_e1_w15,1790884260000,MAINTAIN,,LIGHT,SHORT_DEEP_RUN_FILTER
focused_noise_b10_x50_e1_w15,1790884320000,MAINTAIN,,LIGHT,SHORT_DEEP_RUN_FILTER
focused_noise_b10_x50_e1_w15,1790884380000,MAINTAIN,,LIGHT,SHORT_DEEP_RUN_FILTER
focused_noise_b10_x50_e1_w15,1790884440000,EXIT,exit_coupling_lost,LIGHT,
focused_noise_b10_x50_e1_w15,1790886480000,ENTER,enter_stable_window,LIGHT,SHORT_DEEP_RUN_FILTER
focused_noise_b10_x50_e1_w15,1790886540000,MAINTAIN,,LIGHT,SHORT_DEEP_RUN_FILTER
focused_noise_b10_x50_e1_w15,1790886600000,MAINTAIN,,LIGHT,SHORT_DEEP_RUN_FILTER
focused_noise_b10_x50_e1_w15,1790886660000,MAINTAIN,,LIGHT,SHORT_DEEP_RUN_FILTER
focused_noise_b10_x50_e1_w15,1790886720000,MAINTAIN,,LIGHT,SHORT_DEEP_RUN_FILTER
focused_noise_b10_x50_e1_w15,1790886780000,MAINTAIN,,LIGHT,SHORT_DEEP_RUN_FILTER
focused_noise_b10_x50_e1_w15,1790886840000,MAINTAIN,,LIGHT,SHORT_DEEP_RUN_FILTER
focused_noise_b10_x50_e1_w15,1790886900000,EXIT,exit_sustained_rolling_motion,LIGHT,
focused_noise_b10_x50_e1_w15,1790886960000,ENTER,enter_stable_window,LIGHT,SHORT_DEEP_RUN_FILTER
focused_noise_b10_x50_e1_w15,1790887020000,MAINTAIN,,LIGHT,SHORT_DEEP_RUN_FILTER
focused_noise_b10_x50_e1_w15,1790887080000,MAINTAIN,,LIGHT,SHORT_DEEP_RUN_FILTER
focused_noise_b10_x50_e1_w15,1790887140000,MAINTAIN,,LIGHT,SHORT_DEEP_RUN_FILTER
focused_noise_b10_x50_e1_w15,1790887200000,MAINTAIN,,LIGHT,SHORT_DEEP_RUN_FILTER
focused_noise_b10_x50_e1_w15,1790887260000,EXIT,exit_sustained_rolling_motion,LIGHT,
focused_noise_b10_x50_e1_w15,1790887320000,ENTER,enter_stable_window,LIGHT,SHORT_DEEP_RUN_FILTER
focused_noise_b10_x50_e1_w15,1790887380000,EXIT,exit_sustained_rolling_motion,LIGHT,
focused_noise_b10_x50_e1_w15,1790887440000,ENTER,enter_stable_window,DEEP,
focused_noise_b10_x50_e1_w15,1790888520000,EXIT,exit_sustained_rolling_motion,LIGHT,
focused_noise_b10_x50_e1_w15,1790888580000,ENTER,enter_stable_window,LIGHT,SHORT_DEEP_RUN_FILTER
focused_noise_b10_x50_e1_w15,1790888640000,EXIT,exit_sustained_rolling_motion,LIGHT,
focused_noise_b10_x50_e1_w15,1790888700000,ENTER,enter_stable_window,DEEP,
focused_noise_b10_x50_e1_w15,1790889660000,EXIT,exit_sustained_rolling_motion,LIGHT,
focused_noise_b10_x50_e1_w10,1790882640000,ENTER,enter_stable_window,LIGHT,SHORT_DEEP_RUN_FILTER
focused_noise_b10_x50_e1_w10,1790882700000,MAINTAIN,,LIGHT,SHORT_DEEP_RUN_FILTER
focused_noise_b10_x50_e1_w10,1790882760000,EXIT,exit_sustained_rolling_motion,LIGHT,
focused_noise_b10_x50_e1_w10,1790882820000,ENTER,enter_stable_window,DEEP,
focused_noise_b10_x50_e1_w10,1790883600000,EXIT,exit_sustained_rolling_motion,LIGHT,
focused_noise_b10_x50_e1_w10,1790884020000,ENTER,enter_stable_window,LIGHT,SHORT_DEEP_RUN_FILTER
focused_noise_b10_x50_e1_w10,1790884080000,MAINTAIN,,LIGHT,SHORT_DEEP_RUN_FILTER
focused_noise_b10_x50_e1_w10,1790884140000,MAINTAIN,,LIGHT,SHORT_DEEP_RUN_FILTER
focused_noise_b10_x50_e1_w10,1790884200000,MAINTAIN,,LIGHT,SHORT_DEEP_RUN_FILTER
focused_noise_b10_x50_e1_w10,1790884260000,MAINTAIN,,LIGHT,SHORT_DEEP_RUN_FILTER
focused_noise_b10_x50_e1_w10,1790884320000,MAINTAIN,,LIGHT,SHORT_DEEP_RUN_FILTER
focused_noise_b10_x50_e1_w10,1790884380000,MAINTAIN,,LIGHT,SHORT_DEEP_RUN_FILTER
focused_noise_b10_x50_e1_w10,1790884440000,EXIT,exit_coupling_lost,LIGHT,
focused_noise_b10_x50_e1_w10,1790886600000,ENTER,enter_stable_window,LIGHT,SHORT_DEEP_RUN_FILTER
focused_noise_b10_x50_e1_w10,1790886660000,MAINTAIN,,LIGHT,SHORT_DEEP_RUN_FILTER
focused_noise_b10_x50_e1_w10,1790886720000,MAINTAIN,,LIGHT,SHORT_DEEP_RUN_FILTER
focused_noise_b10_x50_e1_w10,1790886780000,MAINTAIN,,LIGHT,SHORT_DEEP_RUN_FILTER
focused_noise_b10_x50_e1_w10,1790886840000,MAINTAIN,,LIGHT,SHORT_DEEP_RUN_FILTER
focused_noise_b10_x50_e1_w10,1790886900000,EXIT,exit_sustained_rolling_motion,LIGHT,
focused_noise_b10_x50_e1_w10,1790886960000,ENTER,enter_stable_window,LIGHT,SHORT_DEEP_RUN_FILTER
focused_noise_b10_x50_e1_w10,1790887020000,MAINTAIN,,LIGHT,SHORT_DEEP_RUN_FILTER
focused_noise_b10_x50_e1_w10,1790887080000,MAINTAIN,,LIGHT,SHORT_DEEP_RUN_FILTER
focused_noise_b10_x50_e1_w10,1790887140000,MAINTAIN,,LIGHT,SHORT_DEEP_RUN_FILTER
focused_noise_b10_x50_e1_w10,1790887200000,MAINTAIN,,LIGHT,SHORT_DEEP_RUN_FILTER
focused_noise_b10_x50_e1_w10,1790887260000,EXIT,exit_sustained_rolling_motion,LIGHT,
focused_noise_b10_x50_e1_w10,1790887320000,ENTER,enter_stable_window,LIGHT,SHORT_DEEP_RUN_FILTER
focused_noise_b10_x50_e1_w10,1790887380000,EXIT,exit_sustained_rolling_motion,LIGHT,
focused_noise_b10_x50_e1_w10,1790887440000,ENTER,enter_stable_window,DEEP,
focused_noise_b10_x50_e1_w10,1790888520000,EXIT,exit_sustained_rolling_motion,LIGHT,
focused_noise_b10_x50_e1_w10,1790888580000,ENTER,enter_stable_window,LIGHT,SHORT_DEEP_RUN_FILTER
focused_noise_b10_x50_e1_w10,1790888640000,EXIT,exit_sustained_rolling_motion,LIGHT,
focused_noise_b10_x50_e1_w10,1790888700000,ENTER,enter_stable_window,DEEP,
focused_noise_b10_x50_e1_w10,1790889660000,EXIT,exit_sustained_rolling_motion,LIGHT,
focused_noise_b5_x70_e3_w15,1790882880000,ENTER,enter_stable_window,DEEP,
focused_noise_b5_x70_e3_w15,1790883720000,EXIT,exit_sustained_rolling_motion,LIGHT,
focused_noise_b5_x70_e3_w15,1790883900000,ENTER,enter_stable_window,DEEP,
focused_noise_b5_x70_e3_w15,1790884440000,EXIT,exit_coupling_lost,LIGHT,
focused_noise_b5_x70_e3_w15,1790886480000,ENTER,enter_stable_window,DEEP,
focused_noise_b5_x70_e3_w15,1790889780000,EXIT,exit_sustained_rolling_motion,LIGHT,
focused_noise_b5_x70_e3_w10,1790882640000,ENTER,enter_stable_window,DEEP,
focused_noise_b5_x70_e3_w10,1790883720000,EXIT,exit_sustained_rolling_motion,LIGHT,
focused_noise_b5_x70_e3_w10,1790884020000,ENTER,enter_stable_window,DEEP,
focused_noise_b5_x70_e3_w10,1790884440000,EXIT,exit_coupling_lost,LIGHT,
focused_noise_b5_x70_e3_w10,1790886600000,ENTER,enter_stable_window,DEEP,
focused_noise_b5_x70_e3_w10,1790889780000,EXIT,exit_sustained_rolling_motion,LIGHT,
focused_noise_b5_x70_e2_w15,1790882880000,ENTER,enter_stable_window,DEEP,
focused_noise_b5_x70_e2_w15,1790883660000,EXIT,exit_sustained_rolling_motion,LIGHT,
focused_noise_b5_x70_e2_w15,1790883900000,ENTER,enter_stable_window,DEEP,
focused_noise_b5_x70_e2_w15,1790884440000,EXIT,exit_coupling_lost,LIGHT,
focused_noise_b5_x70_e2_w15,1790886480000,ENTER,enter_stable_window,DEEP,
focused_noise_b5_x70_e2_w15,1790889720000,EXIT,exit_sustained_rolling_motion,LIGHT,
focused_noise_b5_x70_e2_w10,1790882640000,ENTER,enter_stable_window,DEEP,
focused_noise_b5_x70_e2_w10,1790883660000,EXIT,exit_sustained_rolling_motion,LIGHT,
focused_noise_b5_x70_e2_w10,1790884020000,ENTER,enter_stable_window,DEEP,
focused_noise_b5_x70_e2_w10,1790884440000,EXIT,exit_coupling_lost,LIGHT,
focused_noise_b5_x70_e2_w10,1790886600000,ENTER,enter_stable_window,DEEP,
focused_noise_b5_x70_e2_w10,1790889720000,EXIT,exit_sustained_rolling_motion,LIGHT,
focused_noise_b5_x70_e1_w15,1790882880000,ENTER,enter_stable_window,DEEP,
focused_noise_b5_x70_e1_w15,1790883600000,EXIT,exit_sustained_rolling_motion,LIGHT,
focused_noise_b5_x70_e1_w15,1790883900000,ENTER,enter_stable_window,DEEP,
focused_noise_b5_x70_e1_w15,1790884440000,EXIT,exit_coupling_lost,LIGHT,
focused_noise_b5_x70_e1_w15,1790886480000,ENTER,enter_stable_window,DEEP,
focused_noise_b5_x70_e1_w15,1790889660000,EXIT,exit_sustained_rolling_motion,LIGHT,
focused_noise_b5_x70_e1_w10,1790882640000,ENTER,enter_stable_window,DEEP,
focused_noise_b5_x70_e1_w10,1790883600000,EXIT,exit_sustained_rolling_motion,LIGHT,
focused_noise_b5_x70_e1_w10,1790884020000,ENTER,enter_stable_window,DEEP,
focused_noise_b5_x70_e1_w10,1790884440000,EXIT,exit_coupling_lost,LIGHT,
focused_noise_b5_x70_e1_w10,1790886600000,ENTER,enter_stable_window,DEEP,
focused_noise_b5_x70_e1_w10,1790889660000,EXIT,exit_sustained_rolling_motion,LIGHT,
focused_noise_b5_x65_e3_w15,1790882880000,ENTER,enter_stable_window,DEEP,
focused_noise_b5_x65_e3_w15,1790883720000,EXIT,exit_sustained_rolling_motion,LIGHT,
focused_noise_b5_x65_e3_w15,1790883900000,ENTER,enter_stable_window,DEEP,
focused_noise_b5_x65_e3_w15,1790884440000,EXIT,exit_coupling_lost,LIGHT,
focused_noise_b5_x65_e3_w15,1790886480000,ENTER,enter_stable_window,DEEP,
focused_noise_b5_x65_e3_w15,1790889780000,EXIT,exit_sustained_rolling_motion,LIGHT,
focused_noise_b5_x65_e3_w10,1790882640000,ENTER,enter_stable_window,DEEP,
focused_noise_b5_x65_e3_w10,1790883720000,EXIT,exit_sustained_rolling_motion,LIGHT,
focused_noise_b5_x65_e3_w10,1790884020000,ENTER,enter_stable_window,DEEP,
focused_noise_b5_x65_e3_w10,1790884440000,EXIT,exit_coupling_lost,LIGHT,
focused_noise_b5_x65_e3_w10,1790886600000,ENTER,enter_stable_window,DEEP,
focused_noise_b5_x65_e3_w10,1790889780000,EXIT,exit_sustained_rolling_motion,LIGHT,
focused_noise_b5_x65_e2_w15,1790882880000,ENTER,enter_stable_window,DEEP,
focused_noise_b5_x65_e2_w15,1790883660000,EXIT,exit_sustained_rolling_motion,LIGHT,
focused_noise_b5_x65_e2_w15,1790883900000,ENTER,enter_stable_window,DEEP,
focused_noise_b5_x65_e2_w15,1790884440000,EXIT,exit_coupling_lost,LIGHT,
focused_noise_b5_x65_e2_w15,1790886480000,ENTER,enter_stable_window,DEEP,
focused_noise_b5_x65_e2_w15,1790889720000,EXIT,exit_sustained_rolling_motion,LIGHT,
focused_noise_b5_x65_e2_w10,1790882640000,ENTER,enter_stable_window,DEEP,
focused_noise_b5_x65_e2_w10,1790883660000,EXIT,exit_sustained_rolling_motion,LIGHT,
focused_noise_b5_x65_e2_w10,1790884020000,ENTER,enter_stable_window,DEEP,
focused_noise_b5_x65_e2_w10,1790884440000,EXIT,exit_coupling_lost,LIGHT,
focused_noise_b5_x65_e2_w10,1790886600000,ENTER,enter_stable_window,DEEP,
focused_noise_b5_x65_e2_w10,1790889720000,EXIT,exit_sustained_rolling_motion,LIGHT,
focused_noise_b5_x65_e1_w15,1790882880000,ENTER,enter_stable_window,DEEP,
focused_noise_b5_x65_e1_w15,1790883600000,EXIT,exit_sustained_rolling_motion,LIGHT,
focused_noise_b5_x65_e1_w15,1790883900000,ENTER,enter_stable_window,DEEP,
focused_noise_b5_x65_e1_w15,1790884440000,EXIT,exit_coupling_lost,LIGHT,
focused_noise_b5_x65_e1_w15,1790886480000,ENTER,enter_stable_window,DEEP,
focused_noise_b5_x65_e1_w15,1790889660000,EXIT,exit_sustained_rolling_motion,LIGHT,
focused_noise_b5_x65_e1_w10,1790882640000,ENTER,enter_stable_window,DEEP,
focused_noise_b5_x65_e1_w10,1790883600000,EXIT,exit_sustained_rolling_motion,LIGHT,
focused_noise_b5_x65_e1_w10,1790884020000,ENTER,enter_stable_window,DEEP,
focused_noise_b5_x65_e1_w10,1790884440000,EXIT,exit_coupling_lost,LIGHT,
focused_noise_b5_x65_e1_w10,1790886600000,ENTER,enter_stable_window,DEEP,
focused_noise_b5_x65_e1_w10,1790889660000,EXIT,exit_sustained_rolling_motion,LIGHT,
focused_noise_b5_x50_e3_w15,1790882880000,ENTER,enter_stable_window,DEEP,
focused_noise_b5_x50_e3_w15,1790883720000,EXIT,exit_sustained_rolling_motion,LIGHT,
focused_noise_b5_x50_e3_w15,1790883900000,ENTER,enter_stable_window,DEEP,
focused_noise_b5_x50_e3_w15,1790884440000,EXIT,exit_coupling_lost,LIGHT,
focused_noise_b5_x50_e3_w15,1790886480000,ENTER,enter_stable_window,DEEP,
focused_noise_b5_x50_e3_w15,1790887380000,EXIT,exit_sustained_rolling_motion,LIGHT,
focused_noise_b5_x50_e3_w15,1790887440000,ENTER,enter_stable_window,DEEP,
focused_noise_b5_x50_e3_w15,1790888640000,EXIT,exit_sustained_rolling_motion,LIGHT,
focused_noise_b5_x50_e3_w15,1790888700000,ENTER,enter_stable_window,DEEP,
focused_noise_b5_x50_e3_w15,1790889780000,EXIT,exit_sustained_rolling_motion,LIGHT,
focused_noise_b5_x50_e3_w10,1790882640000,ENTER,enter_stable_window,DEEP,
focused_noise_b5_x50_e3_w10,1790883720000,EXIT,exit_sustained_rolling_motion,LIGHT,
focused_noise_b5_x50_e3_w10,1790884020000,ENTER,enter_stable_window,DEEP,
focused_noise_b5_x50_e3_w10,1790884440000,EXIT,exit_coupling_lost,LIGHT,
focused_noise_b5_x50_e3_w10,1790886600000,ENTER,enter_stable_window,DEEP,
focused_noise_b5_x50_e3_w10,1790887380000,EXIT,exit_sustained_rolling_motion,LIGHT,
focused_noise_b5_x50_e3_w10,1790887440000,ENTER,enter_stable_window,DEEP,
focused_noise_b5_x50_e3_w10,1790888640000,EXIT,exit_sustained_rolling_motion,LIGHT,
focused_noise_b5_x50_e3_w10,1790888700000,ENTER,enter_stable_window,DEEP,
focused_noise_b5_x50_e3_w10,1790889780000,EXIT,exit_sustained_rolling_motion,LIGHT,
focused_noise_b5_x50_e2_w15,1790882880000,ENTER,enter_stable_window,DEEP,
focused_noise_b5_x50_e2_w15,1790883660000,EXIT,exit_sustained_rolling_motion,LIGHT,
focused_noise_b5_x50_e2_w15,1790883900000,ENTER,enter_stable_window,DEEP,
focused_noise_b5_x50_e2_w15,1790884440000,EXIT,exit_coupling_lost,LIGHT,
focused_noise_b5_x50_e2_w15,1790886480000,ENTER,enter_stable_window,DEEP,
focused_noise_b5_x50_e2_w15,1790886960000,EXIT,exit_sustained_rolling_motion,LIGHT,
focused_noise_b5_x50_e2_w15,1790887020000,ENTER,enter_stable_window,DEEP,
focused_noise_b5_x50_e2_w15,1790887320000,EXIT,exit_sustained_rolling_motion,LIGHT,
focused_noise_b5_x50_e2_w15,1790887380000,ENTER,enter_stable_window,DEEP,
focused_noise_b5_x50_e2_w15,1790888580000,EXIT,exit_sustained_rolling_motion,LIGHT,
focused_noise_b5_x50_e2_w15,1790888640000,ENTER,enter_stable_window,DEEP,
focused_noise_b5_x50_e2_w15,1790889720000,EXIT,exit_sustained_rolling_motion,LIGHT,
focused_noise_b5_x50_e2_w10,1790882640000,ENTER,enter_stable_window,LIGHT,SHORT_DEEP_RUN_FILTER
focused_noise_b5_x50_e2_w10,1790882700000,MAINTAIN,,LIGHT,SHORT_DEEP_RUN_FILTER
focused_noise_b5_x50_e2_w10,1790882760000,MAINTAIN,,LIGHT,SHORT_DEEP_RUN_FILTER
focused_noise_b5_x50_e2_w10,1790882820000,EXIT,exit_sustained_rolling_motion,LIGHT,
focused_noise_b5_x50_e2_w10,1790882880000,ENTER,enter_stable_window,DEEP,
focused_noise_b5_x50_e2_w10,1790883660000,EXIT,exit_sustained_rolling_motion,LIGHT,
focused_noise_b5_x50_e2_w10,1790884020000,ENTER,enter_stable_window,DEEP,
focused_noise_b5_x50_e2_w10,1790884440000,EXIT,exit_coupling_lost,LIGHT,
focused_noise_b5_x50_e2_w10,1790886600000,ENTER,enter_stable_window,DEEP,
focused_noise_b5_x50_e2_w10,1790886960000,EXIT,exit_sustained_rolling_motion,LIGHT,
focused_noise_b5_x50_e2_w10,1790887020000,ENTER,enter_stable_window,DEEP,
focused_noise_b5_x50_e2_w10,1790887320000,EXIT,exit_sustained_rolling_motion,LIGHT,
focused_noise_b5_x50_e2_w10,1790887380000,ENTER,enter_stable_window,DEEP,
focused_noise_b5_x50_e2_w10,1790888580000,EXIT,exit_sustained_rolling_motion,LIGHT,
focused_noise_b5_x50_e2_w10,1790888640000,ENTER,enter_stable_window,DEEP,
focused_noise_b5_x50_e2_w10,1790889720000,EXIT,exit_sustained_rolling_motion,LIGHT,
focused_noise_b5_x50_e1_w15,1790882880000,ENTER,enter_stable_window,DEEP,
focused_noise_b5_x50_e1_w15,1790883600000,EXIT,exit_sustained_rolling_motion,LIGHT,
focused_noise_b5_x50_e1_w15,1790883900000,ENTER,enter_stable_window,DEEP,
focused_noise_b5_x50_e1_w15,1790884440000,EXIT,exit_coupling_lost,LIGHT,
focused_noise_b5_x50_e1_w15,1790886480000,ENTER,enter_stable_window,DEEP,
focused_noise_b5_x50_e1_w15,1790886900000,EXIT,exit_sustained_rolling_motion,LIGHT,
focused_noise_b5_x50_e1_w15,1790886960000,ENTER,enter_stable_window,DEEP,
focused_noise_b5_x50_e1_w15,1790887260000,EXIT,exit_sustained_rolling_motion,LIGHT,
focused_noise_b5_x50_e1_w15,1790887320000,ENTER,enter_stable_window,LIGHT,SHORT_DEEP_RUN_FILTER
focused_noise_b5_x50_e1_w15,1790887380000,EXIT,exit_sustained_rolling_motion,LIGHT,
focused_noise_b5_x50_e1_w15,1790887440000,ENTER,enter_stable_window,DEEP,
focused_noise_b5_x50_e1_w15,1790888520000,EXIT,exit_sustained_rolling_motion,LIGHT,
focused_noise_b5_x50_e1_w15,1790888580000,ENTER,enter_stable_window,LIGHT,SHORT_DEEP_RUN_FILTER
focused_noise_b5_x50_e1_w15,1790888640000,EXIT,exit_sustained_rolling_motion,LIGHT,
focused_noise_b5_x50_e1_w15,1790888700000,ENTER,enter_stable_window,DEEP,
focused_noise_b5_x50_e1_w15,1790889660000,EXIT,exit_sustained_rolling_motion,LIGHT,
focused_noise_b5_x50_e1_w10,1790882640000,ENTER,enter_stable_window,LIGHT,SHORT_DEEP_RUN_FILTER
focused_noise_b5_x50_e1_w10,1790882700000,MAINTAIN,,LIGHT,SHORT_DEEP_RUN_FILTER
focused_noise_b5_x50_e1_w10,1790882760000,EXIT,exit_sustained_rolling_motion,LIGHT,
focused_noise_b5_x50_e1_w10,1790882820000,ENTER,enter_stable_window,DEEP,
focused_noise_b5_x50_e1_w10,1790883600000,EXIT,exit_sustained_rolling_motion,LIGHT,
focused_noise_b5_x50_e1_w10,1790884020000,ENTER,enter_stable_window,DEEP,
focused_noise_b5_x50_e1_w10,1790884440000,EXIT,exit_coupling_lost,LIGHT,
focused_noise_b5_x50_e1_w10,1790886600000,ENTER,enter_stable_window,DEEP,
focused_noise_b5_x50_e1_w10,1790886900000,EXIT,exit_sustained_rolling_motion,LIGHT,
focused_noise_b5_x50_e1_w10,1790886960000,ENTER,enter_stable_window,DEEP,
focused_noise_b5_x50_e1_w10,1790887260000,EXIT,exit_sustained_rolling_motion,LIGHT,
focused_noise_b5_x50_e1_w10,1790887320000,ENTER,enter_stable_window,LIGHT,SHORT_DEEP_RUN_FILTER
focused_noise_b5_x50_e1_w10,1790887380000,EXIT,exit_sustained_rolling_motion,LIGHT,
focused_noise_b5_x50_e1_w10,1790887440000,ENTER,enter_stable_window,DEEP,
focused_noise_b5_x50_e1_w10,1790888520000,EXIT,exit_sustained_rolling_motion,LIGHT,
focused_noise_b5_x50_e1_w10,1790888580000,ENTER,enter_stable_window,LIGHT,SHORT_DEEP_RUN_FILTER
focused_noise_b5_x50_e1_w10,1790888640000,EXIT,exit_sustained_rolling_motion,LIGHT,
focused_noise_b5_x50_e1_w10,1790888700000,ENTER,enter_stable_window,DEEP,
focused_noise_b5_x50_e1_w10,1790889660000,EXIT,exit_sustained_rolling_motion,LIGHT,
focused_noise_b2_x70_e3_w15,1790882880000,ENTER,enter_stable_window,DEEP,
focused_noise_b2_x70_e3_w15,1790883720000,EXIT,exit_sustained_rolling_motion,LIGHT,
focused_noise_b2_x70_e3_w15,1790883900000,ENTER,enter_stable_window,DEEP,
focused_noise_b2_x70_e3_w15,1790884440000,EXIT,exit_coupling_lost,LIGHT,
focused_noise_b2_x70_e3_w15,1790886480000,ENTER,enter_stable_window,DEEP,
focused_noise_b2_x70_e3_w15,1790889780000,EXIT,exit_sustained_rolling_motion,LIGHT,
focused_noise_b2_x70_e3_w10,1790882640000,ENTER,enter_stable_window,DEEP,
focused_noise_b2_x70_e3_w10,1790883720000,EXIT,exit_sustained_rolling_motion,LIGHT,
focused_noise_b2_x70_e3_w10,1790884020000,ENTER,enter_stable_window,DEEP,
focused_noise_b2_x70_e3_w10,1790884440000,EXIT,exit_coupling_lost,LIGHT,
focused_noise_b2_x70_e3_w10,1790886600000,ENTER,enter_stable_window,DEEP,
focused_noise_b2_x70_e3_w10,1790889780000,EXIT,exit_sustained_rolling_motion,LIGHT,
focused_noise_b2_x70_e2_w15,1790882880000,ENTER,enter_stable_window,DEEP,
focused_noise_b2_x70_e2_w15,1790883660000,EXIT,exit_sustained_rolling_motion,LIGHT,
focused_noise_b2_x70_e2_w15,1790883900000,ENTER,enter_stable_window,DEEP,
focused_noise_b2_x70_e2_w15,1790884440000,EXIT,exit_coupling_lost,LIGHT,
focused_noise_b2_x70_e2_w15,1790886480000,ENTER,enter_stable_window,DEEP,
focused_noise_b2_x70_e2_w15,1790889720000,EXIT,exit_sustained_rolling_motion,LIGHT,
focused_noise_b2_x70_e2_w10,1790882640000,ENTER,enter_stable_window,DEEP,
focused_noise_b2_x70_e2_w10,1790883660000,EXIT,exit_sustained_rolling_motion,LIGHT,
focused_noise_b2_x70_e2_w10,1790884020000,ENTER,enter_stable_window,DEEP,
focused_noise_b2_x70_e2_w10,1790884440000,EXIT,exit_coupling_lost,LIGHT,
focused_noise_b2_x70_e2_w10,1790886600000,ENTER,enter_stable_window,DEEP,
focused_noise_b2_x70_e2_w10,1790889720000,EXIT,exit_sustained_rolling_motion,LIGHT,
focused_noise_b2_x70_e1_w15,1790882880000,ENTER,enter_stable_window,DEEP,
focused_noise_b2_x70_e1_w15,1790883600000,EXIT,exit_sustained_rolling_motion,LIGHT,
focused_noise_b2_x70_e1_w15,1790883900000,ENTER,enter_stable_window,DEEP,
focused_noise_b2_x70_e1_w15,1790884440000,EXIT,exit_coupling_lost,LIGHT,
focused_noise_b2_x70_e1_w15,1790886480000,ENTER,enter_stable_window,DEEP,
focused_noise_b2_x70_e1_w15,1790889660000,EXIT,exit_sustained_rolling_motion,LIGHT,
focused_noise_b2_x70_e1_w10,1790882640000,ENTER,enter_stable_window,DEEP,
focused_noise_b2_x70_e1_w10,1790883600000,EXIT,exit_sustained_rolling_motion,LIGHT,
focused_noise_b2_x70_e1_w10,1790884020000,ENTER,enter_stable_window,DEEP,
focused_noise_b2_x70_e1_w10,1790884440000,EXIT,exit_coupling_lost,LIGHT,
focused_noise_b2_x70_e1_w10,1790886600000,ENTER,enter_stable_window,DEEP,
focused_noise_b2_x70_e1_w10,1790889660000,EXIT,exit_sustained_rolling_motion,LIGHT,
focused_noise_b2_x65_e3_w15,1790882880000,ENTER,enter_stable_window,DEEP,
focused_noise_b2_x65_e3_w15,1790883720000,EXIT,exit_sustained_rolling_motion,LIGHT,
focused_noise_b2_x65_e3_w15,1790883900000,ENTER,enter_stable_window,DEEP,
focused_noise_b2_x65_e3_w15,1790884440000,EXIT,exit_coupling_lost,LIGHT,
focused_noise_b2_x65_e3_w15,1790886480000,ENTER,enter_stable_window,DEEP,
focused_noise_b2_x65_e3_w15,1790889780000,EXIT,exit_sustained_rolling_motion,LIGHT,
focused_noise_b2_x65_e3_w10,1790882640000,ENTER,enter_stable_window,DEEP,
focused_noise_b2_x65_e3_w10,1790883720000,EXIT,exit_sustained_rolling_motion,LIGHT,
focused_noise_b2_x65_e3_w10,1790884020000,ENTER,enter_stable_window,DEEP,
focused_noise_b2_x65_e3_w10,1790884440000,EXIT,exit_coupling_lost,LIGHT,
focused_noise_b2_x65_e3_w10,1790886600000,ENTER,enter_stable_window,DEEP,
focused_noise_b2_x65_e3_w10,1790889780000,EXIT,exit_sustained_rolling_motion,LIGHT,
focused_noise_b2_x65_e2_w15,1790882880000,ENTER,enter_stable_window,DEEP,
focused_noise_b2_x65_e2_w15,1790883660000,EXIT,exit_sustained_rolling_motion,LIGHT,
focused_noise_b2_x65_e2_w15,1790883900000,ENTER,enter_stable_window,DEEP,
focused_noise_b2_x65_e2_w15,1790884440000,EXIT,exit_coupling_lost,LIGHT,
focused_noise_b2_x65_e2_w15,1790886480000,ENTER,enter_stable_window,DEEP,
focused_noise_b2_x65_e2_w15,1790889720000,EXIT,exit_sustained_rolling_motion,LIGHT,
focused_noise_b2_x65_e2_w10,1790882640000,ENTER,enter_stable_window,DEEP,
focused_noise_b2_x65_e2_w10,1790883660000,EXIT,exit_sustained_rolling_motion,LIGHT,
focused_noise_b2_x65_e2_w10,1790884020000,ENTER,enter_stable_window,DEEP,
focused_noise_b2_x65_e2_w10,1790884440000,EXIT,exit_coupling_lost,LIGHT,
focused_noise_b2_x65_e2_w10,1790886600000,ENTER,enter_stable_window,DEEP,
focused_noise_b2_x65_e2_w10,1790889720000,EXIT,exit_sustained_rolling_motion,LIGHT,
focused_noise_b2_x65_e1_w15,1790882880000,ENTER,enter_stable_window,DEEP,
focused_noise_b2_x65_e1_w15,1790883600000,EXIT,exit_sustained_rolling_motion,LIGHT,
focused_noise_b2_x65_e1_w15,1790883900000,ENTER,enter_stable_window,DEEP,
focused_noise_b2_x65_e1_w15,1790884440000,EXIT,exit_coupling_lost,LIGHT,
focused_noise_b2_x65_e1_w15,1790886480000,ENTER,enter_stable_window,DEEP,
focused_noise_b2_x65_e1_w15,1790889660000,EXIT,exit_sustained_rolling_motion,LIGHT,
focused_noise_b2_x65_e1_w10,1790882640000,ENTER,enter_stable_window,DEEP,
focused_noise_b2_x65_e1_w10,1790883600000,EXIT,exit_sustained_rolling_motion,LIGHT,
focused_noise_b2_x65_e1_w10,1790884020000,ENTER,enter_stable_window,DEEP,
focused_noise_b2_x65_e1_w10,1790884440000,EXIT,exit_coupling_lost,LIGHT,
focused_noise_b2_x65_e1_w10,1790886600000,ENTER,enter_stable_window,DEEP,
focused_noise_b2_x65_e1_w10,1790889660000,EXIT,exit_sustained_rolling_motion,LIGHT,
focused_noise_b2_x50_e3_w15,1790882880000,ENTER,enter_stable_window,DEEP,
focused_noise_b2_x50_e3_w15,1790883720000,EXIT,exit_sustained_rolling_motion,LIGHT,
focused_noise_b2_x50_e3_w15,1790883900000,ENTER,enter_stable_window,DEEP,
focused_noise_b2_x50_e3_w15,1790884440000,EXIT,exit_coupling_lost,LIGHT,
focused_noise_b2_x50_e3_w15,1790886480000,ENTER,enter_stable_window,DEEP,
focused_noise_b2_x50_e3_w15,1790887380000,EXIT,exit_sustained_rolling_motion,LIGHT,
focused_noise_b2_x50_e3_w15,1790887440000,ENTER,enter_stable_window,DEEP,
focused_noise_b2_x50_e3_w15,1790888640000,EXIT,exit_sustained_rolling_motion,LIGHT,
focused_noise_b2_x50_e3_w15,1790888700000,ENTER,enter_stable_window,DEEP,
focused_noise_b2_x50_e3_w15,1790889780000,EXIT,exit_sustained_rolling_motion,LIGHT,
focused_noise_b2_x50_e3_w10,1790882640000,ENTER,enter_stable_window,DEEP,
focused_noise_b2_x50_e3_w10,1790883720000,EXIT,exit_sustained_rolling_motion,LIGHT,
focused_noise_b2_x50_e3_w10,1790884020000,ENTER,enter_stable_window,DEEP,
focused_noise_b2_x50_e3_w10,1790884440000,EXIT,exit_coupling_lost,LIGHT,
focused_noise_b2_x50_e3_w10,1790886600000,ENTER,enter_stable_window,DEEP,
focused_noise_b2_x50_e3_w10,1790887380000,EXIT,exit_sustained_rolling_motion,LIGHT,
focused_noise_b2_x50_e3_w10,1790887440000,ENTER,enter_stable_window,DEEP,
focused_noise_b2_x50_e3_w10,1790888640000,EXIT,exit_sustained_rolling_motion,LIGHT,
focused_noise_b2_x50_e3_w10,1790888700000,ENTER,enter_stable_window,DEEP,
focused_noise_b2_x50_e3_w10,1790889780000,EXIT,exit_sustained_rolling_motion,LIGHT,
focused_noise_b2_x50_e2_w15,1790882880000,ENTER,enter_stable_window,DEEP,
focused_noise_b2_x50_e2_w15,1790883660000,EXIT,exit_sustained_rolling_motion,LIGHT,
focused_noise_b2_x50_e2_w15,1790883900000,ENTER,enter_stable_window,DEEP,
focused_noise_b2_x50_e2_w15,1790884440000,EXIT,exit_coupling_lost,LIGHT,
focused_noise_b2_x50_e2_w15,1790886480000,ENTER,enter_stable_window,DEEP,
focused_noise_b2_x50_e2_w15,1790886960000,EXIT,exit_sustained_rolling_motion,LIGHT,
focused_noise_b2_x50_e2_w15,1790887020000,ENTER,enter_stable_window,DEEP,
focused_noise_b2_x50_e2_w15,1790887320000,EXIT,exit_sustained_rolling_motion,LIGHT,
focused_noise_b2_x50_e2_w15,1790887380000,ENTER,enter_stable_window,DEEP,
focused_noise_b2_x50_e2_w15,1790888580000,EXIT,exit_sustained_rolling_motion,LIGHT,
focused_noise_b2_x50_e2_w15,1790888640000,ENTER,enter_stable_window,DEEP,
focused_noise_b2_x50_e2_w15,1790889720000,EXIT,exit_sustained_rolling_motion,LIGHT,
focused_noise_b2_x50_e2_w10,1790882640000,ENTER,enter_stable_window,DEEP,
focused_noise_b2_x50_e2_w10,1790882820000,EXIT,exit_sustained_rolling_motion,LIGHT,
focused_noise_b2_x50_e2_w10,1790882880000,ENTER,enter_stable_window,DEEP,
focused_noise_b2_x50_e2_w10,1790883660000,EXIT,exit_sustained_rolling_motion,LIGHT,
focused_noise_b2_x50_e2_w10,1790884020000,ENTER,enter_stable_window,DEEP,
focused_noise_b2_x50_e2_w10,1790884440000,EXIT,exit_coupling_lost,LIGHT,
focused_noise_b2_x50_e2_w10,1790886600000,ENTER,enter_stable_window,DEEP,
focused_noise_b2_x50_e2_w10,1790886960000,EXIT,exit_sustained_rolling_motion,LIGHT,
focused_noise_b2_x50_e2_w10,1790887020000,ENTER,enter_stable_window,DEEP,
focused_noise_b2_x50_e2_w10,1790887320000,EXIT,exit_sustained_rolling_motion,LIGHT,
focused_noise_b2_x50_e2_w10,1790887380000,ENTER,enter_stable_window,DEEP,
focused_noise_b2_x50_e2_w10,1790888580000,EXIT,exit_sustained_rolling_motion,LIGHT,
focused_noise_b2_x50_e2_w10,1790888640000,ENTER,enter_stable_window,DEEP,
focused_noise_b2_x50_e2_w10,1790889720000,EXIT,exit_sustained_rolling_motion,LIGHT,
focused_noise_b2_x50_e1_w15,1790882880000,ENTER,enter_stable_window,DEEP,
focused_noise_b2_x50_e1_w15,1790883600000,EXIT,exit_sustained_rolling_motion,LIGHT,
focused_noise_b2_x50_e1_w15,1790883900000,ENTER,enter_stable_window,DEEP,
focused_noise_b2_x50_e1_w15,1790884440000,EXIT,exit_coupling_lost,LIGHT,
focused_noise_b2_x50_e1_w15,1790886480000,ENTER,enter_stable_window,DEEP,
focused_noise_b2_x50_e1_w15,1790886900000,EXIT,exit_sustained_rolling_motion,LIGHT,
focused_noise_b2_x50_e1_w15,1790886960000,ENTER,enter_stable_window,DEEP,
focused_noise_b2_x50_e1_w15,1790887260000,EXIT,exit_sustained_rolling_motion,LIGHT,
focused_noise_b2_x50_e1_w15,1790887320000,ENTER,enter_stable_window,LIGHT,SHORT_DEEP_RUN_FILTER
focused_noise_b2_x50_e1_w15,1790887380000,EXIT,exit_sustained_rolling_motion,LIGHT,
focused_noise_b2_x50_e1_w15,1790887440000,ENTER,enter_stable_window,DEEP,
focused_noise_b2_x50_e1_w15,1790888520000,EXIT,exit_sustained_rolling_motion,LIGHT,
focused_noise_b2_x50_e1_w15,1790888580000,ENTER,enter_stable_window,LIGHT,SHORT_DEEP_RUN_FILTER
focused_noise_b2_x50_e1_w15,1790888640000,EXIT,exit_sustained_rolling_motion,LIGHT,
focused_noise_b2_x50_e1_w15,1790888700000,ENTER,enter_stable_window,DEEP,
focused_noise_b2_x50_e1_w15,1790889660000,EXIT,exit_sustained_rolling_motion,LIGHT,
focused_noise_b2_x50_e1_w10,1790882640000,ENTER,enter_stable_window,DEEP,
focused_noise_b2_x50_e1_w10,1790882760000,EXIT,exit_sustained_rolling_motion,LIGHT,
focused_noise_b2_x50_e1_w10,1790882820000,ENTER,enter_stable_window,DEEP,
focused_noise_b2_x50_e1_w10,1790883600000,EXIT,exit_sustained_rolling_motion,LIGHT,
focused_noise_b2_x50_e1_w10,1790884020000,ENTER,enter_stable_window,DEEP,
focused_noise_b2_x50_e1_w10,1790884440000,EXIT,exit_coupling_lost,LIGHT,
focused_noise_b2_x50_e1_w10,1790886600000,ENTER,enter_stable_window,DEEP,
focused_noise_b2_x50_e1_w10,1790886900000,EXIT,exit_sustained_rolling_motion,LIGHT,
focused_noise_b2_x50_e1_w10,1790886960000,ENTER,enter_stable_window,DEEP,
focused_noise_b2_x50_e1_w10,1790887260000,EXIT,exit_sustained_rolling_motion,LIGHT,
focused_noise_b2_x50_e1_w10,1790887320000,ENTER,enter_stable_window,LIGHT,SHORT_DEEP_RUN_FILTER
focused_noise_b2_x50_e1_w10,1790887380000,EXIT,exit_sustained_rolling_motion,LIGHT,
focused_noise_b2_x50_e1_w10,1790887440000,ENTER,enter_stable_window,DEEP,
focused_noise_b2_x50_e1_w10,1790888520000,EXIT,exit_sustained_rolling_motion,LIGHT,
focused_noise_b2_x50_e1_w10,1790888580000,ENTER,enter_stable_window,LIGHT,SHORT_DEEP_RUN_FILTER
focused_noise_b2_x50_e1_w10,1790888640000,EXIT,exit_sustained_rolling_motion,LIGHT,
focused_noise_b2_x50_e1_w10,1790888700000,ENTER,enter_stable_window,DEEP,
focused_noise_b2_x50_e1_w10,1790889660000,EXIT,exit_sustained_rolling_motion,LIGHT,
focused_peak_b10_x70_e3_w15,1790880180000,ENTER,enter_stable_window,DEEP,
focused_peak_b10_x70_e3_w15,1790882100000,EXIT,exit_coupling_lost,LIGHT,
focused_peak_b10_x70_e3_w15,1790885460000,ENTER,enter_stable_window,LIGHT,SHORT_DEEP_RUN_FILTER
focused_peak_b10_x70_e3_w15,1790885520000,MAINTAIN,,LIGHT,SHORT_DEEP_RUN_FILTER
focused_peak_b10_x70_e3_w15,1790885580000,MAINTAIN,,LIGHT,SHORT_DEEP_RUN_FILTER
focused_peak_b10_x70_e3_w15,1790885640000,MAINTAIN,,LIGHT,SHORT_DEEP_RUN_FILTER
focused_peak_b10_x70_e3_w15,1790885700000,EXIT,exit_sustained_rolling_motion,LIGHT,
focused_peak_b10_x70_e3_w15,1790885820000,ENTER,enter_stable_window,LIGHT,SHORT_DEEP_RUN_FILTER
focused_peak_b10_x70_e3_w15,1790885880000,MAINTAIN,,LIGHT,SHORT_DEEP_RUN_FILTER
focused_peak_b10_x70_e3_w15,1790885940000,MAINTAIN,,LIGHT,SHORT_DEEP_RUN_FILTER
focused_peak_b10_x70_e3_w15,1790886000000,MAINTAIN,,LIGHT,SHORT_DEEP_RUN_FILTER
focused_peak_b10_x70_e3_w15,1790886060000,MAINTAIN,,LIGHT,SHORT_DEEP_RUN_FILTER
focused_peak_b10_x70_e3_w15,1790886120000,MAINTAIN,,LIGHT,SHORT_DEEP_RUN_FILTER
focused_peak_b10_x70_e3_w15,1790886180000,MAINTAIN,,LIGHT,SHORT_DEEP_RUN_FILTER
focused_peak_b10_x70_e3_w15,1790886240000,EXIT,exit_sustained_rolling_motion,LIGHT,
focused_peak_b10_x70_e3_w15,1790886300000,ENTER,enter_stable_window,DEEP,
focused_peak_b10_x70_e3_w15,1790890380000,EXIT,exit_sustained_rolling_motion,LIGHT,
focused_peak_b10_x70_e3_w15,1790890560000,ENTER,enter_stable_window,DEEP,
focused_peak_b10_x70_e3_w15,1790891460000,EXIT,exit_sustained_rolling_motion,LIGHT,
focused_peak_b10_x70_e3_w15,1790893080000,ENTER,enter_stable_window,LIGHT,SHORT_DEEP_RUN_FILTER
focused_peak_b10_x70_e3_w15,1790893140000,MAINTAIN,,LIGHT,SHORT_DEEP_RUN_FILTER
focused_peak_b10_x70_e3_w15,1790893200000,MAINTAIN,,LIGHT,SHORT_DEEP_RUN_FILTER
focused_peak_b10_x70_e3_w15,1790893260000,MAINTAIN,,LIGHT,SHORT_DEEP_RUN_FILTER
focused_peak_b10_x70_e3_w15,1790893320000,MAINTAIN,,LIGHT,SHORT_DEEP_RUN_FILTER
focused_peak_b10_x70_e3_w15,1790893380000,MAINTAIN,,LIGHT,SHORT_DEEP_RUN_FILTER
focused_peak_b10_x70_e3_w15,1790893440000,EXIT,exit_sustained_rolling_motion,LIGHT,
focused_peak_b10_x70_e3_w15,1790893560000,ENTER,enter_stable_window,DEEP,
focused_peak_b10_x70_e3_w15,1790894460000,EXIT,exit_sustained_rolling_motion,LIGHT,
focused_peak_b10_x70_e3_w15,1790894580000,ENTER,enter_stable_window,LIGHT,SHORT_DEEP_RUN_FILTER
focused_peak_b10_x70_e3_w15,1790894640000,MAINTAIN,,LIGHT,SHORT_DEEP_RUN_FILTER
focused_peak_b10_x70_e3_w15,1790894700000,MAINTAIN,,LIGHT,SHORT_DEEP_RUN_FILTER
focused_peak_b10_x70_e3_w15,1790894760000,MAINTAIN,,LIGHT,SHORT_DEEP_RUN_FILTER
focused_peak_b10_x70_e3_w15,1790894820000,MAINTAIN,,LIGHT,SHORT_DEEP_RUN_FILTER
focused_peak_b10_x70_e3_w15,1790894880000,MAINTAIN,,LIGHT,SHORT_DEEP_RUN_FILTER
focused_peak_b10_x70_e3_w15,1790894940000,EXIT,exit_sustained_rolling_motion,LIGHT,
focused_peak_b10_x70_e3_w15,1790895180000,ENTER,enter_stable_window,DEEP,
focused_peak_b10_x70_e3_w15,1790896320000,EXIT,exit_missing_motion,LIGHT,
focused_peak_b10_x70_e3_w10,1790879940000,ENTER,enter_stable_window,DEEP,
focused_peak_b10_x70_e3_w10,1790882100000,EXIT,exit_coupling_lost,LIGHT,
focused_peak_b10_x70_e3_w10,1790885160000,ENTER,enter_stable_window,LIGHT,SHORT_DEEP_RUN_FILTER
focused_peak_b10_x70_e3_w10,1790885220000,MAINTAIN,,LIGHT,SHORT_DEEP_RUN_FILTER
focused_peak_b10_x70_e3_w10,1790885280000,MAINTAIN,,LIGHT,SHORT_DEEP_RUN_FILTER
focused_peak_b10_x70_e3_w10,1790885340000,MAINTAIN,,LIGHT,SHORT_DEEP_RUN_FILTER
focused_peak_b10_x70_e3_w10,1790885400000,MAINTAIN,,LIGHT,SHORT_DEEP_RUN_FILTER
focused_peak_b10_x70_e3_w10,1790885460000,MAINTAIN,,LIGHT,SHORT_DEEP_RUN_FILTER
focused_peak_b10_x70_e3_w10,1790885520000,MAINTAIN,,LIGHT,SHORT_DEEP_RUN_FILTER
focused_peak_b10_x70_e3_w10,1790885580000,MAINTAIN,,LIGHT,SHORT_DEEP_RUN_FILTER
focused_peak_b10_x70_e3_w10,1790885640000,MAINTAIN,,LIGHT,SHORT_DEEP_RUN_FILTER
focused_peak_b10_x70_e3_w10,1790885700000,EXIT,exit_sustained_rolling_motion,LIGHT,
focused_peak_b10_x70_e3_w10,1790885820000,ENTER,enter_stable_window,LIGHT,SHORT_DEEP_RUN_FILTER
focused_peak_b10_x70_e3_w10,1790885880000,MAINTAIN,,LIGHT,SHORT_DEEP_RUN_FILTER
focused_peak_b10_x70_e3_w10,1790885940000,MAINTAIN,,LIGHT,SHORT_DEEP_RUN_FILTER
focused_peak_b10_x70_e3_w10,1790886000000,MAINTAIN,,LIGHT,SHORT_DEEP_RUN_FILTER
focused_peak_b10_x70_e3_w10,1790886060000,MAINTAIN,,LIGHT,SHORT_DEEP_RUN_FILTER
focused_peak_b10_x70_e3_w10,1790886120000,MAINTAIN,,LIGHT,SHORT_DEEP_RUN_FILTER
focused_peak_b10_x70_e3_w10,1790886180000,MAINTAIN,,LIGHT,SHORT_DEEP_RUN_FILTER
focused_peak_b10_x70_e3_w10,1790886240000,EXIT,exit_sustained_rolling_motion,LIGHT,
focused_peak_b10_x70_e3_w10,1790886300000,ENTER,enter_stable_window,DEEP,
focused_peak_b10_x70_e3_w10,1790890380000,EXIT,exit_sustained_rolling_motion,LIGHT,
focused_peak_b10_x70_e3_w10,1790890560000,ENTER,enter_stable_window,DEEP,
focused_peak_b10_x70_e3_w10,1790891460000,EXIT,exit_sustained_rolling_motion,LIGHT,
focused_peak_b10_x70_e3_w10,1790892900000,ENTER,enter_stable_window,LIGHT,SHORT_DEEP_RUN_FILTER
focused_peak_b10_x70_e3_w10,1790892960000,MAINTAIN,,LIGHT,SHORT_DEEP_RUN_FILTER
focused_peak_b10_x70_e3_w10,1790893020000,MAINTAIN,,LIGHT,SHORT_DEEP_RUN_FILTER
focused_peak_b10_x70_e3_w10,1790893080000,MAINTAIN,,LIGHT,SHORT_DEEP_RUN_FILTER
focused_peak_b10_x70_e3_w10,1790893140000,MAINTAIN,,LIGHT,SHORT_DEEP_RUN_FILTER
focused_peak_b10_x70_e3_w10,1790893200000,MAINTAIN,,LIGHT,SHORT_DEEP_RUN_FILTER
focused_peak_b10_x70_e3_w10,1790893260000,MAINTAIN,,LIGHT,SHORT_DEEP_RUN_FILTER
focused_peak_b10_x70_e3_w10,1790893320000,MAINTAIN,,LIGHT,SHORT_DEEP_RUN_FILTER
focused_peak_b10_x70_e3_w10,1790893380000,MAINTAIN,,LIGHT,SHORT_DEEP_RUN_FILTER
focused_peak_b10_x70_e3_w10,1790893440000,EXIT,exit_sustained_rolling_motion,LIGHT,
focused_peak_b10_x70_e3_w10,1790893560000,ENTER,enter_stable_window,DEEP,
focused_peak_b10_x70_e3_w10,1790894460000,EXIT,exit_sustained_rolling_motion,LIGHT,
focused_peak_b10_x70_e3_w10,1790894580000,ENTER,enter_stable_window,LIGHT,SHORT_DEEP_RUN_FILTER
focused_peak_b10_x70_e3_w10,1790894640000,MAINTAIN,,LIGHT,SHORT_DEEP_RUN_FILTER
focused_peak_b10_x70_e3_w10,1790894700000,MAINTAIN,,LIGHT,SHORT_DEEP_RUN_FILTER
focused_peak_b10_x70_e3_w10,1790894760000,MAINTAIN,,LIGHT,SHORT_DEEP_RUN_FILTER
focused_peak_b10_x70_e3_w10,1790894820000,MAINTAIN,,LIGHT,SHORT_DEEP_RUN_FILTER
focused_peak_b10_x70_e3_w10,1790894880000,MAINTAIN,,LIGHT,SHORT_DEEP_RUN_FILTER
focused_peak_b10_x70_e3_w10,1790894940000,EXIT,exit_sustained_rolling_motion,LIGHT,
focused_peak_b10_x70_e3_w10,1790895060000,ENTER,enter_stable_window,DEEP,
focused_peak_b10_x70_e3_w10,1790896320000,EXIT,exit_missing_motion,LIGHT,
focused_peak_b10_x70_e2_w15,1790880180000,ENTER,enter_stable_window,DEEP,
focused_peak_b10_x70_e2_w15,1790882100000,EXIT,exit_coupling_lost,LIGHT,
focused_peak_b10_x70_e2_w15,1790885460000,ENTER,enter_stable_window,LIGHT,SHORT_DEEP_RUN_FILTER
focused_peak_b10_x70_e2_w15,1790885520000,MAINTAIN,,LIGHT,SHORT_DEEP_RUN_FILTER
focused_peak_b10_x70_e2_w15,1790885580000,MAINTAIN,,LIGHT,SHORT_DEEP_RUN_FILTER
focused_peak_b10_x70_e2_w15,1790885640000,EXIT,exit_sustained_rolling_motion,LIGHT,
focused_peak_b10_x70_e2_w15,1790885820000,ENTER,enter_stable_window,LIGHT,SHORT_DEEP_RUN_FILTER
focused_peak_b10_x70_e2_w15,1790885880000,MAINTAIN,,LIGHT,SHORT_DEEP_RUN_FILTER
focused_peak_b10_x70_e2_w15,1790885940000,MAINTAIN,,LIGHT,SHORT_DEEP_RUN_FILTER
focused_peak_b10_x70_e2_w15,1790886000000,MAINTAIN,,LIGHT,SHORT_DEEP_RUN_FILTER
focused_peak_b10_x70_e2_w15,1790886060000,MAINTAIN,,LIGHT,SHORT_DEEP_RUN_FILTER
focused_peak_b10_x70_e2_w15,1790886120000,MAINTAIN,,LIGHT,SHORT_DEEP_RUN_FILTER
focused_peak_b10_x70_e2_w15,1790886180000,EXIT,exit_sustained_rolling_motion,LIGHT,
focused_peak_b10_x70_e2_w15,1790886300000,ENTER,enter_stable_window,DEEP,
focused_peak_b10_x70_e2_w15,1790890320000,EXIT,exit_sustained_rolling_motion,LIGHT,
focused_peak_b10_x70_e2_w15,1790890560000,ENTER,enter_stable_window,DEEP,
focused_peak_b10_x70_e2_w15,1790891400000,EXIT,exit_sustained_rolling_motion,LIGHT,
focused_peak_b10_x70_e2_w15,1790893080000,ENTER,enter_stable_window,LIGHT,SHORT_DEEP_RUN_FILTER
focused_peak_b10_x70_e2_w15,1790893140000,MAINTAIN,,LIGHT,SHORT_DEEP_RUN_FILTER
focused_peak_b10_x70_e2_w15,1790893200000,MAINTAIN,,LIGHT,SHORT_DEEP_RUN_FILTER
focused_peak_b10_x70_e2_w15,1790893260000,MAINTAIN,,LIGHT,SHORT_DEEP_RUN_FILTER
focused_peak_b10_x70_e2_w15,1790893320000,MAINTAIN,,LIGHT,SHORT_DEEP_RUN_FILTER
focused_peak_b10_x70_e2_w15,1790893380000,EXIT,exit_sustained_rolling_motion,LIGHT,
focused_peak_b10_x70_e2_w15,1790893560000,ENTER,enter_stable_window,DEEP,
focused_peak_b10_x70_e2_w15,1790894400000,EXIT,exit_sustained_rolling_motion,LIGHT,
focused_peak_b10_x70_e2_w15,1790894580000,ENTER,enter_stable_window,LIGHT,SHORT_DEEP_RUN_FILTER
focused_peak_b10_x70_e2_w15,1790894640000,MAINTAIN,,LIGHT,SHORT_DEEP_RUN_FILTER
focused_peak_b10_x70_e2_w15,1790894700000,MAINTAIN,,LIGHT,SHORT_DEEP_RUN_FILTER
focused_peak_b10_x70_e2_w15,1790894760000,MAINTAIN,,LIGHT,SHORT_DEEP_RUN_FILTER
focused_peak_b10_x70_e2_w15,1790894820000,MAINTAIN,,LIGHT,SHORT_DEEP_RUN_FILTER
focused_peak_b10_x70_e2_w15,1790894880000,EXIT,exit_sustained_rolling_motion,LIGHT,
focused_peak_b10_x70_e2_w15,1790895180000,ENTER,enter_stable_window,DEEP,
focused_peak_b10_x70_e2_w15,1790896320000,EXIT,exit_missing_motion,LIGHT,
focused_peak_b10_x70_e2_w10,1790879940000,ENTER,enter_stable_window,DEEP,
focused_peak_b10_x70_e2_w10,1790882100000,EXIT,exit_coupling_lost,LIGHT,
focused_peak_b10_x70_e2_w10,1790885160000,ENTER,enter_stable_window,LIGHT,SHORT_DEEP_RUN_FILTER
focused_peak_b10_x70_e2_w10,1790885220000,MAINTAIN,,LIGHT,SHORT_DEEP_RUN_FILTER
focused_peak_b10_x70_e2_w10,1790885280000,MAINTAIN,,LIGHT,SHORT_DEEP_RUN_FILTER
focused_peak_b10_x70_e2_w10,1790885340000,MAINTAIN,,LIGHT,SHORT_DEEP_RUN_FILTER
focused_peak_b10_x70_e2_w10,1790885400000,MAINTAIN,,LIGHT,SHORT_DEEP_RUN_FILTER
focused_peak_b10_x70_e2_w10,1790885460000,MAINTAIN,,LIGHT,SHORT_DEEP_RUN_FILTER
focused_peak_b10_x70_e2_w10,1790885520000,MAINTAIN,,LIGHT,SHORT_DEEP_RUN_FILTER
focused_peak_b10_x70_e2_w10,1790885580000,MAINTAIN,,LIGHT,SHORT_DEEP_RUN_FILTER
focused_peak_b10_x70_e2_w10,1790885640000,EXIT,exit_sustained_rolling_motion,LIGHT,
focused_peak_b10_x70_e2_w10,1790885820000,ENTER,enter_stable_window,LIGHT,SHORT_DEEP_RUN_FILTER
focused_peak_b10_x70_e2_w10,1790885880000,MAINTAIN,,LIGHT,SHORT_DEEP_RUN_FILTER
focused_peak_b10_x70_e2_w10,1790885940000,MAINTAIN,,LIGHT,SHORT_DEEP_RUN_FILTER
focused_peak_b10_x70_e2_w10,1790886000000,MAINTAIN,,LIGHT,SHORT_DEEP_RUN_FILTER
focused_peak_b10_x70_e2_w10,1790886060000,MAINTAIN,,LIGHT,SHORT_DEEP_RUN_FILTER
focused_peak_b10_x70_e2_w10,1790886120000,MAINTAIN,,LIGHT,SHORT_DEEP_RUN_FILTER
focused_peak_b10_x70_e2_w10,1790886180000,EXIT,exit_sustained_rolling_motion,LIGHT,
focused_peak_b10_x70_e2_w10,1790886300000,ENTER,enter_stable_window,DEEP,
focused_peak_b10_x70_e2_w10,1790890320000,EXIT,exit_sustained_rolling_motion,LIGHT,
focused_peak_b10_x70_e2_w10,1790890560000,ENTER,enter_stable_window,DEEP,
focused_peak_b10_x70_e2_w10,1790891400000,EXIT,exit_sustained_rolling_motion,LIGHT,
focused_peak_b10_x70_e2_w10,1790892900000,ENTER,enter_stable_window,LIGHT,SHORT_DEEP_RUN_FILTER
focused_peak_b10_x70_e2_w10,1790892960000,MAINTAIN,,LIGHT,SHORT_DEEP_RUN_FILTER
focused_peak_b10_x70_e2_w10,1790893020000,MAINTAIN,,LIGHT,SHORT_DEEP_RUN_FILTER
focused_peak_b10_x70_e2_w10,1790893080000,MAINTAIN,,LIGHT,SHORT_DEEP_RUN_FILTER
focused_peak_b10_x70_e2_w10,1790893140000,MAINTAIN,,LIGHT,SHORT_DEEP_RUN_FILTER
focused_peak_b10_x70_e2_w10,1790893200000,MAINTAIN,,LIGHT,SHORT_DEEP_RUN_FILTER
focused_peak_b10_x70_e2_w10,1790893260000,MAINTAIN,,LIGHT,SHORT_DEEP_RUN_FILTER
focused_peak_b10_x70_e2_w10,1790893320000,MAINTAIN,,LIGHT,SHORT_DEEP_RUN_FILTER
focused_peak_b10_x70_e2_w10,1790893380000,EXIT,exit_sustained_rolling_motion,LIGHT,
focused_peak_b10_x70_e2_w10,1790893560000,ENTER,enter_stable_window,DEEP,
focused_peak_b10_x70_e2_w10,1790894400000,EXIT,exit_sustained_rolling_motion,LIGHT,
focused_peak_b10_x70_e2_w10,1790894580000,ENTER,enter_stable_window,LIGHT,SHORT_DEEP_RUN_FILTER
focused_peak_b10_x70_e2_w10,1790894640000,MAINTAIN,,LIGHT,SHORT_DEEP_RUN_FILTER
focused_peak_b10_x70_e2_w10,1790894700000,MAINTAIN,,LIGHT,SHORT_DEEP_RUN_FILTER
focused_peak_b10_x70_e2_w10,1790894760000,MAINTAIN,,LIGHT,SHORT_DEEP_RUN_FILTER
focused_peak_b10_x70_e2_w10,1790894820000,MAINTAIN,,LIGHT,SHORT_DEEP_RUN_FILTER
focused_peak_b10_x70_e2_w10,1790894880000,EXIT,exit_sustained_rolling_motion,LIGHT,
focused_peak_b10_x70_e2_w10,1790895060000,ENTER,enter_stable_window,DEEP,
focused_peak_b10_x70_e2_w10,1790896320000,EXIT,exit_missing_motion,LIGHT,
focused_peak_b10_x70_e1_w15,1790880180000,ENTER,enter_stable_window,DEEP,
focused_peak_b10_x70_e1_w15,1790882100000,EXIT,exit_coupling_lost,LIGHT,
focused_peak_b10_x70_e1_w15,1790885460000,ENTER,enter_stable_window,LIGHT,SHORT_DEEP_RUN_FILTER
focused_peak_b10_x70_e1_w15,1790885520000,MAINTAIN,,LIGHT,SHORT_DEEP_RUN_FILTER
focused_peak_b10_x70_e1_w15,1790885580000,EXIT,exit_sustained_rolling_motion,LIGHT,
focused_peak_b10_x70_e1_w15,1790885820000,ENTER,enter_stable_window,LIGHT,SHORT_DEEP_RUN_FILTER
focused_peak_b10_x70_e1_w15,1790885880000,MAINTAIN,,LIGHT,SHORT_DEEP_RUN_FILTER
focused_peak_b10_x70_e1_w15,1790885940000,MAINTAIN,,LIGHT,SHORT_DEEP_RUN_FILTER
focused_peak_b10_x70_e1_w15,1790886000000,MAINTAIN,,LIGHT,SHORT_DEEP_RUN_FILTER
focused_peak_b10_x70_e1_w15,1790886060000,MAINTAIN,,LIGHT,SHORT_DEEP_RUN_FILTER
focused_peak_b10_x70_e1_w15,1790886120000,EXIT,exit_sustained_rolling_motion,LIGHT,
focused_peak_b10_x70_e1_w15,1790886300000,ENTER,enter_stable_window,DEEP,
focused_peak_b10_x70_e1_w15,1790890260000,EXIT,exit_sustained_rolling_motion,LIGHT,
focused_peak_b10_x70_e1_w15,1790890560000,ENTER,enter_stable_window,DEEP,
focused_peak_b10_x70_e1_w15,1790891340000,EXIT,exit_sustained_rolling_motion,LIGHT,
focused_peak_b10_x70_e1_w15,1790893080000,ENTER,enter_stable_window,LIGHT,SHORT_DEEP_RUN_FILTER
focused_peak_b10_x70_e1_w15,1790893140000,MAINTAIN,,LIGHT,SHORT_DEEP_RUN_FILTER
focused_peak_b10_x70_e1_w15,1790893200000,MAINTAIN,,LIGHT,SHORT_DEEP_RUN_FILTER
focused_peak_b10_x70_e1_w15,1790893260000,MAINTAIN,,LIGHT,SHORT_DEEP_RUN_FILTER
focused_peak_b10_x70_e1_w15,1790893320000,EXIT,exit_sustained_rolling_motion,LIGHT,
focused_peak_b10_x70_e1_w15,1790893560000,ENTER,enter_stable_window,DEEP,
focused_peak_b10_x70_e1_w15,1790894340000,EXIT,exit_sustained_rolling_motion,LIGHT,
focused_peak_b10_x70_e1_w15,1790894580000,ENTER,enter_stable_window,LIGHT,SHORT_DEEP_RUN_FILTER
focused_peak_b10_x70_e1_w15,1790894640000,MAINTAIN,,LIGHT,SHORT_DEEP_RUN_FILTER
focused_peak_b10_x70_e1_w15,1790894700000,MAINTAIN,,LIGHT,SHORT_DEEP_RUN_FILTER
focused_peak_b10_x70_e1_w15,1790894760000,MAINTAIN,,LIGHT,SHORT_DEEP_RUN_FILTER
focused_peak_b10_x70_e1_w15,1790894820000,EXIT,exit_sustained_rolling_motion,LIGHT,
focused_peak_b10_x70_e1_w15,1790895180000,ENTER,enter_stable_window,DEEP,
focused_peak_b10_x70_e1_w15,1790896320000,EXIT,exit_missing_motion,LIGHT,
focused_peak_b10_x70_e1_w10,1790879940000,ENTER,enter_stable_window,DEEP,
focused_peak_b10_x70_e1_w10,1790882100000,EXIT,exit_coupling_lost,LIGHT,
focused_peak_b10_x70_e1_w10,1790885160000,ENTER,enter_stable_window,LIGHT,SHORT_DEEP_RUN_FILTER
focused_peak_b10_x70_e1_w10,1790885220000,MAINTAIN,,LIGHT,SHORT_DEEP_RUN_FILTER
focused_peak_b10_x70_e1_w10,1790885280000,MAINTAIN,,LIGHT,SHORT_DEEP_RUN_FILTER
focused_peak_b10_x70_e1_w10,1790885340000,MAINTAIN,,LIGHT,SHORT_DEEP_RUN_FILTER
focused_peak_b10_x70_e1_w10,1790885400000,MAINTAIN,,LIGHT,SHORT_DEEP_RUN_FILTER
focused_peak_b10_x70_e1_w10,1790885460000,MAINTAIN,,LIGHT,SHORT_DEEP_RUN_FILTER
focused_peak_b10_x70_e1_w10,1790885520000,MAINTAIN,,LIGHT,SHORT_DEEP_RUN_FILTER
focused_peak_b10_x70_e1_w10,1790885580000,EXIT,exit_sustained_rolling_motion,LIGHT,
focused_peak_b10_x70_e1_w10,1790885820000,ENTER,enter_stable_window,LIGHT,SHORT_DEEP_RUN_FILTER
focused_peak_b10_x70_e1_w10,1790885880000,MAINTAIN,,LIGHT,SHORT_DEEP_RUN_FILTER
focused_peak_b10_x70_e1_w10,1790885940000,MAINTAIN,,LIGHT,SHORT_DEEP_RUN_FILTER
focused_peak_b10_x70_e1_w10,1790886000000,MAINTAIN,,LIGHT,SHORT_DEEP_RUN_FILTER
focused_peak_b10_x70_e1_w10,1790886060000,MAINTAIN,,LIGHT,SHORT_DEEP_RUN_FILTER
focused_peak_b10_x70_e1_w10,1790886120000,EXIT,exit_sustained_rolling_motion,LIGHT,
focused_peak_b10_x70_e1_w10,1790886300000,ENTER,enter_stable_window,DEEP,
focused_peak_b10_x70_e1_w10,1790890260000,EXIT,exit_sustained_rolling_motion,LIGHT,
focused_peak_b10_x70_e1_w10,1790890560000,ENTER,enter_stable_window,DEEP,
focused_peak_b10_x70_e1_w10,1790891340000,EXIT,exit_sustained_rolling_motion,LIGHT,
focused_peak_b10_x70_e1_w10,1790892900000,ENTER,enter_stable_window,LIGHT,SHORT_DEEP_RUN_FILTER
focused_peak_b10_x70_e1_w10,1790892960000,MAINTAIN,,LIGHT,SHORT_DEEP_RUN_FILTER
focused_peak_b10_x70_e1_w10,1790893020000,MAINTAIN,,LIGHT,SHORT_DEEP_RUN_FILTER
focused_peak_b10_x70_e1_w10,1790893080000,MAINTAIN,,LIGHT,SHORT_DEEP_RUN_FILTER
focused_peak_b10_x70_e1_w10,1790893140000,MAINTAIN,,LIGHT,SHORT_DEEP_RUN_FILTER
focused_peak_b10_x70_e1_w10,1790893200000,MAINTAIN,,LIGHT,SHORT_DEEP_RUN_FILTER
focused_peak_b10_x70_e1_w10,1790893260000,MAINTAIN,,LIGHT,SHORT_DEEP_RUN_FILTER
focused_peak_b10_x70_e1_w10,1790893320000,EXIT,exit_sustained_rolling_motion,LIGHT,
focused_peak_b10_x70_e1_w10,1790893560000,ENTER,enter_stable_window,DEEP,
focused_peak_b10_x70_e1_w10,1790894340000,EXIT,exit_sustained_rolling_motion,LIGHT,
focused_peak_b10_x70_e1_w10,1790894580000,ENTER,enter_stable_window,LIGHT,SHORT_DEEP_RUN_FILTER
focused_peak_b10_x70_e1_w10,1790894640000,MAINTAIN,,LIGHT,SHORT_DEEP_RUN_FILTER
focused_peak_b10_x70_e1_w10,1790894700000,MAINTAIN,,LIGHT,SHORT_DEEP_RUN_FILTER
focused_peak_b10_x70_e1_w10,1790894760000,MAINTAIN,,LIGHT,SHORT_DEEP_RUN_FILTER
focused_peak_b10_x70_e1_w10,1790894820000,EXIT,exit_sustained_rolling_motion,LIGHT,
focused_peak_b10_x70_e1_w10,1790895060000,ENTER,enter_stable_window,DEEP,
focused_peak_b10_x70_e1_w10,1790896320000,EXIT,exit_missing_motion,LIGHT,
focused_peak_b10_x65_e3_w15,1790880180000,ENTER,enter_stable_window,DEEP,
focused_peak_b10_x65_e3_w15,1790881260000,EXIT,exit_sustained_rolling_motion,LIGHT,
focused_peak_b10_x65_e3_w15,1790881320000,ENTER,enter_stable_window,DEEP,
focused_peak_b10_x65_e3_w15,1790882100000,EXIT,exit_coupling_lost,LIGHT,
focused_peak_b10_x65_e3_w15,1790885460000,ENTER,enter_stable_window,LIGHT,SHORT_DEEP_RUN_FILTER
focused_peak_b10_x65_e3_w15,1790885520000,MAINTAIN,,LIGHT,SHORT_DEEP_RUN_FILTER
focused_peak_b10_x65_e3_w15,1790885580000,MAINTAIN,,LIGHT,SHORT_DEEP_RUN_FILTER
focused_peak_b10_x65_e3_w15,1790885640000,MAINTAIN,,LIGHT,SHORT_DEEP_RUN_FILTER
focused_peak_b10_x65_e3_w15,1790885700000,EXIT,exit_sustained_rolling_motion,LIGHT,
focused_peak_b10_x65_e3_w15,1790885820000,ENTER,enter_stable_window,LIGHT,SHORT_DEEP_RUN_FILTER
focused_peak_b10_x65_e3_w15,1790885880000,MAINTAIN,,LIGHT,SHORT_DEEP_RUN_FILTER
focused_peak_b10_x65_e3_w15,1790885940000,MAINTAIN,,LIGHT,SHORT_DEEP_RUN_FILTER
focused_peak_b10_x65_e3_w15,1790886000000,MAINTAIN,,LIGHT,SHORT_DEEP_RUN_FILTER
focused_peak_b10_x65_e3_w15,1790886060000,MAINTAIN,,LIGHT,SHORT_DEEP_RUN_FILTER
focused_peak_b10_x65_e3_w15,1790886120000,MAINTAIN,,LIGHT,SHORT_DEEP_RUN_FILTER
focused_peak_b10_x65_e3_w15,1790886180000,MAINTAIN,,LIGHT,SHORT_DEEP_RUN_FILTER
focused_peak_b10_x65_e3_w15,1790886240000,EXIT,exit_sustained_rolling_motion,LIGHT,
focused_peak_b10_x65_e3_w15,1790886300000,ENTER,enter_stable_window,DEEP,
focused_peak_b10_x65_e3_w15,1790890380000,EXIT,exit_sustained_rolling_motion,LIGHT,
focused_peak_b10_x65_e3_w15,1790890560000,ENTER,enter_stable_window,LIGHT,SHORT_DEEP_RUN_FILTER
focused_peak_b10_x65_e3_w15,1790890620000,MAINTAIN,,LIGHT,SHORT_DEEP_RUN_FILTER
focused_peak_b10_x65_e3_w15,1790890680000,MAINTAIN,,LIGHT,SHORT_DEEP_RUN_FILTER
focused_peak_b10_x65_e3_w15,1790890740000,MAINTAIN,,LIGHT,SHORT_DEEP_RUN_FILTER
focused_peak_b10_x65_e3_w15,1790890800000,MAINTAIN,,LIGHT,SHORT_DEEP_RUN_FILTER
focused_peak_b10_x65_e3_w15,1790890860000,MAINTAIN,,LIGHT,SHORT_DEEP_RUN_FILTER
focused_peak_b10_x65_e3_w15,1790890920000,EXIT,exit_sustained_rolling_motion,LIGHT,
focused_peak_b10_x65_e3_w15,1790891040000,ENTER,enter_stable_window,LIGHT,SHORT_DEEP_RUN_FILTER
focused_peak_b10_x65_e3_w15,1790891100000,MAINTAIN,,LIGHT,SHORT_DEEP_RUN_FILTER
focused_peak_b10_x65_e3_w15,1790891160000,MAINTAIN,,LIGHT,SHORT_DEEP_RUN_FILTER
focused_peak_b10_x65_e3_w15,1790891220000,MAINTAIN,,LIGHT,SHORT_DEEP_RUN_FILTER
focused_peak_b10_x65_e3_w15,1790891280000,MAINTAIN,,LIGHT,SHORT_DEEP_RUN_FILTER
focused_peak_b10_x65_e3_w15,1790891340000,MAINTAIN,,LIGHT,SHORT_DEEP_RUN_FILTER
focused_peak_b10_x65_e3_w15,1790891400000,EXIT,exit_sustained_rolling_motion,LIGHT,
focused_peak_b10_x65_e3_w15,1790893080000,ENTER,enter_stable_window,LIGHT,SHORT_DEEP_RUN_FILTER
focused_peak_b10_x65_e3_w15,1790893140000,MAINTAIN,,LIGHT,SHORT_DEEP_RUN_FILTER
focused_peak_b10_x65_e3_w15,1790893200000,MAINTAIN,,LIGHT,SHORT_DEEP_RUN_FILTER
focused_peak_b10_x65_e3_w15,1790893260000,MAINTAIN,,LIGHT,SHORT_DEEP_RUN_FILTER
focused_peak_b10_x65_e3_w15,1790893320000,MAINTAIN,,LIGHT,SHORT_DEEP_RUN_FILTER
focused_peak_b10_x65_e3_w15,1790893380000,MAINTAIN,,LIGHT,SHORT_DEEP_RUN_FILTER
focused_peak_b10_x65_e3_w15,1790893440000,EXIT,exit_sustained_rolling_motion,LIGHT,
focused_peak_b10_x65_e3_w15,1790893560000,ENTER,enter_stable_window,DEEP,
focused_peak_b10_x65_e3_w15,1790894460000,EXIT,exit_sustained_rolling_motion,LIGHT,
focused_peak_b10_x65_e3_w15,1790894580000,ENTER,enter_stable_window,LIGHT,SHORT_DEEP_RUN_FILTER
focused_peak_b10_x65_e3_w15,1790894640000,MAINTAIN,,LIGHT,SHORT_DEEP_RUN_FILTER
focused_peak_b10_x65_e3_w15,1790894700000,MAINTAIN,,LIGHT,SHORT_DEEP_RUN_FILTER
focused_peak_b10_x65_e3_w15,1790894760000,MAINTAIN,,LIGHT,SHORT_DEEP_RUN_FILTER
focused_peak_b10_x65_e3_w15,1790894820000,MAINTAIN,,LIGHT,SHORT_DEEP_RUN_FILTER
focused_peak_b10_x65_e3_w15,1790894880000,MAINTAIN,,LIGHT,SHORT_DEEP_RUN_FILTER
focused_peak_b10_x65_e3_w15,1790894940000,EXIT,exit_sustained_rolling_motion,LIGHT,
focused_peak_b10_x65_e3_w15,1790895180000,ENTER,enter_stable_window,DEEP,
focused_peak_b10_x65_e3_w15,1790896320000,EXIT,exit_missing_motion,LIGHT,
focused_peak_b10_x65_e3_w10,1790879940000,ENTER,enter_stable_window,DEEP,
focused_peak_b10_x65_e3_w10,1790881260000,EXIT,exit_sustained_rolling_motion,LIGHT,
focused_peak_b10_x65_e3_w10,1790881320000,ENTER,enter_stable_window,DEEP,
focused_peak_b10_x65_e3_w10,1790882100000,EXIT,exit_coupling_lost,LIGHT,
focused_peak_b10_x65_e3_w10,1790885160000,ENTER,enter_stable_window,LIGHT,SHORT_DEEP_RUN_FILTER
focused_peak_b10_x65_e3_w10,1790885220000,MAINTAIN,,LIGHT,SHORT_DEEP_RUN_FILTER
focused_peak_b10_x65_e3_w10,1790885280000,MAINTAIN,,LIGHT,SHORT_DEEP_RUN_FILTER
focused_peak_b10_x65_e3_w10,1790885340000,MAINTAIN,,LIGHT,SHORT_DEEP_RUN_FILTER
focused_peak_b10_x65_e3_w10,1790885400000,MAINTAIN,,LIGHT,SHORT_DEEP_RUN_FILTER
focused_peak_b10_x65_e3_w10,1790885460000,MAINTAIN,,LIGHT,SHORT_DEEP_RUN_FILTER
focused_peak_b10_x65_e3_w10,1790885520000,MAINTAIN,,LIGHT,SHORT_DEEP_RUN_FILTER
focused_peak_b10_x65_e3_w10,1790885580000,MAINTAIN,,LIGHT,SHORT_DEEP_RUN_FILTER
focused_peak_b10_x65_e3_w10,1790885640000,MAINTAIN,,LIGHT,SHORT_DEEP_RUN_FILTER
focused_peak_b10_x65_e3_w10,1790885700000,EXIT,exit_sustained_rolling_motion,LIGHT,
focused_peak_b10_x65_e3_w10,1790885820000,ENTER,enter_stable_window,LIGHT,SHORT_DEEP_RUN_FILTER
focused_peak_b10_x65_e3_w10,1790885880000,MAINTAIN,,LIGHT,SHORT_DEEP_RUN_FILTER
focused_peak_b10_x65_e3_w10,1790885940000,MAINTAIN,,LIGHT,SHORT_DEEP_RUN_FILTER
focused_peak_b10_x65_e3_w10,1790886000000,MAINTAIN,,LIGHT,SHORT_DEEP_RUN_FILTER
focused_peak_b10_x65_e3_w10,1790886060000,MAINTAIN,,LIGHT,SHORT_DEEP_RUN_FILTER
focused_peak_b10_x65_e3_w10,1790886120000,MAINTAIN,,LIGHT,SHORT_DEEP_RUN_FILTER
focused_peak_b10_x65_e3_w10,1790886180000,MAINTAIN,,LIGHT,SHORT_DEEP_RUN_FILTER
focused_peak_b10_x65_e3_w10,1790886240000,EXIT,exit_sustained_rolling_motion,LIGHT,
focused_peak_b10_x65_e3_w10,1790886300000,ENTER,enter_stable_window,DEEP,
focused_peak_b10_x65_e3_w10,1790890380000,EXIT,exit_sustained_rolling_motion,LIGHT,
focused_peak_b10_x65_e3_w10,1790890560000,ENTER,enter_stable_window,LIGHT,SHORT_DEEP_RUN_FILTER
focused_peak_b10_x65_e3_w10,1790890620000,MAINTAIN,,LIGHT,SHORT_DEEP_RUN_FILTER
focused_peak_b10_x65_e3_w10,1790890680000,MAINTAIN,,LIGHT,SHORT_DEEP_RUN_FILTER
focused_peak_b10_x65_e3_w10,1790890740000,MAINTAIN,,LIGHT,SHORT_DEEP_RUN_FILTER
focused_peak_b10_x65_e3_w10,1790890800000,MAINTAIN,,LIGHT,SHORT_DEEP_RUN_FILTER
focused_peak_b10_x65_e3_w10,1790890860000,MAINTAIN,,LIGHT,SHORT_DEEP_RUN_FILTER
focused_peak_b10_x65_e3_w10,1790890920000,EXIT,exit_sustained_rolling_motion,LIGHT,
focused_peak_b10_x65_e3_w10,1790890980000,ENTER,enter_stable_window,LIGHT,SHORT_DEEP_RUN_FILTER
focused_peak_b10_x65_e3_w10,1790891040000,MAINTAIN,,LIGHT,SHORT_DEEP_RUN_FILTER
focused_peak_b10_x65_e3_w10,1790891100000,MAINTAIN,,LIGHT,SHORT_DEEP_RUN_FILTER
focused_peak_b10_x65_e3_w10,1790891160000,MAINTAIN,,LIGHT,SHORT_DEEP_RUN_FILTER
focused_peak_b10_x65_e3_w10,1790891220000,MAINTAIN,,LIGHT,SHORT_DEEP_RUN_FILTER
focused_peak_b10_x65_e3_w10,1790891280000,MAINTAIN,,LIGHT,SHORT_DEEP_RUN_FILTER
focused_peak_b10_x65_e3_w10,1790891340000,MAINTAIN,,LIGHT,SHORT_DEEP_RUN_FILTER
focused_peak_b10_x65_e3_w10,1790891400000,EXIT,exit_sustained_rolling_motion,LIGHT,
focused_peak_b10_x65_e3_w10,1790892900000,ENTER,enter_stable_window,LIGHT,SHORT_DEEP_RUN_FILTER
focused_peak_b10_x65_e3_w10,1790892960000,MAINTAIN,,LIGHT,SHORT_DEEP_RUN_FILTER
focused_peak_b10_x65_e3_w10,1790893020000,MAINTAIN,,LIGHT,SHORT_DEEP_RUN_FILTER
focused_peak_b10_x65_e3_w10,1790893080000,MAINTAIN,,LIGHT,SHORT_DEEP_RUN_FILTER
focused_peak_b10_x65_e3_w10,1790893140000,MAINTAIN,,LIGHT,SHORT_DEEP_RUN_FILTER
focused_peak_b10_x65_e3_w10,1790893200000,MAINTAIN,,LIGHT,SHORT_DEEP_RUN_FILTER
focused_peak_b10_x65_e3_w10,1790893260000,MAINTAIN,,LIGHT,SHORT_DEEP_RUN_FILTER
focused_peak_b10_x65_e3_w10,1790893320000,MAINTAIN,,LIGHT,SHORT_DEEP_RUN_FILTER
focused_peak_b10_x65_e3_w10,1790893380000,MAINTAIN,,LIGHT,SHORT_DEEP_RUN_FILTER
focused_peak_b10_x65_e3_w10,1790893440000,EXIT,exit_sustained_rolling_motion,LIGHT,
focused_peak_b10_x65_e3_w10,1790893560000,ENTER,enter_stable_window,DEEP,
focused_peak_b10_x65_e3_w10,1790894460000,EXIT,exit_sustained_rolling_motion,LIGHT,
focused_peak_b10_x65_e3_w10,1790894580000,ENTER,enter_stable_window,LIGHT,SHORT_DEEP_RUN_FILTER
focused_peak_b10_x65_e3_w10,1790894640000,MAINTAIN,,LIGHT,SHORT_DEEP_RUN_FILTER
focused_peak_b10_x65_e3_w10,1790894700000,MAINTAIN,,LIGHT,SHORT_DEEP_RUN_FILTER
focused_peak_b10_x65_e3_w10,1790894760000,MAINTAIN,,LIGHT,SHORT_DEEP_RUN_FILTER
focused_peak_b10_x65_e3_w10,1790894820000,MAINTAIN,,LIGHT,SHORT_DEEP_RUN_FILTER
focused_peak_b10_x65_e3_w10,1790894880000,MAINTAIN,,LIGHT,SHORT_DEEP_RUN_FILTER
focused_peak_b10_x65_e3_w10,1790894940000,EXIT,exit_sustained_rolling_motion,LIGHT,
focused_peak_b10_x65_e3_w10,1790895060000,ENTER,enter_stable_window,DEEP,
focused_peak_b10_x65_e3_w10,1790896320000,EXIT,exit_missing_motion,LIGHT,
focused_peak_b10_x65_e2_w15,1790880180000,ENTER,enter_stable_window,DEEP,
focused_peak_b10_x65_e2_w15,1790881200000,EXIT,exit_sustained_rolling_motion,LIGHT,
focused_peak_b10_x65_e2_w15,1790881260000,ENTER,enter_stable_window,DEEP,
focused_peak_b10_x65_e2_w15,1790882100000,EXIT,exit_coupling_lost,LIGHT,
focused_peak_b10_x65_e2_w15,1790885460000,ENTER,enter_stable_window,LIGHT,SHORT_DEEP_RUN_FILTER
focused_peak_b10_x65_e2_w15,1790885520000,MAINTAIN,,LIGHT,SHORT_DEEP_RUN_FILTER
focused_peak_b10_x65_e2_w15,1790885580000,MAINTAIN,,LIGHT,SHORT_DEEP_RUN_FILTER
focused_peak_b10_x65_e2_w15,1790885640000,EXIT,exit_sustained_rolling_motion,LIGHT,
focused_peak_b10_x65_e2_w15,1790885820000,ENTER,enter_stable_window,LIGHT,SHORT_DEEP_RUN_FILTER
focused_peak_b10_x65_e2_w15,1790885880000,MAINTAIN,,LIGHT,SHORT_DEEP_RUN_FILTER
focused_peak_b10_x65_e2_w15,1790885940000,MAINTAIN,,LIGHT,SHORT_DEEP_RUN_FILTER
focused_peak_b10_x65_e2_w15,1790886000000,MAINTAIN,,LIGHT,SHORT_DEEP_RUN_FILTER
focused_peak_b10_x65_e2_w15,1790886060000,MAINTAIN,,LIGHT,SHORT_DEEP_RUN_FILTER
focused_peak_b10_x65_e2_w15,1790886120000,MAINTAIN,,LIGHT,SHORT_DEEP_RUN_FILTER
focused_peak_b10_x65_e2_w15,1790886180000,EXIT,exit_sustained_rolling_motion,LIGHT,
focused_peak_b10_x65_e2_w15,1790886300000,ENTER,enter_stable_window,DEEP,
focused_peak_b10_x65_e2_w15,1790890320000,EXIT,exit_sustained_rolling_motion,LIGHT,
focused_peak_b10_x65_e2_w15,1790890560000,ENTER,enter_stable_window,LIGHT,SHORT_DEEP_RUN_FILTER
focused_peak_b10_x65_e2_w15,1790890620000,MAINTAIN,,LIGHT,SHORT_DEEP_RUN_FILTER
focused_peak_b10_x65_e2_w15,1790890680000,MAINTAIN,,LIGHT,SHORT_DEEP_RUN_FILTER
focused_peak_b10_x65_e2_w15,1790890740000,MAINTAIN,,LIGHT,SHORT_DEEP_RUN_FILTER
focused_peak_b10_x65_e2_w15,1790890800000,MAINTAIN,,LIGHT,SHORT_DEEP_RUN_FILTER
focused_peak_b10_x65_e2_w15,1790890860000,EXIT,exit_sustained_rolling_motion,LIGHT,
focused_peak_b10_x65_e2_w15,1790891040000,ENTER,enter_stable_window,LIGHT,SHORT_DEEP_RUN_FILTER
focused_peak_b10_x65_e2_w15,1790891100000,MAINTAIN,,LIGHT,SHORT_DEEP_RUN_FILTER
focused_peak_b10_x65_e2_w15,1790891160000,MAINTAIN,,LIGHT,SHORT_DEEP_RUN_FILTER
focused_peak_b10_x65_e2_w15,1790891220000,MAINTAIN,,LIGHT,SHORT_DEEP_RUN_FILTER
focused_peak_b10_x65_e2_w15,1790891280000,MAINTAIN,,LIGHT,SHORT_DEEP_RUN_FILTER
focused_peak_b10_x65_e2_w15,1790891340000,EXIT,exit_sustained_rolling_motion,LIGHT,
focused_peak_b10_x65_e2_w15,1790893080000,ENTER,enter_stable_window,LIGHT,SHORT_DEEP_RUN_FILTER
focused_peak_b10_x65_e2_w15,1790893140000,MAINTAIN,,LIGHT,SHORT_DEEP_RUN_FILTER
focused_peak_b10_x65_e2_w15,1790893200000,MAINTAIN,,LIGHT,SHORT_DEEP_RUN_FILTER
focused_peak_b10_x65_e2_w15,1790893260000,MAINTAIN,,LIGHT,SHORT_DEEP_RUN_FILTER
focused_peak_b10_x65_e2_w15,1790893320000,MAINTAIN,,LIGHT,SHORT_DEEP_RUN_FILTER
focused_peak_b10_x65_e2_w15,1790893380000,EXIT,exit_sustained_rolling_motion,LIGHT,
focused_peak_b10_x65_e2_w15,1790893560000,ENTER,enter_stable_window,DEEP,
focused_peak_b10_x65_e2_w15,1790894400000,EXIT,exit_sustained_rolling_motion,LIGHT,
focused_peak_b10_x65_e2_w15,1790894580000,ENTER,enter_stable_window,LIGHT,SHORT_DEEP_RUN_FILTER
focused_peak_b10_x65_e2_w15,1790894640000,MAINTAIN,,LIGHT,SHORT_DEEP_RUN_FILTER
focused_peak_b10_x65_e2_w15,1790894700000,MAINTAIN,,LIGHT,SHORT_DEEP_RUN_FILTER
focused_peak_b10_x65_e2_w15,1790894760000,MAINTAIN,,LIGHT,SHORT_DEEP_RUN_FILTER
focused_peak_b10_x65_e2_w15,1790894820000,MAINTAIN,,LIGHT,SHORT_DEEP_RUN_FILTER
focused_peak_b10_x65_e2_w15,1790894880000,EXIT,exit_sustained_rolling_motion,LIGHT,
focused_peak_b10_x65_e2_w15,1790895180000,ENTER,enter_stable_window,DEEP,
focused_peak_b10_x65_e2_w15,1790896320000,EXIT,exit_missing_motion,LIGHT,
focused_peak_b10_x65_e2_w10,1790879940000,ENTER,enter_stable_window,LIGHT,SHORT_DEEP_RUN_FILTER
focused_peak_b10_x65_e2_w10,1790880000000,MAINTAIN,,LIGHT,SHORT_DEEP_RUN_FILTER
focused_peak_b10_x65_e2_w10,1790880060000,EXIT,exit_sustained_rolling_motion,LIGHT,
focused_peak_b10_x65_e2_w10,1790880120000,ENTER,enter_stable_window,DEEP,
focused_peak_b10_x65_e2_w10,1790881200000,EXIT,exit_sustained_rolling_motion,LIGHT,
focused_peak_b10_x65_e2_w10,1790881260000,ENTER,enter_stable_window,DEEP,
focused_peak_b10_x65_e2_w10,1790882100000,EXIT,exit_coupling_lost,LIGHT,
focused_peak_b10_x65_e2_w10,1790885160000,ENTER,enter_stable_window,LIGHT,SHORT_DEEP_RUN_FILTER
focused_peak_b10_x65_e2_w10,1790885220000,MAINTAIN,,LIGHT,SHORT_DEEP_RUN_FILTER
focused_peak_b10_x65_e2_w10,1790885280000,MAINTAIN,,LIGHT,SHORT_DEEP_RUN_FILTER
focused_peak_b10_x65_e2_w10,1790885340000,MAINTAIN,,LIGHT,SHORT_DEEP_RUN_FILTER
focused_peak_b10_x65_e2_w10,1790885400000,MAINTAIN,,LIGHT,SHORT_DEEP_RUN_FILTER
focused_peak_b10_x65_e2_w10,1790885460000,MAINTAIN,,LIGHT,SHORT_DEEP_RUN_FILTER
focused_peak_b10_x65_e2_w10,1790885520000,MAINTAIN,,LIGHT,SHORT_DEEP_RUN_FILTER
focused_peak_b10_x65_e2_w10,1790885580000,MAINTAIN,,LIGHT,SHORT_DEEP_RUN_FILTER
focused_peak_b10_x65_e2_w10,1790885640000,EXIT,exit_sustained_rolling_motion,LIGHT,
focused_peak_b10_x65_e2_w10,1790885820000,ENTER,enter_stable_window,LIGHT,SHORT_DEEP_RUN_FILTER
focused_peak_b10_x65_e2_w10,1790885880000,MAINTAIN,,LIGHT,SHORT_DEEP_RUN_FILTER
focused_peak_b10_x65_e2_w10,1790885940000,MAINTAIN,,LIGHT,SHORT_DEEP_RUN_FILTER
focused_peak_b10_x65_e2_w10,1790886000000,MAINTAIN,,LIGHT,SHORT_DEEP_RUN_FILTER
focused_peak_b10_x65_e2_w10,1790886060000,MAINTAIN,,LIGHT,SHORT_DEEP_RUN_FILTER
focused_peak_b10_x65_e2_w10,1790886120000,MAINTAIN,,LIGHT,SHORT_DEEP_RUN_FILTER
focused_peak_b10_x65_e2_w10,1790886180000,EXIT,exit_sustained_rolling_motion,LIGHT,
focused_peak_b10_x65_e2_w10,1790886300000,ENTER,enter_stable_window,DEEP,
focused_peak_b10_x65_e2_w10,1790890320000,EXIT,exit_sustained_rolling_motion,LIGHT,
focused_peak_b10_x65_e2_w10,1790890560000,ENTER,enter_stable_window,LIGHT,SHORT_DEEP_RUN_FILTER
focused_peak_b10_x65_e2_w10,1790890620000,MAINTAIN,,LIGHT,SHORT_DEEP_RUN_FILTER
focused_peak_b10_x65_e2_w10,1790890680000,MAINTAIN,,LIGHT,SHORT_DEEP_RUN_FILTER
focused_peak_b10_x65_e2_w10,1790890740000,MAINTAIN,,LIGHT,SHORT_DEEP_RUN_FILTER
focused_peak_b10_x65_e2_w10,1790890800000,MAINTAIN,,LIGHT,SHORT_DEEP_RUN_FILTER
focused_peak_b10_x65_e2_w10,1790890860000,EXIT,exit_sustained_rolling_motion,LIGHT,
focused_peak_b10_x65_e2_w10,1790890920000,ENTER,enter_stable_window,LIGHT,SHORT_DEEP_RUN_FILTER
focused_peak_b10_x65_e2_w10,1790890980000,MAINTAIN,,LIGHT,SHORT_DEEP_RUN_FILTER
focused_peak_b10_x65_e2_w10,1790891040000,MAINTAIN,,LIGHT,SHORT_DEEP_RUN_FILTER
focused_peak_b10_x65_e2_w10,1790891100000,MAINTAIN,,LIGHT,SHORT_DEEP_RUN_FILTER
focused_peak_b10_x65_e2_w10,1790891160000,MAINTAIN,,LIGHT,SHORT_DEEP_RUN_FILTER
focused_peak_b10_x65_e2_w10,1790891220000,MAINTAIN,,LIGHT,SHORT_DEEP_RUN_FILTER
focused_peak_b10_x65_e2_w10,1790891280000,MAINTAIN,,LIGHT,SHORT_DEEP_RUN_FILTER
focused_peak_b10_x65_e2_w10,1790891340000,EXIT,exit_sustained_rolling_motion,LIGHT,
focused_peak_b10_x65_e2_w10,1790892900000,ENTER,enter_stable_window,LIGHT,SHORT_DEEP_RUN_FILTER
focused_peak_b10_x65_e2_w10,1790892960000,MAINTAIN,,LIGHT,SHORT_DEEP_RUN_FILTER
focused_peak_b10_x65_e2_w10,1790893020000,MAINTAIN,,LIGHT,SHORT_DEEP_RUN_FILTER
focused_peak_b10_x65_e2_w10,1790893080000,MAINTAIN,,LIGHT,SHORT_DEEP_RUN_FILTER
focused_peak_b10_x65_e2_w10,1790893140000,MAINTAIN,,LIGHT,SHORT_DEEP_RUN_FILTER
focused_peak_b10_x65_e2_w10,1790893200000,MAINTAIN,,LIGHT,SHORT_DEEP_RUN_FILTER
focused_peak_b10_x65_e2_w10,1790893260000,MAINTAIN,,LIGHT,SHORT_DEEP_RUN_FILTER
focused_peak_b10_x65_e2_w10,1790893320000,MAINTAIN,,LIGHT,SHORT_DEEP_RUN_FILTER
focused_peak_b10_x65_e2_w10,1790893380000,EXIT,exit_sustained_rolling_motion,LIGHT,
focused_peak_b10_x65_e2_w10,1790893560000,ENTER,enter_stable_window,DEEP,
focused_peak_b10_x65_e2_w10,1790894400000,EXIT,exit_sustained_rolling_motion,LIGHT,
focused_peak_b10_x65_e2_w10,1790894580000,ENTER,enter_stable_window,LIGHT,SHORT_DEEP_RUN_FILTER
focused_peak_b10_x65_e2_w10,1790894640000,MAINTAIN,,LIGHT,SHORT_DEEP_RUN_FILTER
focused_peak_b10_x65_e2_w10,1790894700000,MAINTAIN,,LIGHT,SHORT_DEEP_RUN_FILTER
focused_peak_b10_x65_e2_w10,1790894760000,MAINTAIN,,LIGHT,SHORT_DEEP_RUN_FILTER
focused_peak_b10_x65_e2_w10,1790894820000,MAINTAIN,,LIGHT,SHORT_DEEP_RUN_FILTER
focused_peak_b10_x65_e2_w10,1790894880000,EXIT,exit_sustained_rolling_motion,LIGHT,
focused_peak_b10_x65_e2_w10,1790895060000,ENTER,enter_stable_window,DEEP,
focused_peak_b10_x65_e2_w10,1790896320000,EXIT,exit_missing_motion,LIGHT,
focused_peak_b10_x65_e1_w15,1790880180000,ENTER,enter_stable_window,DEEP,
focused_peak_b10_x65_e1_w15,1790881140000,EXIT,exit_sustained_rolling_motion,LIGHT,
focused_peak_b10_x65_e1_w15,1790881200000,ENTER,enter_stable_window,LIGHT,SHORT_DEEP_RUN_FILTER
focused_peak_b10_x65_e1_w15,1790881260000,EXIT,exit_sustained_rolling_motion,LIGHT,
focused_peak_b10_x65_e1_w15,1790881320000,ENTER,enter_stable_window,DEEP,
focused_peak_b10_x65_e1_w15,1790882100000,EXIT,exit_coupling_lost,LIGHT,
focused_peak_b10_x65_e1_w15,1790885460000,ENTER,enter_stable_window,LIGHT,SHORT_DEEP_RUN_FILTER
focused_peak_b10_x65_e1_w15,1790885520000,MAINTAIN,,LIGHT,SHORT_DEEP_RUN_FILTER
focused_peak_b10_x65_e1_w15,1790885580000,EXIT,exit_sustained_rolling_motion,LIGHT,
focused_peak_b10_x65_e1_w15,1790885820000,ENTER,enter_stable_window,LIGHT,SHORT_DEEP_RUN_FILTER
focused_peak_b10_x65_e1_w15,1790885880000,MAINTAIN,,LIGHT,SHORT_DEEP_RUN_FILTER
focused_peak_b10_x65_e1_w15,1790885940000,MAINTAIN,,LIGHT,SHORT_DEEP_RUN_FILTER
focused_peak_b10_x65_e1_w15,1790886000000,MAINTAIN,,LIGHT,SHORT_DEEP_RUN_FILTER
focused_peak_b10_x65_e1_w15,1790886060000,MAINTAIN,,LIGHT,SHORT_DEEP_RUN_FILTER
focused_peak_b10_x65_e1_w15,1790886120000,EXIT,exit_sustained_rolling_motion,LIGHT,
focused_peak_b10_x65_e1_w15,1790886300000,ENTER,enter_stable_window,DEEP,
focused_peak_b10_x65_e1_w15,1790890260000,EXIT,exit_sustained_rolling_motion,LIGHT,
focused_peak_b10_x65_e1_w15,1790890560000,ENTER,enter_stable_window,LIGHT,SHORT_DEEP_RUN_FILTER
focused_peak_b10_x65_e1_w15,1790890620000,MAINTAIN,,LIGHT,SHORT_DEEP_RUN_FILTER
focused_peak_b10_x65_e1_w15,1790890680000,MAINTAIN,,LIGHT,SHORT_DEEP_RUN_FILTER
focused_peak_b10_x65_e1_w15,1790890740000,MAINTAIN,,LIGHT,SHORT_DEEP_RUN_FILTER
focused_peak_b10_x65_e1_w15,1790890800000,EXIT,exit_sustained_rolling_motion,LIGHT,
focused_peak_b10_x65_e1_w15,1790891040000,ENTER,enter_stable_window,LIGHT,SHORT_DEEP_RUN_FILTER
focused_peak_b10_x65_e1_w15,1790891100000,MAINTAIN,,LIGHT,SHORT_DEEP_RUN_FILTER
focused_peak_b10_x65_e1_w15,1790891160000,MAINTAIN,,LIGHT,SHORT_DEEP_RUN_FILTER
focused_peak_b10_x65_e1_w15,1790891220000,MAINTAIN,,LIGHT,SHORT_DEEP_RUN_FILTER
focused_peak_b10_x65_e1_w15,1790891280000,EXIT,exit_sustained_rolling_motion,LIGHT,
focused_peak_b10_x65_e1_w15,1790893080000,ENTER,enter_stable_window,LIGHT,SHORT_DEEP_RUN_FILTER
focused_peak_b10_x65_e1_w15,1790893140000,MAINTAIN,,LIGHT,SHORT_DEEP_RUN_FILTER
focused_peak_b10_x65_e1_w15,1790893200000,MAINTAIN,,LIGHT,SHORT_DEEP_RUN_FILTER
focused_peak_b10_x65_e1_w15,1790893260000,MAINTAIN,,LIGHT,SHORT_DEEP_RUN_FILTER
focused_peak_b10_x65_e1_w15,1790893320000,EXIT,exit_sustained_rolling_motion,LIGHT,
focused_peak_b10_x65_e1_w15,1790893560000,ENTER,enter_stable_window,DEEP,
focused_peak_b10_x65_e1_w15,1790894340000,EXIT,exit_sustained_rolling_motion,LIGHT,
focused_peak_b10_x65_e1_w15,1790894580000,ENTER,enter_stable_window,LIGHT,SHORT_DEEP_RUN_FILTER
focused_peak_b10_x65_e1_w15,1790894640000,MAINTAIN,,LIGHT,SHORT_DEEP_RUN_FILTER
focused_peak_b10_x65_e1_w15,1790894700000,MAINTAIN,,LIGHT,SHORT_DEEP_RUN_FILTER
focused_peak_b10_x65_e1_w15,1790894760000,MAINTAIN,,LIGHT,SHORT_DEEP_RUN_FILTER
focused_peak_b10_x65_e1_w15,1790894820000,EXIT,exit_sustained_rolling_motion,LIGHT,
focused_peak_b10_x65_e1_w15,1790895180000,ENTER,enter_stable_window,DEEP,
focused_peak_b10_x65_e1_w15,1790896320000,EXIT,exit_missing_motion,LIGHT,
focused_peak_b10_x65_e1_w10,1790879940000,ENTER,enter_stable_window,LIGHT,SHORT_DEEP_RUN_FILTER
focused_peak_b10_x65_e1_w10,1790880000000,EXIT,exit_sustained_rolling_motion,LIGHT,
focused_peak_b10_x65_e1_w10,1790880060000,ENTER,enter_stable_window,DEEP,
focused_peak_b10_x65_e1_w10,1790881140000,EXIT,exit_sustained_rolling_motion,LIGHT,
focused_peak_b10_x65_e1_w10,1790881200000,ENTER,enter_stable_window,LIGHT,SHORT_DEEP_RUN_FILTER
focused_peak_b10_x65_e1_w10,1790881260000,EXIT,exit_sustained_rolling_motion,LIGHT,
focused_peak_b10_x65_e1_w10,1790881320000,ENTER,enter_stable_window,DEEP,
focused_peak_b10_x65_e1_w10,1790882100000,EXIT,exit_coupling_lost,LIGHT,
focused_peak_b10_x65_e1_w10,1790885160000,ENTER,enter_stable_window,LIGHT,SHORT_DEEP_RUN_FILTER
focused_peak_b10_x65_e1_w10,1790885220000,MAINTAIN,,LIGHT,SHORT_DEEP_RUN_FILTER
focused_peak_b10_x65_e1_w10,1790885280000,MAINTAIN,,LIGHT,SHORT_DEEP_RUN_FILTER
focused_peak_b10_x65_e1_w10,1790885340000,MAINTAIN,,LIGHT,SHORT_DEEP_RUN_FILTER
focused_peak_b10_x65_e1_w10,1790885400000,MAINTAIN,,LIGHT,SHORT_DEEP_RUN_FILTER
focused_peak_b10_x65_e1_w10,1790885460000,MAINTAIN,,LIGHT,SHORT_DEEP_RUN_FILTER
focused_peak_b10_x65_e1_w10,1790885520000,MAINTAIN,,LIGHT,SHORT_DEEP_RUN_FILTER
focused_peak_b10_x65_e1_w10,1790885580000,EXIT,exit_sustained_rolling_motion,LIGHT,
focused_peak_b10_x65_e1_w10,1790885820000,ENTER,enter_stable_window,LIGHT,SHORT_DEEP_RUN_FILTER
focused_peak_b10_x65_e1_w10,1790885880000,MAINTAIN,,LIGHT,SHORT_DEEP_RUN_FILTER
focused_peak_b10_x65_e1_w10,1790885940000,MAINTAIN,,LIGHT,SHORT_DEEP_RUN_FILTER
focused_peak_b10_x65_e1_w10,1790886000000,MAINTAIN,,LIGHT,SHORT_DEEP_RUN_FILTER
focused_peak_b10_x65_e1_w10,1790886060000,MAINTAIN,,LIGHT,SHORT_DEEP_RUN_FILTER
focused_peak_b10_x65_e1_w10,1790886120000,EXIT,exit_sustained_rolling_motion,LIGHT,
focused_peak_b10_x65_e1_w10,1790886300000,ENTER,enter_stable_window,DEEP,
focused_peak_b10_x65_e1_w10,1790890260000,EXIT,exit_sustained_rolling_motion,LIGHT,
focused_peak_b10_x65_e1_w10,1790890560000,ENTER,enter_stable_window,LIGHT,SHORT_DEEP_RUN_FILTER
focused_peak_b10_x65_e1_w10,1790890620000,MAINTAIN,,LIGHT,SHORT_DEEP_RUN_FILTER
focused_peak_b10_x65_e1_w10,1790890680000,MAINTAIN,,LIGHT,SHORT_DEEP_RUN_FILTER
focused_peak_b10_x65_e1_w10,1790890740000,MAINTAIN,,LIGHT,SHORT_DEEP_RUN_FILTER
focused_peak_b10_x65_e1_w10,1790890800000,EXIT,exit_sustained_rolling_motion,LIGHT,
focused_peak_b10_x65_e1_w10,1790890860000,ENTER,enter_stable_window,LIGHT,SHORT_DEEP_RUN_FILTER
focused_peak_b10_x65_e1_w10,1790890920000,EXIT,exit_sustained_rolling_motion,LIGHT,
focused_peak_b10_x65_e1_w10,1790890980000,ENTER,enter_stable_window,LIGHT,SHORT_DEEP_RUN_FILTER
focused_peak_b10_x65_e1_w10,1790891040000,MAINTAIN,,LIGHT,SHORT_DEEP_RUN_FILTER
focused_peak_b10_x65_e1_w10,1790891100000,MAINTAIN,,LIGHT,SHORT_DEEP_RUN_FILTER
focused_peak_b10_x65_e1_w10,1790891160000,MAINTAIN,,LIGHT,SHORT_DEEP_RUN_FILTER
focused_peak_b10_x65_e1_w10,1790891220000,MAINTAIN,,LIGHT,SHORT_DEEP_RUN_FILTER
focused_peak_b10_x65_e1_w10,1790891280000,EXIT,exit_sustained_rolling_motion,LIGHT,
focused_peak_b10_x65_e1_w10,1790892900000,ENTER,enter_stable_window,LIGHT,SHORT_DEEP_RUN_FILTER
focused_peak_b10_x65_e1_w10,1790892960000,MAINTAIN,,LIGHT,SHORT_DEEP_RUN_FILTER
focused_peak_b10_x65_e1_w10,1790893020000,MAINTAIN,,LIGHT,SHORT_DEEP_RUN_FILTER
focused_peak_b10_x65_e1_w10,1790893080000,MAINTAIN,,LIGHT,SHORT_DEEP_RUN_FILTER
focused_peak_b10_x65_e1_w10,1790893140000,MAINTAIN,,LIGHT,SHORT_DEEP_RUN_FILTER
focused_peak_b10_x65_e1_w10,1790893200000,MAINTAIN,,LIGHT,SHORT_DEEP_RUN_FILTER
focused_peak_b10_x65_e1_w10,1790893260000,MAINTAIN,,LIGHT,SHORT_DEEP_RUN_FILTER
focused_peak_b10_x65_e1_w10,1790893320000,EXIT,exit_sustained_rolling_motion,LIGHT,
focused_peak_b10_x65_e1_w10,1790893560000,ENTER,enter_stable_window,DEEP,
focused_peak_b10_x65_e1_w10,1790894340000,EXIT,exit_sustained_rolling_motion,LIGHT,
focused_peak_b10_x65_e1_w10,1790894580000,ENTER,enter_stable_window,LIGHT,SHORT_DEEP_RUN_FILTER
focused_peak_b10_x65_e1_w10,1790894640000,MAINTAIN,,LIGHT,SHORT_DEEP_RUN_FILTER
focused_peak_b10_x65_e1_w10,1790894700000,MAINTAIN,,LIGHT,SHORT_DEEP_RUN_FILTER
focused_peak_b10_x65_e1_w10,1790894760000,MAINTAIN,,LIGHT,SHORT_DEEP_RUN_FILTER
focused_peak_b10_x65_e1_w10,1790894820000,EXIT,exit_sustained_rolling_motion,LIGHT,
focused_peak_b10_x65_e1_w10,1790895060000,ENTER,enter_stable_window,DEEP,
focused_peak_b10_x65_e1_w10,1790896320000,EXIT,exit_missing_motion,LIGHT,
focused_peak_b10_x50_e3_w15,1790880180000,ENTER,enter_stable_window,LIGHT,SHORT_DEEP_RUN_FILTER
focused_peak_b10_x50_e3_w15,1790880240000,MAINTAIN,,LIGHT,SHORT_DEEP_RUN_FILTER
focused_peak_b10_x50_e3_w15,1790880300000,MAINTAIN,,LIGHT,SHORT_DEEP_RUN_FILTER
focused_peak_b10_x50_e3_w15,1790880360000,EXIT,exit_sustained_rolling_motion,LIGHT,
focused_peak_b10_x50_e3_w15,1790880420000,ENTER,enter_stable_window,LIGHT,SHORT_DEEP_RUN_FILTER
focused_peak_b10_x50_e3_w15,1790880480000,MAINTAIN,,LIGHT,SHORT_DEEP_RUN_FILTER
focused_peak_b10_x50_e3_w15,1790880540000,MAINTAIN,,LIGHT,SHORT_DEEP_RUN_FILTER
focused_peak_b10_x50_e3_w15,1790880600000,EXIT,exit_sustained_rolling_motion,LIGHT,
focused_peak_b10_x50_e3_w15,1790880660000,ENTER,enter_stable_window,LIGHT,SHORT_DEEP_RUN_FILTER
focused_peak_b10_x50_e3_w15,1790880720000,MAINTAIN,,LIGHT,SHORT_DEEP_RUN_FILTER
focused_peak_b10_x50_e3_w15,1790880780000,MAINTAIN,,LIGHT,SHORT_DEEP_RUN_FILTER
focused_peak_b10_x50_e3_w15,1790880840000,EXIT,exit_sustained_rolling_motion,LIGHT,
focused_peak_b10_x50_e3_w15,1790880900000,ENTER,enter_stable_window,LIGHT,SHORT_DEEP_RUN_FILTER
focused_peak_b10_x50_e3_w15,1790880960000,MAINTAIN,,LIGHT,SHORT_DEEP_RUN_FILTER
focused_peak_b10_x50_e3_w15,1790881020000,MAINTAIN,,LIGHT,SHORT_DEEP_RUN_FILTER
focused_peak_b10_x50_e3_w15,1790881080000,MAINTAIN,,LIGHT,SHORT_DEEP_RUN_FILTER
focused_peak_b10_x50_e3_w15,1790881140000,MAINTAIN,,LIGHT,SHORT_DEEP_RUN_FILTER
focused_peak_b10_x50_e3_w15,1790881200000,MAINTAIN,,LIGHT,SHORT_DEEP_RUN_FILTER
focused_peak_b10_x50_e3_w15,1790881260000,EXIT,exit_sustained_rolling_motion,LIGHT,
focused_peak_b10_x50_e3_w15,1790881320000,ENTER,enter_stable_window,LIGHT,SHORT_DEEP_RUN_FILTER
focused_peak_b10_x50_e3_w15,1790881380000,MAINTAIN,,LIGHT,SHORT_DEEP_RUN_FILTER
focused_peak_b10_x50_e3_w15,1790881440000,MAINTAIN,,LIGHT,SHORT_DEEP_RUN_FILTER
focused_peak_b10_x50_e3_w15,1790881500000,EXIT,exit_sustained_rolling_motion,LIGHT,
focused_peak_b10_x50_e3_w15,1790881560000,ENTER,enter_stable_window,LIGHT,SHORT_DEEP_RUN_FILTER
focused_peak_b10_x50_e3_w15,1790881620000,MAINTAIN,,LIGHT,SHORT_DEEP_RUN_FILTER
focused_peak_b10_x50_e3_w15,1790881680000,MAINTAIN,,LIGHT,SHORT_DEEP_RUN_FILTER
focused_peak_b10_x50_e3_w15,1790881740000,EXIT,exit_sustained_rolling_motion,LIGHT,
focused_peak_b10_x50_e3_w15,1790881800000,ENTER,enter_stable_window,LIGHT,SHORT_DEEP_RUN_FILTER
focused_peak_b10_x50_e3_w15,1790881860000,MAINTAIN,,LIGHT,SHORT_DEEP_RUN_FILTER
focused_peak_b10_x50_e3_w15,1790881920000,MAINTAIN,,LIGHT,SHORT_DEEP_RUN_FILTER
focused_peak_b10_x50_e3_w15,1790881980000,EXIT,exit_sustained_rolling_motion,LIGHT,
focused_peak_b10_x50_e3_w15,1790882040000,ENTER,enter_stable_window,LIGHT,SHORT_DEEP_RUN_FILTER
focused_peak_b10_x50_e3_w15,1790882100000,EXIT,exit_coupling_lost,LIGHT,
focused_peak_b10_x50_e3_w15,1790885460000,ENTER,enter_stable_window,LIGHT,SHORT_DEEP_RUN_FILTER
focused_peak_b10_x50_e3_w15,1790885520000,MAINTAIN,,LIGHT,SHORT_DEEP_RUN_FILTER
focused_peak_b10_x50_e3_w15,1790885580000,MAINTAIN,,LIGHT,SHORT_DEEP_RUN_FILTER
focused_peak_b10_x50_e3_w15,1790885640000,EXIT,exit_sustained_rolling_motion,LIGHT,
focused_peak_b10_x50_e3_w15,1790885820000,ENTER,enter_stable_window,LIGHT,SHORT_DEEP_RUN_FILTER
focused_peak_b10_x50_e3_w15,1790885880000,MAINTAIN,,LIGHT,SHORT_DEEP_RUN_FILTER
focused_peak_b10_x50_e3_w15,1790885940000,MAINTAIN,,LIGHT,SHORT_DEEP_RUN_FILTER
focused_peak_b10_x50_e3_w15,1790886000000,MAINTAIN,,LIGHT,SHORT_DEEP_RUN_FILTER
focused_peak_b10_x50_e3_w15,1790886060000,MAINTAIN,,LIGHT,SHORT_DEEP_RUN_FILTER
focused_peak_b10_x50_e3_w15,1790886120000,MAINTAIN,,LIGHT,SHORT_DEEP_RUN_FILTER
focused_peak_b10_x50_e3_w15,1790886180000,MAINTAIN,,LIGHT,SHORT_DEEP_RUN_FILTER
focused_peak_b10_x50_e3_w15,1790886240000,EXIT,exit_sustained_rolling_motion,LIGHT,
focused_peak_b10_x50_e3_w15,1790886300000,ENTER,enter_stable_window,DEEP,
focused_peak_b10_x50_e3_w15,1790889900000,EXIT,exit_sustained_rolling_motion,LIGHT,
focused_peak_b10_x50_e3_w15,1790889960000,ENTER,enter_stable_window,LIGHT,SHORT_DEEP_RUN_FILTER
focused_peak_b10_x50_e3_w15,1790890020000,MAINTAIN,,LIGHT,SHORT_DEEP_RUN_FILTER
focused_peak_b10_x50_e3_w15,1790890080000,MAINTAIN,,LIGHT,SHORT_DEEP_RUN_FILTER
focused_peak_b10_x50_e3_w15,1790890140000,MAINTAIN,,LIGHT,SHORT_DEEP_RUN_FILTER
focused_peak_b10_x50_e3_w15,1790890200000,MAINTAIN,,LIGHT,SHORT_DEEP_RUN_FILTER
focused_peak_b10_x50_e3_w15,1790890260000,MAINTAIN,,LIGHT,SHORT_DEEP_RUN_FILTER
focused_peak_b10_x50_e3_w15,1790890320000,MAINTAIN,,LIGHT,SHORT_DEEP_RUN_FILTER
focused_peak_b10_x50_e3_w15,1790890380000,EXIT,exit_sustained_rolling_motion,LIGHT,
focused_peak_b10_x50_e3_w15,1790890560000,ENTER,enter_stable_window,LIGHT,SHORT_DEEP_RUN_FILTER
focused_peak_b10_x50_e3_w15,1790890620000,MAINTAIN,,LIGHT,SHORT_DEEP_RUN_FILTER
focused_peak_b10_x50_e3_w15,1790890680000,MAINTAIN,,LIGHT,SHORT_DEEP_RUN_FILTER
focused_peak_b10_x50_e3_w15,1790890740000,MAINTAIN,,LIGHT,SHORT_DEEP_RUN_FILTER
focused_peak_b10_x50_e3_w15,1790890800000,MAINTAIN,,LIGHT,SHORT_DEEP_RUN_FILTER
focused_peak_b10_x50_e3_w15,1790890860000,MAINTAIN,,LIGHT,SHORT_DEEP_RUN_FILTER
focused_peak_b10_x50_e3_w15,1790890920000,EXIT,exit_sustained_rolling_motion,LIGHT,
focused_peak_b10_x50_e3_w15,1790891040000,ENTER,enter_stable_window,LIGHT,SHORT_DEEP_RUN_FILTER
focused_peak_b10_x50_e3_w15,1790891100000,MAINTAIN,,LIGHT,SHORT_DEEP_RUN_FILTER
focused_peak_b10_x50_e3_w15,1790891160000,MAINTAIN,,LIGHT,SHORT_DEEP_RUN_FILTER
focused_peak_b10_x50_e3_w15,1790891220000,MAINTAIN,,LIGHT,SHORT_DEEP_RUN_FILTER
focused_peak_b10_x50_e3_w15,1790891280000,MAINTAIN,,LIGHT,SHORT_DEEP_RUN_FILTER
focused_peak_b10_x50_e3_w15,1790891340000,MAINTAIN,,LIGHT,SHORT_DEEP_RUN_FILTER
focused_peak_b10_x50_e3_w15,1790891400000,EXIT,exit_sustained_rolling_motion,LIGHT,
focused_peak_b10_x50_e3_w15,1790893080000,ENTER,enter_stable_window,LIGHT,SHORT_DEEP_RUN_FILTER
focused_peak_b10_x50_e3_w15,1790893140000,MAINTAIN,,LIGHT,SHORT_DEEP_RUN_FILTER
focused_peak_b10_x50_e3_w15,1790893200000,MAINTAIN,,LIGHT,SHORT_DEEP_RUN_FILTER
focused_peak_b10_x50_e3_w15,1790893260000,MAINTAIN,,LIGHT,SHORT_DEEP_RUN_FILTER
focused_peak_b10_x50_e3_w15,1790893320000,MAINTAIN,,LIGHT,SHORT_DEEP_RUN_FILTER
focused_peak_b10_x50_e3_w15,1790893380000,MAINTAIN,,LIGHT,SHORT_DEEP_RUN_FILTER
focused_peak_b10_x50_e3_w15,1790893440000,EXIT,exit_sustained_rolling_motion,LIGHT,
focused_peak_b10_x50_e3_w15,1790893560000,ENTER,enter_stable_window,DEEP,
focused_peak_b10_x50_e3_w15,1790894460000,EXIT,exit_sustained_rolling_motion,LIGHT,
focused_peak_b10_x50_e3_w15,1790894580000,ENTER,enter_stable_window,LIGHT,SHORT_DEEP_RUN_FILTER
focused_peak_b10_x50_e3_w15,1790894640000,MAINTAIN,,LIGHT,SHORT_DEEP_RUN_FILTER
focused_peak_b10_x50_e3_w15,1790894700000,MAINTAIN,,LIGHT,SHORT_DEEP_RUN_FILTER
focused_peak_b10_x50_e3_w15,1790894760000,MAINTAIN,,LIGHT,SHORT_DEEP_RUN_FILTER
focused_peak_b10_x50_e3_w15,1790894820000,MAINTAIN,,LIGHT,SHORT_DEEP_RUN_FILTER
focused_peak_b10_x50_e3_w15,1790894880000,EXIT,exit_sustained_rolling_motion,LIGHT,
focused_peak_b10_x50_e3_w15,1790895180000,ENTER,enter_stable_window,LIGHT,SHORT_DEEP_RUN_FILTER
focused_peak_b10_x50_e3_w15,1790895240000,MAINTAIN,,LIGHT,SHORT_DEEP_RUN_FILTER
focused_peak_b10_x50_e3_w15,1790895300000,MAINTAIN,,LIGHT,SHORT_DEEP_RUN_FILTER
focused_peak_b10_x50_e3_w15,1790895360000,EXIT,exit_sustained_rolling_motion,LIGHT,
focused_peak_b10_x50_e3_w15,1790895420000,ENTER,enter_stable_window,LIGHT,SHORT_DEEP_RUN_FILTER
focused_peak_b10_x50_e3_w15,1790895480000,MAINTAIN,,LIGHT,SHORT_DEEP_RUN_FILTER
focused_peak_b10_x50_e3_w15,1790895540000,MAINTAIN,,LIGHT,SHORT_DEEP_RUN_FILTER
focused_peak_b10_x50_e3_w15,1790895600000,MAINTAIN,,LIGHT,SHORT_DEEP_RUN_FILTER
focused_peak_b10_x50_e3_w15,1790895660000,MAINTAIN,,LIGHT,SHORT_DEEP_RUN_FILTER
focused_peak_b10_x50_e3_w15,1790895720000,MAINTAIN,,LIGHT,SHORT_DEEP_RUN_FILTER
focused_peak_b10_x50_e3_w15,1790895780000,MAINTAIN,,LIGHT,SHORT_DEEP_RUN_FILTER
focused_peak_b10_x50_e3_w15,1790895840000,EXIT,exit_sustained_rolling_motion,LIGHT,
focused_peak_b10_x50_e3_w15,1790895900000,ENTER,enter_stable_window,LIGHT,SHORT_DEEP_RUN_FILTER
focused_peak_b10_x50_e3_w15,1790895960000,MAINTAIN,,LIGHT,SHORT_DEEP_RUN_FILTER
focused_peak_b10_x50_e3_w15,1790896020000,MAINTAIN,,LIGHT,SHORT_DEEP_RUN_FILTER
focused_peak_b10_x50_e3_w15,1790896080000,MAINTAIN,,LIGHT,SHORT_DEEP_RUN_FILTER
focused_peak_b10_x50_e3_w15,1790896140000,MAINTAIN,,LIGHT,SHORT_DEEP_RUN_FILTER
focused_peak_b10_x50_e3_w15,1790896200000,MAINTAIN,,LIGHT,SHORT_DEEP_RUN_FILTER
focused_peak_b10_x50_e3_w15,1790896260000,MAINTAIN,,LIGHT,SHORT_DEEP_RUN_FILTER
focused_peak_b10_x50_e3_w15,1790896320000,EXIT,exit_missing_motion,LIGHT,
focused_peak_b10_x50_e3_w10,1790879940000,ENTER,enter_stable_window,LIGHT,SHORT_DEEP_RUN_FILTER
focused_peak_b10_x50_e3_w10,1790880000000,MAINTAIN,,LIGHT,SHORT_DEEP_RUN_FILTER
focused_peak_b10_x50_e3_w10,1790880060000,MAINTAIN,,LIGHT,SHORT_DEEP_RUN_FILTER
focused_peak_b10_x50_e3_w10,1790880120000,EXIT,exit_sustained_rolling_motion,LIGHT,
focused_peak_b10_x50_e3_w10,1790880180000,ENTER,enter_stable_window,LIGHT,SHORT_DEEP_RUN_FILTER
focused_peak_b10_x50_e3_w10,1790880240000,MAINTAIN,,LIGHT,SHORT_DEEP_RUN_FILTER
focused_peak_b10_x50_e3_w10,1790880300000,MAINTAIN,,LIGHT,SHORT_DEEP_RUN_FILTER
focused_peak_b10_x50_e3_w10,1790880360000,EXIT,exit_sustained_rolling_motion,LIGHT,
focused_peak_b10_x50_e3_w10,1790880420000,ENTER,enter_stable_window,LIGHT,SHORT_DEEP_RUN_FILTER
focused_peak_b10_x50_e3_w10,1790880480000,MAINTAIN,,LIGHT,SHORT_DEEP_RUN_FILTER
focused_peak_b10_x50_e3_w10,1790880540000,MAINTAIN,,LIGHT,SHORT_DEEP_RUN_FILTER
focused_peak_b10_x50_e3_w10,1790880600000,EXIT,exit_sustained_rolling_motion,LIGHT,
focused_peak_b10_x50_e3_w10,1790880660000,ENTER,enter_stable_window,LIGHT,SHORT_DEEP_RUN_FILTER
focused_peak_b10_x50_e3_w10,1790880720000,MAINTAIN,,LIGHT,SHORT_DEEP_RUN_FILTER
focused_peak_b10_x50_e3_w10,1790880780000,MAINTAIN,,LIGHT,SHORT_DEEP_RUN_FILTER
focused_peak_b10_x50_e3_w10,1790880840000,EXIT,exit_sustained_rolling_motion,LIGHT,
focused_peak_b10_x50_e3_w10,1790880900000,ENTER,enter_stable_window,LIGHT,SHORT_DEEP_RUN_FILTER
focused_peak_b10_x50_e3_w10,1790880960000,MAINTAIN,,LIGHT,SHORT_DEEP_RUN_FILTER
focused_peak_b10_x50_e3_w10,1790881020000,MAINTAIN,,LIGHT,SHORT_DEEP_RUN_FILTER
focused_peak_b10_x50_e3_w10,1790881080000,MAINTAIN,,LIGHT,SHORT_DEEP_RUN_FILTER
focused_peak_b10_x50_e3_w10,1790881140000,MAINTAIN,,LIGHT,SHORT_DEEP_RUN_FILTER
focused_peak_b10_x50_e3_w10,1790881200000,MAINTAIN,,LIGHT,SHORT_DEEP_RUN_FILTER
focused_peak_b10_x50_e3_w10,1790881260000,EXIT,exit_sustained_rolling_motion,LIGHT,
focused_peak_b10_x50_e3_w10,1790881320000,ENTER,enter_stable_window,LIGHT,SHORT_DEEP_RUN_FILTER
focused_peak_b10_x50_e3_w10,1790881380000,MAINTAIN,,LIGHT,SHORT_DEEP_RUN_FILTER
focused_peak_b10_x50_e3_w10,1790881440000,MAINTAIN,,LIGHT,SHORT_DEEP_RUN_FILTER
focused_peak_b10_x50_e3_w10,1790881500000,EXIT,exit_sustained_rolling_motion,LIGHT,
focused_peak_b10_x50_e3_w10,1790881560000,ENTER,enter_stable_window,LIGHT,SHORT_DEEP_RUN_FILTER
focused_peak_b10_x50_e3_w10,1790881620000,MAINTAIN,,LIGHT,SHORT_DEEP_RUN_FILTER
focused_peak_b10_x50_e3_w10,1790881680000,MAINTAIN,,LIGHT,SHORT_DEEP_RUN_FILTER
focused_peak_b10_x50_e3_w10,1790881740000,EXIT,exit_sustained_rolling_motion,LIGHT,
focused_peak_b10_x50_e3_w10,1790881800000,ENTER,enter_stable_window,LIGHT,SHORT_DEEP_RUN_FILTER
focused_peak_b10_x50_e3_w10,1790881860000,MAINTAIN,,LIGHT,SHORT_DEEP_RUN_FILTER
focused_peak_b10_x50_e3_w10,1790881920000,MAINTAIN,,LIGHT,SHORT_DEEP_RUN_FILTER
focused_peak_b10_x50_e3_w10,1790881980000,EXIT,exit_sustained_rolling_motion,LIGHT,
focused_peak_b10_x50_e3_w10,1790882040000,ENTER,enter_stable_window,LIGHT,SHORT_DEEP_RUN_FILTER
focused_peak_b10_x50_e3_w10,1790882100000,EXIT,exit_coupling_lost,LIGHT,
focused_peak_b10_x50_e3_w10,1790885160000,ENTER,enter_stable_window,LIGHT,SHORT_DEEP_RUN_FILTER
focused_peak_b10_x50_e3_w10,1790885220000,MAINTAIN,,LIGHT,SHORT_DEEP_RUN_FILTER
focused_peak_b10_x50_e3_w10,1790885280000,MAINTAIN,,LIGHT,SHORT_DEEP_RUN_FILTER
focused_peak_b10_x50_e3_w10,1790885340000,MAINTAIN,,LIGHT,SHORT_DEEP_RUN_FILTER
focused_peak_b10_x50_e3_w10,1790885400000,MAINTAIN,,LIGHT,SHORT_DEEP_RUN_FILTER
focused_peak_b10_x50_e3_w10,1790885460000,MAINTAIN,,LIGHT,SHORT_DEEP_RUN_FILTER
focused_peak_b10_x50_e3_w10,1790885520000,MAINTAIN,,LIGHT,SHORT_DEEP_RUN_FILTER
focused_peak_b10_x50_e3_w10,1790885580000,EXIT,exit_sustained_rolling_motion,LIGHT,
focused_peak_b10_x50_e3_w10,1790885820000,ENTER,enter_stable_window,LIGHT,SHORT_DEEP_RUN_FILTER
focused_peak_b10_x50_e3_w10,1790885880000,MAINTAIN,,LIGHT,SHORT_DEEP_RUN_FILTER
focused_peak_b10_x50_e3_w10,1790885940000,MAINTAIN,,LIGHT,SHORT_DEEP_RUN_FILTER
focused_peak_b10_x50_e3_w10,1790886000000,MAINTAIN,,LIGHT,SHORT_DEEP_RUN_FILTER
focused_peak_b10_x50_e3_w10,1790886060000,MAINTAIN,,LIGHT,SHORT_DEEP_RUN_FILTER
focused_peak_b10_x50_e3_w10,1790886120000,MAINTAIN,,LIGHT,SHORT_DEEP_RUN_FILTER
focused_peak_b10_x50_e3_w10,1790886180000,MAINTAIN,,LIGHT,SHORT_DEEP_RUN_FILTER
focused_peak_b10_x50_e3_w10,1790886240000,EXIT,exit_sustained_rolling_motion,LIGHT,
focused_peak_b10_x50_e3_w10,1790886300000,ENTER,enter_stable_window,DEEP,
focused_peak_b10_x50_e3_w10,1790889900000,EXIT,exit_sustained_rolling_motion,LIGHT,
focused_peak_b10_x50_e3_w10,1790889960000,ENTER,enter_stable_window,LIGHT,SHORT_DEEP_RUN_FILTER
focused_peak_b10_x50_e3_w10,1790890020000,MAINTAIN,,LIGHT,SHORT_DEEP_RUN_FILTER
focused_peak_b10_x50_e3_w10,1790890080000,MAINTAIN,,LIGHT,SHORT_DEEP_RUN_FILTER
focused_peak_b10_x50_e3_w10,1790890140000,MAINTAIN,,LIGHT,SHORT_DEEP_RUN_FILTER
focused_peak_b10_x50_e3_w10,1790890200000,MAINTAIN,,LIGHT,SHORT_DEEP_RUN_FILTER
focused_peak_b10_x50_e3_w10,1790890260000,MAINTAIN,,LIGHT,SHORT_DEEP_RUN_FILTER
focused_peak_b10_x50_e3_w10,1790890320000,MAINTAIN,,LIGHT,SHORT_DEEP_RUN_FILTER
focused_peak_b10_x50_e3_w10,1790890380000,EXIT,exit_sustained_rolling_motion,LIGHT,
focused_peak_b10_x50_e3_w10,1790890560000,ENTER,enter_stable_window,LIGHT,SHORT_DEEP_RUN_FILTER
focused_peak_b10_x50_e3_w10,1790890620000,MAINTAIN,,LIGHT,SHORT_DEEP_RUN_FILTER
focused_peak_b10_x50_e3_w10,1790890680000,MAINTAIN,,LIGHT,SHORT_DEEP_RUN_FILTER
focused_peak_b10_x50_e3_w10,1790890740000,MAINTAIN,,LIGHT,SHORT_DEEP_RUN_FILTER
focused_peak_b10_x50_e3_w10,1790890800000,MAINTAIN,,LIGHT,SHORT_DEEP_RUN_FILTER
focused_peak_b10_x50_e3_w10,1790890860000,MAINTAIN,,LIGHT,SHORT_DEEP_RUN_FILTER
focused_peak_b10_x50_e3_w10,1790890920000,EXIT,exit_sustained_rolling_motion,LIGHT,
focused_peak_b10_x50_e3_w10,1790890980000,ENTER,enter_stable_window,LIGHT,SHORT_DEEP_RUN_FILTER
focused_peak_b10_x50_e3_w10,1790891040000,MAINTAIN,,LIGHT,SHORT_DEEP_RUN_FILTER
focused_peak_b10_x50_e3_w10,1790891100000,MAINTAIN,,LIGHT,SHORT_DEEP_RUN_FILTER
focused_peak_b10_x50_e3_w10,1790891160000,MAINTAIN,,LIGHT,SHORT_DEEP_RUN_FILTER
focused_peak_b10_x50_e3_w10,1790891220000,MAINTAIN,,LIGHT,SHORT_DEEP_RUN_FILTER
focused_peak_b10_x50_e3_w10,1790891280000,MAINTAIN,,LIGHT,SHORT_DEEP_RUN_FILTER
focused_peak_b10_x50_e3_w10,1790891340000,MAINTAIN,,LIGHT,SHORT_DEEP_RUN_FILTER
focused_peak_b10_x50_e3_w10,1790891400000,EXIT,exit_sustained_rolling_motion,LIGHT,
focused_peak_b10_x50_e3_w10,1790892900000,ENTER,enter_stable_window,LIGHT,SHORT_DEEP_RUN_FILTER
focused_peak_b10_x50_e3_w10,1790892960000,MAINTAIN,,LIGHT,SHORT_DEEP_RUN_FILTER
focused_peak_b10_x50_e3_w10,1790893020000,MAINTAIN,,LIGHT,SHORT_DEEP_RUN_FILTER
focused_peak_b10_x50_e3_w10,1790893080000,MAINTAIN,,LIGHT,SHORT_DEEP_RUN_FILTER
focused_peak_b10_x50_e3_w10,1790893140000,MAINTAIN,,LIGHT,SHORT_DEEP_RUN_FILTER
focused_peak_b10_x50_e3_w10,1790893200000,MAINTAIN,,LIGHT,SHORT_DEEP_RUN_FILTER
focused_peak_b10_x50_e3_w10,1790893260000,MAINTAIN,,LIGHT,SHORT_DEEP_RUN_FILTER
focused_peak_b10_x50_e3_w10,1790893320000,MAINTAIN,,LIGHT,SHORT_DEEP_RUN_FILTER
focused_peak_b10_x50_e3_w10,1790893380000,MAINTAIN,,LIGHT,SHORT_DEEP_RUN_FILTER
focused_peak_b10_x50_e3_w10,1790893440000,EXIT,exit_sustained_rolling_motion,LIGHT,
focused_peak_b10_x50_e3_w10,1790893560000,ENTER,enter_stable_window,DEEP,
focused_peak_b10_x50_e3_w10,1790894460000,EXIT,exit_sustained_rolling_motion,LIGHT,
focused_peak_b10_x50_e3_w10,1790894580000,ENTER,enter_stable_window,LIGHT,SHORT_DEEP_RUN_FILTER
focused_peak_b10_x50_e3_w10,1790894640000,MAINTAIN,,LIGHT,SHORT_DEEP_RUN_FILTER
focused_peak_b10_x50_e3_w10,1790894700000,MAINTAIN,,LIGHT,SHORT_DEEP_RUN_FILTER
focused_peak_b10_x50_e3_w10,1790894760000,MAINTAIN,,LIGHT,SHORT_DEEP_RUN_FILTER
focused_peak_b10_x50_e3_w10,1790894820000,MAINTAIN,,LIGHT,SHORT_DEEP_RUN_FILTER
focused_peak_b10_x50_e3_w10,1790894880000,EXIT,exit_sustained_rolling_motion,LIGHT,
focused_peak_b10_x50_e3_w10,1790895060000,ENTER,enter_stable_window,LIGHT,SHORT_DEEP_RUN_FILTER
focused_peak_b10_x50_e3_w10,1790895120000,MAINTAIN,,LIGHT,SHORT_DEEP_RUN_FILTER
focused_peak_b10_x50_e3_w10,1790895180000,MAINTAIN,,LIGHT,SHORT_DEEP_RUN_FILTER
focused_peak_b10_x50_e3_w10,1790895240000,EXIT,exit_sustained_rolling_motion,LIGHT,
focused_peak_b10_x50_e3_w10,1790895300000,ENTER,enter_stable_window,LIGHT,SHORT_DEEP_RUN_FILTER
focused_peak_b10_x50_e3_w10,1790895360000,MAINTAIN,,LIGHT,SHORT_DEEP_RUN_FILTER
focused_peak_b10_x50_e3_w10,1790895420000,MAINTAIN,,LIGHT,SHORT_DEEP_RUN_FILTER
focused_peak_b10_x50_e3_w10,1790895480000,MAINTAIN,,LIGHT,SHORT_DEEP_RUN_FILTER
focused_peak_b10_x50_e3_w10,1790895540000,MAINTAIN,,LIGHT,SHORT_DEEP_RUN_FILTER
focused_peak_b10_x50_e3_w10,1790895600000,MAINTAIN,,LIGHT,SHORT_DEEP_RUN_FILTER
focused_peak_b10_x50_e3_w10,1790895660000,MAINTAIN,,LIGHT,SHORT_DEEP_RUN_FILTER
focused_peak_b10_x50_e3_w10,1790895720000,MAINTAIN,,LIGHT,SHORT_DEEP_RUN_FILTER
focused_peak_b10_x50_e3_w10,1790895780000,MAINTAIN,,LIGHT,SHORT_DEEP_RUN_FILTER
focused_peak_b10_x50_e3_w10,1790895840000,EXIT,exit_sustained_rolling_motion,LIGHT,
focused_peak_b10_x50_e3_w10,1790895900000,ENTER,enter_stable_window,LIGHT,SHORT_DEEP_RUN_FILTER
focused_peak_b10_x50_e3_w10,1790895960000,MAINTAIN,,LIGHT,SHORT_DEEP_RUN_FILTER
focused_peak_b10_x50_e3_w10,1790896020000,MAINTAIN,,LIGHT,SHORT_DEEP_RUN_FILTER
focused_peak_b10_x50_e3_w10,1790896080000,MAINTAIN,,LIGHT,SHORT_DEEP_RUN_FILTER
focused_peak_b10_x50_e3_w10,1790896140000,MAINTAIN,,LIGHT,SHORT_DEEP_RUN_FILTER
focused_peak_b10_x50_e3_w10,1790896200000,MAINTAIN,,LIGHT,SHORT_DEEP_RUN_FILTER
focused_peak_b10_x50_e3_w10,1790896260000,MAINTAIN,,LIGHT,SHORT_DEEP_RUN_FILTER
focused_peak_b10_x50_e3_w10,1790896320000,EXIT,exit_missing_motion,LIGHT,
focused_peak_b10_x50_e2_w15,1790880180000,ENTER,enter_stable_window,LIGHT,SHORT_DEEP_RUN_FILTER
focused_peak_b10_x50_e2_w15,1790880240000,MAINTAIN,,LIGHT,SHORT_DEEP_RUN_FILTER
focused_peak_b10_x50_e2_w15,1790880300000,EXIT,exit_sustained_rolling_motion,LIGHT,
focused_peak_b10_x50_e2_w15,1790880360000,ENTER,enter_stable_window,LIGHT,SHORT_DEEP_RUN_FILTER
focused_peak_b10_x50_e2_w15,1790880420000,MAINTAIN,,LIGHT,SHORT_DEEP_RUN_FILTER
focused_peak_b10_x50_e2_w15,1790880480000,EXIT,exit_sustained_rolling_motion,LIGHT,
focused_peak_b10_x50_e2_w15,1790880540000,ENTER,enter_stable_window,LIGHT,SHORT_DEEP_RUN_FILTER
focused_peak_b10_x50_e2_w15,1790880600000,MAINTAIN,,LIGHT,SHORT_DEEP_RUN_FILTER
focused_peak_b10_x50_e2_w15,1790880660000,EXIT,exit_sustained_rolling_motion,LIGHT,
focused_peak_b10_x50_e2_w15,1790880720000,ENTER,enter_stable_window,LIGHT,SHORT_DEEP_RUN_FILTER
focused_peak_b10_x50_e2_w15,1790880780000,MAINTAIN,,LIGHT,SHORT_DEEP_RUN_FILTER
focused_peak_b10_x50_e2_w15,1790880840000,EXIT,exit_sustained_rolling_motion,LIGHT,
focused_peak_b10_x50_e2_w15,1790880900000,ENTER,enter_stable_window,LIGHT,SHORT_DEEP_RUN_FILTER
focused_peak_b10_x50_e2_w15,1790880960000,MAINTAIN,,LIGHT,SHORT_DEEP_RUN_FILTER
focused_peak_b10_x50_e2_w15,1790881020000,MAINTAIN,,LIGHT,SHORT_DEEP_RUN_FILTER
focused_peak_b10_x50_e2_w15,1790881080000,MAINTAIN,,LIGHT,SHORT_DEEP_RUN_FILTER
focused_peak_b10_x50_e2_w15,1790881140000,MAINTAIN,,LIGHT,SHORT_DEEP_RUN_FILTER
focused_peak_b10_x50_e2_w15,1790881200000,EXIT,exit_sustained_rolling_motion,LIGHT,
focused_peak_b10_x50_e2_w15,1790881260000,ENTER,enter_stable_window,LIGHT,SHORT_DEEP_RUN_FILTER
focused_peak_b10_x50_e2_w15,1790881320000,MAINTAIN,,LIGHT,SHORT_DEEP_RUN_FILTER
focused_peak_b10_x50_e2_w15,1790881380000,EXIT,exit_sustained_rolling_motion,LIGHT,
focused_peak_b10_x50_e2_w15,1790881440000,ENTER,enter_stable_window,LIGHT,SHORT_DEEP_RUN_FILTER
focused_peak_b10_x50_e2_w15,1790881500000,MAINTAIN,,LIGHT,SHORT_DEEP_RUN_FILTER
focused_peak_b10_x50_e2_w15,1790881560000,EXIT,exit_sustained_rolling_motion,LIGHT,
focused_peak_b10_x50_e2_w15,1790881620000,ENTER,enter_stable_window,LIGHT,SHORT_DEEP_RUN_FILTER
focused_peak_b10_x50_e2_w15,1790881680000,MAINTAIN,,LIGHT,SHORT_DEEP_RUN_FILTER
focused_peak_b10_x50_e2_w15,1790881740000,EXIT,exit_sustained_rolling_motion,LIGHT,
focused_peak_b10_x50_e2_w15,1790881800000,ENTER,enter_stable_window,LIGHT,SHORT_DEEP_RUN_FILTER
focused_peak_b10_x50_e2_w15,1790881860000,MAINTAIN,,LIGHT,SHORT_DEEP_RUN_FILTER
focused_peak_b10_x50_e2_w15,1790881920000,EXIT,exit_sustained_rolling_motion,LIGHT,
focused_peak_b10_x50_e2_w15,1790881980000,ENTER,enter_stable_window,LIGHT,SHORT_DEEP_RUN_FILTER
focused_peak_b10_x50_e2_w15,1790882040000,MAINTAIN,,LIGHT,SHORT_DEEP_RUN_FILTER
focused_peak_b10_x50_e2_w15,1790882100000,EXIT,exit_coupling_lost,LIGHT,
focused_peak_b10_x50_e2_w15,1790885460000,ENTER,enter_stable_window,LIGHT,SHORT_DEEP_RUN_FILTER
focused_peak_b10_x50_e2_w15,1790885520000,MAINTAIN,,LIGHT,SHORT_DEEP_RUN_FILTER
focused_peak_b10_x50_e2_w15,1790885580000,EXIT,exit_sustained_rolling_motion,LIGHT,
focused_peak_b10_x50_e2_w15,1790885820000,ENTER,enter_stable_window,LIGHT,SHORT_DEEP_RUN_FILTER
focused_peak_b10_x50_e2_w15,1790885880000,MAINTAIN,,LIGHT,SHORT_DEEP_RUN_FILTER
focused_peak_b10_x50_e2_w15,1790885940000,MAINTAIN,,LIGHT,SHORT_DEEP_RUN_FILTER
focused_peak_b10_x50_e2_w15,1790886000000,MAINTAIN,,LIGHT,SHORT_DEEP_RUN_FILTER
focused_peak_b10_x50_e2_w15,1790886060000,MAINTAIN,,LIGHT,SHORT_DEEP_RUN_FILTER
focused_peak_b10_x50_e2_w15,1790886120000,MAINTAIN,,LIGHT,SHORT_DEEP_RUN_FILTER
focused_peak_b10_x50_e2_w15,1790886180000,EXIT,exit_sustained_rolling_motion,LIGHT,
focused_peak_b10_x50_e2_w15,1790886300000,ENTER,enter_stable_window,DEEP,
focused_peak_b10_x50_e2_w15,1790889840000,EXIT,exit_sustained_rolling_motion,LIGHT,
focused_peak_b10_x50_e2_w15,1790889900000,ENTER,enter_stable_window,LIGHT,SHORT_DEEP_RUN_FILTER
focused_peak_b10_x50_e2_w15,1790889960000,MAINTAIN,,LIGHT,SHORT_DEEP_RUN_FILTER
focused_peak_b10_x50_e2_w15,1790890020000,MAINTAIN,,LIGHT,SHORT_DEEP_RUN_FILTER
focused_peak_b10_x50_e2_w15,1790890080000,MAINTAIN,,LIGHT,SHORT_DEEP_RUN_FILTER
focused_peak_b10_x50_e2_w15,1790890140000,MAINTAIN,,LIGHT,SHORT_DEEP_RUN_FILTER
focused_peak_b10_x50_e2_w15,1790890200000,MAINTAIN,,LIGHT,SHORT_DEEP_RUN_FILTER
focused_peak_b10_x50_e2_w15,1790890260000,MAINTAIN,,LIGHT,SHORT_DEEP_RUN_FILTER
focused_peak_b10_x50_e2_w15,1790890320000,EXIT,exit_sustained_rolling_motion,LIGHT,
focused_peak_b10_x50_e2_w15,1790890560000,ENTER,enter_stable_window,LIGHT,SHORT_DEEP_RUN_FILTER
focused_peak_b10_x50_e2_w15,1790890620000,MAINTAIN,,LIGHT,SHORT_DEEP_RUN_FILTER
focused_peak_b10_x50_e2_w15,1790890680000,MAINTAIN,,LIGHT,SHORT_DEEP_RUN_FILTER
focused_peak_b10_x50_e2_w15,1790890740000,MAINTAIN,,LIGHT,SHORT_DEEP_RUN_FILTER
focused_peak_b10_x50_e2_w15,1790890800000,MAINTAIN,,LIGHT,SHORT_DEEP_RUN_FILTER
focused_peak_b10_x50_e2_w15,1790890860000,EXIT,exit_sustained_rolling_motion,LIGHT,
focused_peak_b10_x50_e2_w15,1790891040000,ENTER,enter_stable_window,LIGHT,SHORT_DEEP_RUN_FILTER
focused_peak_b10_x50_e2_w15,1790891100000,MAINTAIN,,LIGHT,SHORT_DEEP_RUN_FILTER
focused_peak_b10_x50_e2_w15,1790891160000,MAINTAIN,,LIGHT,SHORT_DEEP_RUN_FILTER
focused_peak_b10_x50_e2_w15,1790891220000,MAINTAIN,,LIGHT,SHORT_DEEP_RUN_FILTER
focused_peak_b10_x50_e2_w15,1790891280000,MAINTAIN,,LIGHT,SHORT_DEEP_RUN_FILTER
focused_peak_b10_x50_e2_w15,1790891340000,EXIT,exit_sustained_rolling_motion,LIGHT,
focused_peak_b10_x50_e2_w15,1790893080000,ENTER,enter_stable_window,LIGHT,SHORT_DEEP_RUN_FILTER
focused_peak_b10_x50_e2_w15,1790893140000,MAINTAIN,,LIGHT,SHORT_DEEP_RUN_FILTER
focused_peak_b10_x50_e2_w15,1790893200000,MAINTAIN,,LIGHT,SHORT_DEEP_RUN_FILTER
focused_peak_b10_x50_e2_w15,1790893260000,MAINTAIN,,LIGHT,SHORT_DEEP_RUN_FILTER
focused_peak_b10_x50_e2_w15,1790893320000,MAINTAIN,,LIGHT,SHORT_DEEP_RUN_FILTER
focused_peak_b10_x50_e2_w15,1790893380000,EXIT,exit_sustained_rolling_motion,LIGHT,
focused_peak_b10_x50_e2_w15,1790893560000,ENTER,enter_stable_window,DEEP,
focused_peak_b10_x50_e2_w15,1790894400000,EXIT,exit_sustained_rolling_motion,LIGHT,
focused_peak_b10_x50_e2_w15,1790894580000,ENTER,enter_stable_window,LIGHT,SHORT_DEEP_RUN_FILTER
focused_peak_b10_x50_e2_w15,1790894640000,MAINTAIN,,LIGHT,SHORT_DEEP_RUN_FILTER
focused_peak_b10_x50_e2_w15,1790894700000,MAINTAIN,,LIGHT,SHORT_DEEP_RUN_FILTER
focused_peak_b10_x50_e2_w15,1790894760000,MAINTAIN,,LIGHT,SHORT_DEEP_RUN_FILTER
focused_peak_b10_x50_e2_w15,1790894820000,EXIT,exit_sustained_rolling_motion,LIGHT,
focused_peak_b10_x50_e2_w15,1790895180000,ENTER,enter_stable_window,LIGHT,SHORT_DEEP_RUN_FILTER
focused_peak_b10_x50_e2_w15,1790895240000,MAINTAIN,,LIGHT,SHORT_DEEP_RUN_FILTER
focused_peak_b10_x50_e2_w15,1790895300000,EXIT,exit_sustained_rolling_motion,LIGHT,
focused_peak_b10_x50_e2_w15,1790895360000,ENTER,enter_stable_window,LIGHT,SHORT_DEEP_RUN_FILTER
focused_peak_b10_x50_e2_w15,1790895420000,MAINTAIN,,LIGHT,SHORT_DEEP_RUN_FILTER
focused_peak_b10_x50_e2_w15,1790895480000,MAINTAIN,,LIGHT,SHORT_DEEP_RUN_FILTER
focused_peak_b10_x50_e2_w15,1790895540000,MAINTAIN,,LIGHT,SHORT_DEEP_RUN_FILTER
focused_peak_b10_x50_e2_w15,1790895600000,MAINTAIN,,LIGHT,SHORT_DEEP_RUN_FILTER
focused_peak_b10_x50_e2_w15,1790895660000,MAINTAIN,,LIGHT,SHORT_DEEP_RUN_FILTER
focused_peak_b10_x50_e2_w15,1790895720000,MAINTAIN,,LIGHT,SHORT_DEEP_RUN_FILTER
focused_peak_b10_x50_e2_w15,1790895780000,EXIT,exit_sustained_rolling_motion,LIGHT,
focused_peak_b10_x50_e2_w15,1790895840000,ENTER,enter_stable_window,LIGHT,SHORT_DEEP_RUN_FILTER
focused_peak_b10_x50_e2_w15,1790895900000,MAINTAIN,,LIGHT,SHORT_DEEP_RUN_FILTER
focused_peak_b10_x50_e2_w15,1790895960000,EXIT,exit_sustained_rolling_motion,LIGHT,
focused_peak_b10_x50_e2_w15,1790896020000,ENTER,enter_stable_window,LIGHT,SHORT_DEEP_RUN_FILTER
focused_peak_b10_x50_e2_w15,1790896080000,MAINTAIN,,LIGHT,SHORT_DEEP_RUN_FILTER
focused_peak_b10_x50_e2_w15,1790896140000,MAINTAIN,,LIGHT,SHORT_DEEP_RUN_FILTER
focused_peak_b10_x50_e2_w15,1790896200000,MAINTAIN,,LIGHT,SHORT_DEEP_RUN_FILTER
focused_peak_b10_x50_e2_w15,1790896260000,MAINTAIN,,LIGHT,SHORT_DEEP_RUN_FILTER
focused_peak_b10_x50_e2_w15,1790896320000,EXIT,exit_missing_motion,LIGHT,
focused_peak_b10_x50_e2_w10,1790879940000,ENTER,enter_stable_window,LIGHT,SHORT_DEEP_RUN_FILTER
focused_peak_b10_x50_e2_w10,1790880000000,MAINTAIN,,LIGHT,SHORT_DEEP_RUN_FILTER
focused_peak_b10_x50_e2_w10,1790880060000,EXIT,exit_sustained_rolling_motion,LIGHT,
focused_peak_b10_x50_e2_w10,1790880120000,ENTER,enter_stable_window,LIGHT,SHORT_DEEP_RUN_FILTER
focused_peak_b10_x50_e2_w10,1790880180000,MAINTAIN,,LIGHT,SHORT_DEEP_RUN_FILTER
focused_peak_b10_x50_e2_w10,1790880240000,EXIT,exit_sustained_rolling_motion,LIGHT,
focused_peak_b10_x50_e2_w10,1790880300000,ENTER,enter_stable_window,LIGHT,SHORT_DEEP_RUN_FILTER
focused_peak_b10_x50_e2_w10,1790880360000,MAINTAIN,,LIGHT,SHORT_DEEP_RUN_FILTER
focused_peak_b10_x50_e2_w10,1790880420000,EXIT,exit_sustained_rolling_motion,LIGHT,
focused_peak_b10_x50_e2_w10,1790880480000,ENTER,enter_stable_window,LIGHT,SHORT_DEEP_RUN_FILTER
focused_peak_b10_x50_e2_w10,1790880540000,MAINTAIN,,LIGHT,SHORT_DEEP_RUN_FILTER
focused_peak_b10_x50_e2_w10,1790880600000,EXIT,exit_sustained_rolling_motion,LIGHT,
focused_peak_b10_x50_e2_w10,1790880660000,ENTER,enter_stable_window,LIGHT,SHORT_DEEP_RUN_FILTER
focused_peak_b10_x50_e2_w10,1790880720000,MAINTAIN,,LIGHT,SHORT_DEEP_RUN_FILTER
focused_peak_b10_x50_e2_w10,1790880780000,EXIT,exit_sustained_rolling_motion,LIGHT,
focused_peak_b10_x50_e2_w10,1790880840000,ENTER,enter_stable_window,LIGHT,SHORT_DEEP_RUN_FILTER
focused_peak_b10_x50_e2_w10,1790880900000,MAINTAIN,,LIGHT,SHORT_DEEP_RUN_FILTER
focused_peak_b10_x50_e2_w10,1790880960000,MAINTAIN,,LIGHT,SHORT_DEEP_RUN_FILTER
focused_peak_b10_x50_e2_w10,1790881020000,MAINTAIN,,LIGHT,SHORT_DEEP_RUN_FILTER
focused_peak_b10_x50_e2_w10,1790881080000,MAINTAIN,,LIGHT,SHORT_DEEP_RUN_FILTER
focused_peak_b10_x50_e2_w10,1790881140000,MAINTAIN,,LIGHT,SHORT_DEEP_RUN_FILTER
focused_peak_b10_x50_e2_w10,1790881200000,EXIT,exit_sustained_rolling_motion,LIGHT,
focused_peak_b10_x50_e2_w10,1790881260000,ENTER,enter_stable_window,LIGHT,SHORT_DEEP_RUN_FILTER
focused_peak_b10_x50_e2_w10,1790881320000,MAINTAIN,,LIGHT,SHORT_DEEP_RUN_FILTER
focused_peak_b10_x50_e2_w10,1790881380000,EXIT,exit_sustained_rolling_motion,LIGHT,
focused_peak_b10_x50_e2_w10,1790881440000,ENTER,enter_stable_window,LIGHT,SHORT_DEEP_RUN_FILTER
focused_peak_b10_x50_e2_w10,1790881500000,MAINTAIN,,LIGHT,SHORT_DEEP_RUN_FILTER
focused_peak_b10_x50_e2_w10,1790881560000,EXIT,exit_sustained_rolling_motion,LIGHT,
focused_peak_b10_x50_e2_w10,1790881620000,ENTER,enter_stable_window,LIGHT,SHORT_DEEP_RUN_FILTER
focused_peak_b10_x50_e2_w10,1790881680000,MAINTAIN,,LIGHT,SHORT_DEEP_RUN_FILTER
focused_peak_b10_x50_e2_w10,1790881740000,EXIT,exit_sustained_rolling_motion,LIGHT,
focused_peak_b10_x50_e2_w10,1790881800000,ENTER,enter_stable_window,LIGHT,SHORT_DEEP_RUN_FILTER
focused_peak_b10_x50_e2_w10,1790881860000,MAINTAIN,,LIGHT,SHORT_DEEP_RUN_FILTER
focused_peak_b10_x50_e2_w10,1790881920000,EXIT,exit_sustained_rolling_motion,LIGHT,
focused_peak_b10_x50_e2_w10,1790881980000,ENTER,enter_stable_window,LIGHT,SHORT_DEEP_RUN_FILTER
focused_peak_b10_x50_e2_w10,1790882040000,MAINTAIN,,LIGHT,SHORT_DEEP_RUN_FILTER
focused_peak_b10_x50_e2_w10,1790882100000,EXIT,exit_coupling_lost,LIGHT,
focused_peak_b10_x50_e2_w10,1790885160000,ENTER,enter_stable_window,LIGHT,SHORT_DEEP_RUN_FILTER
focused_peak_b10_x50_e2_w10,1790885220000,MAINTAIN,,LIGHT,SHORT_DEEP_RUN_FILTER
focused_peak_b10_x50_e2_w10,1790885280000,MAINTAIN,,LIGHT,SHORT_DEEP_RUN_FILTER
focused_peak_b10_x50_e2_w10,1790885340000,MAINTAIN,,LIGHT,SHORT_DEEP_RUN_FILTER
focused_peak_b10_x50_e2_w10,1790885400000,MAINTAIN,,LIGHT,SHORT_DEEP_RUN_FILTER
focused_peak_b10_x50_e2_w10,1790885460000,MAINTAIN,,LIGHT,SHORT_DEEP_RUN_FILTER
focused_peak_b10_x50_e2_w10,1790885520000,EXIT,exit_sustained_rolling_motion,LIGHT,
focused_peak_b10_x50_e2_w10,1790885820000,ENTER,enter_stable_window,LIGHT,SHORT_DEEP_RUN_FILTER
focused_peak_b10_x50_e2_w10,1790885880000,MAINTAIN,,LIGHT,SHORT_DEEP_RUN_FILTER
focused_peak_b10_x50_e2_w10,1790885940000,MAINTAIN,,LIGHT,SHORT_DEEP_RUN_FILTER
focused_peak_b10_x50_e2_w10,1790886000000,MAINTAIN,,LIGHT,SHORT_DEEP_RUN_FILTER
focused_peak_b10_x50_e2_w10,1790886060000,MAINTAIN,,LIGHT,SHORT_DEEP_RUN_FILTER
focused_peak_b10_x50_e2_w10,1790886120000,MAINTAIN,,LIGHT,SHORT_DEEP_RUN_FILTER
focused_peak_b10_x50_e2_w10,1790886180000,EXIT,exit_sustained_rolling_motion,LIGHT,
focused_peak_b10_x50_e2_w10,1790886300000,ENTER,enter_stable_window,DEEP,
focused_peak_b10_x50_e2_w10,1790889840000,EXIT,exit_sustained_rolling_motion,LIGHT,
focused_peak_b10_x50_e2_w10,1790889900000,ENTER,enter_stable_window,LIGHT,SHORT_DEEP_RUN_FILTER
focused_peak_b10_x50_e2_w10,1790889960000,MAINTAIN,,LIGHT,SHORT_DEEP_RUN_FILTER
focused_peak_b10_x50_e2_w10,1790890020000,MAINTAIN,,LIGHT,SHORT_DEEP_RUN_FILTER
focused_peak_b10_x50_e2_w10,1790890080000,MAINTAIN,,LIGHT,SHORT_DEEP_RUN_FILTER
focused_peak_b10_x50_e2_w10,1790890140000,MAINTAIN,,LIGHT,SHORT_DEEP_RUN_FILTER
focused_peak_b10_x50_e2_w10,1790890200000,MAINTAIN,,LIGHT,SHORT_DEEP_RUN_FILTER
focused_peak_b10_x50_e2_w10,1790890260000,MAINTAIN,,LIGHT,SHORT_DEEP_RUN_FILTER
focused_peak_b10_x50_e2_w10,1790890320000,EXIT,exit_sustained_rolling_motion,LIGHT,
focused_peak_b10_x50_e2_w10,1790890560000,ENTER,enter_stable_window,LIGHT,SHORT_DEEP_RUN_FILTER
focused_peak_b10_x50_e2_w10,1790890620000,MAINTAIN,,LIGHT,SHORT_DEEP_RUN_FILTER
focused_peak_b10_x50_e2_w10,1790890680000,MAINTAIN,,LIGHT,SHORT_DEEP_RUN_FILTER
focused_peak_b10_x50_e2_w10,1790890740000,MAINTAIN,,LIGHT,SHORT_DEEP_RUN_FILTER
focused_peak_b10_x50_e2_w10,1790890800000,MAINTAIN,,LIGHT,SHORT_DEEP_RUN_FILTER
focused_peak_b10_x50_e2_w10,1790890860000,EXIT,exit_sustained_rolling_motion,LIGHT,
focused_peak_b10_x50_e2_w10,1790890920000,ENTER,enter_stable_window,LIGHT,SHORT_DEEP_RUN_FILTER
focused_peak_b10_x50_e2_w10,1790890980000,MAINTAIN,,LIGHT,SHORT_DEEP_RUN_FILTER
focused_peak_b10_x50_e2_w10,1790891040000,MAINTAIN,,LIGHT,SHORT_DEEP_RUN_FILTER
focused_peak_b10_x50_e2_w10,1790891100000,MAINTAIN,,LIGHT,SHORT_DEEP_RUN_FILTER
focused_peak_b10_x50_e2_w10,1790891160000,MAINTAIN,,LIGHT,SHORT_DEEP_RUN_FILTER
focused_peak_b10_x50_e2_w10,1790891220000,MAINTAIN,,LIGHT,SHORT_DEEP_RUN_FILTER
focused_peak_b10_x50_e2_w10,1790891280000,MAINTAIN,,LIGHT,SHORT_DEEP_RUN_FILTER
focused_peak_b10_x50_e2_w10,1790891340000,EXIT,exit_sustained_rolling_motion,LIGHT,
focused_peak_b10_x50_e2_w10,1790892900000,ENTER,enter_stable_window,LIGHT,SHORT_DEEP_RUN_FILTER
focused_peak_b10_x50_e2_w10,1790892960000,MAINTAIN,,LIGHT,SHORT_DEEP_RUN_FILTER
focused_peak_b10_x50_e2_w10,1790893020000,MAINTAIN,,LIGHT,SHORT_DEEP_RUN_FILTER
focused_peak_b10_x50_e2_w10,1790893080000,MAINTAIN,,LIGHT,SHORT_DEEP_RUN_FILTER
focused_peak_b10_x50_e2_w10,1790893140000,MAINTAIN,,LIGHT,SHORT_DEEP_RUN_FILTER
focused_peak_b10_x50_e2_w10,1790893200000,MAINTAIN,,LIGHT,SHORT_DEEP_RUN_FILTER
focused_peak_b10_x50_e2_w10,1790893260000,MAINTAIN,,LIGHT,SHORT_DEEP_RUN_FILTER
focused_peak_b10_x50_e2_w10,1790893320000,MAINTAIN,,LIGHT,SHORT_DEEP_RUN_FILTER
focused_peak_b10_x50_e2_w10,1790893380000,EXIT,exit_sustained_rolling_motion,LIGHT,
focused_peak_b10_x50_e2_w10,1790893560000,ENTER,enter_stable_window,DEEP,
focused_peak_b10_x50_e2_w10,1790894400000,EXIT,exit_sustained_rolling_motion,LIGHT,
focused_peak_b10_x50_e2_w10,1790894580000,ENTER,enter_stable_window,LIGHT,SHORT_DEEP_RUN_FILTER
focused_peak_b10_x50_e2_w10,1790894640000,MAINTAIN,,LIGHT,SHORT_DEEP_RUN_FILTER
focused_peak_b10_x50_e2_w10,1790894700000,MAINTAIN,,LIGHT,SHORT_DEEP_RUN_FILTER
focused_peak_b10_x50_e2_w10,1790894760000,MAINTAIN,,LIGHT,SHORT_DEEP_RUN_FILTER
focused_peak_b10_x50_e2_w10,1790894820000,EXIT,exit_sustained_rolling_motion,LIGHT,
focused_peak_b10_x50_e2_w10,1790895060000,ENTER,enter_stable_window,LIGHT,SHORT_DEEP_RUN_FILTER
focused_peak_b10_x50_e2_w10,1790895120000,MAINTAIN,,LIGHT,SHORT_DEEP_RUN_FILTER
focused_peak_b10_x50_e2_w10,1790895180000,EXIT,exit_sustained_rolling_motion,LIGHT,
focused_peak_b10_x50_e2_w10,1790895240000,ENTER,enter_stable_window,LIGHT,SHORT_DEEP_RUN_FILTER
focused_peak_b10_x50_e2_w10,1790895300000,MAINTAIN,,LIGHT,SHORT_DEEP_RUN_FILTER
focused_peak_b10_x50_e2_w10,1790895360000,EXIT,exit_sustained_rolling_motion,LIGHT,
focused_peak_b10_x50_e2_w10,1790895420000,ENTER,enter_stable_window,LIGHT,SHORT_DEEP_RUN_FILTER
focused_peak_b10_x50_e2_w10,1790895480000,MAINTAIN,,LIGHT,SHORT_DEEP_RUN_FILTER
focused_peak_b10_x50_e2_w10,1790895540000,MAINTAIN,,LIGHT,SHORT_DEEP_RUN_FILTER
focused_peak_b10_x50_e2_w10,1790895600000,MAINTAIN,,LIGHT,SHORT_DEEP_RUN_FILTER
focused_peak_b10_x50_e2_w10,1790895660000,MAINTAIN,,LIGHT,SHORT_DEEP_RUN_FILTER
focused_peak_b10_x50_e2_w10,1790895720000,MAINTAIN,,LIGHT,SHORT_DEEP_RUN_FILTER
focused_peak_b10_x50_e2_w10,1790895780000,EXIT,exit_sustained_rolling_motion,LIGHT,
focused_peak_b10_x50_e2_w10,1790895840000,ENTER,enter_stable_window,LIGHT,SHORT_DEEP_RUN_FILTER
focused_peak_b10_x50_e2_w10,1790895900000,MAINTAIN,,LIGHT,SHORT_DEEP_RUN_FILTER
focused_peak_b10_x50_e2_w10,1790895960000,EXIT,exit_sustained_rolling_motion,LIGHT,
focused_peak_b10_x50_e2_w10,1790896020000,ENTER,enter_stable_window,LIGHT,SHORT_DEEP_RUN_FILTER
focused_peak_b10_x50_e2_w10,1790896080000,MAINTAIN,,LIGHT,SHORT_DEEP_RUN_FILTER
focused_peak_b10_x50_e2_w10,1790896140000,MAINTAIN,,LIGHT,SHORT_DEEP_RUN_FILTER
focused_peak_b10_x50_e2_w10,1790896200000,MAINTAIN,,LIGHT,SHORT_DEEP_RUN_FILTER
focused_peak_b10_x50_e2_w10,1790896260000,MAINTAIN,,LIGHT,SHORT_DEEP_RUN_FILTER
focused_peak_b10_x50_e2_w10,1790896320000,EXIT,exit_missing_motion,LIGHT,
focused_peak_b10_x50_e1_w15,1790880180000,ENTER,enter_stable_window,LIGHT,SHORT_DEEP_RUN_FILTER
focused_peak_b10_x50_e1_w15,1790880240000,EXIT,exit_sustained_rolling_motion,LIGHT,
focused_peak_b10_x50_e1_w15,1790880300000,ENTER,enter_stable_window,LIGHT,SHORT_DEEP_RUN_FILTER
focused_peak_b10_x50_e1_w15,1790880360000,EXIT,exit_sustained_rolling_motion,LIGHT,
focused_peak_b10_x50_e1_w15,1790880420000,ENTER,enter_stable_window,LIGHT,SHORT_DEEP_RUN_FILTER
focused_peak_b10_x50_e1_w15,1790880480000,EXIT,exit_sustained_rolling_motion,LIGHT,
focused_peak_b10_x50_e1_w15,1790880540000,ENTER,enter_stable_window,LIGHT,SHORT_DEEP_RUN_FILTER
focused_peak_b10_x50_e1_w15,1790880600000,EXIT,exit_sustained_rolling_motion,LIGHT,
focused_peak_b10_x50_e1_w15,1790880660000,ENTER,enter_stable_window,LIGHT,SHORT_DEEP_RUN_FILTER
focused_peak_b10_x50_e1_w15,1790880720000,EXIT,exit_sustained_rolling_motion,LIGHT,
focused_peak_b10_x50_e1_w15,1790880780000,ENTER,enter_stable_window,LIGHT,SHORT_DEEP_RUN_FILTER
focused_peak_b10_x50_e1_w15,1790880840000,EXIT,exit_sustained_rolling_motion,LIGHT,
focused_peak_b10_x50_e1_w15,1790880900000,ENTER,enter_stable_window,LIGHT,SHORT_DEEP_RUN_FILTER
focused_peak_b10_x50_e1_w15,1790880960000,EXIT,exit_sustained_rolling_motion,LIGHT,
focused_peak_b10_x50_e1_w15,1790881020000,ENTER,enter_stable_window,LIGHT,SHORT_DEEP_RUN_FILTER
focused_peak_b10_x50_e1_w15,1790881080000,MAINTAIN,,LIGHT,SHORT_DEEP_RUN_FILTER
focused_peak_b10_x50_e1_w15,1790881140000,EXIT,exit_sustained_rolling_motion,LIGHT,
focused_peak_b10_x50_e1_w15,1790881200000,ENTER,enter_stable_window,LIGHT,SHORT_DEEP_RUN_FILTER
focused_peak_b10_x50_e1_w15,1790881260000,EXIT,exit_sustained_rolling_motion,LIGHT,
focused_peak_b10_x50_e1_w15,1790881320000,ENTER,enter_stable_window,LIGHT,SHORT_DEEP_RUN_FILTER
focused_peak_b10_x50_e1_w15,1790881380000,EXIT,exit_sustained_rolling_motion,LIGHT,
focused_peak_b10_x50_e1_w15,1790881440000,ENTER,enter_stable_window,LIGHT,SHORT_DEEP_RUN_FILTER
focused_peak_b10_x50_e1_w15,1790881500000,EXIT,exit_sustained_rolling_motion,LIGHT,
focused_peak_b10_x50_e1_w15,1790881560000,ENTER,enter_stable_window,LIGHT,SHORT_DEEP_RUN_FILTER
focused_peak_b10_x50_e1_w15,1790881620000,EXIT,exit_sustained_rolling_motion,LIGHT,
focused_peak_b10_x50_e1_w15,1790881680000,ENTER,enter_stable_window,LIGHT,SHORT_DEEP_RUN_FILTER
focused_peak_b10_x50_e1_w15,1790881740000,EXIT,exit_sustained_rolling_motion,LIGHT,
focused_peak_b10_x50_e1_w15,1790881800000,ENTER,enter_stable_window,LIGHT,SHORT_DEEP_RUN_FILTER
focused_peak_b10_x50_e1_w15,1790881860000,EXIT,exit_sustained_rolling_motion,LIGHT,
focused_peak_b10_x50_e1_w15,1790881920000,ENTER,enter_stable_window,LIGHT,SHORT_DEEP_RUN_FILTER
focused_peak_b10_x50_e1_w15,1790881980000,EXIT,exit_sustained_rolling_motion,LIGHT,
focused_peak_b10_x50_e1_w15,1790882040000,ENTER,enter_stable_window,LIGHT,SHORT_DEEP_RUN_FILTER
focused_peak_b10_x50_e1_w15,1790882100000,EXIT,exit_coupling_lost,LIGHT,
focused_peak_b10_x50_e1_w15,1790885460000,ENTER,enter_stable_window,LIGHT,SHORT_DEEP_RUN_FILTER
focused_peak_b10_x50_e1_w15,1790885520000,EXIT,exit_sustained_rolling_motion,LIGHT,
focused_peak_b10_x50_e1_w15,1790885820000,ENTER,enter_stable_window,LIGHT,SHORT_DEEP_RUN_FILTER
focused_peak_b10_x50_e1_w15,1790885880000,MAINTAIN,,LIGHT,SHORT_DEEP_RUN_FILTER
focused_peak_b10_x50_e1_w15,1790885940000,MAINTAIN,,LIGHT,SHORT_DEEP_RUN_FILTER
focused_peak_b10_x50_e1_w15,1790886000000,MAINTAIN,,LIGHT,SHORT_DEEP_RUN_FILTER
focused_peak_b10_x50_e1_w15,1790886060000,MAINTAIN,,LIGHT,SHORT_DEEP_RUN_FILTER
focused_peak_b10_x50_e1_w15,1790886120000,EXIT,exit_sustained_rolling_motion,LIGHT,
focused_peak_b10_x50_e1_w15,1790886300000,ENTER,enter_stable_window,LIGHT,SHORT_DEEP_RUN_FILTER
focused_peak_b10_x50_e1_w15,1790886360000,EXIT,exit_sustained_rolling_motion,LIGHT,
focused_peak_b10_x50_e1_w15,1790886420000,ENTER,enter_stable_window,DEEP,
focused_peak_b10_x50_e1_w15,1790889780000,EXIT,exit_sustained_rolling_motion,LIGHT,
focused_peak_b10_x50_e1_w15,1790889900000,ENTER,enter_stable_window,LIGHT,SHORT_DEEP_RUN_FILTER
focused_peak_b10_x50_e1_w15,1790889960000,EXIT,exit_sustained_rolling_motion,LIGHT,
focused_peak_b10_x50_e1_w15,1790890020000,ENTER,enter_stable_window,LIGHT,SHORT_DEEP_RUN_FILTER
focused_peak_b10_x50_e1_w15,1790890080000,MAINTAIN,,LIGHT,SHORT_DEEP_RUN_FILTER
focused_peak_b10_x50_e1_w15,1790890140000,MAINTAIN,,LIGHT,SHORT_DEEP_RUN_FILTER
focused_peak_b10_x50_e1_w15,1790890200000,MAINTAIN,,LIGHT,SHORT_DEEP_RUN_FILTER
focused_peak_b10_x50_e1_w15,1790890260000,EXIT,exit_sustained_rolling_motion,LIGHT,
focused_peak_b10_x50_e1_w15,1790890560000,ENTER,enter_stable_window,LIGHT,SHORT_DEEP_RUN_FILTER
focused_peak_b10_x50_e1_w15,1790890620000,MAINTAIN,,LIGHT,SHORT_DEEP_RUN_FILTER
focused_peak_b10_x50_e1_w15,1790890680000,MAINTAIN,,LIGHT,SHORT_DEEP_RUN_FILTER
focused_peak_b10_x50_e1_w15,1790890740000,MAINTAIN,,LIGHT,SHORT_DEEP_RUN_FILTER
focused_peak_b10_x50_e1_w15,1790890800000,EXIT,exit_sustained_rolling_motion,LIGHT,
focused_peak_b10_x50_e1_w15,1790891040000,ENTER,enter_stable_window,LIGHT,SHORT_DEEP_RUN_FILTER
focused_peak_b10_x50_e1_w15,1790891100000,MAINTAIN,,LIGHT,SHORT_DEEP_RUN_FILTER
focused_peak_b10_x50_e1_w15,1790891160000,MAINTAIN,,LIGHT,SHORT_DEEP_RUN_FILTER
focused_peak_b10_x50_e1_w15,1790891220000,MAINTAIN,,LIGHT,SHORT_DEEP_RUN_FILTER
focused_peak_b10_x50_e1_w15,1790891280000,EXIT,exit_sustained_rolling_motion,LIGHT,
focused_peak_b10_x50_e1_w15,1790893080000,ENTER,enter_stable_window,LIGHT,SHORT_DEEP_RUN_FILTER
focused_peak_b10_x50_e1_w15,1790893140000,MAINTAIN,,LIGHT,SHORT_DEEP_RUN_FILTER
focused_peak_b10_x50_e1_w15,1790893200000,MAINTAIN,,LIGHT,SHORT_DEEP_RUN_FILTER
focused_peak_b10_x50_e1_w15,1790893260000,MAINTAIN,,LIGHT,SHORT_DEEP_RUN_FILTER
focused_peak_b10_x50_e1_w15,1790893320000,EXIT,exit_sustained_rolling_motion,LIGHT,
focused_peak_b10_x50_e1_w15,1790893560000,ENTER,enter_stable_window,DEEP,
focused_peak_b10_x50_e1_w15,1790894340000,EXIT,exit_sustained_rolling_motion,LIGHT,
focused_peak_b10_x50_e1_w15,1790894580000,ENTER,enter_stable_window,LIGHT,SHORT_DEEP_RUN_FILTER
focused_peak_b10_x50_e1_w15,1790894640000,MAINTAIN,,LIGHT,SHORT_DEEP_RUN_FILTER
focused_peak_b10_x50_e1_w15,1790894700000,MAINTAIN,,LIGHT,SHORT_DEEP_RUN_FILTER
focused_peak_b10_x50_e1_w15,1790894760000,EXIT,exit_sustained_rolling_motion,LIGHT,
focused_peak_b10_x50_e1_w15,1790895180000,ENTER,enter_stable_window,LIGHT,SHORT_DEEP_RUN_FILTER
focused_peak_b10_x50_e1_w15,1790895240000,EXIT,exit_sustained_rolling_motion,LIGHT,
focused_peak_b10_x50_e1_w15,1790895300000,ENTER,enter_stable_window,LIGHT,SHORT_DEEP_RUN_FILTER
focused_peak_b10_x50_e1_w15,1790895360000,EXIT,exit_sustained_rolling_motion,LIGHT,
focused_peak_b10_x50_e1_w15,1790895420000,ENTER,enter_stable_window,LIGHT,SHORT_DEEP_RUN_FILTER
focused_peak_b10_x50_e1_w15,1790895480000,MAINTAIN,,LIGHT,SHORT_DEEP_RUN_FILTER
focused_peak_b10_x50_e1_w15,1790895540000,MAINTAIN,,LIGHT,SHORT_DEEP_RUN_FILTER
focused_peak_b10_x50_e1_w15,1790895600000,MAINTAIN,,LIGHT,SHORT_DEEP_RUN_FILTER
focused_peak_b10_x50_e1_w15,1790895660000,MAINTAIN,,LIGHT,SHORT_DEEP_RUN_FILTER
focused_peak_b10_x50_e1_w15,1790895720000,EXIT,exit_sustained_rolling_motion,LIGHT,
focused_peak_b10_x50_e1_w15,1790895780000,ENTER,enter_stable_window,LIGHT,SHORT_DEEP_RUN_FILTER
focused_peak_b10_x50_e1_w15,1790895840000,EXIT,exit_sustained_rolling_motion,LIGHT,
focused_peak_b10_x50_e1_w15,1790895900000,ENTER,enter_stable_window,LIGHT,SHORT_DEEP_RUN_FILTER
focused_peak_b10_x50_e1_w15,1790895960000,EXIT,exit_sustained_rolling_motion,LIGHT,
focused_peak_b10_x50_e1_w15,1790896020000,ENTER,enter_stable_window,LIGHT,SHORT_DEEP_RUN_FILTER
focused_peak_b10_x50_e1_w15,1790896080000,MAINTAIN,,LIGHT,SHORT_DEEP_RUN_FILTER
focused_peak_b10_x50_e1_w15,1790896140000,MAINTAIN,,LIGHT,SHORT_DEEP_RUN_FILTER
focused_peak_b10_x50_e1_w15,1790896200000,MAINTAIN,,LIGHT,SHORT_DEEP_RUN_FILTER
focused_peak_b10_x50_e1_w15,1790896260000,MAINTAIN,,LIGHT,SHORT_DEEP_RUN_FILTER
focused_peak_b10_x50_e1_w15,1790896320000,EXIT,exit_missing_motion,LIGHT,
focused_peak_b10_x50_e1_w10,1790879940000,ENTER,enter_stable_window,LIGHT,SHORT_DEEP_RUN_FILTER
focused_peak_b10_x50_e1_w10,1790880000000,EXIT,exit_sustained_rolling_motion,LIGHT,
focused_peak_b10_x50_e1_w10,1790880060000,ENTER,enter_stable_window,LIGHT,SHORT_DEEP_RUN_FILTER
focused_peak_b10_x50_e1_w10,1790880120000,EXIT,exit_sustained_rolling_motion,LIGHT,
focused_peak_b10_x50_e1_w10,1790880180000,ENTER,enter_stable_window,LIGHT,SHORT_DEEP_RUN_FILTER
focused_peak_b10_x50_e1_w10,1790880240000,EXIT,exit_sustained_rolling_motion,LIGHT,
focused_peak_b10_x50_e1_w10,1790880300000,ENTER,enter_stable_window,LIGHT,SHORT_DEEP_RUN_FILTER
focused_peak_b10_x50_e1_w10,1790880360000,EXIT,exit_sustained_rolling_motion,LIGHT,
focused_peak_b10_x50_e1_w10,1790880420000,ENTER,enter_stable_window,LIGHT,SHORT_DEEP_RUN_FILTER
focused_peak_b10_x50_e1_w10,1790880480000,EXIT,exit_sustained_rolling_motion,LIGHT,
focused_peak_b10_x50_e1_w10,1790880540000,ENTER,enter_stable_window,LIGHT,SHORT_DEEP_RUN_FILTER
focused_peak_b10_x50_e1_w10,1790880600000,EXIT,exit_sustained_rolling_motion,LIGHT,
focused_peak_b10_x50_e1_w10,1790880660000,ENTER,enter_stable_window,LIGHT,SHORT_DEEP_RUN_FILTER
focused_peak_b10_x50_e1_w10,1790880720000,EXIT,exit_sustained_rolling_motion,LIGHT,
focused_peak_b10_x50_e1_w10,1790880780000,ENTER,enter_stable_window,LIGHT,SHORT_DEEP_RUN_FILTER
focused_peak_b10_x50_e1_w10,1790880840000,EXIT,exit_sustained_rolling_motion,LIGHT,
focused_peak_b10_x50_e1_w10,1790880900000,ENTER,enter_stable_window,LIGHT,SHORT_DEEP_RUN_FILTER
focused_peak_b10_x50_e1_w10,1790880960000,EXIT,exit_sustained_rolling_motion,LIGHT,
focused_peak_b10_x50_e1_w10,1790881020000,ENTER,enter_stable_window,LIGHT,SHORT_DEEP_RUN_FILTER
focused_peak_b10_x50_e1_w10,1790881080000,MAINTAIN,,LIGHT,SHORT_DEEP_RUN_FILTER
focused_peak_b10_x50_e1_w10,1790881140000,EXIT,exit_sustained_rolling_motion,LIGHT,
focused_peak_b10_x50_e1_w10,1790881200000,ENTER,enter_stable_window,LIGHT,SHORT_DEEP_RUN_FILTER
focused_peak_b10_x50_e1_w10,1790881260000,EXIT,exit_sustained_rolling_motion,LIGHT,
focused_peak_b10_x50_e1_w10,1790881320000,ENTER,enter_stable_window,LIGHT,SHORT_DEEP_RUN_FILTER
focused_peak_b10_x50_e1_w10,1790881380000,EXIT,exit_sustained_rolling_motion,LIGHT,
focused_peak_b10_x50_e1_w10,1790881440000,ENTER,enter_stable_window,LIGHT,SHORT_DEEP_RUN_FILTER
focused_peak_b10_x50_e1_w10,1790881500000,EXIT,exit_sustained_rolling_motion,LIGHT,
focused_peak_b10_x50_e1_w10,1790881560000,ENTER,enter_stable_window,LIGHT,SHORT_DEEP_RUN_FILTER
focused_peak_b10_x50_e1_w10,1790881620000,EXIT,exit_sustained_rolling_motion,LIGHT,
focused_peak_b10_x50_e1_w10,1790881680000,ENTER,enter_stable_window,LIGHT,SHORT_DEEP_RUN_FILTER
focused_peak_b10_x50_e1_w10,1790881740000,EXIT,exit_sustained_rolling_motion,LIGHT,
focused_peak_b10_x50_e1_w10,1790881800000,ENTER,enter_stable_window,LIGHT,SHORT_DEEP_RUN_FILTER
focused_peak_b10_x50_e1_w10,1790881860000,EXIT,exit_sustained_rolling_motion,LIGHT,
focused_peak_b10_x50_e1_w10,1790881920000,ENTER,enter_stable_window,LIGHT,SHORT_DEEP_RUN_FILTER
focused_peak_b10_x50_e1_w10,1790881980000,EXIT,exit_sustained_rolling_motion,LIGHT,
focused_peak_b10_x50_e1_w10,1790882040000,ENTER,enter_stable_window,LIGHT,SHORT_DEEP_RUN_FILTER
focused_peak_b10_x50_e1_w10,1790882100000,EXIT,exit_coupling_lost,LIGHT,
focused_peak_b10_x50_e1_w10,1790885160000,ENTER,enter_stable_window,LIGHT,SHORT_DEEP_RUN_FILTER
focused_peak_b10_x50_e1_w10,1790885220000,MAINTAIN,,LIGHT,SHORT_DEEP_RUN_FILTER
focused_peak_b10_x50_e1_w10,1790885280000,MAINTAIN,,LIGHT,SHORT_DEEP_RUN_FILTER
focused_peak_b10_x50_e1_w10,1790885340000,MAINTAIN,,LIGHT,SHORT_DEEP_RUN_FILTER
focused_peak_b10_x50_e1_w10,1790885400000,MAINTAIN,,LIGHT,SHORT_DEEP_RUN_FILTER
focused_peak_b10_x50_e1_w10,1790885460000,EXIT,exit_sustained_rolling_motion,LIGHT,
focused_peak_b10_x50_e1_w10,1790885520000,ENTER,enter_stable_window,LIGHT,SHORT_DEEP_RUN_FILTER
focused_peak_b10_x50_e1_w10,1790885580000,EXIT,exit_sustained_rolling_motion,LIGHT,
focused_peak_b10_x50_e1_w10,1790885820000,ENTER,enter_stable_window,LIGHT,SHORT_DEEP_RUN_FILTER
focused_peak_b10_x50_e1_w10,1790885880000,MAINTAIN,,LIGHT,SHORT_DEEP_RUN_FILTER
focused_peak_b10_x50_e1_w10,1790885940000,MAINTAIN,,LIGHT,SHORT_DEEP_RUN_FILTER
focused_peak_b10_x50_e1_w10,1790886000000,MAINTAIN,,LIGHT,SHORT_DEEP_RUN_FILTER
focused_peak_b10_x50_e1_w10,1790886060000,MAINTAIN,,LIGHT,SHORT_DEEP_RUN_FILTER
focused_peak_b10_x50_e1_w10,1790886120000,EXIT,exit_sustained_rolling_motion,LIGHT,
focused_peak_b10_x50_e1_w10,1790886300000,ENTER,enter_stable_window,LIGHT,SHORT_DEEP_RUN_FILTER
focused_peak_b10_x50_e1_w10,1790886360000,EXIT,exit_sustained_rolling_motion,LIGHT,
focused_peak_b10_x50_e1_w10,1790886420000,ENTER,enter_stable_window,DEEP,
focused_peak_b10_x50_e1_w10,1790889780000,EXIT,exit_sustained_rolling_motion,LIGHT,
focused_peak_b10_x50_e1_w10,1790889900000,ENTER,enter_stable_window,LIGHT,SHORT_DEEP_RUN_FILTER
focused_peak_b10_x50_e1_w10,1790889960000,EXIT,exit_sustained_rolling_motion,LIGHT,
focused_peak_b10_x50_e1_w10,1790890020000,ENTER,enter_stable_window,LIGHT,SHORT_DEEP_RUN_FILTER
focused_peak_b10_x50_e1_w10,1790890080000,MAINTAIN,,LIGHT,SHORT_DEEP_RUN_FILTER
focused_peak_b10_x50_e1_w10,1790890140000,MAINTAIN,,LIGHT,SHORT_DEEP_RUN_FILTER
focused_peak_b10_x50_e1_w10,1790890200000,MAINTAIN,,LIGHT,SHORT_DEEP_RUN_FILTER
focused_peak_b10_x50_e1_w10,1790890260000,EXIT,exit_sustained_rolling_motion,LIGHT,
focused_peak_b10_x50_e1_w10,1790890560000,ENTER,enter_stable_window,LIGHT,SHORT_DEEP_RUN_FILTER
focused_peak_b10_x50_e1_w10,1790890620000,MAINTAIN,,LIGHT,SHORT_DEEP_RUN_FILTER
focused_peak_b10_x50_e1_w10,1790890680000,MAINTAIN,,LIGHT,SHORT_DEEP_RUN_FILTER
focused_peak_b10_x50_e1_w10,1790890740000,MAINTAIN,,LIGHT,SHORT_DEEP_RUN_FILTER
focused_peak_b10_x50_e1_w10,1790890800000,EXIT,exit_sustained_rolling_motion,LIGHT,
focused_peak_b10_x50_e1_w10,1790890860000,ENTER,enter_stable_window,LIGHT,SHORT_DEEP_RUN_FILTER
focused_peak_b10_x50_e1_w10,1790890920000,EXIT,exit_sustained_rolling_motion,LIGHT,
focused_peak_b10_x50_e1_w10,1790890980000,ENTER,enter_stable_window,LIGHT,SHORT_DEEP_RUN_FILTER
focused_peak_b10_x50_e1_w10,1790891040000,MAINTAIN,,LIGHT,SHORT_DEEP_RUN_FILTER
focused_peak_b10_x50_e1_w10,1790891100000,MAINTAIN,,LIGHT,SHORT_DEEP_RUN_FILTER
focused_peak_b10_x50_e1_w10,1790891160000,MAINTAIN,,LIGHT,SHORT_DEEP_RUN_FILTER
focused_peak_b10_x50_e1_w10,1790891220000,MAINTAIN,,LIGHT,SHORT_DEEP_RUN_FILTER
focused_peak_b10_x50_e1_w10,1790891280000,EXIT,exit_sustained_rolling_motion,LIGHT,
focused_peak_b10_x50_e1_w10,1790892900000,ENTER,enter_stable_window,LIGHT,SHORT_DEEP_RUN_FILTER
focused_peak_b10_x50_e1_w10,1790892960000,MAINTAIN,,LIGHT,SHORT_DEEP_RUN_FILTER
focused_peak_b10_x50_e1_w10,1790893020000,MAINTAIN,,LIGHT,SHORT_DEEP_RUN_FILTER
focused_peak_b10_x50_e1_w10,1790893080000,MAINTAIN,,LIGHT,SHORT_DEEP_RUN_FILTER
focused_peak_b10_x50_e1_w10,1790893140000,MAINTAIN,,LIGHT,SHORT_DEEP_RUN_FILTER
focused_peak_b10_x50_e1_w10,1790893200000,MAINTAIN,,LIGHT,SHORT_DEEP_RUN_FILTER
focused_peak_b10_x50_e1_w10,1790893260000,MAINTAIN,,LIGHT,SHORT_DEEP_RUN_FILTER
focused_peak_b10_x50_e1_w10,1790893320000,EXIT,exit_sustained_rolling_motion,LIGHT,
focused_peak_b10_x50_e1_w10,1790893560000,ENTER,enter_stable_window,DEEP,
focused_peak_b10_x50_e1_w10,1790894340000,EXIT,exit_sustained_rolling_motion,LIGHT,
focused_peak_b10_x50_e1_w10,1790894580000,ENTER,enter_stable_window,LIGHT,SHORT_DEEP_RUN_FILTER
focused_peak_b10_x50_e1_w10,1790894640000,MAINTAIN,,LIGHT,SHORT_DEEP_RUN_FILTER
focused_peak_b10_x50_e1_w10,1790894700000,MAINTAIN,,LIGHT,SHORT_DEEP_RUN_FILTER
focused_peak_b10_x50_e1_w10,1790894760000,EXIT,exit_sustained_rolling_motion,LIGHT,
focused_peak_b10_x50_e1_w10,1790895060000,ENTER,enter_stable_window,LIGHT,SHORT_DEEP_RUN_FILTER
focused_peak_b10_x50_e1_w10,1790895120000,EXIT,exit_sustained_rolling_motion,LIGHT,
focused_peak_b10_x50_e1_w10,1790895180000,ENTER,enter_stable_window,LIGHT,SHORT_DEEP_RUN_FILTER
focused_peak_b10_x50_e1_w10,1790895240000,EXIT,exit_sustained_rolling_motion,LIGHT,
focused_peak_b10_x50_e1_w10,1790895300000,ENTER,enter_stable_window,LIGHT,SHORT_DEEP_RUN_FILTER
focused_peak_b10_x50_e1_w10,1790895360000,EXIT,exit_sustained_rolling_motion,LIGHT,
focused_peak_b10_x50_e1_w10,1790895420000,ENTER,enter_stable_window,LIGHT,SHORT_DEEP_RUN_FILTER
focused_peak_b10_x50_e1_w10,1790895480000,MAINTAIN,,LIGHT,SHORT_DEEP_RUN_FILTER
focused_peak_b10_x50_e1_w10,1790895540000,MAINTAIN,,LIGHT,SHORT_DEEP_RUN_FILTER
focused_peak_b10_x50_e1_w10,1790895600000,MAINTAIN,,LIGHT,SHORT_DEEP_RUN_FILTER
focused_peak_b10_x50_e1_w10,1790895660000,MAINTAIN,,LIGHT,SHORT_DEEP_RUN_FILTER
focused_peak_b10_x50_e1_w10,1790895720000,EXIT,exit_sustained_rolling_motion,LIGHT,
focused_peak_b10_x50_e1_w10,1790895780000,ENTER,enter_stable_window,LIGHT,SHORT_DEEP_RUN_FILTER
focused_peak_b10_x50_e1_w10,1790895840000,EXIT,exit_sustained_rolling_motion,LIGHT,
focused_peak_b10_x50_e1_w10,1790895900000,ENTER,enter_stable_window,LIGHT,SHORT_DEEP_RUN_FILTER
focused_peak_b10_x50_e1_w10,1790895960000,EXIT,exit_sustained_rolling_motion,LIGHT,
focused_peak_b10_x50_e1_w10,1790896020000,ENTER,enter_stable_window,LIGHT,SHORT_DEEP_RUN_FILTER
focused_peak_b10_x50_e1_w10,1790896080000,MAINTAIN,,LIGHT,SHORT_DEEP_RUN_FILTER
focused_peak_b10_x50_e1_w10,1790896140000,MAINTAIN,,LIGHT,SHORT_DEEP_RUN_FILTER
focused_peak_b10_x50_e1_w10,1790896200000,MAINTAIN,,LIGHT,SHORT_DEEP_RUN_FILTER
focused_peak_b10_x50_e1_w10,1790896260000,MAINTAIN,,LIGHT,SHORT_DEEP_RUN_FILTER
focused_peak_b10_x50_e1_w10,1790896320000,EXIT,exit_missing_motion,LIGHT,
focused_peak_b5_x70_e3_w15,1790880180000,ENTER,enter_stable_window,DEEP,
focused_peak_b5_x70_e3_w15,1790882100000,EXIT,exit_coupling_lost,LIGHT,
focused_peak_b5_x70_e3_w15,1790885460000,ENTER,enter_stable_window,LIGHT,SHORT_DEEP_RUN_FILTER
focused_peak_b5_x70_e3_w15,1790885520000,MAINTAIN,,LIGHT,SHORT_DEEP_RUN_FILTER
focused_peak_b5_x70_e3_w15,1790885580000,MAINTAIN,,LIGHT,SHORT_DEEP_RUN_FILTER
focused_peak_b5_x70_e3_w15,1790885640000,MAINTAIN,,LIGHT,SHORT_DEEP_RUN_FILTER
focused_peak_b5_x70_e3_w15,1790885700000,EXIT,exit_sustained_rolling_motion,LIGHT,
focused_peak_b5_x70_e3_w15,1790885820000,ENTER,enter_stable_window,DEEP,
focused_peak_b5_x70_e3_w15,1790886240000,EXIT,exit_sustained_rolling_motion,LIGHT,
focused_peak_b5_x70_e3_w15,1790886300000,ENTER,enter_stable_window,DEEP,
focused_peak_b5_x70_e3_w15,1790890380000,EXIT,exit_sustained_rolling_motion,LIGHT,
focused_peak_b5_x70_e3_w15,1790890560000,ENTER,enter_stable_window,DEEP,
focused_peak_b5_x70_e3_w15,1790891460000,EXIT,exit_sustained_rolling_motion,LIGHT,
focused_peak_b5_x70_e3_w15,1790893080000,ENTER,enter_stable_window,DEEP,
focused_peak_b5_x70_e3_w15,1790893440000,EXIT,exit_sustained_rolling_motion,LIGHT,
focused_peak_b5_x70_e3_w15,1790893560000,ENTER,enter_stable_window,DEEP,
focused_peak_b5_x70_e3_w15,1790894460000,EXIT,exit_sustained_rolling_motion,LIGHT,
focused_peak_b5_x70_e3_w15,1790894580000,ENTER,enter_stable_window,DEEP,
focused_peak_b5_x70_e3_w15,1790894940000,EXIT,exit_sustained_rolling_motion,LIGHT,
focused_peak_b5_x70_e3_w15,1790895180000,ENTER,enter_stable_window,DEEP,
focused_peak_b5_x70_e3_w15,1790896320000,EXIT,exit_missing_motion,LIGHT,
focused_peak_b5_x70_e3_w10,1790879940000,ENTER,enter_stable_window,DEEP,
focused_peak_b5_x70_e3_w10,1790882100000,EXIT,exit_coupling_lost,LIGHT,
focused_peak_b5_x70_e3_w10,1790885160000,ENTER,enter_stable_window,DEEP,
focused_peak_b5_x70_e3_w10,1790885700000,EXIT,exit_sustained_rolling_motion,LIGHT,
focused_peak_b5_x70_e3_w10,1790885820000,ENTER,enter_stable_window,DEEP,
focused_peak_b5_x70_e3_w10,1790886240000,EXIT,exit_sustained_rolling_motion,LIGHT,
focused_peak_b5_x70_e3_w10,1790886300000,ENTER,enter_stable_window,DEEP,
focused_peak_b5_x70_e3_w10,1790890380000,EXIT,exit_sustained_rolling_motion,LIGHT,
focused_peak_b5_x70_e3_w10,1790890560000,ENTER,enter_stable_window,DEEP,
focused_peak_b5_x70_e3_w10,1790891460000,EXIT,exit_sustained_rolling_motion,LIGHT,
focused_peak_b5_x70_e3_w10,1790892900000,ENTER,enter_stable_window,DEEP,
focused_peak_b5_x70_e3_w10,1790893440000,EXIT,exit_sustained_rolling_motion,LIGHT,
focused_peak_b5_x70_e3_w10,1790893560000,ENTER,enter_stable_window,DEEP,
focused_peak_b5_x70_e3_w10,1790894460000,EXIT,exit_sustained_rolling_motion,LIGHT,
focused_peak_b5_x70_e3_w10,1790894580000,ENTER,enter_stable_window,DEEP,
focused_peak_b5_x70_e3_w10,1790894940000,EXIT,exit_sustained_rolling_motion,LIGHT,
focused_peak_b5_x70_e3_w10,1790895060000,ENTER,enter_stable_window,DEEP,
focused_peak_b5_x70_e3_w10,1790896320000,EXIT,exit_missing_motion,LIGHT,
focused_peak_b5_x70_e2_w15,1790880180000,ENTER,enter_stable_window,DEEP,
focused_peak_b5_x70_e2_w15,1790882100000,EXIT,exit_coupling_lost,LIGHT,
focused_peak_b5_x70_e2_w15,1790885460000,ENTER,enter_stable_window,LIGHT,SHORT_DEEP_RUN_FILTER
focused_peak_b5_x70_e2_w15,1790885520000,MAINTAIN,,LIGHT,SHORT_DEEP_RUN_FILTER
focused_peak_b5_x70_e2_w15,1790885580000,MAINTAIN,,LIGHT,SHORT_DEEP_RUN_FILTER
focused_peak_b5_x70_e2_w15,1790885640000,EXIT,exit_sustained_rolling_motion,LIGHT,
focused_peak_b5_x70_e2_w15,1790885820000,ENTER,enter_stable_window,DEEP,
focused_peak_b5_x70_e2_w15,1790886180000,EXIT,exit_sustained_rolling_motion,LIGHT,
focused_peak_b5_x70_e2_w15,1790886300000,ENTER,enter_stable_window,DEEP,
focused_peak_b5_x70_e2_w15,1790890320000,EXIT,exit_sustained_rolling_motion,LIGHT,
focused_peak_b5_x70_e2_w15,1790890560000,ENTER,enter_stable_window,DEEP,
focused_peak_b5_x70_e2_w15,1790891400000,EXIT,exit_sustained_rolling_motion,LIGHT,
focused_peak_b5_x70_e2_w15,1790893080000,ENTER,enter_stable_window,DEEP,
focused_peak_b5_x70_e2_w15,1790893380000,EXIT,exit_sustained_rolling_motion,LIGHT,
focused_peak_b5_x70_e2_w15,1790893560000,ENTER,enter_stable_window,DEEP,
focused_peak_b5_x70_e2_w15,1790894400000,EXIT,exit_sustained_rolling_motion,LIGHT,
focused_peak_b5_x70_e2_w15,1790894580000,ENTER,enter_stable_window,DEEP,
focused_peak_b5_x70_e2_w15,1790894880000,EXIT,exit_sustained_rolling_motion,LIGHT,
focused_peak_b5_x70_e2_w15,1790895180000,ENTER,enter_stable_window,DEEP,
focused_peak_b5_x70_e2_w15,1790896320000,EXIT,exit_missing_motion,LIGHT,
focused_peak_b5_x70_e2_w10,1790879940000,ENTER,enter_stable_window,DEEP,
focused_peak_b5_x70_e2_w10,1790882100000,EXIT,exit_coupling_lost,LIGHT,
focused_peak_b5_x70_e2_w10,1790885160000,ENTER,enter_stable_window,DEEP,
focused_peak_b5_x70_e2_w10,1790885640000,EXIT,exit_sustained_rolling_motion,LIGHT,
focused_peak_b5_x70_e2_w10,1790885820000,ENTER,enter_stable_window,DEEP,
focused_peak_b5_x70_e2_w10,1790886180000,EXIT,exit_sustained_rolling_motion,LIGHT,
focused_peak_b5_x70_e2_w10,1790886300000,ENTER,enter_stable_window,DEEP,
focused_peak_b5_x70_e2_w10,1790890320000,EXIT,exit_sustained_rolling_motion,LIGHT,
focused_peak_b5_x70_e2_w10,1790890560000,ENTER,enter_stable_window,DEEP,
focused_peak_b5_x70_e2_w10,1790891400000,EXIT,exit_sustained_rolling_motion,LIGHT,
focused_peak_b5_x70_e2_w10,1790892900000,ENTER,enter_stable_window,DEEP,
focused_peak_b5_x70_e2_w10,1790893380000,EXIT,exit_sustained_rolling_motion,LIGHT,
focused_peak_b5_x70_e2_w10,1790893560000,ENTER,enter_stable_window,DEEP,
focused_peak_b5_x70_e2_w10,1790894400000,EXIT,exit_sustained_rolling_motion,LIGHT,
focused_peak_b5_x70_e2_w10,1790894580000,ENTER,enter_stable_window,DEEP,
focused_peak_b5_x70_e2_w10,1790894880000,EXIT,exit_sustained_rolling_motion,LIGHT,
focused_peak_b5_x70_e2_w10,1790895060000,ENTER,enter_stable_window,DEEP,
focused_peak_b5_x70_e2_w10,1790896320000,EXIT,exit_missing_motion,LIGHT,
focused_peak_b5_x70_e1_w15,1790880180000,ENTER,enter_stable_window,DEEP,
focused_peak_b5_x70_e1_w15,1790882100000,EXIT,exit_coupling_lost,LIGHT,
focused_peak_b5_x70_e1_w15,1790885460000,ENTER,enter_stable_window,LIGHT,SHORT_DEEP_RUN_FILTER
focused_peak_b5_x70_e1_w15,1790885520000,MAINTAIN,,LIGHT,SHORT_DEEP_RUN_FILTER
focused_peak_b5_x70_e1_w15,1790885580000,EXIT,exit_sustained_rolling_motion,LIGHT,
focused_peak_b5_x70_e1_w15,1790885820000,ENTER,enter_stable_window,DEEP,
focused_peak_b5_x70_e1_w15,1790886120000,EXIT,exit_sustained_rolling_motion,LIGHT,
focused_peak_b5_x70_e1_w15,1790886300000,ENTER,enter_stable_window,DEEP,
focused_peak_b5_x70_e1_w15,1790890260000,EXIT,exit_sustained_rolling_motion,LIGHT,
focused_peak_b5_x70_e1_w15,1790890560000,ENTER,enter_stable_window,DEEP,
focused_peak_b5_x70_e1_w15,1790891340000,EXIT,exit_sustained_rolling_motion,LIGHT,
focused_peak_b5_x70_e1_w15,1790893080000,ENTER,enter_stable_window,LIGHT,SHORT_DEEP_RUN_FILTER
focused_peak_b5_x70_e1_w15,1790893140000,MAINTAIN,,LIGHT,SHORT_DEEP_RUN_FILTER
focused_peak_b5_x70_e1_w15,1790893200000,MAINTAIN,,LIGHT,SHORT_DEEP_RUN_FILTER
focused_peak_b5_x70_e1_w15,1790893260000,MAINTAIN,,LIGHT,SHORT_DEEP_RUN_FILTER
focused_peak_b5_x70_e1_w15,1790893320000,EXIT,exit_sustained_rolling_motion,LIGHT,
focused_peak_b5_x70_e1_w15,1790893560000,ENTER,enter_stable_window,DEEP,
focused_peak_b5_x70_e1_w15,1790894340000,EXIT,exit_sustained_rolling_motion,LIGHT,
focused_peak_b5_x70_e1_w15,1790894580000,ENTER,enter_stable_window,LIGHT,SHORT_DEEP_RUN_FILTER
focused_peak_b5_x70_e1_w15,1790894640000,MAINTAIN,,LIGHT,SHORT_DEEP_RUN_FILTER
focused_peak_b5_x70_e1_w15,1790894700000,MAINTAIN,,LIGHT,SHORT_DEEP_RUN_FILTER
focused_peak_b5_x70_e1_w15,1790894760000,MAINTAIN,,LIGHT,SHORT_DEEP_RUN_FILTER
focused_peak_b5_x70_e1_w15,1790894820000,EXIT,exit_sustained_rolling_motion,LIGHT,
focused_peak_b5_x70_e1_w15,1790895180000,ENTER,enter_stable_window,DEEP,
focused_peak_b5_x70_e1_w15,1790896320000,EXIT,exit_missing_motion,LIGHT,
focused_peak_b5_x70_e1_w10,1790879940000,ENTER,enter_stable_window,DEEP,
focused_peak_b5_x70_e1_w10,1790882100000,EXIT,exit_coupling_lost,LIGHT,
focused_peak_b5_x70_e1_w10,1790885160000,ENTER,enter_stable_window,DEEP,
focused_peak_b5_x70_e1_w10,1790885580000,EXIT,exit_sustained_rolling_motion,LIGHT,
focused_peak_b5_x70_e1_w10,1790885820000,ENTER,enter_stable_window,DEEP,
focused_peak_b5_x70_e1_w10,1790886120000,EXIT,exit_sustained_rolling_motion,LIGHT,
focused_peak_b5_x70_e1_w10,1790886300000,ENTER,enter_stable_window,DEEP,
focused_peak_b5_x70_e1_w10,1790890260000,EXIT,exit_sustained_rolling_motion,LIGHT,
focused_peak_b5_x70_e1_w10,1790890560000,ENTER,enter_stable_window,DEEP,
focused_peak_b5_x70_e1_w10,1790891340000,EXIT,exit_sustained_rolling_motion,LIGHT,
focused_peak_b5_x70_e1_w10,1790892900000,ENTER,enter_stable_window,DEEP,
focused_peak_b5_x70_e1_w10,1790893320000,EXIT,exit_sustained_rolling_motion,LIGHT,
focused_peak_b5_x70_e1_w10,1790893560000,ENTER,enter_stable_window,DEEP,
focused_peak_b5_x70_e1_w10,1790894340000,EXIT,exit_sustained_rolling_motion,LIGHT,
focused_peak_b5_x70_e1_w10,1790894580000,ENTER,enter_stable_window,LIGHT,SHORT_DEEP_RUN_FILTER
focused_peak_b5_x70_e1_w10,1790894640000,MAINTAIN,,LIGHT,SHORT_DEEP_RUN_FILTER
focused_peak_b5_x70_e1_w10,1790894700000,MAINTAIN,,LIGHT,SHORT_DEEP_RUN_FILTER
focused_peak_b5_x70_e1_w10,1790894760000,MAINTAIN,,LIGHT,SHORT_DEEP_RUN_FILTER
focused_peak_b5_x70_e1_w10,1790894820000,EXIT,exit_sustained_rolling_motion,LIGHT,
focused_peak_b5_x70_e1_w10,1790895060000,ENTER,enter_stable_window,DEEP,
focused_peak_b5_x70_e1_w10,1790896320000,EXIT,exit_missing_motion,LIGHT,
focused_peak_b5_x65_e3_w15,1790880180000,ENTER,enter_stable_window,DEEP,
focused_peak_b5_x65_e3_w15,1790881260000,EXIT,exit_sustained_rolling_motion,LIGHT,
focused_peak_b5_x65_e3_w15,1790881320000,ENTER,enter_stable_window,DEEP,
focused_peak_b5_x65_e3_w15,1790882100000,EXIT,exit_coupling_lost,LIGHT,
focused_peak_b5_x65_e3_w15,1790885460000,ENTER,enter_stable_window,LIGHT,SHORT_DEEP_RUN_FILTER
focused_peak_b5_x65_e3_w15,1790885520000,MAINTAIN,,LIGHT,SHORT_DEEP_RUN_FILTER
focused_peak_b5_x65_e3_w15,1790885580000,MAINTAIN,,LIGHT,SHORT_DEEP_RUN_FILTER
focused_peak_b5_x65_e3_w15,1790885640000,MAINTAIN,,LIGHT,SHORT_DEEP_RUN_FILTER
focused_peak_b5_x65_e3_w15,1790885700000,EXIT,exit_sustained_rolling_motion,LIGHT,
focused_peak_b5_x65_e3_w15,1790885820000,ENTER,enter_stable_window,DEEP,
focused_peak_b5_x65_e3_w15,1790886240000,EXIT,exit_sustained_rolling_motion,LIGHT,
focused_peak_b5_x65_e3_w15,1790886300000,ENTER,enter_stable_window,DEEP,
focused_peak_b5_x65_e3_w15,1790890380000,EXIT,exit_sustained_rolling_motion,LIGHT,
focused_peak_b5_x65_e3_w15,1790890560000,ENTER,enter_stable_window,DEEP,
focused_peak_b5_x65_e3_w15,1790890920000,EXIT,exit_sustained_rolling_motion,LIGHT,
focused_peak_b5_x65_e3_w15,1790891040000,ENTER,enter_stable_window,DEEP,
focused_peak_b5_x65_e3_w15,1790891400000,EXIT,exit_sustained_rolling_motion,LIGHT,
focused_peak_b5_x65_e3_w15,1790893080000,ENTER,enter_stable_window,DEEP,
focused_peak_b5_x65_e3_w15,1790893440000,EXIT,exit_sustained_rolling_motion,LIGHT,
focused_peak_b5_x65_e3_w15,1790893560000,ENTER,enter_stable_window,DEEP,
focused_peak_b5_x65_e3_w15,1790894460000,EXIT,exit_sustained_rolling_motion,LIGHT,
focused_peak_b5_x65_e3_w15,1790894580000,ENTER,enter_stable_window,DEEP,
focused_peak_b5_x65_e3_w15,1790894940000,EXIT,exit_sustained_rolling_motion,LIGHT,
focused_peak_b5_x65_e3_w15,1790895180000,ENTER,enter_stable_window,DEEP,
focused_peak_b5_x65_e3_w15,1790896320000,EXIT,exit_missing_motion,LIGHT,
focused_peak_b5_x65_e3_w10,1790879940000,ENTER,enter_stable_window,DEEP,
focused_peak_b5_x65_e3_w10,1790881260000,EXIT,exit_sustained_rolling_motion,LIGHT,
focused_peak_b5_x65_e3_w10,1790881320000,ENTER,enter_stable_window,DEEP,
focused_peak_b5_x65_e3_w10,1790882100000,EXIT,exit_coupling_lost,LIGHT,
focused_peak_b5_x65_e3_w10,1790885160000,ENTER,enter_stable_window,DEEP,
focused_peak_b5_x65_e3_w10,1790885700000,EXIT,exit_sustained_rolling_motion,LIGHT,
focused_peak_b5_x65_e3_w10,1790885820000,ENTER,enter_stable_window,DEEP,
focused_peak_b5_x65_e3_w10,1790886240000,EXIT,exit_sustained_rolling_motion,LIGHT,
focused_peak_b5_x65_e3_w10,1790886300000,ENTER,enter_stable_window,DEEP,
focused_peak_b5_x65_e3_w10,1790890380000,EXIT,exit_sustained_rolling_motion,LIGHT,
focused_peak_b5_x65_e3_w10,1790890560000,ENTER,enter_stable_window,DEEP,
focused_peak_b5_x65_e3_w10,1790890920000,EXIT,exit_sustained_rolling_motion,LIGHT,
focused_peak_b5_x65_e3_w10,1790890980000,ENTER,enter_stable_window,DEEP,
focused_peak_b5_x65_e3_w10,1790891400000,EXIT,exit_sustained_rolling_motion,LIGHT,
focused_peak_b5_x65_e3_w10,1790892900000,ENTER,enter_stable_window,DEEP,
focused_peak_b5_x65_e3_w10,1790893440000,EXIT,exit_sustained_rolling_motion,LIGHT,
focused_peak_b5_x65_e3_w10,1790893560000,ENTER,enter_stable_window,DEEP,
focused_peak_b5_x65_e3_w10,1790894460000,EXIT,exit_sustained_rolling_motion,LIGHT,
focused_peak_b5_x65_e3_w10,1790894580000,ENTER,enter_stable_window,DEEP,
focused_peak_b5_x65_e3_w10,1790894940000,EXIT,exit_sustained_rolling_motion,LIGHT,
focused_peak_b5_x65_e3_w10,1790895060000,ENTER,enter_stable_window,DEEP,
focused_peak_b5_x65_e3_w10,1790896320000,EXIT,exit_missing_motion,LIGHT,
focused_peak_b5_x65_e2_w15,1790880180000,ENTER,enter_stable_window,DEEP,
focused_peak_b5_x65_e2_w15,1790881200000,EXIT,exit_sustained_rolling_motion,LIGHT,
focused_peak_b5_x65_e2_w15,1790881260000,ENTER,enter_stable_window,DEEP,
focused_peak_b5_x65_e2_w15,1790882100000,EXIT,exit_coupling_lost,LIGHT,
focused_peak_b5_x65_e2_w15,1790885460000,ENTER,enter_stable_window,LIGHT,SHORT_DEEP_RUN_FILTER
focused_peak_b5_x65_e2_w15,1790885520000,MAINTAIN,,LIGHT,SHORT_DEEP_RUN_FILTER
focused_peak_b5_x65_e2_w15,1790885580000,MAINTAIN,,LIGHT,SHORT_DEEP_RUN_FILTER
focused_peak_b5_x65_e2_w15,1790885640000,EXIT,exit_sustained_rolling_motion,LIGHT,
focused_peak_b5_x65_e2_w15,1790885820000,ENTER,enter_stable_window,DEEP,
focused_peak_b5_x65_e2_w15,1790886180000,EXIT,exit_sustained_rolling_motion,LIGHT,
focused_peak_b5_x65_e2_w15,1790886300000,ENTER,enter_stable_window,DEEP,
focused_peak_b5_x65_e2_w15,1790890320000,EXIT,exit_sustained_rolling_motion,LIGHT,
focused_peak_b5_x65_e2_w15,1790890560000,ENTER,enter_stable_window,DEEP,
focused_peak_b5_x65_e2_w15,1790890860000,EXIT,exit_sustained_rolling_motion,LIGHT,
focused_peak_b5_x65_e2_w15,1790891040000,ENTER,enter_stable_window,DEEP,
focused_peak_b5_x65_e2_w15,1790891340000,EXIT,exit_sustained_rolling_motion,LIGHT,
focused_peak_b5_x65_e2_w15,1790893080000,ENTER,enter_stable_window,DEEP,
focused_peak_b5_x65_e2_w15,1790893380000,EXIT,exit_sustained_rolling_motion,LIGHT,
focused_peak_b5_x65_e2_w15,1790893560000,ENTER,enter_stable_window,DEEP,
focused_peak_b5_x65_e2_w15,1790894400000,EXIT,exit_sustained_rolling_motion,LIGHT,
focused_peak_b5_x65_e2_w15,1790894580000,ENTER,enter_stable_window,DEEP,
focused_peak_b5_x65_e2_w15,1790894880000,EXIT,exit_sustained_rolling_motion,LIGHT,
focused_peak_b5_x65_e2_w15,1790895180000,ENTER,enter_stable_window,DEEP,
focused_peak_b5_x65_e2_w15,1790896320000,EXIT,exit_missing_motion,LIGHT,
focused_peak_b5_x65_e2_w10,1790879940000,ENTER,enter_stable_window,LIGHT,SHORT_DEEP_RUN_FILTER
focused_peak_b5_x65_e2_w10,1790880000000,MAINTAIN,,LIGHT,SHORT_DEEP_RUN_FILTER
focused_peak_b5_x65_e2_w10,1790880060000,EXIT,exit_sustained_rolling_motion,LIGHT,
focused_peak_b5_x65_e2_w10,1790880120000,ENTER,enter_stable_window,DEEP,
focused_peak_b5_x65_e2_w10,1790881200000,EXIT,exit_sustained_rolling_motion,LIGHT,
focused_peak_b5_x65_e2_w10,1790881260000,ENTER,enter_stable_window,DEEP,
focused_peak_b5_x65_e2_w10,1790882100000,EXIT,exit_coupling_lost,LIGHT,
focused_peak_b5_x65_e2_w10,1790885160000,ENTER,enter_stable_window,DEEP,
focused_peak_b5_x65_e2_w10,1790885640000,EXIT,exit_sustained_rolling_motion,LIGHT,
focused_peak_b5_x65_e2_w10,1790885820000,ENTER,enter_stable_window,DEEP,
focused_peak_b5_x65_e2_w10,1790886180000,EXIT,exit_sustained_rolling_motion,LIGHT,
focused_peak_b5_x65_e2_w10,1790886300000,ENTER,enter_stable_window,DEEP,
focused_peak_b5_x65_e2_w10,1790890320000,EXIT,exit_sustained_rolling_motion,LIGHT,
focused_peak_b5_x65_e2_w10,1790890560000,ENTER,enter_stable_window,DEEP,
focused_peak_b5_x65_e2_w10,1790890860000,EXIT,exit_sustained_rolling_motion,LIGHT,
focused_peak_b5_x65_e2_w10,1790890920000,ENTER,enter_stable_window,DEEP,
focused_peak_b5_x65_e2_w10,1790891340000,EXIT,exit_sustained_rolling_motion,LIGHT,
focused_peak_b5_x65_e2_w10,1790892900000,ENTER,enter_stable_window,DEEP,
focused_peak_b5_x65_e2_w10,1790893380000,EXIT,exit_sustained_rolling_motion,LIGHT,
focused_peak_b5_x65_e2_w10,1790893560000,ENTER,enter_stable_window,DEEP,
focused_peak_b5_x65_e2_w10,1790894400000,EXIT,exit_sustained_rolling_motion,LIGHT,
focused_peak_b5_x65_e2_w10,1790894580000,ENTER,enter_stable_window,DEEP,
focused_peak_b5_x65_e2_w10,1790894880000,EXIT,exit_sustained_rolling_motion,LIGHT,
focused_peak_b5_x65_e2_w10,1790895060000,ENTER,enter_stable_window,DEEP,
focused_peak_b5_x65_e2_w10,1790896320000,EXIT,exit_missing_motion,LIGHT,
focused_peak_b5_x65_e1_w15,1790880180000,ENTER,enter_stable_window,DEEP,
focused_peak_b5_x65_e1_w15,1790881140000,EXIT,exit_sustained_rolling_motion,LIGHT,
focused_peak_b5_x65_e1_w15,1790881200000,ENTER,enter_stable_window,LIGHT,SHORT_DEEP_RUN_FILTER
focused_peak_b5_x65_e1_w15,1790881260000,EXIT,exit_sustained_rolling_motion,LIGHT,
focused_peak_b5_x65_e1_w15,1790881320000,ENTER,enter_stable_window,DEEP,
focused_peak_b5_x65_e1_w15,1790882100000,EXIT,exit_coupling_lost,LIGHT,
focused_peak_b5_x65_e1_w15,1790885460000,ENTER,enter_stable_window,LIGHT,SHORT_DEEP_RUN_FILTER
focused_peak_b5_x65_e1_w15,1790885520000,MAINTAIN,,LIGHT,SHORT_DEEP_RUN_FILTER
focused_peak_b5_x65_e1_w15,1790885580000,EXIT,exit_sustained_rolling_motion,LIGHT,
focused_peak_b5_x65_e1_w15,1790885820000,ENTER,enter_stable_window,DEEP,
focused_peak_b5_x65_e1_w15,1790886120000,EXIT,exit_sustained_rolling_motion,LIGHT,
focused_peak_b5_x65_e1_w15,1790886300000,ENTER,enter_stable_window,DEEP,
focused_peak_b5_x65_e1_w15,1790890260000,EXIT,exit_sustained_rolling_motion,LIGHT,
focused_peak_b5_x65_e1_w15,1790890560000,ENTER,enter_stable_window,LIGHT,SHORT_DEEP_RUN_FILTER
focused_peak_b5_x65_e1_w15,1790890620000,MAINTAIN,,LIGHT,SHORT_DEEP_RUN_FILTER
focused_peak_b5_x65_e1_w15,1790890680000,MAINTAIN,,LIGHT,SHORT_DEEP_RUN_FILTER
focused_peak_b5_x65_e1_w15,1790890740000,MAINTAIN,,LIGHT,SHORT_DEEP_RUN_FILTER
focused_peak_b5_x65_e1_w15,1790890800000,EXIT,exit_sustained_rolling_motion,LIGHT,
focused_peak_b5_x65_e1_w15,1790891040000,ENTER,enter_stable_window,LIGHT,SHORT_DEEP_RUN_FILTER
focused_peak_b5_x65_e1_w15,1790891100000,MAINTAIN,,LIGHT,SHORT_DEEP_RUN_FILTER
focused_peak_b5_x65_e1_w15,1790891160000,MAINTAIN,,LIGHT,SHORT_DEEP_RUN_FILTER
focused_peak_b5_x65_e1_w15,1790891220000,MAINTAIN,,LIGHT,SHORT_DEEP_RUN_FILTER
focused_peak_b5_x65_e1_w15,1790891280000,EXIT,exit_sustained_rolling_motion,LIGHT,
focused_peak_b5_x65_e1_w15,1790893080000,ENTER,enter_stable_window,LIGHT,SHORT_DEEP_RUN_FILTER
focused_peak_b5_x65_e1_w15,1790893140000,MAINTAIN,,LIGHT,SHORT_DEEP_RUN_FILTER
focused_peak_b5_x65_e1_w15,1790893200000,MAINTAIN,,LIGHT,SHORT_DEEP_RUN_FILTER
focused_peak_b5_x65_e1_w15,1790893260000,MAINTAIN,,LIGHT,SHORT_DEEP_RUN_FILTER
focused_peak_b5_x65_e1_w15,1790893320000,EXIT,exit_sustained_rolling_motion,LIGHT,
focused_peak_b5_x65_e1_w15,1790893560000,ENTER,enter_stable_window,DEEP,
focused_peak_b5_x65_e1_w15,1790894340000,EXIT,exit_sustained_rolling_motion,LIGHT,
focused_peak_b5_x65_e1_w15,1790894580000,ENTER,enter_stable_window,LIGHT,SHORT_DEEP_RUN_FILTER
focused_peak_b5_x65_e1_w15,1790894640000,MAINTAIN,,LIGHT,SHORT_DEEP_RUN_FILTER
focused_peak_b5_x65_e1_w15,1790894700000,MAINTAIN,,LIGHT,SHORT_DEEP_RUN_FILTER
focused_peak_b5_x65_e1_w15,1790894760000,MAINTAIN,,LIGHT,SHORT_DEEP_RUN_FILTER
focused_peak_b5_x65_e1_w15,1790894820000,EXIT,exit_sustained_rolling_motion,LIGHT,
focused_peak_b5_x65_e1_w15,1790895180000,ENTER,enter_stable_window,DEEP,
focused_peak_b5_x65_e1_w15,1790896320000,EXIT,exit_missing_motion,LIGHT,
focused_peak_b5_x65_e1_w10,1790879940000,ENTER,enter_stable_window,LIGHT,SHORT_DEEP_RUN_FILTER
focused_peak_b5_x65_e1_w10,1790880000000,EXIT,exit_sustained_rolling_motion,LIGHT,
focused_peak_b5_x65_e1_w10,1790880060000,ENTER,enter_stable_window,DEEP,
focused_peak_b5_x65_e1_w10,1790881140000,EXIT,exit_sustained_rolling_motion,LIGHT,
focused_peak_b5_x65_e1_w10,1790881200000,ENTER,enter_stable_window,LIGHT,SHORT_DEEP_RUN_FILTER
focused_peak_b5_x65_e1_w10,1790881260000,EXIT,exit_sustained_rolling_motion,LIGHT,
focused_peak_b5_x65_e1_w10,1790881320000,ENTER,enter_stable_window,DEEP,
focused_peak_b5_x65_e1_w10,1790882100000,EXIT,exit_coupling_lost,LIGHT,
focused_peak_b5_x65_e1_w10,1790885160000,ENTER,enter_stable_window,DEEP,
focused_peak_b5_x65_e1_w10,1790885580000,EXIT,exit_sustained_rolling_motion,LIGHT,
focused_peak_b5_x65_e1_w10,1790885820000,ENTER,enter_stable_window,DEEP,
focused_peak_b5_x65_e1_w10,1790886120000,EXIT,exit_sustained_rolling_motion,LIGHT,
focused_peak_b5_x65_e1_w10,1790886300000,ENTER,enter_stable_window,DEEP,
focused_peak_b5_x65_e1_w10,1790890260000,EXIT,exit_sustained_rolling_motion,LIGHT,
focused_peak_b5_x65_e1_w10,1790890560000,ENTER,enter_stable_window,LIGHT,SHORT_DEEP_RUN_FILTER
focused_peak_b5_x65_e1_w10,1790890620000,MAINTAIN,,LIGHT,SHORT_DEEP_RUN_FILTER
focused_peak_b5_x65_e1_w10,1790890680000,MAINTAIN,,LIGHT,SHORT_DEEP_RUN_FILTER
focused_peak_b5_x65_e1_w10,1790890740000,MAINTAIN,,LIGHT,SHORT_DEEP_RUN_FILTER
focused_peak_b5_x65_e1_w10,1790890800000,EXIT,exit_sustained_rolling_motion,LIGHT,
focused_peak_b5_x65_e1_w10,1790890860000,ENTER,enter_stable_window,LIGHT,SHORT_DEEP_RUN_FILTER
focused_peak_b5_x65_e1_w10,1790890920000,EXIT,exit_sustained_rolling_motion,LIGHT,
focused_peak_b5_x65_e1_w10,1790890980000,ENTER,enter_stable_window,DEEP,
focused_peak_b5_x65_e1_w10,1790891280000,EXIT,exit_sustained_rolling_motion,LIGHT,
focused_peak_b5_x65_e1_w10,1790892900000,ENTER,enter_stable_window,DEEP,
focused_peak_b5_x65_e1_w10,1790893320000,EXIT,exit_sustained_rolling_motion,LIGHT,
focused_peak_b5_x65_e1_w10,1790893560000,ENTER,enter_stable_window,DEEP,
focused_peak_b5_x65_e1_w10,1790894340000,EXIT,exit_sustained_rolling_motion,LIGHT,
focused_peak_b5_x65_e1_w10,1790894580000,ENTER,enter_stable_window,LIGHT,SHORT_DEEP_RUN_FILTER
focused_peak_b5_x65_e1_w10,1790894640000,MAINTAIN,,LIGHT,SHORT_DEEP_RUN_FILTER
focused_peak_b5_x65_e1_w10,1790894700000,MAINTAIN,,LIGHT,SHORT_DEEP_RUN_FILTER
focused_peak_b5_x65_e1_w10,1790894760000,MAINTAIN,,LIGHT,SHORT_DEEP_RUN_FILTER
focused_peak_b5_x65_e1_w10,1790894820000,EXIT,exit_sustained_rolling_motion,LIGHT,
focused_peak_b5_x65_e1_w10,1790895060000,ENTER,enter_stable_window,DEEP,
focused_peak_b5_x65_e1_w10,1790896320000,EXIT,exit_missing_motion,LIGHT,
focused_peak_b5_x50_e3_w15,1790880180000,ENTER,enter_stable_window,LIGHT,SHORT_DEEP_RUN_FILTER
focused_peak_b5_x50_e3_w15,1790880240000,MAINTAIN,,LIGHT,SHORT_DEEP_RUN_FILTER
focused_peak_b5_x50_e3_w15,1790880300000,MAINTAIN,,LIGHT,SHORT_DEEP_RUN_FILTER
focused_peak_b5_x50_e3_w15,1790880360000,EXIT,exit_sustained_rolling_motion,LIGHT,
focused_peak_b5_x50_e3_w15,1790880420000,ENTER,enter_stable_window,LIGHT,SHORT_DEEP_RUN_FILTER
focused_peak_b5_x50_e3_w15,1790880480000,MAINTAIN,,LIGHT,SHORT_DEEP_RUN_FILTER
focused_peak_b5_x50_e3_w15,1790880540000,MAINTAIN,,LIGHT,SHORT_DEEP_RUN_FILTER
focused_peak_b5_x50_e3_w15,1790880600000,EXIT,exit_sustained_rolling_motion,LIGHT,
focused_peak_b5_x50_e3_w15,1790880660000,ENTER,enter_stable_window,LIGHT,SHORT_DEEP_RUN_FILTER
focused_peak_b5_x50_e3_w15,1790880720000,MAINTAIN,,LIGHT,SHORT_DEEP_RUN_FILTER
focused_peak_b5_x50_e3_w15,1790880780000,MAINTAIN,,LIGHT,SHORT_DEEP_RUN_FILTER
focused_peak_b5_x50_e3_w15,1790880840000,EXIT,exit_sustained_rolling_motion,LIGHT,
focused_peak_b5_x50_e3_w15,1790880900000,ENTER,enter_stable_window,DEEP,
focused_peak_b5_x50_e3_w15,1790881260000,EXIT,exit_sustained_rolling_motion,LIGHT,
focused_peak_b5_x50_e3_w15,1790881320000,ENTER,enter_stable_window,LIGHT,SHORT_DEEP_RUN_FILTER
focused_peak_b5_x50_e3_w15,1790881380000,MAINTAIN,,LIGHT,SHORT_DEEP_RUN_FILTER
focused_peak_b5_x50_e3_w15,1790881440000,MAINTAIN,,LIGHT,SHORT_DEEP_RUN_FILTER
focused_peak_b5_x50_e3_w15,1790881500000,EXIT,exit_sustained_rolling_motion,LIGHT,
focused_peak_b5_x50_e3_w15,1790881560000,ENTER,enter_stable_window,LIGHT,SHORT_DEEP_RUN_FILTER
focused_peak_b5_x50_e3_w15,1790881620000,MAINTAIN,,LIGHT,SHORT_DEEP_RUN_FILTER
focused_peak_b5_x50_e3_w15,1790881680000,MAINTAIN,,LIGHT,SHORT_DEEP_RUN_FILTER
focused_peak_b5_x50_e3_w15,1790881740000,EXIT,exit_sustained_rolling_motion,LIGHT,
focused_peak_b5_x50_e3_w15,1790881800000,ENTER,enter_stable_window,LIGHT,SHORT_DEEP_RUN_FILTER
focused_peak_b5_x50_e3_w15,1790881860000,MAINTAIN,,LIGHT,SHORT_DEEP_RUN_FILTER
focused_peak_b5_x50_e3_w15,1790881920000,MAINTAIN,,LIGHT,SHORT_DEEP_RUN_FILTER
focused_peak_b5_x50_e3_w15,1790881980000,EXIT,exit_sustained_rolling_motion,LIGHT,
focused_peak_b5_x50_e3_w15,1790882040000,ENTER,enter_stable_window,LIGHT,SHORT_DEEP_RUN_FILTER
focused_peak_b5_x50_e3_w15,1790882100000,EXIT,exit_coupling_lost,LIGHT,
focused_peak_b5_x50_e3_w15,1790885460000,ENTER,enter_stable_window,LIGHT,SHORT_DEEP_RUN_FILTER
focused_peak_b5_x50_e3_w15,1790885520000,MAINTAIN,,LIGHT,SHORT_DEEP_RUN_FILTER
focused_peak_b5_x50_e3_w15,1790885580000,MAINTAIN,,LIGHT,SHORT_DEEP_RUN_FILTER
focused_peak_b5_x50_e3_w15,1790885640000,EXIT,exit_sustained_rolling_motion,LIGHT,
focused_peak_b5_x50_e3_w15,1790885820000,ENTER,enter_stable_window,DEEP,
focused_peak_b5_x50_e3_w15,1790886240000,EXIT,exit_sustained_rolling_motion,LIGHT,
focused_peak_b5_x50_e3_w15,1790886300000,ENTER,enter_stable_window,DEEP,
focused_peak_b5_x50_e3_w15,1790889900000,EXIT,exit_sustained_rolling_motion,LIGHT,
focused_peak_b5_x50_e3_w15,1790889960000,ENTER,enter_stable_window,DEEP,
focused_peak_b5_x50_e3_w15,1790890380000,EXIT,exit_sustained_rolling_motion,LIGHT,
focused_peak_b5_x50_e3_w15,1790890560000,ENTER,enter_stable_window,DEEP,
focused_peak_b5_x50_e3_w15,1790890920000,EXIT,exit_sustained_rolling_motion,LIGHT,
focused_peak_b5_x50_e3_w15,1790891040000,ENTER,enter_stable_window,DEEP,
focused_peak_b5_x50_e3_w15,1790891400000,EXIT,exit_sustained_rolling_motion,LIGHT,
focused_peak_b5_x50_e3_w15,1790893080000,ENTER,enter_stable_window,DEEP,
focused_peak_b5_x50_e3_w15,1790893440000,EXIT,exit_sustained_rolling_motion,LIGHT,
focused_peak_b5_x50_e3_w15,1790893560000,ENTER,enter_stable_window,DEEP,
focused_peak_b5_x50_e3_w15,1790894460000,EXIT,exit_sustained_rolling_motion,LIGHT,
focused_peak_b5_x50_e3_w15,1790894580000,ENTER,enter_stable_window,DEEP,
focused_peak_b5_x50_e3_w15,1790894880000,EXIT,exit_sustained_rolling_motion,LIGHT,
focused_peak_b5_x50_e3_w15,1790895180000,ENTER,enter_stable_window,LIGHT,SHORT_DEEP_RUN_FILTER
focused_peak_b5_x50_e3_w15,1790895240000,MAINTAIN,,LIGHT,SHORT_DEEP_RUN_FILTER
focused_peak_b5_x50_e3_w15,1790895300000,MAINTAIN,,LIGHT,SHORT_DEEP_RUN_FILTER
focused_peak_b5_x50_e3_w15,1790895360000,EXIT,exit_sustained_rolling_motion,LIGHT,
focused_peak_b5_x50_e3_w15,1790895420000,ENTER,enter_stable_window,DEEP,
focused_peak_b5_x50_e3_w15,1790895840000,EXIT,exit_sustained_rolling_motion,LIGHT,
focused_peak_b5_x50_e3_w15,1790895900000,ENTER,enter_stable_window,DEEP,
focused_peak_b5_x50_e3_w15,1790896320000,EXIT,exit_missing_motion,LIGHT,
focused_peak_b5_x50_e3_w10,1790879940000,ENTER,enter_stable_window,LIGHT,SHORT_DEEP_RUN_FILTER
focused_peak_b5_x50_e3_w10,1790880000000,MAINTAIN,,LIGHT,SHORT_DEEP_RUN_FILTER
focused_peak_b5_x50_e3_w10,1790880060000,MAINTAIN,,LIGHT,SHORT_DEEP_RUN_FILTER
focused_peak_b5_x50_e3_w10,1790880120000,EXIT,exit_sustained_rolling_motion,LIGHT,
focused_peak_b5_x50_e3_w10,1790880180000,ENTER,enter_stable_window,LIGHT,SHORT_DEEP_RUN_FILTER
focused_peak_b5_x50_e3_w10,1790880240000,MAINTAIN,,LIGHT,SHORT_DEEP_RUN_FILTER
focused_peak_b5_x50_e3_w10,1790880300000,MAINTAIN,,LIGHT,SHORT_DEEP_RUN_FILTER
focused_peak_b5_x50_e3_w10,1790880360000,EXIT,exit_sustained_rolling_motion,LIGHT,
focused_peak_b5_x50_e3_w10,1790880420000,ENTER,enter_stable_window,LIGHT,SHORT_DEEP_RUN_FILTER
focused_peak_b5_x50_e3_w10,1790880480000,MAINTAIN,,LIGHT,SHORT_DEEP_RUN_FILTER
focused_peak_b5_x50_e3_w10,1790880540000,MAINTAIN,,LIGHT,SHORT_DEEP_RUN_FILTER
focused_peak_b5_x50_e3_w10,1790880600000,EXIT,exit_sustained_rolling_motion,LIGHT,
focused_peak_b5_x50_e3_w10,1790880660000,ENTER,enter_stable_window,LIGHT,SHORT_DEEP_RUN_FILTER
focused_peak_b5_x50_e3_w10,1790880720000,MAINTAIN,,LIGHT,SHORT_DEEP_RUN_FILTER
focused_peak_b5_x50_e3_w10,1790880780000,MAINTAIN,,LIGHT,SHORT_DEEP_RUN_FILTER
focused_peak_b5_x50_e3_w10,1790880840000,EXIT,exit_sustained_rolling_motion,LIGHT,
focused_peak_b5_x50_e3_w10,1790880900000,ENTER,enter_stable_window,DEEP,
focused_peak_b5_x50_e3_w10,1790881260000,EXIT,exit_sustained_rolling_motion,LIGHT,
focused_peak_b5_x50_e3_w10,1790881320000,ENTER,enter_stable_window,LIGHT,SHORT_DEEP_RUN_FILTER
focused_peak_b5_x50_e3_w10,1790881380000,MAINTAIN,,LIGHT,SHORT_DEEP_RUN_FILTER
focused_peak_b5_x50_e3_w10,1790881440000,MAINTAIN,,LIGHT,SHORT_DEEP_RUN_FILTER
focused_peak_b5_x50_e3_w10,1790881500000,EXIT,exit_sustained_rolling_motion,LIGHT,
focused_peak_b5_x50_e3_w10,1790881560000,ENTER,enter_stable_window,LIGHT,SHORT_DEEP_RUN_FILTER
focused_peak_b5_x50_e3_w10,1790881620000,MAINTAIN,,LIGHT,SHORT_DEEP_RUN_FILTER
focused_peak_b5_x50_e3_w10,1790881680000,MAINTAIN,,LIGHT,SHORT_DEEP_RUN_FILTER
focused_peak_b5_x50_e3_w10,1790881740000,EXIT,exit_sustained_rolling_motion,LIGHT,
focused_peak_b5_x50_e3_w10,1790881800000,ENTER,enter_stable_window,LIGHT,SHORT_DEEP_RUN_FILTER
focused_peak_b5_x50_e3_w10,1790881860000,MAINTAIN,,LIGHT,SHORT_DEEP_RUN_FILTER
focused_peak_b5_x50_e3_w10,1790881920000,MAINTAIN,,LIGHT,SHORT_DEEP_RUN_FILTER
focused_peak_b5_x50_e3_w10,1790881980000,EXIT,exit_sustained_rolling_motion,LIGHT,
focused_peak_b5_x50_e3_w10,1790882040000,ENTER,enter_stable_window,LIGHT,SHORT_DEEP_RUN_FILTER
focused_peak_b5_x50_e3_w10,1790882100000,EXIT,exit_coupling_lost,LIGHT,
focused_peak_b5_x50_e3_w10,1790885160000,ENTER,enter_stable_window,DEEP,
focused_peak_b5_x50_e3_w10,1790885580000,EXIT,exit_sustained_rolling_motion,LIGHT,
focused_peak_b5_x50_e3_w10,1790885820000,ENTER,enter_stable_window,DEEP,
focused_peak_b5_x50_e3_w10,1790886240000,EXIT,exit_sustained_rolling_motion,LIGHT,
focused_peak_b5_x50_e3_w10,1790886300000,ENTER,enter_stable_window,DEEP,
focused_peak_b5_x50_e3_w10,1790889900000,EXIT,exit_sustained_rolling_motion,LIGHT,
focused_peak_b5_x50_e3_w10,1790889960000,ENTER,enter_stable_window,DEEP,
focused_peak_b5_x50_e3_w10,1790890380000,EXIT,exit_sustained_rolling_motion,LIGHT,
focused_peak_b5_x50_e3_w10,1790890560000,ENTER,enter_stable_window,DEEP,
focused_peak_b5_x50_e3_w10,1790890920000,EXIT,exit_sustained_rolling_motion,LIGHT,
focused_peak_b5_x50_e3_w10,1790890980000,ENTER,enter_stable_window,DEEP,
focused_peak_b5_x50_e3_w10,1790891400000,EXIT,exit_sustained_rolling_motion,LIGHT,
focused_peak_b5_x50_e3_w10,1790892900000,ENTER,enter_stable_window,DEEP,
focused_peak_b5_x50_e3_w10,1790893440000,EXIT,exit_sustained_rolling_motion,LIGHT,
focused_peak_b5_x50_e3_w10,1790893560000,ENTER,enter_stable_window,DEEP,
focused_peak_b5_x50_e3_w10,1790894460000,EXIT,exit_sustained_rolling_motion,LIGHT,
focused_peak_b5_x50_e3_w10,1790894580000,ENTER,enter_stable_window,DEEP,
focused_peak_b5_x50_e3_w10,1790894880000,EXIT,exit_sustained_rolling_motion,LIGHT,
focused_peak_b5_x50_e3_w10,1790895060000,ENTER,enter_stable_window,LIGHT,SHORT_DEEP_RUN_FILTER
focused_peak_b5_x50_e3_w10,1790895120000,MAINTAIN,,LIGHT,SHORT_DEEP_RUN_FILTER
focused_peak_b5_x50_e3_w10,1790895180000,MAINTAIN,,LIGHT,SHORT_DEEP_RUN_FILTER
focused_peak_b5_x50_e3_w10,1790895240000,EXIT,exit_sustained_rolling_motion,LIGHT,
focused_peak_b5_x50_e3_w10,1790895300000,ENTER,enter_stable_window,DEEP,
focused_peak_b5_x50_e3_w10,1790895840000,EXIT,exit_sustained_rolling_motion,LIGHT,
focused_peak_b5_x50_e3_w10,1790895900000,ENTER,enter_stable_window,DEEP,
focused_peak_b5_x50_e3_w10,1790896320000,EXIT,exit_missing_motion,LIGHT,
focused_peak_b5_x50_e2_w15,1790880180000,ENTER,enter_stable_window,LIGHT,SHORT_DEEP_RUN_FILTER
focused_peak_b5_x50_e2_w15,1790880240000,MAINTAIN,,LIGHT,SHORT_DEEP_RUN_FILTER
focused_peak_b5_x50_e2_w15,1790880300000,EXIT,exit_sustained_rolling_motion,LIGHT,
focused_peak_b5_x50_e2_w15,1790880360000,ENTER,enter_stable_window,LIGHT,SHORT_DEEP_RUN_FILTER
focused_peak_b5_x50_e2_w15,1790880420000,MAINTAIN,,LIGHT,SHORT_DEEP_RUN_FILTER
focused_peak_b5_x50_e2_w15,1790880480000,EXIT,exit_sustained_rolling_motion,LIGHT,
focused_peak_b5_x50_e2_w15,1790880540000,ENTER,enter_stable_window,LIGHT,SHORT_DEEP_RUN_FILTER
focused_peak_b5_x50_e2_w15,1790880600000,MAINTAIN,,LIGHT,SHORT_DEEP_RUN_FILTER
focused_peak_b5_x50_e2_w15,1790880660000,EXIT,exit_sustained_rolling_motion,LIGHT,
focused_peak_b5_x50_e2_w15,1790880720000,ENTER,enter_stable_window,LIGHT,SHORT_DEEP_RUN_FILTER
focused_peak_b5_x50_e2_w15,1790880780000,MAINTAIN,,LIGHT,SHORT_DEEP_RUN_FILTER
focused_peak_b5_x50_e2_w15,1790880840000,EXIT,exit_sustained_rolling_motion,LIGHT,
focused_peak_b5_x50_e2_w15,1790880900000,ENTER,enter_stable_window,DEEP,
focused_peak_b5_x50_e2_w15,1790881200000,EXIT,exit_sustained_rolling_motion,LIGHT,
focused_peak_b5_x50_e2_w15,1790881260000,ENTER,enter_stable_window,LIGHT,SHORT_DEEP_RUN_FILTER
focused_peak_b5_x50_e2_w15,1790881320000,MAINTAIN,,LIGHT,SHORT_DEEP_RUN_FILTER
focused_peak_b5_x50_e2_w15,1790881380000,EXIT,exit_sustained_rolling_motion,LIGHT,
focused_peak_b5_x50_e2_w15,1790881440000,ENTER,enter_stable_window,LIGHT,SHORT_DEEP_RUN_FILTER
focused_peak_b5_x50_e2_w15,1790881500000,MAINTAIN,,LIGHT,SHORT_DEEP_RUN_FILTER
focused_peak_b5_x50_e2_w15,1790881560000,EXIT,exit_sustained_rolling_motion,LIGHT,
focused_peak_b5_x50_e2_w15,1790881620000,ENTER,enter_stable_window,LIGHT,SHORT_DEEP_RUN_FILTER
focused_peak_b5_x50_e2_w15,1790881680000,MAINTAIN,,LIGHT,SHORT_DEEP_RUN_FILTER
focused_peak_b5_x50_e2_w15,1790881740000,EXIT,exit_sustained_rolling_motion,LIGHT,
focused_peak_b5_x50_e2_w15,1790881800000,ENTER,enter_stable_window,LIGHT,SHORT_DEEP_RUN_FILTER
focused_peak_b5_x50_e2_w15,1790881860000,MAINTAIN,,LIGHT,SHORT_DEEP_RUN_FILTER
focused_peak_b5_x50_e2_w15,1790881920000,EXIT,exit_sustained_rolling_motion,LIGHT,
focused_peak_b5_x50_e2_w15,1790881980000,ENTER,enter_stable_window,LIGHT,SHORT_DEEP_RUN_FILTER
focused_peak_b5_x50_e2_w15,1790882040000,MAINTAIN,,LIGHT,SHORT_DEEP_RUN_FILTER
focused_peak_b5_x50_e2_w15,1790882100000,EXIT,exit_coupling_lost,LIGHT,
focused_peak_b5_x50_e2_w15,1790885460000,ENTER,enter_stable_window,LIGHT,SHORT_DEEP_RUN_FILTER
focused_peak_b5_x50_e2_w15,1790885520000,MAINTAIN,,LIGHT,SHORT_DEEP_RUN_FILTER
focused_peak_b5_x50_e2_w15,1790885580000,EXIT,exit_sustained_rolling_motion,LIGHT,
focused_peak_b5_x50_e2_w15,1790885820000,ENTER,enter_stable_window,DEEP,
focused_peak_b5_x50_e2_w15,1790886180000,EXIT,exit_sustained_rolling_motion,LIGHT,
focused_peak_b5_x50_e2_w15,1790886300000,ENTER,enter_stable_window,DEEP,
focused_peak_b5_x50_e2_w15,1790889840000,EXIT,exit_sustained_rolling_motion,LIGHT,
focused_peak_b5_x50_e2_w15,1790889900000,ENTER,enter_stable_window,DEEP,
focused_peak_b5_x50_e2_w15,1790890320000,EXIT,exit_sustained_rolling_motion,LIGHT,
focused_peak_b5_x50_e2_w15,1790890560000,ENTER,enter_stable_window,DEEP,
focused_peak_b5_x50_e2_w15,1790890860000,EXIT,exit_sustained_rolling_motion,LIGHT,
focused_peak_b5_x50_e2_w15,1790891040000,ENTER,enter_stable_window,DEEP,
focused_peak_b5_x50_e2_w15,1790891340000,EXIT,exit_sustained_rolling_motion,LIGHT,
focused_peak_b5_x50_e2_w15,1790893080000,ENTER,enter_stable_window,DEEP,
focused_peak_b5_x50_e2_w15,1790893380000,EXIT,exit_sustained_rolling_motion,LIGHT,
focused_peak_b5_x50_e2_w15,1790893560000,ENTER,enter_stable_window,DEEP,
focused_peak_b5_x50_e2_w15,1790894400000,EXIT,exit_sustained_rolling_motion,LIGHT,
focused_peak_b5_x50_e2_w15,1790894580000,ENTER,enter_stable_window,LIGHT,SHORT_DEEP_RUN_FILTER
focused_peak_b5_x50_e2_w15,1790894640000,MAINTAIN,,LIGHT,SHORT_DEEP_RUN_FILTER
focused_peak_b5_x50_e2_w15,1790894700000,MAINTAIN,,LIGHT,SHORT_DEEP_RUN_FILTER
focused_peak_b5_x50_e2_w15,1790894760000,MAINTAIN,,LIGHT,SHORT_DEEP_RUN_FILTER
focused_peak_b5_x50_e2_w15,1790894820000,EXIT,exit_sustained_rolling_motion,LIGHT,
focused_peak_b5_x50_e2_w15,1790895180000,ENTER,enter_stable_window,LIGHT,SHORT_DEEP_RUN_FILTER
focused_peak_b5_x50_e2_w15,1790895240000,MAINTAIN,,LIGHT,SHORT_DEEP_RUN_FILTER
focused_peak_b5_x50_e2_w15,1790895300000,EXIT,exit_sustained_rolling_motion,LIGHT,
focused_peak_b5_x50_e2_w15,1790895360000,ENTER,enter_stable_window,DEEP,
focused_peak_b5_x50_e2_w15,1790895780000,EXIT,exit_sustained_rolling_motion,LIGHT,
focused_peak_b5_x50_e2_w15,1790895840000,ENTER,enter_stable_window,LIGHT,SHORT_DEEP_RUN_FILTER
focused_peak_b5_x50_e2_w15,1790895900000,MAINTAIN,,LIGHT,SHORT_DEEP_RUN_FILTER
focused_peak_b5_x50_e2_w15,1790895960000,EXIT,exit_sustained_rolling_motion,LIGHT,
focused_peak_b5_x50_e2_w15,1790896020000,ENTER,enter_stable_window,DEEP,
focused_peak_b5_x50_e2_w15,1790896320000,EXIT,exit_missing_motion,LIGHT,
focused_peak_b5_x50_e2_w10,1790879940000,ENTER,enter_stable_window,LIGHT,SHORT_DEEP_RUN_FILTER
focused_peak_b5_x50_e2_w10,1790880000000,MAINTAIN,,LIGHT,SHORT_DEEP_RUN_FILTER
focused_peak_b5_x50_e2_w10,1790880060000,EXIT,exit_sustained_rolling_motion,LIGHT,
focused_peak_b5_x50_e2_w10,1790880120000,ENTER,enter_stable_window,LIGHT,SHORT_DEEP_RUN_FILTER
focused_peak_b5_x50_e2_w10,1790880180000,MAINTAIN,,LIGHT,SHORT_DEEP_RUN_FILTER
focused_peak_b5_x50_e2_w10,1790880240000,EXIT,exit_sustained_rolling_motion,LIGHT,
focused_peak_b5_x50_e2_w10,1790880300000,ENTER,enter_stable_window,LIGHT,SHORT_DEEP_RUN_FILTER
focused_peak_b5_x50_e2_w10,1790880360000,MAINTAIN,,LIGHT,SHORT_DEEP_RUN_FILTER
focused_peak_b5_x50_e2_w10,1790880420000,EXIT,exit_sustained_rolling_motion,LIGHT,
focused_peak_b5_x50_e2_w10,1790880480000,ENTER,enter_stable_window,LIGHT,SHORT_DEEP_RUN_FILTER
focused_peak_b5_x50_e2_w10,1790880540000,MAINTAIN,,LIGHT,SHORT_DEEP_RUN_FILTER
focused_peak_b5_x50_e2_w10,1790880600000,EXIT,exit_sustained_rolling_motion,LIGHT,
focused_peak_b5_x50_e2_w10,1790880660000,ENTER,enter_stable_window,LIGHT,SHORT_DEEP_RUN_FILTER
focused_peak_b5_x50_e2_w10,1790880720000,MAINTAIN,,LIGHT,SHORT_DEEP_RUN_FILTER
focused_peak_b5_x50_e2_w10,1790880780000,EXIT,exit_sustained_rolling_motion,LIGHT,
focused_peak_b5_x50_e2_w10,1790880840000,ENTER,enter_stable_window,DEEP,
focused_peak_b5_x50_e2_w10,1790881200000,EXIT,exit_sustained_rolling_motion,LIGHT,
focused_peak_b5_x50_e2_w10,1790881260000,ENTER,enter_stable_window,LIGHT,SHORT_DEEP_RUN_FILTER
focused_peak_b5_x50_e2_w10,1790881320000,MAINTAIN,,LIGHT,SHORT_DEEP_RUN_FILTER
focused_peak_b5_x50_e2_w10,1790881380000,EXIT,exit_sustained_rolling_motion,LIGHT,
focused_peak_b5_x50_e2_w10,1790881440000,ENTER,enter_stable_window,LIGHT,SHORT_DEEP_RUN_FILTER
focused_peak_b5_x50_e2_w10,1790881500000,MAINTAIN,,LIGHT,SHORT_DEEP_RUN_FILTER
focused_peak_b5_x50_e2_w10,1790881560000,EXIT,exit_sustained_rolling_motion,LIGHT,
focused_peak_b5_x50_e2_w10,1790881620000,ENTER,enter_stable_window,LIGHT,SHORT_DEEP_RUN_FILTER
focused_peak_b5_x50_e2_w10,1790881680000,MAINTAIN,,LIGHT,SHORT_DEEP_RUN_FILTER
focused_peak_b5_x50_e2_w10,1790881740000,EXIT,exit_sustained_rolling_motion,LIGHT,
focused_peak_b5_x50_e2_w10,1790881800000,ENTER,enter_stable_window,LIGHT,SHORT_DEEP_RUN_FILTER
focused_peak_b5_x50_e2_w10,1790881860000,MAINTAIN,,LIGHT,SHORT_DEEP_RUN_FILTER
focused_peak_b5_x50_e2_w10,1790881920000,EXIT,exit_sustained_rolling_motion,LIGHT,
focused_peak_b5_x50_e2_w10,1790881980000,ENTER,enter_stable_window,LIGHT,SHORT_DEEP_RUN_FILTER
focused_peak_b5_x50_e2_w10,1790882040000,MAINTAIN,,LIGHT,SHORT_DEEP_RUN_FILTER
focused_peak_b5_x50_e2_w10,1790882100000,EXIT,exit_coupling_lost,LIGHT,
focused_peak_b5_x50_e2_w10,1790885160000,ENTER,enter_stable_window,DEEP,
focused_peak_b5_x50_e2_w10,1790885520000,EXIT,exit_sustained_rolling_motion,LIGHT,
focused_peak_b5_x50_e2_w10,1790885820000,ENTER,enter_stable_window,DEEP,
focused_peak_b5_x50_e2_w10,1790886180000,EXIT,exit_sustained_rolling_motion,LIGHT,
focused_peak_b5_x50_e2_w10,1790886300000,ENTER,enter_stable_window,DEEP,
focused_peak_b5_x50_e2_w10,1790889840000,EXIT,exit_sustained_rolling_motion,LIGHT,
focused_peak_b5_x50_e2_w10,1790889900000,ENTER,enter_stable_window,DEEP,
focused_peak_b5_x50_e2_w10,1790890320000,EXIT,exit_sustained_rolling_motion,LIGHT,
focused_peak_b5_x50_e2_w10,1790890560000,ENTER,enter_stable_window,DEEP,
focused_peak_b5_x50_e2_w10,1790890860000,EXIT,exit_sustained_rolling_motion,LIGHT,
focused_peak_b5_x50_e2_w10,1790890920000,ENTER,enter_stable_window,DEEP,
focused_peak_b5_x50_e2_w10,1790891340000,EXIT,exit_sustained_rolling_motion,LIGHT,
focused_peak_b5_x50_e2_w10,1790892900000,ENTER,enter_stable_window,DEEP,
focused_peak_b5_x50_e2_w10,1790893380000,EXIT,exit_sustained_rolling_motion,LIGHT,
focused_peak_b5_x50_e2_w10,1790893560000,ENTER,enter_stable_window,DEEP,
focused_peak_b5_x50_e2_w10,1790894400000,EXIT,exit_sustained_rolling_motion,LIGHT,
focused_peak_b5_x50_e2_w10,1790894580000,ENTER,enter_stable_window,LIGHT,SHORT_DEEP_RUN_FILTER
focused_peak_b5_x50_e2_w10,1790894640000,MAINTAIN,,LIGHT,SHORT_DEEP_RUN_FILTER
focused_peak_b5_x50_e2_w10,1790894700000,MAINTAIN,,LIGHT,SHORT_DEEP_RUN_FILTER
focused_peak_b5_x50_e2_w10,1790894760000,MAINTAIN,,LIGHT,SHORT_DEEP_RUN_FILTER
focused_peak_b5_x50_e2_w10,1790894820000,EXIT,exit_sustained_rolling_motion,LIGHT,
focused_peak_b5_x50_e2_w10,1790895060000,ENTER,enter_stable_window,LIGHT,SHORT_DEEP_RUN_FILTER
focused_peak_b5_x50_e2_w10,1790895120000,MAINTAIN,,LIGHT,SHORT_DEEP_RUN_FILTER
focused_peak_b5_x50_e2_w10,1790895180000,EXIT,exit_sustained_rolling_motion,LIGHT,
focused_peak_b5_x50_e2_w10,1790895240000,ENTER,enter_stable_window,LIGHT,SHORT_DEEP_RUN_FILTER
focused_peak_b5_x50_e2_w10,1790895300000,MAINTAIN,,LIGHT,SHORT_DEEP_RUN_FILTER
focused_peak_b5_x50_e2_w10,1790895360000,EXIT,exit_sustained_rolling_motion,LIGHT,
focused_peak_b5_x50_e2_w10,1790895420000,ENTER,enter_stable_window,DEEP,
focused_peak_b5_x50_e2_w10,1790895780000,EXIT,exit_sustained_rolling_motion,LIGHT,
focused_peak_b5_x50_e2_w10,1790895840000,ENTER,enter_stable_window,LIGHT,SHORT_DEEP_RUN_FILTER
focused_peak_b5_x50_e2_w10,1790895900000,MAINTAIN,,LIGHT,SHORT_DEEP_RUN_FILTER
focused_peak_b5_x50_e2_w10,1790895960000,EXIT,exit_sustained_rolling_motion,LIGHT,
focused_peak_b5_x50_e2_w10,1790896020000,ENTER,enter_stable_window,DEEP,
focused_peak_b5_x50_e2_w10,1790896320000,EXIT,exit_missing_motion,LIGHT,
focused_peak_b5_x50_e1_w15,1790880180000,ENTER,enter_stable_window,LIGHT,SHORT_DEEP_RUN_FILTER
focused_peak_b5_x50_e1_w15,1790880240000,EXIT,exit_sustained_rolling_motion,LIGHT,
focused_peak_b5_x50_e1_w15,1790880300000,ENTER,enter_stable_window,LIGHT,SHORT_DEEP_RUN_FILTER
focused_peak_b5_x50_e1_w15,1790880360000,EXIT,exit_sustained_rolling_motion,LIGHT,
focused_peak_b5_x50_e1_w15,1790880420000,ENTER,enter_stable_window,LIGHT,SHORT_DEEP_RUN_FILTER
focused_peak_b5_x50_e1_w15,1790880480000,EXIT,exit_sustained_rolling_motion,LIGHT,
focused_peak_b5_x50_e1_w15,1790880540000,ENTER,enter_stable_window,LIGHT,SHORT_DEEP_RUN_FILTER
focused_peak_b5_x50_e1_w15,1790880600000,EXIT,exit_sustained_rolling_motion,LIGHT,
focused_peak_b5_x50_e1_w15,1790880660000,ENTER,enter_stable_window,LIGHT,SHORT_DEEP_RUN_FILTER
focused_peak_b5_x50_e1_w15,1790880720000,EXIT,exit_sustained_rolling_motion,LIGHT,
focused_peak_b5_x50_e1_w15,1790880780000,ENTER,enter_stable_window,LIGHT,SHORT_DEEP_RUN_FILTER
focused_peak_b5_x50_e1_w15,1790880840000,EXIT,exit_sustained_rolling_motion,LIGHT,
focused_peak_b5_x50_e1_w15,1790880900000,ENTER,enter_stable_window,LIGHT,SHORT_DEEP_RUN_FILTER
focused_peak_b5_x50_e1_w15,1790880960000,EXIT,exit_sustained_rolling_motion,LIGHT,
focused_peak_b5_x50_e1_w15,1790881020000,ENTER,enter_stable_window,LIGHT,SHORT_DEEP_RUN_FILTER
focused_peak_b5_x50_e1_w15,1790881080000,MAINTAIN,,LIGHT,SHORT_DEEP_RUN_FILTER
focused_peak_b5_x50_e1_w15,1790881140000,EXIT,exit_sustained_rolling_motion,LIGHT,
focused_peak_b5_x50_e1_w15,1790881200000,ENTER,enter_stable_window,LIGHT,SHORT_DEEP_RUN_FILTER
focused_peak_b5_x50_e1_w15,1790881260000,EXIT,exit_sustained_rolling_motion,LIGHT,
focused_peak_b5_x50_e1_w15,1790881320000,ENTER,enter_stable_window,LIGHT,SHORT_DEEP_RUN_FILTER
focused_peak_b5_x50_e1_w15,1790881380000,EXIT,exit_sustained_rolling_motion,LIGHT,
focused_peak_b5_x50_e1_w15,1790881440000,ENTER,enter_stable_window,LIGHT,SHORT_DEEP_RUN_FILTER
focused_peak_b5_x50_e1_w15,1790881500000,EXIT,exit_sustained_rolling_motion,LIGHT,
focused_peak_b5_x50_e1_w15,1790881560000,ENTER,enter_stable_window,LIGHT,SHORT_DEEP_RUN_FILTER
focused_peak_b5_x50_e1_w15,1790881620000,EXIT,exit_sustained_rolling_motion,LIGHT,
focused_peak_b5_x50_e1_w15,1790881680000,ENTER,enter_stable_window,LIGHT,SHORT_DEEP_RUN_FILTER
focused_peak_b5_x50_e1_w15,1790881740000,EXIT,exit_sustained_rolling_motion,LIGHT,
focused_peak_b5_x50_e1_w15,1790881800000,ENTER,enter_stable_window,LIGHT,SHORT_DEEP_RUN_FILTER
focused_peak_b5_x50_e1_w15,1790881860000,EXIT,exit_sustained_rolling_motion,LIGHT,
focused_peak_b5_x50_e1_w15,1790881920000,ENTER,enter_stable_window,LIGHT,SHORT_DEEP_RUN_FILTER
focused_peak_b5_x50_e1_w15,1790881980000,EXIT,exit_sustained_rolling_motion,LIGHT,
focused_peak_b5_x50_e1_w15,1790882040000,ENTER,enter_stable_window,LIGHT,SHORT_DEEP_RUN_FILTER
focused_peak_b5_x50_e1_w15,1790882100000,EXIT,exit_coupling_lost,LIGHT,
focused_peak_b5_x50_e1_w15,1790885460000,ENTER,enter_stable_window,LIGHT,SHORT_DEEP_RUN_FILTER
focused_peak_b5_x50_e1_w15,1790885520000,EXIT,exit_sustained_rolling_motion,LIGHT,
focused_peak_b5_x50_e1_w15,1790885820000,ENTER,enter_stable_window,DEEP,
focused_peak_b5_x50_e1_w15,1790886120000,EXIT,exit_sustained_rolling_motion,LIGHT,
focused_peak_b5_x50_e1_w15,1790886300000,ENTER,enter_stable_window,LIGHT,SHORT_DEEP_RUN_FILTER
focused_peak_b5_x50_e1_w15,1790886360000,EXIT,exit_sustained_rolling_motion,LIGHT,
focused_peak_b5_x50_e1_w15,1790886420000,ENTER,enter_stable_window,DEEP,
focused_peak_b5_x50_e1_w15,1790889780000,EXIT,exit_sustained_rolling_motion,LIGHT,
focused_peak_b5_x50_e1_w15,1790889900000,ENTER,enter_stable_window,LIGHT,SHORT_DEEP_RUN_FILTER
focused_peak_b5_x50_e1_w15,1790889960000,EXIT,exit_sustained_rolling_motion,LIGHT,
focused_peak_b5_x50_e1_w15,1790890020000,ENTER,enter_stable_window,LIGHT,SHORT_DEEP_RUN_FILTER
focused_peak_b5_x50_e1_w15,1790890080000,MAINTAIN,,LIGHT,SHORT_DEEP_RUN_FILTER
focused_peak_b5_x50_e1_w15,1790890140000,MAINTAIN,,LIGHT,SHORT_DEEP_RUN_FILTER
focused_peak_b5_x50_e1_w15,1790890200000,MAINTAIN,,LIGHT,SHORT_DEEP_RUN_FILTER
focused_peak_b5_x50_e1_w15,1790890260000,EXIT,exit_sustained_rolling_motion,LIGHT,
focused_peak_b5_x50_e1_w15,1790890560000,ENTER,enter_stable_window,LIGHT,SHORT_DEEP_RUN_FILTER
focused_peak_b5_x50_e1_w15,1790890620000,MAINTAIN,,LIGHT,SHORT_DEEP_RUN_FILTER
focused_peak_b5_x50_e1_w15,1790890680000,MAINTAIN,,LIGHT,SHORT_DEEP_RUN_FILTER
focused_peak_b5_x50_e1_w15,1790890740000,MAINTAIN,,LIGHT,SHORT_DEEP_RUN_FILTER
focused_peak_b5_x50_e1_w15,1790890800000,EXIT,exit_sustained_rolling_motion,LIGHT,
focused_peak_b5_x50_e1_w15,1790891040000,ENTER,enter_stable_window,LIGHT,SHORT_DEEP_RUN_FILTER
focused_peak_b5_x50_e1_w15,1790891100000,MAINTAIN,,LIGHT,SHORT_DEEP_RUN_FILTER
focused_peak_b5_x50_e1_w15,1790891160000,MAINTAIN,,LIGHT,SHORT_DEEP_RUN_FILTER
focused_peak_b5_x50_e1_w15,1790891220000,MAINTAIN,,LIGHT,SHORT_DEEP_RUN_FILTER
focused_peak_b5_x50_e1_w15,1790891280000,EXIT,exit_sustained_rolling_motion,LIGHT,
focused_peak_b5_x50_e1_w15,1790893080000,ENTER,enter_stable_window,LIGHT,SHORT_DEEP_RUN_FILTER
focused_peak_b5_x50_e1_w15,1790893140000,MAINTAIN,,LIGHT,SHORT_DEEP_RUN_FILTER
focused_peak_b5_x50_e1_w15,1790893200000,MAINTAIN,,LIGHT,SHORT_DEEP_RUN_FILTER
focused_peak_b5_x50_e1_w15,1790893260000,MAINTAIN,,LIGHT,SHORT_DEEP_RUN_FILTER
focused_peak_b5_x50_e1_w15,1790893320000,EXIT,exit_sustained_rolling_motion,LIGHT,
focused_peak_b5_x50_e1_w15,1790893560000,ENTER,enter_stable_window,DEEP,
focused_peak_b5_x50_e1_w15,1790894340000,EXIT,exit_sustained_rolling_motion,LIGHT,
focused_peak_b5_x50_e1_w15,1790894580000,ENTER,enter_stable_window,LIGHT,SHORT_DEEP_RUN_FILTER
focused_peak_b5_x50_e1_w15,1790894640000,MAINTAIN,,LIGHT,SHORT_DEEP_RUN_FILTER
focused_peak_b5_x50_e1_w15,1790894700000,MAINTAIN,,LIGHT,SHORT_DEEP_RUN_FILTER
focused_peak_b5_x50_e1_w15,1790894760000,EXIT,exit_sustained_rolling_motion,LIGHT,
focused_peak_b5_x50_e1_w15,1790895180000,ENTER,enter_stable_window,LIGHT,SHORT_DEEP_RUN_FILTER
focused_peak_b5_x50_e1_w15,1790895240000,EXIT,exit_sustained_rolling_motion,LIGHT,
focused_peak_b5_x50_e1_w15,1790895300000,ENTER,enter_stable_window,LIGHT,SHORT_DEEP_RUN_FILTER
focused_peak_b5_x50_e1_w15,1790895360000,EXIT,exit_sustained_rolling_motion,LIGHT,
focused_peak_b5_x50_e1_w15,1790895420000,ENTER,enter_stable_window,DEEP,
focused_peak_b5_x50_e1_w15,1790895720000,EXIT,exit_sustained_rolling_motion,LIGHT,
focused_peak_b5_x50_e1_w15,1790895780000,ENTER,enter_stable_window,LIGHT,SHORT_DEEP_RUN_FILTER
focused_peak_b5_x50_e1_w15,1790895840000,EXIT,exit_sustained_rolling_motion,LIGHT,
focused_peak_b5_x50_e1_w15,1790895900000,ENTER,enter_stable_window,LIGHT,SHORT_DEEP_RUN_FILTER
focused_peak_b5_x50_e1_w15,1790895960000,EXIT,exit_sustained_rolling_motion,LIGHT,
focused_peak_b5_x50_e1_w15,1790896020000,ENTER,enter_stable_window,DEEP,
focused_peak_b5_x50_e1_w15,1790896320000,EXIT,exit_missing_motion,LIGHT,
focused_peak_b5_x50_e1_w10,1790879940000,ENTER,enter_stable_window,LIGHT,SHORT_DEEP_RUN_FILTER
focused_peak_b5_x50_e1_w10,1790880000000,EXIT,exit_sustained_rolling_motion,LIGHT,
focused_peak_b5_x50_e1_w10,1790880060000,ENTER,enter_stable_window,LIGHT,SHORT_DEEP_RUN_FILTER
focused_peak_b5_x50_e1_w10,1790880120000,EXIT,exit_sustained_rolling_motion,LIGHT,
focused_peak_b5_x50_e1_w10,1790880180000,ENTER,enter_stable_window,LIGHT,SHORT_DEEP_RUN_FILTER
focused_peak_b5_x50_e1_w10,1790880240000,EXIT,exit_sustained_rolling_motion,LIGHT,
focused_peak_b5_x50_e1_w10,1790880300000,ENTER,enter_stable_window,LIGHT,SHORT_DEEP_RUN_FILTER
focused_peak_b5_x50_e1_w10,1790880360000,EXIT,exit_sustained_rolling_motion,LIGHT,
focused_peak_b5_x50_e1_w10,1790880420000,ENTER,enter_stable_window,LIGHT,SHORT_DEEP_RUN_FILTER
focused_peak_b5_x50_e1_w10,1790880480000,EXIT,exit_sustained_rolling_motion,LIGHT,
focused_peak_b5_x50_e1_w10,1790880540000,ENTER,enter_stable_window,LIGHT,SHORT_DEEP_RUN_FILTER
focused_peak_b5_x50_e1_w10,1790880600000,EXIT,exit_sustained_rolling_motion,LIGHT,
focused_peak_b5_x50_e1_w10,1790880660000,ENTER,enter_stable_window,LIGHT,SHORT_DEEP_RUN_FILTER
focused_peak_b5_x50_e1_w10,1790880720000,EXIT,exit_sustained_rolling_motion,LIGHT,
focused_peak_b5_x50_e1_w10,1790880780000,ENTER,enter_stable_window,LIGHT,SHORT_DEEP_RUN_FILTER
focused_peak_b5_x50_e1_w10,1790880840000,EXIT,exit_sustained_rolling_motion,LIGHT,
focused_peak_b5_x50_e1_w10,1790880900000,ENTER,enter_stable_window,LIGHT,SHORT_DEEP_RUN_FILTER
focused_peak_b5_x50_e1_w10,1790880960000,EXIT,exit_sustained_rolling_motion,LIGHT,
focused_peak_b5_x50_e1_w10,1790881020000,ENTER,enter_stable_window,LIGHT,SHORT_DEEP_RUN_FILTER
focused_peak_b5_x50_e1_w10,1790881080000,MAINTAIN,,LIGHT,SHORT_DEEP_RUN_FILTER
focused_peak_b5_x50_e1_w10,1790881140000,EXIT,exit_sustained_rolling_motion,LIGHT,
focused_peak_b5_x50_e1_w10,1790881200000,ENTER,enter_stable_window,LIGHT,SHORT_DEEP_RUN_FILTER
focused_peak_b5_x50_e1_w10,1790881260000,EXIT,exit_sustained_rolling_motion,LIGHT,
focused_peak_b5_x50_e1_w10,1790881320000,ENTER,enter_stable_window,LIGHT,SHORT_DEEP_RUN_FILTER
focused_peak_b5_x50_e1_w10,1790881380000,EXIT,exit_sustained_rolling_motion,LIGHT,
focused_peak_b5_x50_e1_w10,1790881440000,ENTER,enter_stable_window,LIGHT,SHORT_DEEP_RUN_FILTER
focused_peak_b5_x50_e1_w10,1790881500000,EXIT,exit_sustained_rolling_motion,LIGHT,
focused_peak_b5_x50_e1_w10,1790881560000,ENTER,enter_stable_window,LIGHT,SHORT_DEEP_RUN_FILTER
focused_peak_b5_x50_e1_w10,1790881620000,EXIT,exit_sustained_rolling_motion,LIGHT,
focused_peak_b5_x50_e1_w10,1790881680000,ENTER,enter_stable_window,LIGHT,SHORT_DEEP_RUN_FILTER
focused_peak_b5_x50_e1_w10,1790881740000,EXIT,exit_sustained_rolling_motion,LIGHT,
focused_peak_b5_x50_e1_w10,1790881800000,ENTER,enter_stable_window,LIGHT,SHORT_DEEP_RUN_FILTER
focused_peak_b5_x50_e1_w10,1790881860000,EXIT,exit_sustained_rolling_motion,LIGHT,
focused_peak_b5_x50_e1_w10,1790881920000,ENTER,enter_stable_window,LIGHT,SHORT_DEEP_RUN_FILTER
focused_peak_b5_x50_e1_w10,1790881980000,EXIT,exit_sustained_rolling_motion,LIGHT,
focused_peak_b5_x50_e1_w10,1790882040000,ENTER,enter_stable_window,LIGHT,SHORT_DEEP_RUN_FILTER
focused_peak_b5_x50_e1_w10,1790882100000,EXIT,exit_coupling_lost,LIGHT,
focused_peak_b5_x50_e1_w10,1790885160000,ENTER,enter_stable_window,DEEP,
focused_peak_b5_x50_e1_w10,1790885460000,EXIT,exit_sustained_rolling_motion,LIGHT,
focused_peak_b5_x50_e1_w10,1790885520000,ENTER,enter_stable_window,LIGHT,SHORT_DEEP_RUN_FILTER
focused_peak_b5_x50_e1_w10,1790885580000,EXIT,exit_sustained_rolling_motion,LIGHT,
focused_peak_b5_x50_e1_w10,1790885820000,ENTER,enter_stable_window,DEEP,
focused_peak_b5_x50_e1_w10,1790886120000,EXIT,exit_sustained_rolling_motion,LIGHT,
focused_peak_b5_x50_e1_w10,1790886300000,ENTER,enter_stable_window,LIGHT,SHORT_DEEP_RUN_FILTER
focused_peak_b5_x50_e1_w10,1790886360000,EXIT,exit_sustained_rolling_motion,LIGHT,
focused_peak_b5_x50_e1_w10,1790886420000,ENTER,enter_stable_window,DEEP,
focused_peak_b5_x50_e1_w10,1790889780000,EXIT,exit_sustained_rolling_motion,LIGHT,
focused_peak_b5_x50_e1_w10,1790889900000,ENTER,enter_stable_window,LIGHT,SHORT_DEEP_RUN_FILTER
focused_peak_b5_x50_e1_w10,1790889960000,EXIT,exit_sustained_rolling_motion,LIGHT,
focused_peak_b5_x50_e1_w10,1790890020000,ENTER,enter_stable_window,LIGHT,SHORT_DEEP_RUN_FILTER
focused_peak_b5_x50_e1_w10,1790890080000,MAINTAIN,,LIGHT,SHORT_DEEP_RUN_FILTER
focused_peak_b5_x50_e1_w10,1790890140000,MAINTAIN,,LIGHT,SHORT_DEEP_RUN_FILTER
focused_peak_b5_x50_e1_w10,1790890200000,MAINTAIN,,LIGHT,SHORT_DEEP_RUN_FILTER
focused_peak_b5_x50_e1_w10,1790890260000,EXIT,exit_sustained_rolling_motion,LIGHT,
focused_peak_b5_x50_e1_w10,1790890560000,ENTER,enter_stable_window,LIGHT,SHORT_DEEP_RUN_FILTER
focused_peak_b5_x50_e1_w10,1790890620000,MAINTAIN,,LIGHT,SHORT_DEEP_RUN_FILTER
focused_peak_b5_x50_e1_w10,1790890680000,MAINTAIN,,LIGHT,SHORT_DEEP_RUN_FILTER
focused_peak_b5_x50_e1_w10,1790890740000,MAINTAIN,,LIGHT,SHORT_DEEP_RUN_FILTER
focused_peak_b5_x50_e1_w10,1790890800000,EXIT,exit_sustained_rolling_motion,LIGHT,
focused_peak_b5_x50_e1_w10,1790890860000,ENTER,enter_stable_window,LIGHT,SHORT_DEEP_RUN_FILTER
focused_peak_b5_x50_e1_w10,1790890920000,EXIT,exit_sustained_rolling_motion,LIGHT,
focused_peak_b5_x50_e1_w10,1790890980000,ENTER,enter_stable_window,DEEP,
focused_peak_b5_x50_e1_w10,1790891280000,EXIT,exit_sustained_rolling_motion,LIGHT,
focused_peak_b5_x50_e1_w10,1790892900000,ENTER,enter_stable_window,DEEP,
focused_peak_b5_x50_e1_w10,1790893320000,EXIT,exit_sustained_rolling_motion,LIGHT,
focused_peak_b5_x50_e1_w10,1790893560000,ENTER,enter_stable_window,DEEP,
focused_peak_b5_x50_e1_w10,1790894340000,EXIT,exit_sustained_rolling_motion,LIGHT,
focused_peak_b5_x50_e1_w10,1790894580000,ENTER,enter_stable_window,LIGHT,SHORT_DEEP_RUN_FILTER
focused_peak_b5_x50_e1_w10,1790894640000,MAINTAIN,,LIGHT,SHORT_DEEP_RUN_FILTER
focused_peak_b5_x50_e1_w10,1790894700000,MAINTAIN,,LIGHT,SHORT_DEEP_RUN_FILTER
focused_peak_b5_x50_e1_w10,1790894760000,EXIT,exit_sustained_rolling_motion,LIGHT,
focused_peak_b5_x50_e1_w10,1790895060000,ENTER,enter_stable_window,LIGHT,SHORT_DEEP_RUN_FILTER
focused_peak_b5_x50_e1_w10,1790895120000,EXIT,exit_sustained_rolling_motion,LIGHT,
focused_peak_b5_x50_e1_w10,1790895180000,ENTER,enter_stable_window,LIGHT,SHORT_DEEP_RUN_FILTER
focused_peak_b5_x50_e1_w10,1790895240000,EXIT,exit_sustained_rolling_motion,LIGHT,
focused_peak_b5_x50_e1_w10,1790895300000,ENTER,enter_stable_window,LIGHT,SHORT_DEEP_RUN_FILTER
focused_peak_b5_x50_e1_w10,1790895360000,EXIT,exit_sustained_rolling_motion,LIGHT,
focused_peak_b5_x50_e1_w10,1790895420000,ENTER,enter_stable_window,DEEP,
focused_peak_b5_x50_e1_w10,1790895720000,EXIT,exit_sustained_rolling_motion,LIGHT,
focused_peak_b5_x50_e1_w10,1790895780000,ENTER,enter_stable_window,LIGHT,SHORT_DEEP_RUN_FILTER
focused_peak_b5_x50_e1_w10,1790895840000,EXIT,exit_sustained_rolling_motion,LIGHT,
focused_peak_b5_x50_e1_w10,1790895900000,ENTER,enter_stable_window,LIGHT,SHORT_DEEP_RUN_FILTER
focused_peak_b5_x50_e1_w10,1790895960000,EXIT,exit_sustained_rolling_motion,LIGHT,
focused_peak_b5_x50_e1_w10,1790896020000,ENTER,enter_stable_window,DEEP,
focused_peak_b5_x50_e1_w10,1790896320000,EXIT,exit_missing_motion,LIGHT,
focused_peak_b2_x70_e3_w15,1790880180000,ENTER,enter_stable_window,DEEP,
focused_peak_b2_x70_e3_w15,1790882100000,EXIT,exit_coupling_lost,LIGHT,
focused_peak_b2_x70_e3_w15,1790885460000,ENTER,enter_stable_window,DEEP,
focused_peak_b2_x70_e3_w15,1790885700000,EXIT,exit_sustained_rolling_motion,LIGHT,
focused_peak_b2_x70_e3_w15,1790885820000,ENTER,enter_stable_window,DEEP,
focused_peak_b2_x70_e3_w15,1790886240000,EXIT,exit_sustained_rolling_motion,LIGHT,
focused_peak_b2_x70_e3_w15,1790886300000,ENTER,enter_stable_window,DEEP,
focused_peak_b2_x70_e3_w15,1790890380000,EXIT,exit_sustained_rolling_motion,LIGHT,
focused_peak_b2_x70_e3_w15,1790890560000,ENTER,enter_stable_window,DEEP,
focused_peak_b2_x70_e3_w15,1790891460000,EXIT,exit_sustained_rolling_motion,LIGHT,
focused_peak_b2_x70_e3_w15,1790893080000,ENTER,enter_stable_window,DEEP,
focused_peak_b2_x70_e3_w15,1790893440000,EXIT,exit_sustained_rolling_motion,LIGHT,
focused_peak_b2_x70_e3_w15,1790893560000,ENTER,enter_stable_window,DEEP,
focused_peak_b2_x70_e3_w15,1790894460000,EXIT,exit_sustained_rolling_motion,LIGHT,
focused_peak_b2_x70_e3_w15,1790894580000,ENTER,enter_stable_window,DEEP,
focused_peak_b2_x70_e3_w15,1790894940000,EXIT,exit_sustained_rolling_motion,LIGHT,
focused_peak_b2_x70_e3_w15,1790895180000,ENTER,enter_stable_window,DEEP,
focused_peak_b2_x70_e3_w15,1790896320000,EXIT,exit_missing_motion,LIGHT,
focused_peak_b2_x70_e3_w10,1790879940000,ENTER,enter_stable_window,DEEP,
focused_peak_b2_x70_e3_w10,1790882100000,EXIT,exit_coupling_lost,LIGHT,
focused_peak_b2_x70_e3_w10,1790885160000,ENTER,enter_stable_window,DEEP,
focused_peak_b2_x70_e3_w10,1790885700000,EXIT,exit_sustained_rolling_motion,LIGHT,
focused_peak_b2_x70_e3_w10,1790885820000,ENTER,enter_stable_window,DEEP,
focused_peak_b2_x70_e3_w10,1790886240000,EXIT,exit_sustained_rolling_motion,LIGHT,
focused_peak_b2_x70_e3_w10,1790886300000,ENTER,enter_stable_window,DEEP,
focused_peak_b2_x70_e3_w10,1790890380000,EXIT,exit_sustained_rolling_motion,LIGHT,
focused_peak_b2_x70_e3_w10,1790890560000,ENTER,enter_stable_window,DEEP,
focused_peak_b2_x70_e3_w10,1790891460000,EXIT,exit_sustained_rolling_motion,LIGHT,
focused_peak_b2_x70_e3_w10,1790892900000,ENTER,enter_stable_window,DEEP,
focused_peak_b2_x70_e3_w10,1790893440000,EXIT,exit_sustained_rolling_motion,LIGHT,
focused_peak_b2_x70_e3_w10,1790893560000,ENTER,enter_stable_window,DEEP,
focused_peak_b2_x70_e3_w10,1790894460000,EXIT,exit_sustained_rolling_motion,LIGHT,
focused_peak_b2_x70_e3_w10,1790894580000,ENTER,enter_stable_window,DEEP,
focused_peak_b2_x70_e3_w10,1790894940000,EXIT,exit_sustained_rolling_motion,LIGHT,
focused_peak_b2_x70_e3_w10,1790895060000,ENTER,enter_stable_window,DEEP,
focused_peak_b2_x70_e3_w10,1790896320000,EXIT,exit_missing_motion,LIGHT,
focused_peak_b2_x70_e2_w15,1790880180000,ENTER,enter_stable_window,DEEP,
focused_peak_b2_x70_e2_w15,1790882100000,EXIT,exit_coupling_lost,LIGHT,
focused_peak_b2_x70_e2_w15,1790885460000,ENTER,enter_stable_window,DEEP,
focused_peak_b2_x70_e2_w15,1790885640000,EXIT,exit_sustained_rolling_motion,LIGHT,
focused_peak_b2_x70_e2_w15,1790885820000,ENTER,enter_stable_window,DEEP,
focused_peak_b2_x70_e2_w15,1790886180000,EXIT,exit_sustained_rolling_motion,LIGHT,
focused_peak_b2_x70_e2_w15,1790886300000,ENTER,enter_stable_window,DEEP,
focused_peak_b2_x70_e2_w15,1790890320000,EXIT,exit_sustained_rolling_motion,LIGHT,
focused_peak_b2_x70_e2_w15,1790890560000,ENTER,enter_stable_window,DEEP,
focused_peak_b2_x70_e2_w15,1790891400000,EXIT,exit_sustained_rolling_motion,LIGHT,
focused_peak_b2_x70_e2_w15,1790893080000,ENTER,enter_stable_window,DEEP,
focused_peak_b2_x70_e2_w15,1790893380000,EXIT,exit_sustained_rolling_motion,LIGHT,
focused_peak_b2_x70_e2_w15,1790893560000,ENTER,enter_stable_window,DEEP,
focused_peak_b2_x70_e2_w15,1790894400000,EXIT,exit_sustained_rolling_motion,LIGHT,
focused_peak_b2_x70_e2_w15,1790894580000,ENTER,enter_stable_window,DEEP,
focused_peak_b2_x70_e2_w15,1790894880000,EXIT,exit_sustained_rolling_motion,LIGHT,
focused_peak_b2_x70_e2_w15,1790895180000,ENTER,enter_stable_window,DEEP,
focused_peak_b2_x70_e2_w15,1790896320000,EXIT,exit_missing_motion,LIGHT,
focused_peak_b2_x70_e2_w10,1790879940000,ENTER,enter_stable_window,DEEP,
focused_peak_b2_x70_e2_w10,1790882100000,EXIT,exit_coupling_lost,LIGHT,
focused_peak_b2_x70_e2_w10,1790885160000,ENTER,enter_stable_window,DEEP,
focused_peak_b2_x70_e2_w10,1790885640000,EXIT,exit_sustained_rolling_motion,LIGHT,
focused_peak_b2_x70_e2_w10,1790885820000,ENTER,enter_stable_window,DEEP,
focused_peak_b2_x70_e2_w10,1790886180000,EXIT,exit_sustained_rolling_motion,LIGHT,
focused_peak_b2_x70_e2_w10,1790886300000,ENTER,enter_stable_window,DEEP,
focused_peak_b2_x70_e2_w10,1790890320000,EXIT,exit_sustained_rolling_motion,LIGHT,
focused_peak_b2_x70_e2_w10,1790890560000,ENTER,enter_stable_window,DEEP,
focused_peak_b2_x70_e2_w10,1790891400000,EXIT,exit_sustained_rolling_motion,LIGHT,
focused_peak_b2_x70_e2_w10,1790892900000,ENTER,enter_stable_window,DEEP,
focused_peak_b2_x70_e2_w10,1790893380000,EXIT,exit_sustained_rolling_motion,LIGHT,
focused_peak_b2_x70_e2_w10,1790893560000,ENTER,enter_stable_window,DEEP,
focused_peak_b2_x70_e2_w10,1790894400000,EXIT,exit_sustained_rolling_motion,LIGHT,
focused_peak_b2_x70_e2_w10,1790894580000,ENTER,enter_stable_window,DEEP,
focused_peak_b2_x70_e2_w10,1790894880000,EXIT,exit_sustained_rolling_motion,LIGHT,
focused_peak_b2_x70_e2_w10,1790895060000,ENTER,enter_stable_window,DEEP,
focused_peak_b2_x70_e2_w10,1790896320000,EXIT,exit_missing_motion,LIGHT,
focused_peak_b2_x70_e1_w15,1790880180000,ENTER,enter_stable_window,DEEP,
focused_peak_b2_x70_e1_w15,1790882100000,EXIT,exit_coupling_lost,LIGHT,
focused_peak_b2_x70_e1_w15,1790885460000,ENTER,enter_stable_window,DEEP,
focused_peak_b2_x70_e1_w15,1790885580000,EXIT,exit_sustained_rolling_motion,LIGHT,
focused_peak_b2_x70_e1_w15,1790885820000,ENTER,enter_stable_window,DEEP,
focused_peak_b2_x70_e1_w15,1790886120000,EXIT,exit_sustained_rolling_motion,LIGHT,
focused_peak_b2_x70_e1_w15,1790886300000,ENTER,enter_stable_window,DEEP,
focused_peak_b2_x70_e1_w15,1790890260000,EXIT,exit_sustained_rolling_motion,LIGHT,
focused_peak_b2_x70_e1_w15,1790890560000,ENTER,enter_stable_window,DEEP,
focused_peak_b2_x70_e1_w15,1790891340000,EXIT,exit_sustained_rolling_motion,LIGHT,
focused_peak_b2_x70_e1_w15,1790893080000,ENTER,enter_stable_window,DEEP,
focused_peak_b2_x70_e1_w15,1790893320000,EXIT,exit_sustained_rolling_motion,LIGHT,
focused_peak_b2_x70_e1_w15,1790893560000,ENTER,enter_stable_window,DEEP,
focused_peak_b2_x70_e1_w15,1790894340000,EXIT,exit_sustained_rolling_motion,LIGHT,
focused_peak_b2_x70_e1_w15,1790894580000,ENTER,enter_stable_window,DEEP,
focused_peak_b2_x70_e1_w15,1790894820000,EXIT,exit_sustained_rolling_motion,LIGHT,
focused_peak_b2_x70_e1_w15,1790895180000,ENTER,enter_stable_window,DEEP,
focused_peak_b2_x70_e1_w15,1790896320000,EXIT,exit_missing_motion,LIGHT,
focused_peak_b2_x70_e1_w10,1790879940000,ENTER,enter_stable_window,DEEP,
focused_peak_b2_x70_e1_w10,1790882100000,EXIT,exit_coupling_lost,LIGHT,
focused_peak_b2_x70_e1_w10,1790885160000,ENTER,enter_stable_window,DEEP,
focused_peak_b2_x70_e1_w10,1790885580000,EXIT,exit_sustained_rolling_motion,LIGHT,
focused_peak_b2_x70_e1_w10,1790885820000,ENTER,enter_stable_window,DEEP,
focused_peak_b2_x70_e1_w10,1790886120000,EXIT,exit_sustained_rolling_motion,LIGHT,
focused_peak_b2_x70_e1_w10,1790886300000,ENTER,enter_stable_window,DEEP,
focused_peak_b2_x70_e1_w10,1790890260000,EXIT,exit_sustained_rolling_motion,LIGHT,
focused_peak_b2_x70_e1_w10,1790890560000,ENTER,enter_stable_window,DEEP,
focused_peak_b2_x70_e1_w10,1790891340000,EXIT,exit_sustained_rolling_motion,LIGHT,
focused_peak_b2_x70_e1_w10,1790892900000,ENTER,enter_stable_window,DEEP,
focused_peak_b2_x70_e1_w10,1790893320000,EXIT,exit_sustained_rolling_motion,LIGHT,
focused_peak_b2_x70_e1_w10,1790893560000,ENTER,enter_stable_window,DEEP,
focused_peak_b2_x70_e1_w10,1790894340000,EXIT,exit_sustained_rolling_motion,LIGHT,
focused_peak_b2_x70_e1_w10,1790894580000,ENTER,enter_stable_window,DEEP,
focused_peak_b2_x70_e1_w10,1790894820000,EXIT,exit_sustained_rolling_motion,LIGHT,
focused_peak_b2_x70_e1_w10,1790895060000,ENTER,enter_stable_window,DEEP,
focused_peak_b2_x70_e1_w10,1790896320000,EXIT,exit_missing_motion,LIGHT,
focused_peak_b2_x65_e3_w15,1790880180000,ENTER,enter_stable_window,DEEP,
focused_peak_b2_x65_e3_w15,1790881260000,EXIT,exit_sustained_rolling_motion,LIGHT,
focused_peak_b2_x65_e3_w15,1790881320000,ENTER,enter_stable_window,DEEP,
focused_peak_b2_x65_e3_w15,1790882100000,EXIT,exit_coupling_lost,LIGHT,
focused_peak_b2_x65_e3_w15,1790885460000,ENTER,enter_stable_window,DEEP,
focused_peak_b2_x65_e3_w15,1790885700000,EXIT,exit_sustained_rolling_motion,LIGHT,
focused_peak_b2_x65_e3_w15,1790885820000,ENTER,enter_stable_window,DEEP,
focused_peak_b2_x65_e3_w15,1790886240000,EXIT,exit_sustained_rolling_motion,LIGHT,
focused_peak_b2_x65_e3_w15,1790886300000,ENTER,enter_stable_window,DEEP,
focused_peak_b2_x65_e3_w15,1790890380000,EXIT,exit_sustained_rolling_motion,LIGHT,
focused_peak_b2_x65_e3_w15,1790890560000,ENTER,enter_stable_window,DEEP,
focused_peak_b2_x65_e3_w15,1790890920000,EXIT,exit_sustained_rolling_motion,LIGHT,
focused_peak_b2_x65_e3_w15,1790891040000,ENTER,enter_stable_window,DEEP,
focused_peak_b2_x65_e3_w15,1790891400000,EXIT,exit_sustained_rolling_motion,LIGHT,
focused_peak_b2_x65_e3_w15,1790893080000,ENTER,enter_stable_window,DEEP,
focused_peak_b2_x65_e3_w15,1790893440000,EXIT,exit_sustained_rolling_motion,LIGHT,
focused_peak_b2_x65_e3_w15,1790893560000,ENTER,enter_stable_window,DEEP,
focused_peak_b2_x65_e3_w15,1790894460000,EXIT,exit_sustained_rolling_motion,LIGHT,
focused_peak_b2_x65_e3_w15,1790894580000,ENTER,enter_stable_window,DEEP,
focused_peak_b2_x65_e3_w15,1790894940000,EXIT,exit_sustained_rolling_motion,LIGHT,
focused_peak_b2_x65_e3_w15,1790895180000,ENTER,enter_stable_window,DEEP,
focused_peak_b2_x65_e3_w15,1790896320000,EXIT,exit_missing_motion,LIGHT,
focused_peak_b2_x65_e3_w10,1790879940000,ENTER,enter_stable_window,DEEP,
focused_peak_b2_x65_e3_w10,1790881260000,EXIT,exit_sustained_rolling_motion,LIGHT,
focused_peak_b2_x65_e3_w10,1790881320000,ENTER,enter_stable_window,DEEP,
focused_peak_b2_x65_e3_w10,1790882100000,EXIT,exit_coupling_lost,LIGHT,
focused_peak_b2_x65_e3_w10,1790885160000,ENTER,enter_stable_window,DEEP,
focused_peak_b2_x65_e3_w10,1790885700000,EXIT,exit_sustained_rolling_motion,LIGHT,
focused_peak_b2_x65_e3_w10,1790885820000,ENTER,enter_stable_window,DEEP,
focused_peak_b2_x65_e3_w10,1790886240000,EXIT,exit_sustained_rolling_motion,LIGHT,
focused_peak_b2_x65_e3_w10,1790886300000,ENTER,enter_stable_window,DEEP,
focused_peak_b2_x65_e3_w10,1790890380000,EXIT,exit_sustained_rolling_motion,LIGHT,
focused_peak_b2_x65_e3_w10,1790890560000,ENTER,enter_stable_window,DEEP,
focused_peak_b2_x65_e3_w10,1790890920000,EXIT,exit_sustained_rolling_motion,LIGHT,
focused_peak_b2_x65_e3_w10,1790890980000,ENTER,enter_stable_window,DEEP,
focused_peak_b2_x65_e3_w10,1790891400000,EXIT,exit_sustained_rolling_motion,LIGHT,
focused_peak_b2_x65_e3_w10,1790892900000,ENTER,enter_stable_window,DEEP,
focused_peak_b2_x65_e3_w10,1790893440000,EXIT,exit_sustained_rolling_motion,LIGHT,
focused_peak_b2_x65_e3_w10,1790893560000,ENTER,enter_stable_window,DEEP,
focused_peak_b2_x65_e3_w10,1790894460000,EXIT,exit_sustained_rolling_motion,LIGHT,
focused_peak_b2_x65_e3_w10,1790894580000,ENTER,enter_stable_window,DEEP,
focused_peak_b2_x65_e3_w10,1790894940000,EXIT,exit_sustained_rolling_motion,LIGHT,
focused_peak_b2_x65_e3_w10,1790895060000,ENTER,enter_stable_window,DEEP,
focused_peak_b2_x65_e3_w10,1790896320000,EXIT,exit_missing_motion,LIGHT,
focused_peak_b2_x65_e2_w15,1790880180000,ENTER,enter_stable_window,DEEP,
focused_peak_b2_x65_e2_w15,1790881200000,EXIT,exit_sustained_rolling_motion,LIGHT,
focused_peak_b2_x65_e2_w15,1790881260000,ENTER,enter_stable_window,DEEP,
focused_peak_b2_x65_e2_w15,1790882100000,EXIT,exit_coupling_lost,LIGHT,
focused_peak_b2_x65_e2_w15,1790885460000,ENTER,enter_stable_window,DEEP,
focused_peak_b2_x65_e2_w15,1790885640000,EXIT,exit_sustained_rolling_motion,LIGHT,
focused_peak_b2_x65_e2_w15,1790885820000,ENTER,enter_stable_window,DEEP,
focused_peak_b2_x65_e2_w15,1790886180000,EXIT,exit_sustained_rolling_motion,LIGHT,
focused_peak_b2_x65_e2_w15,1790886300000,ENTER,enter_stable_window,DEEP,
focused_peak_b2_x65_e2_w15,1790890320000,EXIT,exit_sustained_rolling_motion,LIGHT,
focused_peak_b2_x65_e2_w15,1790890560000,ENTER,enter_stable_window,DEEP,
focused_peak_b2_x65_e2_w15,1790890860000,EXIT,exit_sustained_rolling_motion,LIGHT,
focused_peak_b2_x65_e2_w15,1790891040000,ENTER,enter_stable_window,DEEP,
focused_peak_b2_x65_e2_w15,1790891340000,EXIT,exit_sustained_rolling_motion,LIGHT,
focused_peak_b2_x65_e2_w15,1790893080000,ENTER,enter_stable_window,DEEP,
focused_peak_b2_x65_e2_w15,1790893380000,EXIT,exit_sustained_rolling_motion,LIGHT,
focused_peak_b2_x65_e2_w15,1790893560000,ENTER,enter_stable_window,DEEP,
focused_peak_b2_x65_e2_w15,1790894400000,EXIT,exit_sustained_rolling_motion,LIGHT,
focused_peak_b2_x65_e2_w15,1790894580000,ENTER,enter_stable_window,DEEP,
focused_peak_b2_x65_e2_w15,1790894880000,EXIT,exit_sustained_rolling_motion,LIGHT,
focused_peak_b2_x65_e2_w15,1790895180000,ENTER,enter_stable_window,DEEP,
focused_peak_b2_x65_e2_w15,1790896320000,EXIT,exit_missing_motion,LIGHT,
focused_peak_b2_x65_e2_w10,1790879940000,ENTER,enter_stable_window,DEEP,
focused_peak_b2_x65_e2_w10,1790880060000,EXIT,exit_sustained_rolling_motion,LIGHT,
focused_peak_b2_x65_e2_w10,1790880120000,ENTER,enter_stable_window,DEEP,
focused_peak_b2_x65_e2_w10,1790881200000,EXIT,exit_sustained_rolling_motion,LIGHT,
focused_peak_b2_x65_e2_w10,1790881260000,ENTER,enter_stable_window,DEEP,
focused_peak_b2_x65_e2_w10,1790882100000,EXIT,exit_coupling_lost,LIGHT,
focused_peak_b2_x65_e2_w10,1790885160000,ENTER,enter_stable_window,DEEP,
focused_peak_b2_x65_e2_w10,1790885640000,EXIT,exit_sustained_rolling_motion,LIGHT,
focused_peak_b2_x65_e2_w10,1790885820000,ENTER,enter_stable_window,DEEP,
focused_peak_b2_x65_e2_w10,1790886180000,EXIT,exit_sustained_rolling_motion,LIGHT,
focused_peak_b2_x65_e2_w10,1790886300000,ENTER,enter_stable_window,DEEP,
focused_peak_b2_x65_e2_w10,1790890320000,EXIT,exit_sustained_rolling_motion,LIGHT,
focused_peak_b2_x65_e2_w10,1790890560000,ENTER,enter_stable_window,DEEP,
focused_peak_b2_x65_e2_w10,1790890860000,EXIT,exit_sustained_rolling_motion,LIGHT,
focused_peak_b2_x65_e2_w10,1790890920000,ENTER,enter_stable_window,DEEP,
focused_peak_b2_x65_e2_w10,1790891340000,EXIT,exit_sustained_rolling_motion,LIGHT,
focused_peak_b2_x65_e2_w10,1790892900000,ENTER,enter_stable_window,DEEP,
focused_peak_b2_x65_e2_w10,1790893380000,EXIT,exit_sustained_rolling_motion,LIGHT,
focused_peak_b2_x65_e2_w10,1790893560000,ENTER,enter_stable_window,DEEP,
focused_peak_b2_x65_e2_w10,1790894400000,EXIT,exit_sustained_rolling_motion,LIGHT,
focused_peak_b2_x65_e2_w10,1790894580000,ENTER,enter_stable_window,DEEP,
focused_peak_b2_x65_e2_w10,1790894880000,EXIT,exit_sustained_rolling_motion,LIGHT,
focused_peak_b2_x65_e2_w10,1790895060000,ENTER,enter_stable_window,DEEP,
focused_peak_b2_x65_e2_w10,1790896320000,EXIT,exit_missing_motion,LIGHT,
focused_peak_b2_x65_e1_w15,1790880180000,ENTER,enter_stable_window,DEEP,
focused_peak_b2_x65_e1_w15,1790881140000,EXIT,exit_sustained_rolling_motion,LIGHT,
focused_peak_b2_x65_e1_w15,1790881200000,ENTER,enter_stable_window,LIGHT,SHORT_DEEP_RUN_FILTER
focused_peak_b2_x65_e1_w15,1790881260000,EXIT,exit_sustained_rolling_motion,LIGHT,
focused_peak_b2_x65_e1_w15,1790881320000,ENTER,enter_stable_window,DEEP,
focused_peak_b2_x65_e1_w15,1790882100000,EXIT,exit_coupling_lost,LIGHT,
focused_peak_b2_x65_e1_w15,1790885460000,ENTER,enter_stable_window,DEEP,
focused_peak_b2_x65_e1_w15,1790885580000,EXIT,exit_sustained_rolling_motion,LIGHT,
focused_peak_b2_x65_e1_w15,1790885820000,ENTER,enter_stable_window,DEEP,
focused_peak_b2_x65_e1_w15,1790886120000,EXIT,exit_sustained_rolling_motion,LIGHT,
focused_peak_b2_x65_e1_w15,1790886300000,ENTER,enter_stable_window,DEEP,
focused_peak_b2_x65_e1_w15,1790890260000,EXIT,exit_sustained_rolling_motion,LIGHT,
focused_peak_b2_x65_e1_w15,1790890560000,ENTER,enter_stable_window,DEEP,
focused_peak_b2_x65_e1_w15,1790890800000,EXIT,exit_sustained_rolling_motion,LIGHT,
focused_peak_b2_x65_e1_w15,1790891040000,ENTER,enter_stable_window,DEEP,
focused_peak_b2_x65_e1_w15,1790891280000,EXIT,exit_sustained_rolling_motion,LIGHT,
focused_peak_b2_x65_e1_w15,1790893080000,ENTER,enter_stable_window,DEEP,
focused_peak_b2_x65_e1_w15,1790893320000,EXIT,exit_sustained_rolling_motion,LIGHT,
focused_peak_b2_x65_e1_w15,1790893560000,ENTER,enter_stable_window,DEEP,
focused_peak_b2_x65_e1_w15,1790894340000,EXIT,exit_sustained_rolling_motion,LIGHT,
focused_peak_b2_x65_e1_w15,1790894580000,ENTER,enter_stable_window,DEEP,
focused_peak_b2_x65_e1_w15,1790894820000,EXIT,exit_sustained_rolling_motion,LIGHT,
focused_peak_b2_x65_e1_w15,1790895180000,ENTER,enter_stable_window,DEEP,
focused_peak_b2_x65_e1_w15,1790896320000,EXIT,exit_missing_motion,LIGHT,
focused_peak_b2_x65_e1_w10,1790879940000,ENTER,enter_stable_window,LIGHT,SHORT_DEEP_RUN_FILTER
focused_peak_b2_x65_e1_w10,1790880000000,EXIT,exit_sustained_rolling_motion,LIGHT,
focused_peak_b2_x65_e1_w10,1790880060000,ENTER,enter_stable_window,DEEP,
focused_peak_b2_x65_e1_w10,1790881140000,EXIT,exit_sustained_rolling_motion,LIGHT,
focused_peak_b2_x65_e1_w10,1790881200000,ENTER,enter_stable_window,LIGHT,SHORT_DEEP_RUN_FILTER
focused_peak_b2_x65_e1_w10,1790881260000,EXIT,exit_sustained_rolling_motion,LIGHT,
focused_peak_b2_x65_e1_w10,1790881320000,ENTER,enter_stable_window,DEEP,
focused_peak_b2_x65_e1_w10,1790882100000,EXIT,exit_coupling_lost,LIGHT,
focused_peak_b2_x65_e1_w10,1790885160000,ENTER,enter_stable_window,DEEP,
focused_peak_b2_x65_e1_w10,1790885580000,EXIT,exit_sustained_rolling_motion,LIGHT,
focused_peak_b2_x65_e1_w10,1790885820000,ENTER,enter_stable_window,DEEP,
focused_peak_b2_x65_e1_w10,1790886120000,EXIT,exit_sustained_rolling_motion,LIGHT,
focused_peak_b2_x65_e1_w10,1790886300000,ENTER,enter_stable_window,DEEP,
focused_peak_b2_x65_e1_w10,1790890260000,EXIT,exit_sustained_rolling_motion,LIGHT,
focused_peak_b2_x65_e1_w10,1790890560000,ENTER,enter_stable_window,DEEP,
focused_peak_b2_x65_e1_w10,1790890800000,EXIT,exit_sustained_rolling_motion,LIGHT,
focused_peak_b2_x65_e1_w10,1790890860000,ENTER,enter_stable_window,LIGHT,SHORT_DEEP_RUN_FILTER
focused_peak_b2_x65_e1_w10,1790890920000,EXIT,exit_sustained_rolling_motion,LIGHT,
focused_peak_b2_x65_e1_w10,1790890980000,ENTER,enter_stable_window,DEEP,
focused_peak_b2_x65_e1_w10,1790891280000,EXIT,exit_sustained_rolling_motion,LIGHT,
focused_peak_b2_x65_e1_w10,1790892900000,ENTER,enter_stable_window,DEEP,
focused_peak_b2_x65_e1_w10,1790893320000,EXIT,exit_sustained_rolling_motion,LIGHT,
focused_peak_b2_x65_e1_w10,1790893560000,ENTER,enter_stable_window,DEEP,
focused_peak_b2_x65_e1_w10,1790894340000,EXIT,exit_sustained_rolling_motion,LIGHT,
focused_peak_b2_x65_e1_w10,1790894580000,ENTER,enter_stable_window,DEEP,
focused_peak_b2_x65_e1_w10,1790894820000,EXIT,exit_sustained_rolling_motion,LIGHT,
focused_peak_b2_x65_e1_w10,1790895060000,ENTER,enter_stable_window,DEEP,
focused_peak_b2_x65_e1_w10,1790896320000,EXIT,exit_missing_motion,LIGHT,
focused_peak_b2_x50_e3_w15,1790880180000,ENTER,enter_stable_window,DEEP,
focused_peak_b2_x50_e3_w15,1790880360000,EXIT,exit_sustained_rolling_motion,LIGHT,
focused_peak_b2_x50_e3_w15,1790880420000,ENTER,enter_stable_window,DEEP,
focused_peak_b2_x50_e3_w15,1790880600000,EXIT,exit_sustained_rolling_motion,LIGHT,
focused_peak_b2_x50_e3_w15,1790880660000,ENTER,enter_stable_window,DEEP,
focused_peak_b2_x50_e3_w15,1790880840000,EXIT,exit_sustained_rolling_motion,LIGHT,
focused_peak_b2_x50_e3_w15,1790880900000,ENTER,enter_stable_window,DEEP,
focused_peak_b2_x50_e3_w15,1790881260000,EXIT,exit_sustained_rolling_motion,LIGHT,
focused_peak_b2_x50_e3_w15,1790881320000,ENTER,enter_stable_window,DEEP,
focused_peak_b2_x50_e3_w15,1790881500000,EXIT,exit_sustained_rolling_motion,LIGHT,
focused_peak_b2_x50_e3_w15,1790881560000,ENTER,enter_stable_window,DEEP,
focused_peak_b2_x50_e3_w15,1790881740000,EXIT,exit_sustained_rolling_motion,LIGHT,
focused_peak_b2_x50_e3_w15,1790881800000,ENTER,enter_stable_window,DEEP,
focused_peak_b2_x50_e3_w15,1790881980000,EXIT,exit_sustained_rolling_motion,LIGHT,
focused_peak_b2_x50_e3_w15,1790882040000,ENTER,enter_stable_window,LIGHT,SHORT_DEEP_RUN_FILTER
focused_peak_b2_x50_e3_w15,1790882100000,EXIT,exit_coupling_lost,LIGHT,
focused_peak_b2_x50_e3_w15,1790885460000,ENTER,enter_stable_window,DEEP,
focused_peak_b2_x50_e3_w15,1790885640000,EXIT,exit_sustained_rolling_motion,LIGHT,
focused_peak_b2_x50_e3_w15,1790885820000,ENTER,enter_stable_window,DEEP,
focused_peak_b2_x50_e3_w15,1790886240000,EXIT,exit_sustained_rolling_motion,LIGHT,
focused_peak_b2_x50_e3_w15,1790886300000,ENTER,enter_stable_window,DEEP,
focused_peak_b2_x50_e3_w15,1790889900000,EXIT,exit_sustained_rolling_motion,LIGHT,
focused_peak_b2_x50_e3_w15,1790889960000,ENTER,enter_stable_window,DEEP,
focused_peak_b2_x50_e3_w15,1790890380000,EXIT,exit_sustained_rolling_motion,LIGHT,
focused_peak_b2_x50_e3_w15,1790890560000,ENTER,enter_stable_window,DEEP,
focused_peak_b2_x50_e3_w15,1790890920000,EXIT,exit_sustained_rolling_motion,LIGHT,
focused_peak_b2_x50_e3_w15,1790891040000,ENTER,enter_stable_window,DEEP,
focused_peak_b2_x50_e3_w15,1790891400000,EXIT,exit_sustained_rolling_motion,LIGHT,
focused_peak_b2_x50_e3_w15,1790893080000,ENTER,enter_stable_window,DEEP,
focused_peak_b2_x50_e3_w15,1790893440000,EXIT,exit_sustained_rolling_motion,LIGHT,
focused_peak_b2_x50_e3_w15,1790893560000,ENTER,enter_stable_window,DEEP,
focused_peak_b2_x50_e3_w15,1790894460000,EXIT,exit_sustained_rolling_motion,LIGHT,
focused_peak_b2_x50_e3_w15,1790894580000,ENTER,enter_stable_window,DEEP,
focused_peak_b2_x50_e3_w15,1790894880000,EXIT,exit_sustained_rolling_motion,LIGHT,
focused_peak_b2_x50_e3_w15,1790895180000,ENTER,enter_stable_window,DEEP,
focused_peak_b2_x50_e3_w15,1790895360000,EXIT,exit_sustained_rolling_motion,LIGHT,
focused_peak_b2_x50_e3_w15,1790895420000,ENTER,enter_stable_window,DEEP,
focused_peak_b2_x50_e3_w15,1790895840000,EXIT,exit_sustained_rolling_motion,LIGHT,
focused_peak_b2_x50_e3_w15,1790895900000,ENTER,enter_stable_window,DEEP,
focused_peak_b2_x50_e3_w15,1790896320000,EXIT,exit_missing_motion,LIGHT,
focused_peak_b2_x50_e3_w10,1790879940000,ENTER,enter_stable_window,DEEP,
focused_peak_b2_x50_e3_w10,1790880120000,EXIT,exit_sustained_rolling_motion,LIGHT,
focused_peak_b2_x50_e3_w10,1790880180000,ENTER,enter_stable_window,DEEP,
focused_peak_b2_x50_e3_w10,1790880360000,EXIT,exit_sustained_rolling_motion,LIGHT,
focused_peak_b2_x50_e3_w10,1790880420000,ENTER,enter_stable_window,DEEP,
focused_peak_b2_x50_e3_w10,1790880600000,EXIT,exit_sustained_rolling_motion,LIGHT,
focused_peak_b2_x50_e3_w10,1790880660000,ENTER,enter_stable_window,DEEP,
focused_peak_b2_x50_e3_w10,1790880840000,EXIT,exit_sustained_rolling_motion,LIGHT,
focused_peak_b2_x50_e3_w10,1790880900000,ENTER,enter_stable_window,DEEP,
focused_peak_b2_x50_e3_w10,1790881260000,EXIT,exit_sustained_rolling_motion,LIGHT,
focused_peak_b2_x50_e3_w10,1790881320000,ENTER,enter_stable_window,DEEP,
focused_peak_b2_x50_e3_w10,1790881500000,EXIT,exit_sustained_rolling_motion,LIGHT,
focused_peak_b2_x50_e3_w10,1790881560000,ENTER,enter_stable_window,DEEP,
focused_peak_b2_x50_e3_w10,1790881740000,EXIT,exit_sustained_rolling_motion,LIGHT,
focused_peak_b2_x50_e3_w10,1790881800000,ENTER,enter_stable_window,DEEP,
focused_peak_b2_x50_e3_w10,1790881980000,EXIT,exit_sustained_rolling_motion,LIGHT,
focused_peak_b2_x50_e3_w10,1790882040000,ENTER,enter_stable_window,LIGHT,SHORT_DEEP_RUN_FILTER
focused_peak_b2_x50_e3_w10,1790882100000,EXIT,exit_coupling_lost,LIGHT,
focused_peak_b2_x50_e3_w10,1790885160000,ENTER,enter_stable_window,DEEP,
focused_peak_b2_x50_e3_w10,1790885580000,EXIT,exit_sustained_rolling_motion,LIGHT,
focused_peak_b2_x50_e3_w10,1790885820000,ENTER,enter_stable_window,DEEP,
focused_peak_b2_x50_e3_w10,1790886240000,EXIT,exit_sustained_rolling_motion,LIGHT,
focused_peak_b2_x50_e3_w10,1790886300000,ENTER,enter_stable_window,DEEP,
focused_peak_b2_x50_e3_w10,1790889900000,EXIT,exit_sustained_rolling_motion,LIGHT,
focused_peak_b2_x50_e3_w10,1790889960000,ENTER,enter_stable_window,DEEP,
focused_peak_b2_x50_e3_w10,1790890380000,EXIT,exit_sustained_rolling_motion,LIGHT,
focused_peak_b2_x50_e3_w10,1790890560000,ENTER,enter_stable_window,DEEP,
focused_peak_b2_x50_e3_w10,1790890920000,EXIT,exit_sustained_rolling_motion,LIGHT,
focused_peak_b2_x50_e3_w10,1790890980000,ENTER,enter_stable_window,DEEP,
focused_peak_b2_x50_e3_w10,1790891400000,EXIT,exit_sustained_rolling_motion,LIGHT,
focused_peak_b2_x50_e3_w10,1790892900000,ENTER,enter_stable_window,DEEP,
focused_peak_b2_x50_e3_w10,1790893440000,EXIT,exit_sustained_rolling_motion,LIGHT,
focused_peak_b2_x50_e3_w10,1790893560000,ENTER,enter_stable_window,DEEP,
focused_peak_b2_x50_e3_w10,1790894460000,EXIT,exit_sustained_rolling_motion,LIGHT,
focused_peak_b2_x50_e3_w10,1790894580000,ENTER,enter_stable_window,DEEP,
focused_peak_b2_x50_e3_w10,1790894880000,EXIT,exit_sustained_rolling_motion,LIGHT,
focused_peak_b2_x50_e3_w10,1790895060000,ENTER,enter_stable_window,DEEP,
focused_peak_b2_x50_e3_w10,1790895240000,EXIT,exit_sustained_rolling_motion,LIGHT,
focused_peak_b2_x50_e3_w10,1790895300000,ENTER,enter_stable_window,DEEP,
focused_peak_b2_x50_e3_w10,1790895840000,EXIT,exit_sustained_rolling_motion,LIGHT,
focused_peak_b2_x50_e3_w10,1790895900000,ENTER,enter_stable_window,DEEP,
focused_peak_b2_x50_e3_w10,1790896320000,EXIT,exit_missing_motion,LIGHT,
focused_peak_b2_x50_e2_w15,1790880180000,ENTER,enter_stable_window,DEEP,
focused_peak_b2_x50_e2_w15,1790880300000,EXIT,exit_sustained_rolling_motion,LIGHT,
focused_peak_b2_x50_e2_w15,1790880360000,ENTER,enter_stable_window,DEEP,
focused_peak_b2_x50_e2_w15,1790880480000,EXIT,exit_sustained_rolling_motion,LIGHT,
focused_peak_b2_x50_e2_w15,1790880540000,ENTER,enter_stable_window,DEEP,
focused_peak_b2_x50_e2_w15,1790880660000,EXIT,exit_sustained_rolling_motion,LIGHT,
focused_peak_b2_x50_e2_w15,1790880720000,ENTER,enter_stable_window,DEEP,
focused_peak_b2_x50_e2_w15,1790880840000,EXIT,exit_sustained_rolling_motion,LIGHT,
focused_peak_b2_x50_e2_w15,1790880900000,ENTER,enter_stable_window,DEEP,
focused_peak_b2_x50_e2_w15,1790881200000,EXIT,exit_sustained_rolling_motion,LIGHT,
focused_peak_b2_x50_e2_w15,1790881260000,ENTER,enter_stable_window,DEEP,
focused_peak_b2_x50_e2_w15,1790881380000,EXIT,exit_sustained_rolling_motion,LIGHT,
focused_peak_b2_x50_e2_w15,1790881440000,ENTER,enter_stable_window,DEEP,
focused_peak_b2_x50_e2_w15,1790881560000,EXIT,exit_sustained_rolling_motion,LIGHT,
focused_peak_b2_x50_e2_w15,1790881620000,ENTER,enter_stable_window,DEEP,
focused_peak_b2_x50_e2_w15,1790881740000,EXIT,exit_sustained_rolling_motion,LIGHT,
focused_peak_b2_x50_e2_w15,1790881800000,ENTER,enter_stable_window,DEEP,
focused_peak_b2_x50_e2_w15,1790881920000,EXIT,exit_sustained_rolling_motion,LIGHT,
focused_peak_b2_x50_e2_w15,1790881980000,ENTER,enter_stable_window,DEEP,
focused_peak_b2_x50_e2_w15,1790882100000,EXIT,exit_coupling_lost,LIGHT,
focused_peak_b2_x50_e2_w15,1790885460000,ENTER,enter_stable_window,DEEP,
focused_peak_b2_x50_e2_w15,1790885580000,EXIT,exit_sustained_rolling_motion,LIGHT,
focused_peak_b2_x50_e2_w15,1790885820000,ENTER,enter_stable_window,DEEP,
focused_peak_b2_x50_e2_w15,1790886180000,EXIT,exit_sustained_rolling_motion,LIGHT,
focused_peak_b2_x50_e2_w15,1790886300000,ENTER,enter_stable_window,DEEP,
focused_peak_b2_x50_e2_w15,1790889840000,EXIT,exit_sustained_rolling_motion,LIGHT,
focused_peak_b2_x50_e2_w15,1790889900000,ENTER,enter_stable_window,DEEP,
focused_peak_b2_x50_e2_w15,1790890320000,EXIT,exit_sustained_rolling_motion,LIGHT,
focused_peak_b2_x50_e2_w15,1790890560000,ENTER,enter_stable_window,DEEP,
focused_peak_b2_x50_e2_w15,1790890860000,EXIT,exit_sustained_rolling_motion,LIGHT,
focused_peak_b2_x50_e2_w15,1790891040000,ENTER,enter_stable_window,DEEP,
focused_peak_b2_x50_e2_w15,1790891340000,EXIT,exit_sustained_rolling_motion,LIGHT,
focused_peak_b2_x50_e2_w15,1790893080000,ENTER,enter_stable_window,DEEP,
focused_peak_b2_x50_e2_w15,1790893380000,EXIT,exit_sustained_rolling_motion,LIGHT,
focused_peak_b2_x50_e2_w15,1790893560000,ENTER,enter_stable_window,DEEP,
focused_peak_b2_x50_e2_w15,1790894400000,EXIT,exit_sustained_rolling_motion,LIGHT,
focused_peak_b2_x50_e2_w15,1790894580000,ENTER,enter_stable_window,DEEP,
focused_peak_b2_x50_e2_w15,1790894820000,EXIT,exit_sustained_rolling_motion,LIGHT,
focused_peak_b2_x50_e2_w15,1790895180000,ENTER,enter_stable_window,DEEP,
focused_peak_b2_x50_e2_w15,1790895300000,EXIT,exit_sustained_rolling_motion,LIGHT,
focused_peak_b2_x50_e2_w15,1790895360000,ENTER,enter_stable_window,DEEP,
focused_peak_b2_x50_e2_w15,1790895780000,EXIT,exit_sustained_rolling_motion,LIGHT,
focused_peak_b2_x50_e2_w15,1790895840000,ENTER,enter_stable_window,DEEP,
focused_peak_b2_x50_e2_w15,1790895960000,EXIT,exit_sustained_rolling_motion,LIGHT,
focused_peak_b2_x50_e2_w15,1790896020000,ENTER,enter_stable_window,DEEP,
focused_peak_b2_x50_e2_w15,1790896320000,EXIT,exit_missing_motion,LIGHT,
focused_peak_b2_x50_e2_w10,1790879940000,ENTER,enter_stable_window,DEEP,
focused_peak_b2_x50_e2_w10,1790880060000,EXIT,exit_sustained_rolling_motion,LIGHT,
focused_peak_b2_x50_e2_w10,1790880120000,ENTER,enter_stable_window,DEEP,
focused_peak_b2_x50_e2_w10,1790880240000,EXIT,exit_sustained_rolling_motion,LIGHT,
focused_peak_b2_x50_e2_w10,1790880300000,ENTER,enter_stable_window,DEEP,
focused_peak_b2_x50_e2_w10,1790880420000,EXIT,exit_sustained_rolling_motion,LIGHT,
focused_peak_b2_x50_e2_w10,1790880480000,ENTER,enter_stable_window,DEEP,
focused_peak_b2_x50_e2_w10,1790880600000,EXIT,exit_sustained_rolling_motion,LIGHT,
focused_peak_b2_x50_e2_w10,1790880660000,ENTER,enter_stable_window,DEEP,
focused_peak_b2_x50_e2_w10,1790880780000,EXIT,exit_sustained_rolling_motion,LIGHT,
focused_peak_b2_x50_e2_w10,1790880840000,ENTER,enter_stable_window,DEEP,
focused_peak_b2_x50_e2_w10,1790881200000,EXIT,exit_sustained_rolling_motion,LIGHT,
focused_peak_b2_x50_e2_w10,1790881260000,ENTER,enter_stable_window,DEEP,
focused_peak_b2_x50_e2_w10,1790881380000,EXIT,exit_sustained_rolling_motion,LIGHT,
focused_peak_b2_x50_e2_w10,1790881440000,ENTER,enter_stable_window,DEEP,
focused_peak_b2_x50_e2_w10,1790881560000,EXIT,exit_sustained_rolling_motion,LIGHT,
focused_peak_b2_x50_e2_w10,1790881620000,ENTER,enter_stable_window,DEEP,
focused_peak_b2_x50_e2_w10,1790881740000,EXIT,exit_sustained_rolling_motion,LIGHT,
focused_peak_b2_x50_e2_w10,1790881800000,ENTER,enter_stable_window,DEEP,
focused_peak_b2_x50_e2_w10,1790881920000,EXIT,exit_sustained_rolling_motion,LIGHT,
focused_peak_b2_x50_e2_w10,1790881980000,ENTER,enter_stable_window,DEEP,
focused_peak_b2_x50_e2_w10,1790882100000,EXIT,exit_coupling_lost,LIGHT,
focused_peak_b2_x50_e2_w10,1790885160000,ENTER,enter_stable_window,DEEP,
focused_peak_b2_x50_e2_w10,1790885520000,EXIT,exit_sustained_rolling_motion,LIGHT,
focused_peak_b2_x50_e2_w10,1790885820000,ENTER,enter_stable_window,DEEP,
focused_peak_b2_x50_e2_w10,1790886180000,EXIT,exit_sustained_rolling_motion,LIGHT,
focused_peak_b2_x50_e2_w10,1790886300000,ENTER,enter_stable_window,DEEP,
focused_peak_b2_x50_e2_w10,1790889840000,EXIT,exit_sustained_rolling_motion,LIGHT,
focused_peak_b2_x50_e2_w10,1790889900000,ENTER,enter_stable_window,DEEP,
focused_peak_b2_x50_e2_w10,1790890320000,EXIT,exit_sustained_rolling_motion,LIGHT,
focused_peak_b2_x50_e2_w10,1790890560000,ENTER,enter_stable_window,DEEP,
focused_peak_b2_x50_e2_w10,1790890860000,EXIT,exit_sustained_rolling_motion,LIGHT,
focused_peak_b2_x50_e2_w10,1790890920000,ENTER,enter_stable_window,DEEP,
focused_peak_b2_x50_e2_w10,1790891340000,EXIT,exit_sustained_rolling_motion,LIGHT,
focused_peak_b2_x50_e2_w10,1790892900000,ENTER,enter_stable_window,DEEP,
focused_peak_b2_x50_e2_w10,1790893380000,EXIT,exit_sustained_rolling_motion,LIGHT,
focused_peak_b2_x50_e2_w10,1790893560000,ENTER,enter_stable_window,DEEP,
focused_peak_b2_x50_e2_w10,1790894400000,EXIT,exit_sustained_rolling_motion,LIGHT,
focused_peak_b2_x50_e2_w10,1790894580000,ENTER,enter_stable_window,DEEP,
focused_peak_b2_x50_e2_w10,1790894820000,EXIT,exit_sustained_rolling_motion,LIGHT,
focused_peak_b2_x50_e2_w10,1790895060000,ENTER,enter_stable_window,DEEP,
focused_peak_b2_x50_e2_w10,1790895180000,EXIT,exit_sustained_rolling_motion,LIGHT,
focused_peak_b2_x50_e2_w10,1790895240000,ENTER,enter_stable_window,DEEP,
focused_peak_b2_x50_e2_w10,1790895360000,EXIT,exit_sustained_rolling_motion,LIGHT,
focused_peak_b2_x50_e2_w10,1790895420000,ENTER,enter_stable_window,DEEP,
focused_peak_b2_x50_e2_w10,1790895780000,EXIT,exit_sustained_rolling_motion,LIGHT,
focused_peak_b2_x50_e2_w10,1790895840000,ENTER,enter_stable_window,DEEP,
focused_peak_b2_x50_e2_w10,1790895960000,EXIT,exit_sustained_rolling_motion,LIGHT,
focused_peak_b2_x50_e2_w10,1790896020000,ENTER,enter_stable_window,DEEP,
focused_peak_b2_x50_e2_w10,1790896320000,EXIT,exit_missing_motion,LIGHT,
focused_peak_b2_x50_e1_w15,1790880180000,ENTER,enter_stable_window,LIGHT,SHORT_DEEP_RUN_FILTER
focused_peak_b2_x50_e1_w15,1790880240000,EXIT,exit_sustained_rolling_motion,LIGHT,
focused_peak_b2_x50_e1_w15,1790880300000,ENTER,enter_stable_window,LIGHT,SHORT_DEEP_RUN_FILTER
focused_peak_b2_x50_e1_w15,1790880360000,EXIT,exit_sustained_rolling_motion,LIGHT,
focused_peak_b2_x50_e1_w15,1790880420000,ENTER,enter_stable_window,LIGHT,SHORT_DEEP_RUN_FILTER
focused_peak_b2_x50_e1_w15,1790880480000,EXIT,exit_sustained_rolling_motion,LIGHT,
focused_peak_b2_x50_e1_w15,1790880540000,ENTER,enter_stable_window,LIGHT,SHORT_DEEP_RUN_FILTER
focused_peak_b2_x50_e1_w15,1790880600000,EXIT,exit_sustained_rolling_motion,LIGHT,
focused_peak_b2_x50_e1_w15,1790880660000,ENTER,enter_stable_window,LIGHT,SHORT_DEEP_RUN_FILTER
focused_peak_b2_x50_e1_w15,1790880720000,EXIT,exit_sustained_rolling_motion,LIGHT,
focused_peak_b2_x50_e1_w15,1790880780000,ENTER,enter_stable_window,LIGHT,SHORT_DEEP_RUN_FILTER
focused_peak_b2_x50_e1_w15,1790880840000,EXIT,exit_sustained_rolling_motion,LIGHT,
focused_peak_b2_x50_e1_w15,1790880900000,ENTER,enter_stable_window,LIGHT,SHORT_DEEP_RUN_FILTER
focused_peak_b2_x50_e1_w15,1790880960000,EXIT,exit_sustained_rolling_motion,LIGHT,
focused_peak_b2_x50_e1_w15,1790881020000,ENTER,enter_stable_window,DEEP,
focused_peak_b2_x50_e1_w15,1790881140000,EXIT,exit_sustained_rolling_motion,LIGHT,
focused_peak_b2_x50_e1_w15,1790881200000,ENTER,enter_stable_window,LIGHT,SHORT_DEEP_RUN_FILTER
focused_peak_b2_x50_e1_w15,1790881260000,EXIT,exit_sustained_rolling_motion,LIGHT,
focused_peak_b2_x50_e1_w15,1790881320000,ENTER,enter_stable_window,LIGHT,SHORT_DEEP_RUN_FILTER
focused_peak_b2_x50_e1_w15,1790881380000,EXIT,exit_sustained_rolling_motion,LIGHT,
focused_peak_b2_x50_e1_w15,1790881440000,ENTER,enter_stable_window,LIGHT,SHORT_DEEP_RUN_FILTER
focused_peak_b2_x50_e1_w15,1790881500000,EXIT,exit_sustained_rolling_motion,LIGHT,
focused_peak_b2_x50_e1_w15,1790881560000,ENTER,enter_stable_window,LIGHT,SHORT_DEEP_RUN_FILTER
focused_peak_b2_x50_e1_w15,1790881620000,EXIT,exit_sustained_rolling_motion,LIGHT,
focused_peak_b2_x50_e1_w15,1790881680000,ENTER,enter_stable_window,LIGHT,SHORT_DEEP_RUN_FILTER
focused_peak_b2_x50_e1_w15,1790881740000,EXIT,exit_sustained_rolling_motion,LIGHT,
focused_peak_b2_x50_e1_w15,1790881800000,ENTER,enter_stable_window,LIGHT,SHORT_DEEP_RUN_FILTER
focused_peak_b2_x50_e1_w15,1790881860000,EXIT,exit_sustained_rolling_motion,LIGHT,
focused_peak_b2_x50_e1_w15,1790881920000,ENTER,enter_stable_window,LIGHT,SHORT_DEEP_RUN_FILTER
focused_peak_b2_x50_e1_w15,1790881980000,EXIT,exit_sustained_rolling_motion,LIGHT,
focused_peak_b2_x50_e1_w15,1790882040000,ENTER,enter_stable_window,LIGHT,SHORT_DEEP_RUN_FILTER
focused_peak_b2_x50_e1_w15,1790882100000,EXIT,exit_coupling_lost,LIGHT,
focused_peak_b2_x50_e1_w15,1790885460000,ENTER,enter_stable_window,LIGHT,SHORT_DEEP_RUN_FILTER
focused_peak_b2_x50_e1_w15,1790885520000,EXIT,exit_sustained_rolling_motion,LIGHT,
focused_peak_b2_x50_e1_w15,1790885820000,ENTER,enter_stable_window,DEEP,
focused_peak_b2_x50_e1_w15,1790886120000,EXIT,exit_sustained_rolling_motion,LIGHT,
focused_peak_b2_x50_e1_w15,1790886300000,ENTER,enter_stable_window,LIGHT,SHORT_DEEP_RUN_FILTER
focused_peak_b2_x50_e1_w15,1790886360000,EXIT,exit_sustained_rolling_motion,LIGHT,
focused_peak_b2_x50_e1_w15,1790886420000,ENTER,enter_stable_window,DEEP,
focused_peak_b2_x50_e1_w15,1790889780000,EXIT,exit_sustained_rolling_motion,LIGHT,
focused_peak_b2_x50_e1_w15,1790889900000,ENTER,enter_stable_window,LIGHT,SHORT_DEEP_RUN_FILTER
focused_peak_b2_x50_e1_w15,1790889960000,EXIT,exit_sustained_rolling_motion,LIGHT,
focused_peak_b2_x50_e1_w15,1790890020000,ENTER,enter_stable_window,DEEP,
focused_peak_b2_x50_e1_w15,1790890260000,EXIT,exit_sustained_rolling_motion,LIGHT,
focused_peak_b2_x50_e1_w15,1790890560000,ENTER,enter_stable_window,DEEP,
focused_peak_b2_x50_e1_w15,1790890800000,EXIT,exit_sustained_rolling_motion,LIGHT,
focused_peak_b2_x50_e1_w15,1790891040000,ENTER,enter_stable_window,DEEP,
focused_peak_b2_x50_e1_w15,1790891280000,EXIT,exit_sustained_rolling_motion,LIGHT,
focused_peak_b2_x50_e1_w15,1790893080000,ENTER,enter_stable_window,DEEP,
focused_peak_b2_x50_e1_w15,1790893320000,EXIT,exit_sustained_rolling_motion,LIGHT,
focused_peak_b2_x50_e1_w15,1790893560000,ENTER,enter_stable_window,DEEP,
focused_peak_b2_x50_e1_w15,1790894340000,EXIT,exit_sustained_rolling_motion,LIGHT,
focused_peak_b2_x50_e1_w15,1790894580000,ENTER,enter_stable_window,DEEP,
focused_peak_b2_x50_e1_w15,1790894760000,EXIT,exit_sustained_rolling_motion,LIGHT,
focused_peak_b2_x50_e1_w15,1790895180000,ENTER,enter_stable_window,LIGHT,SHORT_DEEP_RUN_FILTER
focused_peak_b2_x50_e1_w15,1790895240000,EXIT,exit_sustained_rolling_motion,LIGHT,
focused_peak_b2_x50_e1_w15,1790895300000,ENTER,enter_stable_window,LIGHT,SHORT_DEEP_RUN_FILTER
focused_peak_b2_x50_e1_w15,1790895360000,EXIT,exit_sustained_rolling_motion,LIGHT,
focused_peak_b2_x50_e1_w15,1790895420000,ENTER,enter_stable_window,DEEP,
focused_peak_b2_x50_e1_w15,1790895720000,EXIT,exit_sustained_rolling_motion,LIGHT,
focused_peak_b2_x50_e1_w15,1790895780000,ENTER,enter_stable_window,LIGHT,SHORT_DEEP_RUN_FILTER
focused_peak_b2_x50_e1_w15,1790895840000,EXIT,exit_sustained_rolling_motion,LIGHT,
focused_peak_b2_x50_e1_w15,1790895900000,ENTER,enter_stable_window,LIGHT,SHORT_DEEP_RUN_FILTER
focused_peak_b2_x50_e1_w15,1790895960000,EXIT,exit_sustained_rolling_motion,LIGHT,
focused_peak_b2_x50_e1_w15,1790896020000,ENTER,enter_stable_window,DEEP,
focused_peak_b2_x50_e1_w15,1790896320000,EXIT,exit_missing_motion,LIGHT,
focused_peak_b2_x50_e1_w10,1790879940000,ENTER,enter_stable_window,LIGHT,SHORT_DEEP_RUN_FILTER
focused_peak_b2_x50_e1_w10,1790880000000,EXIT,exit_sustained_rolling_motion,LIGHT,
focused_peak_b2_x50_e1_w10,1790880060000,ENTER,enter_stable_window,LIGHT,SHORT_DEEP_RUN_FILTER
focused_peak_b2_x50_e1_w10,1790880120000,EXIT,exit_sustained_rolling_motion,LIGHT,
focused_peak_b2_x50_e1_w10,1790880180000,ENTER,enter_stable_window,LIGHT,SHORT_DEEP_RUN_FILTER
focused_peak_b2_x50_e1_w10,1790880240000,EXIT,exit_sustained_rolling_motion,LIGHT,
focused_peak_b2_x50_e1_w10,1790880300000,ENTER,enter_stable_window,LIGHT,SHORT_DEEP_RUN_FILTER
focused_peak_b2_x50_e1_w10,1790880360000,EXIT,exit_sustained_rolling_motion,LIGHT,
focused_peak_b2_x50_e1_w10,1790880420000,ENTER,enter_stable_window,LIGHT,SHORT_DEEP_RUN_FILTER
focused_peak_b2_x50_e1_w10,1790880480000,EXIT,exit_sustained_rolling_motion,LIGHT,
focused_peak_b2_x50_e1_w10,1790880540000,ENTER,enter_stable_window,LIGHT,SHORT_DEEP_RUN_FILTER
focused_peak_b2_x50_e1_w10,1790880600000,EXIT,exit_sustained_rolling_motion,LIGHT,
focused_peak_b2_x50_e1_w10,1790880660000,ENTER,enter_stable_window,LIGHT,SHORT_DEEP_RUN_FILTER
focused_peak_b2_x50_e1_w10,1790880720000,EXIT,exit_sustained_rolling_motion,LIGHT,
focused_peak_b2_x50_e1_w10,1790880780000,ENTER,enter_stable_window,LIGHT,SHORT_DEEP_RUN_FILTER
focused_peak_b2_x50_e1_w10,1790880840000,EXIT,exit_sustained_rolling_motion,LIGHT,
focused_peak_b2_x50_e1_w10,1790880900000,ENTER,enter_stable_window,LIGHT,SHORT_DEEP_RUN_FILTER
focused_peak_b2_x50_e1_w10,1790880960000,EXIT,exit_sustained_rolling_motion,LIGHT,
focused_peak_b2_x50_e1_w10,1790881020000,ENTER,enter_stable_window,DEEP,
focused_peak_b2_x50_e1_w10,1790881140000,EXIT,exit_sustained_rolling_motion,LIGHT,
focused_peak_b2_x50_e1_w10,1790881200000,ENTER,enter_stable_window,LIGHT,SHORT_DEEP_RUN_FILTER
focused_peak_b2_x50_e1_w10,1790881260000,EXIT,exit_sustained_rolling_motion,LIGHT,
focused_peak_b2_x50_e1_w10,1790881320000,ENTER,enter_stable_window,LIGHT,SHORT_DEEP_RUN_FILTER
focused_peak_b2_x50_e1_w10,1790881380000,EXIT,exit_sustained_rolling_motion,LIGHT,
focused_peak_b2_x50_e1_w10,1790881440000,ENTER,enter_stable_window,LIGHT,SHORT_DEEP_RUN_FILTER
focused_peak_b2_x50_e1_w10,1790881500000,EXIT,exit_sustained_rolling_motion,LIGHT,
focused_peak_b2_x50_e1_w10,1790881560000,ENTER,enter_stable_window,LIGHT,SHORT_DEEP_RUN_FILTER
focused_peak_b2_x50_e1_w10,1790881620000,EXIT,exit_sustained_rolling_motion,LIGHT,
focused_peak_b2_x50_e1_w10,1790881680000,ENTER,enter_stable_window,LIGHT,SHORT_DEEP_RUN_FILTER
focused_peak_b2_x50_e1_w10,1790881740000,EXIT,exit_sustained_rolling_motion,LIGHT,
focused_peak_b2_x50_e1_w10,1790881800000,ENTER,enter_stable_window,LIGHT,SHORT_DEEP_RUN_FILTER
focused_peak_b2_x50_e1_w10,1790881860000,EXIT,exit_sustained_rolling_motion,LIGHT,
focused_peak_b2_x50_e1_w10,1790881920000,ENTER,enter_stable_window,LIGHT,SHORT_DEEP_RUN_FILTER
focused_peak_b2_x50_e1_w10,1790881980000,EXIT,exit_sustained_rolling_motion,LIGHT,
focused_peak_b2_x50_e1_w10,1790882040000,ENTER,enter_stable_window,LIGHT,SHORT_DEEP_RUN_FILTER
focused_peak_b2_x50_e1_w10,1790882100000,EXIT,exit_coupling_lost,LIGHT,
focused_peak_b2_x50_e1_w10,1790885160000,ENTER,enter_stable_window,DEEP,
focused_peak_b2_x50_e1_w10,1790885460000,EXIT,exit_sustained_rolling_motion,LIGHT,
focused_peak_b2_x50_e1_w10,1790885520000,ENTER,enter_stable_window,LIGHT,SHORT_DEEP_RUN_FILTER
focused_peak_b2_x50_e1_w10,1790885580000,EXIT,exit_sustained_rolling_motion,LIGHT,
focused_peak_b2_x50_e1_w10,1790885820000,ENTER,enter_stable_window,DEEP,
focused_peak_b2_x50_e1_w10,1790886120000,EXIT,exit_sustained_rolling_motion,LIGHT,
focused_peak_b2_x50_e1_w10,1790886300000,ENTER,enter_stable_window,LIGHT,SHORT_DEEP_RUN_FILTER
focused_peak_b2_x50_e1_w10,1790886360000,EXIT,exit_sustained_rolling_motion,LIGHT,
focused_peak_b2_x50_e1_w10,1790886420000,ENTER,enter_stable_window,DEEP,
focused_peak_b2_x50_e1_w10,1790889780000,EXIT,exit_sustained_rolling_motion,LIGHT,
focused_peak_b2_x50_e1_w10,1790889900000,ENTER,enter_stable_window,LIGHT,SHORT_DEEP_RUN_FILTER
focused_peak_b2_x50_e1_w10,1790889960000,EXIT,exit_sustained_rolling_motion,LIGHT,
focused_peak_b2_x50_e1_w10,1790890020000,ENTER,enter_stable_window,DEEP,
focused_peak_b2_x50_e1_w10,1790890260000,EXIT,exit_sustained_rolling_motion,LIGHT,
focused_peak_b2_x50_e1_w10,1790890560000,ENTER,enter_stable_window,DEEP,
focused_peak_b2_x50_e1_w10,1790890800000,EXIT,exit_sustained_rolling_motion,LIGHT,
focused_peak_b2_x50_e1_w10,1790890860000,ENTER,enter_stable_window,LIGHT,SHORT_DEEP_RUN_FILTER
focused_peak_b2_x50_e1_w10,1790890920000,EXIT,exit_sustained_rolling_motion,LIGHT,
focused_peak_b2_x50_e1_w10,1790890980000,ENTER,enter_stable_window,DEEP,
focused_peak_b2_x50_e1_w10,1790891280000,EXIT,exit_sustained_rolling_motion,LIGHT,
focused_peak_b2_x50_e1_w10,1790892900000,ENTER,enter_stable_window,DEEP,
focused_peak_b2_x50_e1_w10,1790893320000,EXIT,exit_sustained_rolling_motion,LIGHT,
focused_peak_b2_x50_e1_w10,1790893560000,ENTER,enter_stable_window,DEEP,
focused_peak_b2_x50_e1_w10,1790894340000,EXIT,exit_sustained_rolling_motion,LIGHT,
focused_peak_b2_x50_e1_w10,1790894580000,ENTER,enter_stable_window,DEEP,
focused_peak_b2_x50_e1_w10,1790894760000,EXIT,exit_sustained_rolling_motion,LIGHT,
focused_peak_b2_x50_e1_w10,1790895060000,ENTER,enter_stable_window,LIGHT,SHORT_DEEP_RUN_FILTER
focused_peak_b2_x50_e1_w10,1790895120000,EXIT,exit_sustained_rolling_motion,LIGHT,
focused_peak_b2_x50_e1_w10,1790895180000,ENTER,enter_stable_window,LIGHT,SHORT_DEEP_RUN_FILTER
focused_peak_b2_x50_e1_w10,1790895240000,EXIT,exit_sustained_rolling_motion,LIGHT,
focused_peak_b2_x50_e1_w10,1790895300000,ENTER,enter_stable_window,LIGHT,SHORT_DEEP_RUN_FILTER
focused_peak_b2_x50_e1_w10,1790895360000,EXIT,exit_sustained_rolling_motion,LIGHT,
focused_peak_b2_x50_e1_w10,1790895420000,ENTER,enter_stable_window,DEEP,
focused_peak_b2_x50_e1_w10,1790895720000,EXIT,exit_sustained_rolling_motion,LIGHT,
focused_peak_b2_x50_e1_w10,1790895780000,ENTER,enter_stable_window,LIGHT,SHORT_DEEP_RUN_FILTER
focused_peak_b2_x50_e1_w10,1790895840000,EXIT,exit_sustained_rolling_motion,LIGHT,
focused_peak_b2_x50_e1_w10,1790895900000,ENTER,enter_stable_window,LIGHT,SHORT_DEEP_RUN_FILTER
focused_peak_b2_x50_e1_w10,1790895960000,EXIT,exit_sustained_rolling_motion,LIGHT,
focused_peak_b2_x50_e1_w10,1790896020000,ENTER,enter_stable_window,DEEP,
focused_peak_b2_x50_e1_w10,1790896320000,EXIT,exit_missing_motion,LIGHT,
focused_composite_b10_x70_e3_w15,1790880180000,ENTER,enter_stable_window,DEEP,
focused_composite_b10_x70_e3_w15,1790881260000,EXIT,exit_sustained_rolling_motion,LIGHT,
focused_composite_b10_x70_e3_w15,1790881380000,ENTER,enter_stable_window,DEEP,
focused_composite_b10_x70_e3_w15,1790882100000,EXIT,exit_coupling_lost,LIGHT,
focused_composite_b10_x70_e3_w15,1790885820000,ENTER,enter_stable_window,LIGHT,SHORT_DEEP_RUN_FILTER
focused_composite_b10_x70_e3_w15,1790885880000,MAINTAIN,,LIGHT,SHORT_DEEP_RUN_FILTER
focused_composite_b10_x70_e3_w15,1790885940000,MAINTAIN,,LIGHT,SHORT_DEEP_RUN_FILTER
focused_composite_b10_x70_e3_w15,1790886000000,MAINTAIN,,LIGHT,SHORT_DEEP_RUN_FILTER
focused_composite_b10_x70_e3_w15,1790886060000,MAINTAIN,,LIGHT,SHORT_DEEP_RUN_FILTER
focused_composite_b10_x70_e3_w15,1790886120000,MAINTAIN,,LIGHT,SHORT_DEEP_RUN_FILTER
focused_composite_b10_x70_e3_w15,1790886180000,MAINTAIN,,LIGHT,SHORT_DEEP_RUN_FILTER
focused_composite_b10_x70_e3_w15,1790886240000,EXIT,exit_sustained_rolling_motion,LIGHT,
focused_composite_b10_x70_e3_w15,1790886300000,ENTER,enter_stable_window,DEEP,
focused_composite_b10_x70_e3_w15,1790889840000,EXIT,exit_coupling_lost,LIGHT,
focused_composite_b10_x70_e3_w15,1790893080000,ENTER,enter_stable_window,LIGHT,SHORT_DEEP_RUN_FILTER
focused_composite_b10_x70_e3_w15,1790893140000,MAINTAIN,,LIGHT,SHORT_DEEP_RUN_FILTER
focused_composite_b10_x70_e3_w15,1790893200000,MAINTAIN,,LIGHT,SHORT_DEEP_RUN_FILTER
focused_composite_b10_x70_e3_w15,1790893260000,MAINTAIN,,LIGHT,SHORT_DEEP_RUN_FILTER
focused_composite_b10_x70_e3_w15,1790893320000,MAINTAIN,,LIGHT,SHORT_DEEP_RUN_FILTER
focused_composite_b10_x70_e3_w15,1790893380000,MAINTAIN,,LIGHT,SHORT_DEEP_RUN_FILTER
focused_composite_b10_x70_e3_w15,1790893440000,EXIT,exit_sustained_rolling_motion,LIGHT,
focused_composite_b10_x70_e3_w15,1790893560000,ENTER,enter_stable_window,DEEP,
focused_composite_b10_x70_e3_w15,1790894460000,EXIT,exit_sustained_rolling_motion,LIGHT,
focused_composite_b10_x70_e3_w15,1790894580000,ENTER,enter_stable_window,LIGHT,SHORT_DEEP_RUN_FILTER
focused_composite_b10_x70_e3_w15,1790894640000,MAINTAIN,,LIGHT,SHORT_DEEP_RUN_FILTER
focused_composite_b10_x70_e3_w15,1790894700000,MAINTAIN,,LIGHT,SHORT_DEEP_RUN_FILTER
focused_composite_b10_x70_e3_w15,1790894760000,MAINTAIN,,LIGHT,SHORT_DEEP_RUN_FILTER
focused_composite_b10_x70_e3_w15,1790894820000,MAINTAIN,,LIGHT,SHORT_DEEP_RUN_FILTER
focused_composite_b10_x70_e3_w15,1790894880000,MAINTAIN,,LIGHT,SHORT_DEEP_RUN_FILTER
focused_composite_b10_x70_e3_w15,1790894940000,EXIT,exit_sustained_rolling_motion,LIGHT,
focused_composite_b10_x70_e3_w15,1790895180000,ENTER,enter_stable_window,DEEP,
focused_composite_b10_x70_e3_w15,1790896320000,EXIT,exit_missing_motion,LIGHT,
focused_composite_b10_x70_e3_w10,1790880360000,ENTER,enter_stable_window,DEEP,
focused_composite_b10_x70_e3_w10,1790881260000,EXIT,exit_sustained_rolling_motion,LIGHT,
focused_composite_b10_x70_e3_w10,1790881800000,ENTER,enter_stable_window,LIGHT,SHORT_DEEP_RUN_FILTER
focused_composite_b10_x70_e3_w10,1790881860000,MAINTAIN,,LIGHT,SHORT_DEEP_RUN_FILTER
focused_composite_b10_x70_e3_w10,1790881920000,MAINTAIN,,LIGHT,SHORT_DEEP_RUN_FILTER
focused_composite_b10_x70_e3_w10,1790881980000,MAINTAIN,,LIGHT,SHORT_DEEP_RUN_FILTER
focused_composite_b10_x70_e3_w10,1790882040000,MAINTAIN,,LIGHT,SHORT_DEEP_RUN_FILTER
focused_composite_b10_x70_e3_w10,1790882100000,EXIT,exit_coupling_lost,LIGHT,
focused_composite_b10_x70_e3_w10,1790885160000,ENTER,enter_stable_window,LIGHT,SHORT_DEEP_RUN_FILTER
focused_composite_b10_x70_e3_w10,1790885220000,MAINTAIN,,LIGHT,SHORT_DEEP_RUN_FILTER
focused_composite_b10_x70_e3_w10,1790885280000,MAINTAIN,,LIGHT,SHORT_DEEP_RUN_FILTER
focused_composite_b10_x70_e3_w10,1790885340000,MAINTAIN,,LIGHT,SHORT_DEEP_RUN_FILTER
focused_composite_b10_x70_e3_w10,1790885400000,MAINTAIN,,LIGHT,SHORT_DEEP_RUN_FILTER
focused_composite_b10_x70_e3_w10,1790885460000,MAINTAIN,,LIGHT,SHORT_DEEP_RUN_FILTER
focused_composite_b10_x70_e3_w10,1790885520000,MAINTAIN,,LIGHT,SHORT_DEEP_RUN_FILTER
focused_composite_b10_x70_e3_w10,1790885580000,MAINTAIN,,LIGHT,SHORT_DEEP_RUN_FILTER
focused_composite_b10_x70_e3_w10,1790885640000,MAINTAIN,,LIGHT,SHORT_DEEP_RUN_FILTER
focused_composite_b10_x70_e3_w10,1790885700000,EXIT,exit_sustained_rolling_motion,LIGHT,
focused_composite_b10_x70_e3_w10,1790885820000,ENTER,enter_stable_window,LIGHT,SHORT_DEEP_RUN_FILTER
focused_composite_b10_x70_e3_w10,1790885880000,MAINTAIN,,LIGHT,SHORT_DEEP_RUN_FILTER
focused_composite_b10_x70_e3_w10,1790885940000,MAINTAIN,,LIGHT,SHORT_DEEP_RUN_FILTER
focused_composite_b10_x70_e3_w10,1790886000000,MAINTAIN,,LIGHT,SHORT_DEEP_RUN_FILTER
focused_composite_b10_x70_e3_w10,1790886060000,MAINTAIN,,LIGHT,SHORT_DEEP_RUN_FILTER
focused_composite_b10_x70_e3_w10,1790886120000,MAINTAIN,,LIGHT,SHORT_DEEP_RUN_FILTER
focused_composite_b10_x70_e3_w10,1790886180000,MAINTAIN,,LIGHT,SHORT_DEEP_RUN_FILTER
focused_composite_b10_x70_e3_w10,1790886240000,EXIT,exit_sustained_rolling_motion,LIGHT,
focused_composite_b10_x70_e3_w10,1790886300000,ENTER,enter_stable_window,DEEP,
focused_composite_b10_x70_e3_w10,1790889840000,EXIT,exit_coupling_lost,LIGHT,
focused_composite_b10_x70_e3_w10,1790892900000,ENTER,enter_stable_window,LIGHT,SHORT_DEEP_RUN_FILTER
focused_composite_b10_x70_e3_w10,1790892960000,MAINTAIN,,LIGHT,SHORT_DEEP_RUN_FILTER
focused_composite_b10_x70_e3_w10,1790893020000,MAINTAIN,,LIGHT,SHORT_DEEP_RUN_FILTER
focused_composite_b10_x70_e3_w10,1790893080000,MAINTAIN,,LIGHT,SHORT_DEEP_RUN_FILTER
focused_composite_b10_x70_e3_w10,1790893140000,MAINTAIN,,LIGHT,SHORT_DEEP_RUN_FILTER
focused_composite_b10_x70_e3_w10,1790893200000,MAINTAIN,,LIGHT,SHORT_DEEP_RUN_FILTER
focused_composite_b10_x70_e3_w10,1790893260000,MAINTAIN,,LIGHT,SHORT_DEEP_RUN_FILTER
focused_composite_b10_x70_e3_w10,1790893320000,MAINTAIN,,LIGHT,SHORT_DEEP_RUN_FILTER
focused_composite_b10_x70_e3_w10,1790893380000,MAINTAIN,,LIGHT,SHORT_DEEP_RUN_FILTER
focused_composite_b10_x70_e3_w10,1790893440000,EXIT,exit_sustained_rolling_motion,LIGHT,
focused_composite_b10_x70_e3_w10,1790893560000,ENTER,enter_stable_window,DEEP,
focused_composite_b10_x70_e3_w10,1790894460000,EXIT,exit_sustained_rolling_motion,LIGHT,
focused_composite_b10_x70_e3_w10,1790894580000,ENTER,enter_stable_window,LIGHT,SHORT_DEEP_RUN_FILTER
focused_composite_b10_x70_e3_w10,1790894640000,MAINTAIN,,LIGHT,SHORT_DEEP_RUN_FILTER
focused_composite_b10_x70_e3_w10,1790894700000,MAINTAIN,,LIGHT,SHORT_DEEP_RUN_FILTER
focused_composite_b10_x70_e3_w10,1790894760000,MAINTAIN,,LIGHT,SHORT_DEEP_RUN_FILTER
focused_composite_b10_x70_e3_w10,1790894820000,MAINTAIN,,LIGHT,SHORT_DEEP_RUN_FILTER
focused_composite_b10_x70_e3_w10,1790894880000,MAINTAIN,,LIGHT,SHORT_DEEP_RUN_FILTER
focused_composite_b10_x70_e3_w10,1790894940000,EXIT,exit_sustained_rolling_motion,LIGHT,
focused_composite_b10_x70_e3_w10,1790895420000,ENTER,enter_stable_window,DEEP,
focused_composite_b10_x70_e3_w10,1790896320000,EXIT,exit_missing_motion,LIGHT,
focused_composite_b10_x70_e2_w15,1790880180000,ENTER,enter_stable_window,DEEP,
focused_composite_b10_x70_e2_w15,1790881200000,EXIT,exit_sustained_rolling_motion,LIGHT,
focused_composite_b10_x70_e2_w15,1790881380000,ENTER,enter_stable_window,DEEP,
focused_composite_b10_x70_e2_w15,1790882100000,EXIT,exit_coupling_lost,LIGHT,
focused_composite_b10_x70_e2_w15,1790885820000,ENTER,enter_stable_window,LIGHT,SHORT_DEEP_RUN_FILTER
focused_composite_b10_x70_e2_w15,1790885880000,MAINTAIN,,LIGHT,SHORT_DEEP_RUN_FILTER
focused_composite_b10_x70_e2_w15,1790885940000,MAINTAIN,,LIGHT,SHORT_DEEP_RUN_FILTER
focused_composite_b10_x70_e2_w15,1790886000000,MAINTAIN,,LIGHT,SHORT_DEEP_RUN_FILTER
focused_composite_b10_x70_e2_w15,1790886060000,MAINTAIN,,LIGHT,SHORT_DEEP_RUN_FILTER
focused_composite_b10_x70_e2_w15,1790886120000,MAINTAIN,,LIGHT,SHORT_DEEP_RUN_FILTER
focused_composite_b10_x70_e2_w15,1790886180000,EXIT,exit_sustained_rolling_motion,LIGHT,
focused_composite_b10_x70_e2_w15,1790886300000,ENTER,enter_stable_window,DEEP,
focused_composite_b10_x70_e2_w15,1790889840000,EXIT,exit_coupling_lost,LIGHT,
focused_composite_b10_x70_e2_w15,1790893080000,ENTER,enter_stable_window,LIGHT,SHORT_DEEP_RUN_FILTER
focused_composite_b10_x70_e2_w15,1790893140000,MAINTAIN,,LIGHT,SHORT_DEEP_RUN_FILTER
focused_composite_b10_x70_e2_w15,1790893200000,MAINTAIN,,LIGHT,SHORT_DEEP_RUN_FILTER
focused_composite_b10_x70_e2_w15,1790893260000,MAINTAIN,,LIGHT,SHORT_DEEP_RUN_FILTER
focused_composite_b10_x70_e2_w15,1790893320000,MAINTAIN,,LIGHT,SHORT_DEEP_RUN_FILTER
focused_composite_b10_x70_e2_w15,1790893380000,EXIT,exit_sustained_rolling_motion,LIGHT,
focused_composite_b10_x70_e2_w15,1790893560000,ENTER,enter_stable_window,DEEP,
focused_composite_b10_x70_e2_w15,1790894400000,EXIT,exit_sustained_rolling_motion,LIGHT,
focused_composite_b10_x70_e2_w15,1790894580000,ENTER,enter_stable_window,LIGHT,SHORT_DEEP_RUN_FILTER
focused_composite_b10_x70_e2_w15,1790894640000,MAINTAIN,,LIGHT,SHORT_DEEP_RUN_FILTER
focused_composite_b10_x70_e2_w15,1790894700000,MAINTAIN,,LIGHT,SHORT_DEEP_RUN_FILTER
focused_composite_b10_x70_e2_w15,1790894760000,MAINTAIN,,LIGHT,SHORT_DEEP_RUN_FILTER
focused_composite_b10_x70_e2_w15,1790894820000,MAINTAIN,,LIGHT,SHORT_DEEP_RUN_FILTER
focused_composite_b10_x70_e2_w15,1790894880000,EXIT,exit_sustained_rolling_motion,LIGHT,
focused_composite_b10_x70_e2_w15,1790895180000,ENTER,enter_stable_window,DEEP,
focused_composite_b10_x70_e2_w15,1790896320000,EXIT,exit_missing_motion,LIGHT,
focused_composite_b10_x70_e2_w10,1790880360000,ENTER,enter_stable_window,DEEP,
focused_composite_b10_x70_e2_w10,1790881200000,EXIT,exit_sustained_rolling_motion,LIGHT,
focused_composite_b10_x70_e2_w10,1790881800000,ENTER,enter_stable_window,LIGHT,SHORT_DEEP_RUN_FILTER
focused_composite_b10_x70_e2_w10,1790881860000,MAINTAIN,,LIGHT,SHORT_DEEP_RUN_FILTER
focused_composite_b10_x70_e2_w10,1790881920000,MAINTAIN,,LIGHT,SHORT_DEEP_RUN_FILTER
focused_composite_b10_x70_e2_w10,1790881980000,MAINTAIN,,LIGHT,SHORT_DEEP_RUN_FILTER
focused_composite_b10_x70_e2_w10,1790882040000,MAINTAIN,,LIGHT,SHORT_DEEP_RUN_FILTER
focused_composite_b10_x70_e2_w10,1790882100000,EXIT,exit_coupling_lost,LIGHT,
focused_composite_b10_x70_e2_w10,1790885160000,ENTER,enter_stable_window,LIGHT,SHORT_DEEP_RUN_FILTER
focused_composite_b10_x70_e2_w10,1790885220000,MAINTAIN,,LIGHT,SHORT_DEEP_RUN_FILTER
focused_composite_b10_x70_e2_w10,1790885280000,MAINTAIN,,LIGHT,SHORT_DEEP_RUN_FILTER
focused_composite_b10_x70_e2_w10,1790885340000,MAINTAIN,,LIGHT,SHORT_DEEP_RUN_FILTER
focused_composite_b10_x70_e2_w10,1790885400000,MAINTAIN,,LIGHT,SHORT_DEEP_RUN_FILTER
focused_composite_b10_x70_e2_w10,1790885460000,MAINTAIN,,LIGHT,SHORT_DEEP_RUN_FILTER
focused_composite_b10_x70_e2_w10,1790885520000,MAINTAIN,,LIGHT,SHORT_DEEP_RUN_FILTER
focused_composite_b10_x70_e2_w10,1790885580000,MAINTAIN,,LIGHT,SHORT_DEEP_RUN_FILTER
focused_composite_b10_x70_e2_w10,1790885640000,EXIT,exit_sustained_rolling_motion,LIGHT,
focused_composite_b10_x70_e2_w10,1790885820000,ENTER,enter_stable_window,LIGHT,SHORT_DEEP_RUN_FILTER
focused_composite_b10_x70_e2_w10,1790885880000,MAINTAIN,,LIGHT,SHORT_DEEP_RUN_FILTER
focused_composite_b10_x70_e2_w10,1790885940000,MAINTAIN,,LIGHT,SHORT_DEEP_RUN_FILTER
focused_composite_b10_x70_e2_w10,1790886000000,MAINTAIN,,LIGHT,SHORT_DEEP_RUN_FILTER
focused_composite_b10_x70_e2_w10,1790886060000,MAINTAIN,,LIGHT,SHORT_DEEP_RUN_FILTER
focused_composite_b10_x70_e2_w10,1790886120000,MAINTAIN,,LIGHT,SHORT_DEEP_RUN_FILTER
focused_composite_b10_x70_e2_w10,1790886180000,EXIT,exit_sustained_rolling_motion,LIGHT,
focused_composite_b10_x70_e2_w10,1790886300000,ENTER,enter_stable_window,DEEP,
focused_composite_b10_x70_e2_w10,1790889840000,EXIT,exit_coupling_lost,LIGHT,
focused_composite_b10_x70_e2_w10,1790892900000,ENTER,enter_stable_window,LIGHT,SHORT_DEEP_RUN_FILTER
focused_composite_b10_x70_e2_w10,1790892960000,MAINTAIN,,LIGHT,SHORT_DEEP_RUN_FILTER
focused_composite_b10_x70_e2_w10,1790893020000,MAINTAIN,,LIGHT,SHORT_DEEP_RUN_FILTER
focused_composite_b10_x70_e2_w10,1790893080000,MAINTAIN,,LIGHT,SHORT_DEEP_RUN_FILTER
focused_composite_b10_x70_e2_w10,1790893140000,MAINTAIN,,LIGHT,SHORT_DEEP_RUN_FILTER
focused_composite_b10_x70_e2_w10,1790893200000,MAINTAIN,,LIGHT,SHORT_DEEP_RUN_FILTER
focused_composite_b10_x70_e2_w10,1790893260000,MAINTAIN,,LIGHT,SHORT_DEEP_RUN_FILTER
focused_composite_b10_x70_e2_w10,1790893320000,MAINTAIN,,LIGHT,SHORT_DEEP_RUN_FILTER
focused_composite_b10_x70_e2_w10,1790893380000,EXIT,exit_sustained_rolling_motion,LIGHT,
focused_composite_b10_x70_e2_w10,1790893560000,ENTER,enter_stable_window,DEEP,
focused_composite_b10_x70_e2_w10,1790894400000,EXIT,exit_sustained_rolling_motion,LIGHT,
focused_composite_b10_x70_e2_w10,1790894580000,ENTER,enter_stable_window,LIGHT,SHORT_DEEP_RUN_FILTER
focused_composite_b10_x70_e2_w10,1790894640000,MAINTAIN,,LIGHT,SHORT_DEEP_RUN_FILTER
focused_composite_b10_x70_e2_w10,1790894700000,MAINTAIN,,LIGHT,SHORT_DEEP_RUN_FILTER
focused_composite_b10_x70_e2_w10,1790894760000,MAINTAIN,,LIGHT,SHORT_DEEP_RUN_FILTER
focused_composite_b10_x70_e2_w10,1790894820000,MAINTAIN,,LIGHT,SHORT_DEEP_RUN_FILTER
focused_composite_b10_x70_e2_w10,1790894880000,EXIT,exit_sustained_rolling_motion,LIGHT,
focused_composite_b10_x70_e2_w10,1790895420000,ENTER,enter_stable_window,DEEP,
focused_composite_b10_x70_e2_w10,1790896320000,EXIT,exit_missing_motion,LIGHT,
focused_composite_b10_x70_e1_w15,1790880180000,ENTER,enter_stable_window,DEEP,
focused_composite_b10_x70_e1_w15,1790881140000,EXIT,exit_sustained_rolling_motion,LIGHT,
focused_composite_b10_x70_e1_w15,1790881380000,ENTER,enter_stable_window,DEEP,
focused_composite_b10_x70_e1_w15,1790882100000,EXIT,exit_coupling_lost,LIGHT,
focused_composite_b10_x70_e1_w15,1790885820000,ENTER,enter_stable_window,LIGHT,SHORT_DEEP_RUN_FILTER
focused_composite_b10_x70_e1_w15,1790885880000,MAINTAIN,,LIGHT,SHORT_DEEP_RUN_FILTER
focused_composite_b10_x70_e1_w15,1790885940000,MAINTAIN,,LIGHT,SHORT_DEEP_RUN_FILTER
focused_composite_b10_x70_e1_w15,1790886000000,MAINTAIN,,LIGHT,SHORT_DEEP_RUN_FILTER
focused_composite_b10_x70_e1_w15,1790886060000,MAINTAIN,,LIGHT,SHORT_DEEP_RUN_FILTER
focused_composite_b10_x70_e1_w15,1790886120000,EXIT,exit_sustained_rolling_motion,LIGHT,
focused_composite_b10_x70_e1_w15,1790886300000,ENTER,enter_stable_window,DEEP,
focused_composite_b10_x70_e1_w15,1790889840000,EXIT,exit_coupling_lost,LIGHT,
focused_composite_b10_x70_e1_w15,1790893080000,ENTER,enter_stable_window,LIGHT,SHORT_DEEP_RUN_FILTER
focused_composite_b10_x70_e1_w15,1790893140000,MAINTAIN,,LIGHT,SHORT_DEEP_RUN_FILTER
focused_composite_b10_x70_e1_w15,1790893200000,MAINTAIN,,LIGHT,SHORT_DEEP_RUN_FILTER
focused_composite_b10_x70_e1_w15,1790893260000,MAINTAIN,,LIGHT,SHORT_DEEP_RUN_FILTER
focused_composite_b10_x70_e1_w15,1790893320000,EXIT,exit_sustained_rolling_motion,LIGHT,
focused_composite_b10_x70_e1_w15,1790893560000,ENTER,enter_stable_window,DEEP,
focused_composite_b10_x70_e1_w15,1790894340000,EXIT,exit_sustained_rolling_motion,LIGHT,
focused_composite_b10_x70_e1_w15,1790894580000,ENTER,enter_stable_window,LIGHT,SHORT_DEEP_RUN_FILTER
focused_composite_b10_x70_e1_w15,1790894640000,MAINTAIN,,LIGHT,SHORT_DEEP_RUN_FILTER
focused_composite_b10_x70_e1_w15,1790894700000,MAINTAIN,,LIGHT,SHORT_DEEP_RUN_FILTER
focused_composite_b10_x70_e1_w15,1790894760000,MAINTAIN,,LIGHT,SHORT_DEEP_RUN_FILTER
focused_composite_b10_x70_e1_w15,1790894820000,EXIT,exit_sustained_rolling_motion,LIGHT,
focused_composite_b10_x70_e1_w15,1790895180000,ENTER,enter_stable_window,DEEP,
focused_composite_b10_x70_e1_w15,1790896320000,EXIT,exit_missing_motion,LIGHT,
focused_composite_b10_x70_e1_w10,1790880360000,ENTER,enter_stable_window,DEEP,
focused_composite_b10_x70_e1_w10,1790881140000,EXIT,exit_sustained_rolling_motion,LIGHT,
focused_composite_b10_x70_e1_w10,1790881800000,ENTER,enter_stable_window,LIGHT,SHORT_DEEP_RUN_FILTER
focused_composite_b10_x70_e1_w10,1790881860000,MAINTAIN,,LIGHT,SHORT_DEEP_RUN_FILTER
focused_composite_b10_x70_e1_w10,1790881920000,MAINTAIN,,LIGHT,SHORT_DEEP_RUN_FILTER
focused_composite_b10_x70_e1_w10,1790881980000,MAINTAIN,,LIGHT,SHORT_DEEP_RUN_FILTER
focused_composite_b10_x70_e1_w10,1790882040000,MAINTAIN,,LIGHT,SHORT_DEEP_RUN_FILTER
focused_composite_b10_x70_e1_w10,1790882100000,EXIT,exit_coupling_lost,LIGHT,
focused_composite_b10_x70_e1_w10,1790885160000,ENTER,enter_stable_window,LIGHT,SHORT_DEEP_RUN_FILTER
focused_composite_b10_x70_e1_w10,1790885220000,MAINTAIN,,LIGHT,SHORT_DEEP_RUN_FILTER
focused_composite_b10_x70_e1_w10,1790885280000,MAINTAIN,,LIGHT,SHORT_DEEP_RUN_FILTER
focused_composite_b10_x70_e1_w10,1790885340000,MAINTAIN,,LIGHT,SHORT_DEEP_RUN_FILTER
focused_composite_b10_x70_e1_w10,1790885400000,MAINTAIN,,LIGHT,SHORT_DEEP_RUN_FILTER
focused_composite_b10_x70_e1_w10,1790885460000,MAINTAIN,,LIGHT,SHORT_DEEP_RUN_FILTER
focused_composite_b10_x70_e1_w10,1790885520000,MAINTAIN,,LIGHT,SHORT_DEEP_RUN_FILTER
focused_composite_b10_x70_e1_w10,1790885580000,EXIT,exit_sustained_rolling_motion,LIGHT,
focused_composite_b10_x70_e1_w10,1790885820000,ENTER,enter_stable_window,LIGHT,SHORT_DEEP_RUN_FILTER
focused_composite_b10_x70_e1_w10,1790885880000,MAINTAIN,,LIGHT,SHORT_DEEP_RUN_FILTER
focused_composite_b10_x70_e1_w10,1790885940000,MAINTAIN,,LIGHT,SHORT_DEEP_RUN_FILTER
focused_composite_b10_x70_e1_w10,1790886000000,MAINTAIN,,LIGHT,SHORT_DEEP_RUN_FILTER
focused_composite_b10_x70_e1_w10,1790886060000,MAINTAIN,,LIGHT,SHORT_DEEP_RUN_FILTER
focused_composite_b10_x70_e1_w10,1790886120000,EXIT,exit_sustained_rolling_motion,LIGHT,
focused_composite_b10_x70_e1_w10,1790886300000,ENTER,enter_stable_window,DEEP,
focused_composite_b10_x70_e1_w10,1790889840000,EXIT,exit_coupling_lost,LIGHT,
focused_composite_b10_x70_e1_w10,1790892900000,ENTER,enter_stable_window,LIGHT,SHORT_DEEP_RUN_FILTER
focused_composite_b10_x70_e1_w10,1790892960000,MAINTAIN,,LIGHT,SHORT_DEEP_RUN_FILTER
focused_composite_b10_x70_e1_w10,1790893020000,MAINTAIN,,LIGHT,SHORT_DEEP_RUN_FILTER
focused_composite_b10_x70_e1_w10,1790893080000,MAINTAIN,,LIGHT,SHORT_DEEP_RUN_FILTER
focused_composite_b10_x70_e1_w10,1790893140000,MAINTAIN,,LIGHT,SHORT_DEEP_RUN_FILTER
focused_composite_b10_x70_e1_w10,1790893200000,MAINTAIN,,LIGHT,SHORT_DEEP_RUN_FILTER
focused_composite_b10_x70_e1_w10,1790893260000,MAINTAIN,,LIGHT,SHORT_DEEP_RUN_FILTER
focused_composite_b10_x70_e1_w10,1790893320000,EXIT,exit_sustained_rolling_motion,LIGHT,
focused_composite_b10_x70_e1_w10,1790893560000,ENTER,enter_stable_window,DEEP,
focused_composite_b10_x70_e1_w10,1790894340000,EXIT,exit_sustained_rolling_motion,LIGHT,
focused_composite_b10_x70_e1_w10,1790894580000,ENTER,enter_stable_window,LIGHT,SHORT_DEEP_RUN_FILTER
focused_composite_b10_x70_e1_w10,1790894640000,MAINTAIN,,LIGHT,SHORT_DEEP_RUN_FILTER
focused_composite_b10_x70_e1_w10,1790894700000,MAINTAIN,,LIGHT,SHORT_DEEP_RUN_FILTER
focused_composite_b10_x70_e1_w10,1790894760000,MAINTAIN,,LIGHT,SHORT_DEEP_RUN_FILTER
focused_composite_b10_x70_e1_w10,1790894820000,EXIT,exit_sustained_rolling_motion,LIGHT,
focused_composite_b10_x70_e1_w10,1790895420000,ENTER,enter_stable_window,DEEP,
focused_composite_b10_x70_e1_w10,1790896320000,EXIT,exit_missing_motion,LIGHT,
focused_composite_b10_x65_e3_w15,1790880180000,ENTER,enter_stable_window,DEEP,
focused_composite_b10_x65_e3_w15,1790881260000,EXIT,exit_sustained_rolling_motion,LIGHT,
focused_composite_b10_x65_e3_w15,1790881380000,ENTER,enter_stable_window,LIGHT,SHORT_DEEP_RUN_FILTER
focused_composite_b10_x65_e3_w15,1790881440000,MAINTAIN,,LIGHT,SHORT_DEEP_RUN_FILTER
focused_composite_b10_x65_e3_w15,1790881500000,MAINTAIN,,LIGHT,SHORT_DEEP_RUN_FILTER
focused_composite_b10_x65_e3_w15,1790881560000,EXIT,exit_sustained_rolling_motion,LIGHT,
focused_composite_b10_x65_e3_w15,1790885820000,ENTER,enter_stable_window,LIGHT,SHORT_DEEP_RUN_FILTER
focused_composite_b10_x65_e3_w15,1790885880000,MAINTAIN,,LIGHT,SHORT_DEEP_RUN_FILTER
focused_composite_b10_x65_e3_w15,1790885940000,MAINTAIN,,LIGHT,SHORT_DEEP_RUN_FILTER
focused_composite_b10_x65_e3_w15,1790886000000,MAINTAIN,,LIGHT,SHORT_DEEP_RUN_FILTER
focused_composite_b10_x65_e3_w15,1790886060000,MAINTAIN,,LIGHT,SHORT_DEEP_RUN_FILTER
focused_composite_b10_x65_e3_w15,1790886120000,MAINTAIN,,LIGHT,SHORT_DEEP_RUN_FILTER
focused_composite_b10_x65_e3_w15,1790886180000,MAINTAIN,,LIGHT,SHORT_DEEP_RUN_FILTER
focused_composite_b10_x65_e3_w15,1790886240000,EXIT,exit_sustained_rolling_motion,LIGHT,
focused_composite_b10_x65_e3_w15,1790886300000,ENTER,enter_stable_window,DEEP,
focused_composite_b10_x65_e3_w15,1790889840000,EXIT,exit_coupling_lost,LIGHT,
focused_composite_b10_x65_e3_w15,1790893080000,ENTER,enter_stable_window,LIGHT,SHORT_DEEP_RUN_FILTER
focused_composite_b10_x65_e3_w15,1790893140000,MAINTAIN,,LIGHT,SHORT_DEEP_RUN_FILTER
focused_composite_b10_x65_e3_w15,1790893200000,MAINTAIN,,LIGHT,SHORT_DEEP_RUN_FILTER
focused_composite_b10_x65_e3_w15,1790893260000,MAINTAIN,,LIGHT,SHORT_DEEP_RUN_FILTER
focused_composite_b10_x65_e3_w15,1790893320000,MAINTAIN,,LIGHT,SHORT_DEEP_RUN_FILTER
focused_composite_b10_x65_e3_w15,1790893380000,MAINTAIN,,LIGHT,SHORT_DEEP_RUN_FILTER
focused_composite_b10_x65_e3_w15,1790893440000,EXIT,exit_sustained_rolling_motion,LIGHT,
focused_composite_b10_x65_e3_w15,1790893560000,ENTER,enter_stable_window,DEEP,
focused_composite_b10_x65_e3_w15,1790894460000,EXIT,exit_sustained_rolling_motion,LIGHT,
focused_composite_b10_x65_e3_w15,1790894580000,ENTER,enter_stable_window,LIGHT,SHORT_DEEP_RUN_FILTER
focused_composite_b10_x65_e3_w15,1790894640000,MAINTAIN,,LIGHT,SHORT_DEEP_RUN_FILTER
focused_composite_b10_x65_e3_w15,1790894700000,MAINTAIN,,LIGHT,SHORT_DEEP_RUN_FILTER
focused_composite_b10_x65_e3_w15,1790894760000,MAINTAIN,,LIGHT,SHORT_DEEP_RUN_FILTER
focused_composite_b10_x65_e3_w15,1790894820000,MAINTAIN,,LIGHT,SHORT_DEEP_RUN_FILTER
focused_composite_b10_x65_e3_w15,1790894880000,MAINTAIN,,LIGHT,SHORT_DEEP_RUN_FILTER
focused_composite_b10_x65_e3_w15,1790894940000,EXIT,exit_sustained_rolling_motion,LIGHT,
focused_composite_b10_x65_e3_w15,1790895180000,ENTER,enter_stable_window,DEEP,
focused_composite_b10_x65_e3_w15,1790896320000,EXIT,exit_missing_motion,LIGHT,
focused_composite_b10_x65_e3_w10,1790880360000,ENTER,enter_stable_window,DEEP,
focused_composite_b10_x65_e3_w10,1790881260000,EXIT,exit_sustained_rolling_motion,LIGHT,
focused_composite_b10_x65_e3_w10,1790881800000,ENTER,enter_stable_window,LIGHT,SHORT_DEEP_RUN_FILTER
focused_composite_b10_x65_e3_w10,1790881860000,MAINTAIN,,LIGHT,SHORT_DEEP_RUN_FILTER
focused_composite_b10_x65_e3_w10,1790881920000,MAINTAIN,,LIGHT,SHORT_DEEP_RUN_FILTER
focused_composite_b10_x65_e3_w10,1790881980000,MAINTAIN,,LIGHT,SHORT_DEEP_RUN_FILTER
focused_composite_b10_x65_e3_w10,1790882040000,MAINTAIN,,LIGHT,SHORT_DEEP_RUN_FILTER
focused_composite_b10_x65_e3_w10,1790882100000,EXIT,exit_coupling_lost,LIGHT,
focused_composite_b10_x65_e3_w10,1790885160000,ENTER,enter_stable_window,LIGHT,SHORT_DEEP_RUN_FILTER
focused_composite_b10_x65_e3_w10,1790885220000,MAINTAIN,,LIGHT,SHORT_DEEP_RUN_FILTER
focused_composite_b10_x65_e3_w10,1790885280000,MAINTAIN,,LIGHT,SHORT_DEEP_RUN_FILTER
focused_composite_b10_x65_e3_w10,1790885340000,MAINTAIN,,LIGHT,SHORT_DEEP_RUN_FILTER
focused_composite_b10_x65_e3_w10,1790885400000,MAINTAIN,,LIGHT,SHORT_DEEP_RUN_FILTER
focused_composite_b10_x65_e3_w10,1790885460000,MAINTAIN,,LIGHT,SHORT_DEEP_RUN_FILTER
focused_composite_b10_x65_e3_w10,1790885520000,MAINTAIN,,LIGHT,SHORT_DEEP_RUN_FILTER
focused_composite_b10_x65_e3_w10,1790885580000,EXIT,exit_sustained_rolling_motion,LIGHT,
focused_composite_b10_x65_e3_w10,1790885820000,ENTER,enter_stable_window,LIGHT,SHORT_DEEP_RUN_FILTER
focused_composite_b10_x65_e3_w10,1790885880000,MAINTAIN,,LIGHT,SHORT_DEEP_RUN_FILTER
focused_composite_b10_x65_e3_w10,1790885940000,MAINTAIN,,LIGHT,SHORT_DEEP_RUN_FILTER
focused_composite_b10_x65_e3_w10,1790886000000,MAINTAIN,,LIGHT,SHORT_DEEP_RUN_FILTER
focused_composite_b10_x65_e3_w10,1790886060000,MAINTAIN,,LIGHT,SHORT_DEEP_RUN_FILTER
focused_composite_b10_x65_e3_w10,1790886120000,MAINTAIN,,LIGHT,SHORT_DEEP_RUN_FILTER
focused_composite_b10_x65_e3_w10,1790886180000,MAINTAIN,,LIGHT,SHORT_DEEP_RUN_FILTER
focused_composite_b10_x65_e3_w10,1790886240000,EXIT,exit_sustained_rolling_motion,LIGHT,
focused_composite_b10_x65_e3_w10,1790886300000,ENTER,enter_stable_window,DEEP,
focused_composite_b10_x65_e3_w10,1790889840000,EXIT,exit_coupling_lost,LIGHT,
focused_composite_b10_x65_e3_w10,1790892900000,ENTER,enter_stable_window,LIGHT,SHORT_DEEP_RUN_FILTER
focused_composite_b10_x65_e3_w10,1790892960000,MAINTAIN,,LIGHT,SHORT_DEEP_RUN_FILTER
focused_composite_b10_x65_e3_w10,1790893020000,MAINTAIN,,LIGHT,SHORT_DEEP_RUN_FILTER
focused_composite_b10_x65_e3_w10,1790893080000,MAINTAIN,,LIGHT,SHORT_DEEP_RUN_FILTER
focused_composite_b10_x65_e3_w10,1790893140000,MAINTAIN,,LIGHT,SHORT_DEEP_RUN_FILTER
focused_composite_b10_x65_e3_w10,1790893200000,MAINTAIN,,LIGHT,SHORT_DEEP_RUN_FILTER
focused_composite_b10_x65_e3_w10,1790893260000,MAINTAIN,,LIGHT,SHORT_DEEP_RUN_FILTER
focused_composite_b10_x65_e3_w10,1790893320000,MAINTAIN,,LIGHT,SHORT_DEEP_RUN_FILTER
focused_composite_b10_x65_e3_w10,1790893380000,MAINTAIN,,LIGHT,SHORT_DEEP_RUN_FILTER
focused_composite_b10_x65_e3_w10,1790893440000,EXIT,exit_sustained_rolling_motion,LIGHT,
focused_composite_b10_x65_e3_w10,1790893560000,ENTER,enter_stable_window,DEEP,
focused_composite_b10_x65_e3_w10,1790894460000,EXIT,exit_sustained_rolling_motion,LIGHT,
focused_composite_b10_x65_e3_w10,1790894580000,ENTER,enter_stable_window,LIGHT,SHORT_DEEP_RUN_FILTER
focused_composite_b10_x65_e3_w10,1790894640000,MAINTAIN,,LIGHT,SHORT_DEEP_RUN_FILTER
focused_composite_b10_x65_e3_w10,1790894700000,MAINTAIN,,LIGHT,SHORT_DEEP_RUN_FILTER
focused_composite_b10_x65_e3_w10,1790894760000,MAINTAIN,,LIGHT,SHORT_DEEP_RUN_FILTER
focused_composite_b10_x65_e3_w10,1790894820000,MAINTAIN,,LIGHT,SHORT_DEEP_RUN_FILTER
focused_composite_b10_x65_e3_w10,1790894880000,MAINTAIN,,LIGHT,SHORT_DEEP_RUN_FILTER
focused_composite_b10_x65_e3_w10,1790894940000,EXIT,exit_sustained_rolling_motion,LIGHT,
focused_composite_b10_x65_e3_w10,1790895420000,ENTER,enter_stable_window,DEEP,
focused_composite_b10_x65_e3_w10,1790896320000,EXIT,exit_missing_motion,LIGHT,
focused_composite_b10_x65_e2_w15,1790880180000,ENTER,enter_stable_window,DEEP,
focused_composite_b10_x65_e2_w15,1790881200000,EXIT,exit_sustained_rolling_motion,LIGHT,
focused_composite_b10_x65_e2_w15,1790881380000,ENTER,enter_stable_window,LIGHT,SHORT_DEEP_RUN_FILTER
focused_composite_b10_x65_e2_w15,1790881440000,MAINTAIN,,LIGHT,SHORT_DEEP_RUN_FILTER
focused_composite_b10_x65_e2_w15,1790881500000,EXIT,exit_sustained_rolling_motion,LIGHT,
focused_composite_b10_x65_e2_w15,1790885820000,ENTER,enter_stable_window,LIGHT,SHORT_DEEP_RUN_FILTER
focused_composite_b10_x65_e2_w15,1790885880000,MAINTAIN,,LIGHT,SHORT_DEEP_RUN_FILTER
focused_composite_b10_x65_e2_w15,1790885940000,MAINTAIN,,LIGHT,SHORT_DEEP_RUN_FILTER
focused_composite_b10_x65_e2_w15,1790886000000,MAINTAIN,,LIGHT,SHORT_DEEP_RUN_FILTER
focused_composite_b10_x65_e2_w15,1790886060000,MAINTAIN,,LIGHT,SHORT_DEEP_RUN_FILTER
focused_composite_b10_x65_e2_w15,1790886120000,MAINTAIN,,LIGHT,SHORT_DEEP_RUN_FILTER
focused_composite_b10_x65_e2_w15,1790886180000,EXIT,exit_sustained_rolling_motion,LIGHT,
focused_composite_b10_x65_e2_w15,1790886300000,ENTER,enter_stable_window,DEEP,
focused_composite_b10_x65_e2_w15,1790889840000,EXIT,exit_coupling_lost,LIGHT,
focused_composite_b10_x65_e2_w15,1790893080000,ENTER,enter_stable_window,LIGHT,SHORT_DEEP_RUN_FILTER
focused_composite_b10_x65_e2_w15,1790893140000,MAINTAIN,,LIGHT,SHORT_DEEP_RUN_FILTER
focused_composite_b10_x65_e2_w15,1790893200000,MAINTAIN,,LIGHT,SHORT_DEEP_RUN_FILTER
focused_composite_b10_x65_e2_w15,1790893260000,MAINTAIN,,LIGHT,SHORT_DEEP_RUN_FILTER
focused_composite_b10_x65_e2_w15,1790893320000,MAINTAIN,,LIGHT,SHORT_DEEP_RUN_FILTER
focused_composite_b10_x65_e2_w15,1790893380000,EXIT,exit_sustained_rolling_motion,LIGHT,
focused_composite_b10_x65_e2_w15,1790893560000,ENTER,enter_stable_window,DEEP,
focused_composite_b10_x65_e2_w15,1790894400000,EXIT,exit_sustained_rolling_motion,LIGHT,
focused_composite_b10_x65_e2_w15,1790894580000,ENTER,enter_stable_window,LIGHT,SHORT_DEEP_RUN_FILTER
focused_composite_b10_x65_e2_w15,1790894640000,MAINTAIN,,LIGHT,SHORT_DEEP_RUN_FILTER
focused_composite_b10_x65_e2_w15,1790894700000,MAINTAIN,,LIGHT,SHORT_DEEP_RUN_FILTER
focused_composite_b10_x65_e2_w15,1790894760000,MAINTAIN,,LIGHT,SHORT_DEEP_RUN_FILTER
focused_composite_b10_x65_e2_w15,1790894820000,MAINTAIN,,LIGHT,SHORT_DEEP_RUN_FILTER
focused_composite_b10_x65_e2_w15,1790894880000,EXIT,exit_sustained_rolling_motion,LIGHT,
focused_composite_b10_x65_e2_w15,1790895180000,ENTER,enter_stable_window,DEEP,
focused_composite_b10_x65_e2_w15,1790896320000,EXIT,exit_missing_motion,LIGHT,
focused_composite_b10_x65_e2_w10,1790880360000,ENTER,enter_stable_window,DEEP,
focused_composite_b10_x65_e2_w10,1790881200000,EXIT,exit_sustained_rolling_motion,LIGHT,
focused_composite_b10_x65_e2_w10,1790881800000,ENTER,enter_stable_window,LIGHT,SHORT_DEEP_RUN_FILTER
focused_composite_b10_x65_e2_w10,1790881860000,MAINTAIN,,LIGHT,SHORT_DEEP_RUN_FILTER
focused_composite_b10_x65_e2_w10,1790881920000,MAINTAIN,,LIGHT,SHORT_DEEP_RUN_FILTER
focused_composite_b10_x65_e2_w10,1790881980000,MAINTAIN,,LIGHT,SHORT_DEEP_RUN_FILTER
focused_composite_b10_x65_e2_w10,1790882040000,MAINTAIN,,LIGHT,SHORT_DEEP_RUN_FILTER
focused_composite_b10_x65_e2_w10,1790882100000,EXIT,exit_coupling_lost,LIGHT,
focused_composite_b10_x65_e2_w10,1790885160000,ENTER,enter_stable_window,LIGHT,SHORT_DEEP_RUN_FILTER
focused_composite_b10_x65_e2_w10,1790885220000,MAINTAIN,,LIGHT,SHORT_DEEP_RUN_FILTER
focused_composite_b10_x65_e2_w10,1790885280000,MAINTAIN,,LIGHT,SHORT_DEEP_RUN_FILTER
focused_composite_b10_x65_e2_w10,1790885340000,MAINTAIN,,LIGHT,SHORT_DEEP_RUN_FILTER
focused_composite_b10_x65_e2_w10,1790885400000,MAINTAIN,,LIGHT,SHORT_DEEP_RUN_FILTER
focused_composite_b10_x65_e2_w10,1790885460000,MAINTAIN,,LIGHT,SHORT_DEEP_RUN_FILTER
focused_composite_b10_x65_e2_w10,1790885520000,EXIT,exit_sustained_rolling_motion,LIGHT,
focused_composite_b10_x65_e2_w10,1790885820000,ENTER,enter_stable_window,LIGHT,SHORT_DEEP_RUN_FILTER
focused_composite_b10_x65_e2_w10,1790885880000,MAINTAIN,,LIGHT,SHORT_DEEP_RUN_FILTER
focused_composite_b10_x65_e2_w10,1790885940000,MAINTAIN,,LIGHT,SHORT_DEEP_RUN_FILTER
focused_composite_b10_x65_e2_w10,1790886000000,MAINTAIN,,LIGHT,SHORT_DEEP_RUN_FILTER
focused_composite_b10_x65_e2_w10,1790886060000,MAINTAIN,,LIGHT,SHORT_DEEP_RUN_FILTER
focused_composite_b10_x65_e2_w10,1790886120000,MAINTAIN,,LIGHT,SHORT_DEEP_RUN_FILTER
focused_composite_b10_x65_e2_w10,1790886180000,EXIT,exit_sustained_rolling_motion,LIGHT,
focused_composite_b10_x65_e2_w10,1790886300000,ENTER,enter_stable_window,DEEP,
focused_composite_b10_x65_e2_w10,1790889840000,EXIT,exit_coupling_lost,LIGHT,
focused_composite_b10_x65_e2_w10,1790892900000,ENTER,enter_stable_window,LIGHT,SHORT_DEEP_RUN_FILTER
focused_composite_b10_x65_e2_w10,1790892960000,MAINTAIN,,LIGHT,SHORT_DEEP_RUN_FILTER
focused_composite_b10_x65_e2_w10,1790893020000,MAINTAIN,,LIGHT,SHORT_DEEP_RUN_FILTER
focused_composite_b10_x65_e2_w10,1790893080000,MAINTAIN,,LIGHT,SHORT_DEEP_RUN_FILTER
focused_composite_b10_x65_e2_w10,1790893140000,MAINTAIN,,LIGHT,SHORT_DEEP_RUN_FILTER
focused_composite_b10_x65_e2_w10,1790893200000,MAINTAIN,,LIGHT,SHORT_DEEP_RUN_FILTER
focused_composite_b10_x65_e2_w10,1790893260000,MAINTAIN,,LIGHT,SHORT_DEEP_RUN_FILTER
focused_composite_b10_x65_e2_w10,1790893320000,MAINTAIN,,LIGHT,SHORT_DEEP_RUN_FILTER
focused_composite_b10_x65_e2_w10,1790893380000,EXIT,exit_sustained_rolling_motion,LIGHT,
focused_composite_b10_x65_e2_w10,1790893560000,ENTER,enter_stable_window,DEEP,
focused_composite_b10_x65_e2_w10,1790894400000,EXIT,exit_sustained_rolling_motion,LIGHT,
focused_composite_b10_x65_e2_w10,1790894580000,ENTER,enter_stable_window,LIGHT,SHORT_DEEP_RUN_FILTER
focused_composite_b10_x65_e2_w10,1790894640000,MAINTAIN,,LIGHT,SHORT_DEEP_RUN_FILTER
focused_composite_b10_x65_e2_w10,1790894700000,MAINTAIN,,LIGHT,SHORT_DEEP_RUN_FILTER
focused_composite_b10_x65_e2_w10,1790894760000,MAINTAIN,,LIGHT,SHORT_DEEP_RUN_FILTER
focused_composite_b10_x65_e2_w10,1790894820000,MAINTAIN,,LIGHT,SHORT_DEEP_RUN_FILTER
focused_composite_b10_x65_e2_w10,1790894880000,EXIT,exit_sustained_rolling_motion,LIGHT,
focused_composite_b10_x65_e2_w10,1790895420000,ENTER,enter_stable_window,DEEP,
focused_composite_b10_x65_e2_w10,1790896320000,EXIT,exit_missing_motion,LIGHT,
focused_composite_b10_x65_e1_w15,1790880180000,ENTER,enter_stable_window,DEEP,
focused_composite_b10_x65_e1_w15,1790881140000,EXIT,exit_sustained_rolling_motion,LIGHT,
focused_composite_b10_x65_e1_w15,1790881380000,ENTER,enter_stable_window,LIGHT,SHORT_DEEP_RUN_FILTER
focused_composite_b10_x65_e1_w15,1790881440000,EXIT,exit_sustained_rolling_motion,LIGHT,
focused_composite_b10_x65_e1_w15,1790885820000,ENTER,enter_stable_window,LIGHT,SHORT_DEEP_RUN_FILTER
focused_composite_b10_x65_e1_w15,1790885880000,MAINTAIN,,LIGHT,SHORT_DEEP_RUN_FILTER
focused_composite_b10_x65_e1_w15,1790885940000,MAINTAIN,,LIGHT,SHORT_DEEP_RUN_FILTER
focused_composite_b10_x65_e1_w15,1790886000000,MAINTAIN,,LIGHT,SHORT_DEEP_RUN_FILTER
focused_composite_b10_x65_e1_w15,1790886060000,MAINTAIN,,LIGHT,SHORT_DEEP_RUN_FILTER
focused_composite_b10_x65_e1_w15,1790886120000,EXIT,exit_sustained_rolling_motion,LIGHT,
focused_composite_b10_x65_e1_w15,1790886300000,ENTER,enter_stable_window,DEEP,
focused_composite_b10_x65_e1_w15,1790889840000,EXIT,exit_coupling_lost,LIGHT,
focused_composite_b10_x65_e1_w15,1790893080000,ENTER,enter_stable_window,LIGHT,SHORT_DEEP_RUN_FILTER
focused_composite_b10_x65_e1_w15,1790893140000,MAINTAIN,,LIGHT,SHORT_DEEP_RUN_FILTER
focused_composite_b10_x65_e1_w15,1790893200000,MAINTAIN,,LIGHT,SHORT_DEEP_RUN_FILTER
focused_composite_b10_x65_e1_w15,1790893260000,MAINTAIN,,LIGHT,SHORT_DEEP_RUN_FILTER
focused_composite_b10_x65_e1_w15,1790893320000,EXIT,exit_sustained_rolling_motion,LIGHT,
focused_composite_b10_x65_e1_w15,1790893560000,ENTER,enter_stable_window,DEEP,
focused_composite_b10_x65_e1_w15,1790894340000,EXIT,exit_sustained_rolling_motion,LIGHT,
focused_composite_b10_x65_e1_w15,1790894580000,ENTER,enter_stable_window,LIGHT,SHORT_DEEP_RUN_FILTER
focused_composite_b10_x65_e1_w15,1790894640000,MAINTAIN,,LIGHT,SHORT_DEEP_RUN_FILTER
focused_composite_b10_x65_e1_w15,1790894700000,MAINTAIN,,LIGHT,SHORT_DEEP_RUN_FILTER
focused_composite_b10_x65_e1_w15,1790894760000,MAINTAIN,,LIGHT,SHORT_DEEP_RUN_FILTER
focused_composite_b10_x65_e1_w15,1790894820000,EXIT,exit_sustained_rolling_motion,LIGHT,
focused_composite_b10_x65_e1_w15,1790895180000,ENTER,enter_stable_window,DEEP,
focused_composite_b10_x65_e1_w15,1790896320000,EXIT,exit_missing_motion,LIGHT,
focused_composite_b10_x65_e1_w10,1790880360000,ENTER,enter_stable_window,DEEP,
focused_composite_b10_x65_e1_w10,1790881140000,EXIT,exit_sustained_rolling_motion,LIGHT,
focused_composite_b10_x65_e1_w10,1790881800000,ENTER,enter_stable_window,LIGHT,SHORT_DEEP_RUN_FILTER
focused_composite_b10_x65_e1_w10,1790881860000,MAINTAIN,,LIGHT,SHORT_DEEP_RUN_FILTER
focused_composite_b10_x65_e1_w10,1790881920000,MAINTAIN,,LIGHT,SHORT_DEEP_RUN_FILTER
focused_composite_b10_x65_e1_w10,1790881980000,EXIT,exit_sustained_rolling_motion,LIGHT,
focused_composite_b10_x65_e1_w10,1790882040000,ENTER,enter_stable_window,LIGHT,SHORT_DEEP_RUN_FILTER
focused_composite_b10_x65_e1_w10,1790882100000,EXIT,exit_coupling_lost,LIGHT,
focused_composite_b10_x65_e1_w10,1790885160000,ENTER,enter_stable_window,LIGHT,SHORT_DEEP_RUN_FILTER
focused_composite_b10_x65_e1_w10,1790885220000,MAINTAIN,,LIGHT,SHORT_DEEP_RUN_FILTER
focused_composite_b10_x65_e1_w10,1790885280000,MAINTAIN,,LIGHT,SHORT_DEEP_RUN_FILTER
focused_composite_b10_x65_e1_w10,1790885340000,MAINTAIN,,LIGHT,SHORT_DEEP_RUN_FILTER
focused_composite_b10_x65_e1_w10,1790885400000,MAINTAIN,,LIGHT,SHORT_DEEP_RUN_FILTER
focused_composite_b10_x65_e1_w10,1790885460000,EXIT,exit_sustained_rolling_motion,LIGHT,
focused_composite_b10_x65_e1_w10,1790885520000,ENTER,enter_stable_window,LIGHT,SHORT_DEEP_RUN_FILTER
focused_composite_b10_x65_e1_w10,1790885580000,EXIT,exit_sustained_rolling_motion,LIGHT,
focused_composite_b10_x65_e1_w10,1790885820000,ENTER,enter_stable_window,LIGHT,SHORT_DEEP_RUN_FILTER
focused_composite_b10_x65_e1_w10,1790885880000,MAINTAIN,,LIGHT,SHORT_DEEP_RUN_FILTER
focused_composite_b10_x65_e1_w10,1790885940000,MAINTAIN,,LIGHT,SHORT_DEEP_RUN_FILTER
focused_composite_b10_x65_e1_w10,1790886000000,MAINTAIN,,LIGHT,SHORT_DEEP_RUN_FILTER
focused_composite_b10_x65_e1_w10,1790886060000,MAINTAIN,,LIGHT,SHORT_DEEP_RUN_FILTER
focused_composite_b10_x65_e1_w10,1790886120000,EXIT,exit_sustained_rolling_motion,LIGHT,
focused_composite_b10_x65_e1_w10,1790886300000,ENTER,enter_stable_window,DEEP,
focused_composite_b10_x65_e1_w10,1790889840000,EXIT,exit_coupling_lost,LIGHT,
focused_composite_b10_x65_e1_w10,1790892900000,ENTER,enter_stable_window,LIGHT,SHORT_DEEP_RUN_FILTER
focused_composite_b10_x65_e1_w10,1790892960000,MAINTAIN,,LIGHT,SHORT_DEEP_RUN_FILTER
focused_composite_b10_x65_e1_w10,1790893020000,MAINTAIN,,LIGHT,SHORT_DEEP_RUN_FILTER
focused_composite_b10_x65_e1_w10,1790893080000,MAINTAIN,,LIGHT,SHORT_DEEP_RUN_FILTER
focused_composite_b10_x65_e1_w10,1790893140000,MAINTAIN,,LIGHT,SHORT_DEEP_RUN_FILTER
focused_composite_b10_x65_e1_w10,1790893200000,MAINTAIN,,LIGHT,SHORT_DEEP_RUN_FILTER
focused_composite_b10_x65_e1_w10,1790893260000,MAINTAIN,,LIGHT,SHORT_DEEP_RUN_FILTER
focused_composite_b10_x65_e1_w10,1790893320000,EXIT,exit_sustained_rolling_motion,LIGHT,
focused_composite_b10_x65_e1_w10,1790893560000,ENTER,enter_stable_window,DEEP,
focused_composite_b10_x65_e1_w10,1790894340000,EXIT,exit_sustained_rolling_motion,LIGHT,
focused_composite_b10_x65_e1_w10,1790894580000,ENTER,enter_stable_window,LIGHT,SHORT_DEEP_RUN_FILTER
focused_composite_b10_x65_e1_w10,1790894640000,MAINTAIN,,LIGHT,SHORT_DEEP_RUN_FILTER
focused_composite_b10_x65_e1_w10,1790894700000,MAINTAIN,,LIGHT,SHORT_DEEP_RUN_FILTER
focused_composite_b10_x65_e1_w10,1790894760000,MAINTAIN,,LIGHT,SHORT_DEEP_RUN_FILTER
focused_composite_b10_x65_e1_w10,1790894820000,EXIT,exit_sustained_rolling_motion,LIGHT,
focused_composite_b10_x65_e1_w10,1790895420000,ENTER,enter_stable_window,DEEP,
focused_composite_b10_x65_e1_w10,1790896320000,EXIT,exit_missing_motion,LIGHT,
focused_composite_b10_x50_e3_w15,1790880180000,ENTER,enter_stable_window,LIGHT,SHORT_DEEP_RUN_FILTER
focused_composite_b10_x50_e3_w15,1790880240000,MAINTAIN,,LIGHT,SHORT_DEEP_RUN_FILTER
focused_composite_b10_x50_e3_w15,1790880300000,MAINTAIN,,LIGHT,SHORT_DEEP_RUN_FILTER
focused_composite_b10_x50_e3_w15,1790880360000,EXIT,exit_sustained_rolling_motion,LIGHT,
focused_composite_b10_x50_e3_w15,1790880420000,ENTER,enter_stable_window,LIGHT,SHORT_DEEP_RUN_FILTER
focused_composite_b10_x50_e3_w15,1790880480000,MAINTAIN,,LIGHT,SHORT_DEEP_RUN_FILTER
focused_composite_b10_x50_e3_w15,1790880540000,MAINTAIN,,LIGHT,SHORT_DEEP_RUN_FILTER
focused_composite_b10_x50_e3_w15,1790880600000,EXIT,exit_sustained_rolling_motion,LIGHT,
focused_composite_b10_x50_e3_w15,1790880660000,ENTER,enter_stable_window,LIGHT,SHORT_DEEP_RUN_FILTER
focused_composite_b10_x50_e3_w15,1790880720000,MAINTAIN,,LIGHT,SHORT_DEEP_RUN_FILTER
focused_composite_b10_x50_e3_w15,1790880780000,MAINTAIN,,LIGHT,SHORT_DEEP_RUN_FILTER
focused_composite_b10_x50_e3_w15,1790880840000,EXIT,exit_sustained_rolling_motion,LIGHT,
focused_composite_b10_x50_e3_w15,1790880900000,ENTER,enter_stable_window,LIGHT,SHORT_DEEP_RUN_FILTER
focused_composite_b10_x50_e3_w15,1790880960000,MAINTAIN,,LIGHT,SHORT_DEEP_RUN_FILTER
focused_composite_b10_x50_e3_w15,1790881020000,MAINTAIN,,LIGHT,SHORT_DEEP_RUN_FILTER
focused_composite_b10_x50_e3_w15,1790881080000,MAINTAIN,,LIGHT,SHORT_DEEP_RUN_FILTER
focused_composite_b10_x50_e3_w15,1790881140000,MAINTAIN,,LIGHT,SHORT_DEEP_RUN_FILTER
focused_composite_b10_x50_e3_w15,1790881200000,MAINTAIN,,LIGHT,SHORT_DEEP_RUN_FILTER
focused_composite_b10_x50_e3_w15,1790881260000,EXIT,exit_sustained_rolling_motion,LIGHT,
focused_composite_b10_x50_e3_w15,1790881380000,ENTER,enter_stable_window,LIGHT,SHORT_DEEP_RUN_FILTER
focused_composite_b10_x50_e3_w15,1790881440000,MAINTAIN,,LIGHT,SHORT_DEEP_RUN_FILTER
focused_composite_b10_x50_e3_w15,1790881500000,MAINTAIN,,LIGHT,SHORT_DEEP_RUN_FILTER
focused_composite_b10_x50_e3_w15,1790881560000,EXIT,exit_sustained_rolling_motion,LIGHT,
focused_composite_b10_x50_e3_w15,1790885820000,ENTER,enter_stable_window,LIGHT,SHORT_DEEP_RUN_FILTER
focused_composite_b10_x50_e3_w15,1790885880000,MAINTAIN,,LIGHT,SHORT_DEEP_RUN_FILTER
focused_composite_b10_x50_e3_w15,1790885940000,MAINTAIN,,LIGHT,SHORT_DEEP_RUN_FILTER
focused_composite_b10_x50_e3_w15,1790886000000,MAINTAIN,,LIGHT,SHORT_DEEP_RUN_FILTER
focused_composite_b10_x50_e3_w15,1790886060000,MAINTAIN,,LIGHT,SHORT_DEEP_RUN_FILTER
focused_composite_b10_x50_e3_w15,1790886120000,MAINTAIN,,LIGHT,SHORT_DEEP_RUN_FILTER
focused_composite_b10_x50_e3_w15,1790886180000,MAINTAIN,,LIGHT,SHORT_DEEP_RUN_FILTER
focused_composite_b10_x50_e3_w15,1790886240000,EXIT,exit_sustained_rolling_motion,LIGHT,
focused_composite_b10_x50_e3_w15,1790886300000,ENTER,enter_stable_window,DEEP,
focused_composite_b10_x50_e3_w15,1790889840000,EXIT,exit_coupling_lost,LIGHT,
focused_composite_b10_x50_e3_w15,1790893080000,ENTER,enter_stable_window,LIGHT,SHORT_DEEP_RUN_FILTER
focused_composite_b10_x50_e3_w15,1790893140000,MAINTAIN,,LIGHT,SHORT_DEEP_RUN_FILTER
focused_composite_b10_x50_e3_w15,1790893200000,MAINTAIN,,LIGHT,SHORT_DEEP_RUN_FILTER
focused_composite_b10_x50_e3_w15,1790893260000,MAINTAIN,,LIGHT,SHORT_DEEP_RUN_FILTER
focused_composite_b10_x50_e3_w15,1790893320000,MAINTAIN,,LIGHT,SHORT_DEEP_RUN_FILTER
focused_composite_b10_x50_e3_w15,1790893380000,MAINTAIN,,LIGHT,SHORT_DEEP_RUN_FILTER
focused_composite_b10_x50_e3_w15,1790893440000,EXIT,exit_sustained_rolling_motion,LIGHT,
focused_composite_b10_x50_e3_w15,1790893560000,ENTER,enter_stable_window,DEEP,
focused_composite_b10_x50_e3_w15,1790894460000,EXIT,exit_sustained_rolling_motion,LIGHT,
focused_composite_b10_x50_e3_w15,1790894580000,ENTER,enter_stable_window,LIGHT,SHORT_DEEP_RUN_FILTER
focused_composite_b10_x50_e3_w15,1790894640000,MAINTAIN,,LIGHT,SHORT_DEEP_RUN_FILTER
focused_composite_b10_x50_e3_w15,1790894700000,MAINTAIN,,LIGHT,SHORT_DEEP_RUN_FILTER
focused_composite_b10_x50_e3_w15,1790894760000,MAINTAIN,,LIGHT,SHORT_DEEP_RUN_FILTER
focused_composite_b10_x50_e3_w15,1790894820000,MAINTAIN,,LIGHT,SHORT_DEEP_RUN_FILTER
focused_composite_b10_x50_e3_w15,1790894880000,EXIT,exit_sustained_rolling_motion,LIGHT,
focused_composite_b10_x50_e3_w15,1790895180000,ENTER,enter_stable_window,LIGHT,SHORT_DEEP_RUN_FILTER
focused_composite_b10_x50_e3_w15,1790895240000,MAINTAIN,,LIGHT,SHORT_DEEP_RUN_FILTER
focused_composite_b10_x50_e3_w15,1790895300000,MAINTAIN,,LIGHT,SHORT_DEEP_RUN_FILTER
focused_composite_b10_x50_e3_w15,1790895360000,EXIT,exit_sustained_rolling_motion,LIGHT,
focused_composite_b10_x50_e3_w15,1790895420000,ENTER,enter_stable_window,LIGHT,SHORT_DEEP_RUN_FILTER
focused_composite_b10_x50_e3_w15,1790895480000,MAINTAIN,,LIGHT,SHORT_DEEP_RUN_FILTER
focused_composite_b10_x50_e3_w15,1790895540000,MAINTAIN,,LIGHT,SHORT_DEEP_RUN_FILTER
focused_composite_b10_x50_e3_w15,1790895600000,MAINTAIN,,LIGHT,SHORT_DEEP_RUN_FILTER
focused_composite_b10_x50_e3_w15,1790895660000,MAINTAIN,,LIGHT,SHORT_DEEP_RUN_FILTER
focused_composite_b10_x50_e3_w15,1790895720000,MAINTAIN,,LIGHT,SHORT_DEEP_RUN_FILTER
focused_composite_b10_x50_e3_w15,1790895780000,MAINTAIN,,LIGHT,SHORT_DEEP_RUN_FILTER
focused_composite_b10_x50_e3_w15,1790895840000,EXIT,exit_sustained_rolling_motion,LIGHT,
focused_composite_b10_x50_e3_w15,1790895900000,ENTER,enter_stable_window,LIGHT,SHORT_DEEP_RUN_FILTER
focused_composite_b10_x50_e3_w15,1790895960000,MAINTAIN,,LIGHT,SHORT_DEEP_RUN_FILTER
focused_composite_b10_x50_e3_w15,1790896020000,MAINTAIN,,LIGHT,SHORT_DEEP_RUN_FILTER
focused_composite_b10_x50_e3_w15,1790896080000,MAINTAIN,,LIGHT,SHORT_DEEP_RUN_FILTER
focused_composite_b10_x50_e3_w15,1790896140000,MAINTAIN,,LIGHT,SHORT_DEEP_RUN_FILTER
focused_composite_b10_x50_e3_w15,1790896200000,MAINTAIN,,LIGHT,SHORT_DEEP_RUN_FILTER
focused_composite_b10_x50_e3_w15,1790896260000,MAINTAIN,,LIGHT,SHORT_DEEP_RUN_FILTER
focused_composite_b10_x50_e3_w15,1790896320000,EXIT,exit_missing_motion,LIGHT,
focused_composite_b10_x50_e3_w10,1790880360000,ENTER,enter_stable_window,LIGHT,SHORT_DEEP_RUN_FILTER
focused_composite_b10_x50_e3_w10,1790880420000,MAINTAIN,,LIGHT,SHORT_DEEP_RUN_FILTER
focused_composite_b10_x50_e3_w10,1790880480000,MAINTAIN,,LIGHT,SHORT_DEEP_RUN_FILTER
focused_composite_b10_x50_e3_w10,1790880540000,EXIT,exit_sustained_rolling_motion,LIGHT,
focused_composite_b10_x50_e3_w10,1790880600000,ENTER,enter_stable_window,LIGHT,SHORT_DEEP_RUN_FILTER
focused_composite_b10_x50_e3_w10,1790880660000,MAINTAIN,,LIGHT,SHORT_DEEP_RUN_FILTER
focused_composite_b10_x50_e3_w10,1790880720000,MAINTAIN,,LIGHT,SHORT_DEEP_RUN_FILTER
focused_composite_b10_x50_e3_w10,1790880780000,EXIT,exit_sustained_rolling_motion,LIGHT,
focused_composite_b10_x50_e3_w10,1790880840000,ENTER,enter_stable_window,LIGHT,SHORT_DEEP_RUN_FILTER
focused_composite_b10_x50_e3_w10,1790880900000,MAINTAIN,,LIGHT,SHORT_DEEP_RUN_FILTER
focused_composite_b10_x50_e3_w10,1790880960000,MAINTAIN,,LIGHT,SHORT_DEEP_RUN_FILTER
focused_composite_b10_x50_e3_w10,1790881020000,MAINTAIN,,LIGHT,SHORT_DEEP_RUN_FILTER
focused_composite_b10_x50_e3_w10,1790881080000,MAINTAIN,,LIGHT,SHORT_DEEP_RUN_FILTER
focused_composite_b10_x50_e3_w10,1790881140000,MAINTAIN,,LIGHT,SHORT_DEEP_RUN_FILTER
focused_composite_b10_x50_e3_w10,1790881200000,MAINTAIN,,LIGHT,SHORT_DEEP_RUN_FILTER
focused_composite_b10_x50_e3_w10,1790881260000,EXIT,exit_sustained_rolling_motion,LIGHT,
focused_composite_b10_x50_e3_w10,1790881800000,ENTER,enter_stable_window,LIGHT,SHORT_DEEP_RUN_FILTER
focused_composite_b10_x50_e3_w10,1790881860000,MAINTAIN,,LIGHT,SHORT_DEEP_RUN_FILTER
focused_composite_b10_x50_e3_w10,1790881920000,MAINTAIN,,LIGHT,SHORT_DEEP_RUN_FILTER
focused_composite_b10_x50_e3_w10,1790881980000,EXIT,exit_sustained_rolling_motion,LIGHT,
focused_composite_b10_x50_e3_w10,1790882040000,ENTER,enter_stable_window,LIGHT,SHORT_DEEP_RUN_FILTER
focused_composite_b10_x50_e3_w10,1790882100000,EXIT,exit_coupling_lost,LIGHT,
focused_composite_b10_x50_e3_w10,1790885160000,ENTER,enter_stable_window,LIGHT,SHORT_DEEP_RUN_FILTER
focused_composite_b10_x50_e3_w10,1790885220000,MAINTAIN,,LIGHT,SHORT_DEEP_RUN_FILTER
focused_composite_b10_x50_e3_w10,1790885280000,MAINTAIN,,LIGHT,SHORT_DEEP_RUN_FILTER
focused_composite_b10_x50_e3_w10,1790885340000,MAINTAIN,,LIGHT,SHORT_DEEP_RUN_FILTER
focused_composite_b10_x50_e3_w10,1790885400000,MAINTAIN,,LIGHT,SHORT_DEEP_RUN_FILTER
focused_composite_b10_x50_e3_w10,1790885460000,MAINTAIN,,LIGHT,SHORT_DEEP_RUN_FILTER
focused_composite_b10_x50_e3_w10,1790885520000,MAINTAIN,,LIGHT,SHORT_DEEP_RUN_FILTER
focused_composite_b10_x50_e3_w10,1790885580000,EXIT,exit_sustained_rolling_motion,LIGHT,
focused_composite_b10_x50_e3_w10,1790885820000,ENTER,enter_stable_window,LIGHT,SHORT_DEEP_RUN_FILTER
focused_composite_b10_x50_e3_w10,1790885880000,MAINTAIN,,LIGHT,SHORT_DEEP_RUN_FILTER
focused_composite_b10_x50_e3_w10,1790885940000,MAINTAIN,,LIGHT,SHORT_DEEP_RUN_FILTER
focused_composite_b10_x50_e3_w10,1790886000000,MAINTAIN,,LIGHT,SHORT_DEEP_RUN_FILTER
focused_composite_b10_x50_e3_w10,1790886060000,MAINTAIN,,LIGHT,SHORT_DEEP_RUN_FILTER
focused_composite_b10_x50_e3_w10,1790886120000,MAINTAIN,,LIGHT,SHORT_DEEP_RUN_FILTER
focused_composite_b10_x50_e3_w10,1790886180000,MAINTAIN,,LIGHT,SHORT_DEEP_RUN_FILTER
focused_composite_b10_x50_e3_w10,1790886240000,EXIT,exit_sustained_rolling_motion,LIGHT,
focused_composite_b10_x50_e3_w10,1790886300000,ENTER,enter_stable_window,DEEP,
focused_composite_b10_x50_e3_w10,1790889840000,EXIT,exit_coupling_lost,LIGHT,
focused_composite_b10_x50_e3_w10,1790892900000,ENTER,enter_stable_window,LIGHT,SHORT_DEEP_RUN_FILTER
focused_composite_b10_x50_e3_w10,1790892960000,MAINTAIN,,LIGHT,SHORT_DEEP_RUN_FILTER
focused_composite_b10_x50_e3_w10,1790893020000,MAINTAIN,,LIGHT,SHORT_DEEP_RUN_FILTER
focused_composite_b10_x50_e3_w10,1790893080000,MAINTAIN,,LIGHT,SHORT_DEEP_RUN_FILTER
focused_composite_b10_x50_e3_w10,1790893140000,MAINTAIN,,LIGHT,SHORT_DEEP_RUN_FILTER
focused_composite_b10_x50_e3_w10,1790893200000,MAINTAIN,,LIGHT,SHORT_DEEP_RUN_FILTER
focused_composite_b10_x50_e3_w10,1790893260000,MAINTAIN,,LIGHT,SHORT_DEEP_RUN_FILTER
focused_composite_b10_x50_e3_w10,1790893320000,MAINTAIN,,LIGHT,SHORT_DEEP_RUN_FILTER
focused_composite_b10_x50_e3_w10,1790893380000,MAINTAIN,,LIGHT,SHORT_DEEP_RUN_FILTER
focused_composite_b10_x50_e3_w10,1790893440000,EXIT,exit_sustained_rolling_motion,LIGHT,
focused_composite_b10_x50_e3_w10,1790893560000,ENTER,enter_stable_window,DEEP,
focused_composite_b10_x50_e3_w10,1790894460000,EXIT,exit_sustained_rolling_motion,LIGHT,
focused_composite_b10_x50_e3_w10,1790894580000,ENTER,enter_stable_window,LIGHT,SHORT_DEEP_RUN_FILTER
focused_composite_b10_x50_e3_w10,1790894640000,MAINTAIN,,LIGHT,SHORT_DEEP_RUN_FILTER
focused_composite_b10_x50_e3_w10,1790894700000,MAINTAIN,,LIGHT,SHORT_DEEP_RUN_FILTER
focused_composite_b10_x50_e3_w10,1790894760000,MAINTAIN,,LIGHT,SHORT_DEEP_RUN_FILTER
focused_composite_b10_x50_e3_w10,1790894820000,MAINTAIN,,LIGHT,SHORT_DEEP_RUN_FILTER
focused_composite_b10_x50_e3_w10,1790894880000,EXIT,exit_sustained_rolling_motion,LIGHT,
focused_composite_b10_x50_e3_w10,1790895420000,ENTER,enter_stable_window,LIGHT,SHORT_DEEP_RUN_FILTER
focused_composite_b10_x50_e3_w10,1790895480000,MAINTAIN,,LIGHT,SHORT_DEEP_RUN_FILTER
focused_composite_b10_x50_e3_w10,1790895540000,MAINTAIN,,LIGHT,SHORT_DEEP_RUN_FILTER
focused_composite_b10_x50_e3_w10,1790895600000,MAINTAIN,,LIGHT,SHORT_DEEP_RUN_FILTER
focused_composite_b10_x50_e3_w10,1790895660000,MAINTAIN,,LIGHT,SHORT_DEEP_RUN_FILTER
focused_composite_b10_x50_e3_w10,1790895720000,MAINTAIN,,LIGHT,SHORT_DEEP_RUN_FILTER
focused_composite_b10_x50_e3_w10,1790895780000,MAINTAIN,,LIGHT,SHORT_DEEP_RUN_FILTER
focused_composite_b10_x50_e3_w10,1790895840000,EXIT,exit_sustained_rolling_motion,LIGHT,
focused_composite_b10_x50_e3_w10,1790895900000,ENTER,enter_stable_window,LIGHT,SHORT_DEEP_RUN_FILTER
focused_composite_b10_x50_e3_w10,1790895960000,MAINTAIN,,LIGHT,SHORT_DEEP_RUN_FILTER
focused_composite_b10_x50_e3_w10,1790896020000,MAINTAIN,,LIGHT,SHORT_DEEP_RUN_FILTER
focused_composite_b10_x50_e3_w10,1790896080000,MAINTAIN,,LIGHT,SHORT_DEEP_RUN_FILTER
focused_composite_b10_x50_e3_w10,1790896140000,MAINTAIN,,LIGHT,SHORT_DEEP_RUN_FILTER
focused_composite_b10_x50_e3_w10,1790896200000,MAINTAIN,,LIGHT,SHORT_DEEP_RUN_FILTER
focused_composite_b10_x50_e3_w10,1790896260000,MAINTAIN,,LIGHT,SHORT_DEEP_RUN_FILTER
focused_composite_b10_x50_e3_w10,1790896320000,EXIT,exit_missing_motion,LIGHT,
focused_composite_b10_x50_e2_w15,1790880180000,ENTER,enter_stable_window,LIGHT,SHORT_DEEP_RUN_FILTER
focused_composite_b10_x50_e2_w15,1790880240000,MAINTAIN,,LIGHT,SHORT_DEEP_RUN_FILTER
focused_composite_b10_x50_e2_w15,1790880300000,EXIT,exit_sustained_rolling_motion,LIGHT,
focused_composite_b10_x50_e2_w15,1790880360000,ENTER,enter_stable_window,LIGHT,SHORT_DEEP_RUN_FILTER
focused_composite_b10_x50_e2_w15,1790880420000,MAINTAIN,,LIGHT,SHORT_DEEP_RUN_FILTER
focused_composite_b10_x50_e2_w15,1790880480000,EXIT,exit_sustained_rolling_motion,LIGHT,
focused_composite_b10_x50_e2_w15,1790880540000,ENTER,enter_stable_window,LIGHT,SHORT_DEEP_RUN_FILTER
focused_composite_b10_x50_e2_w15,1790880600000,MAINTAIN,,LIGHT,SHORT_DEEP_RUN_FILTER
focused_composite_b10_x50_e2_w15,1790880660000,EXIT,exit_sustained_rolling_motion,LIGHT,
focused_composite_b10_x50_e2_w15,1790880720000,ENTER,enter_stable_window,LIGHT,SHORT_DEEP_RUN_FILTER
focused_composite_b10_x50_e2_w15,1790880780000,MAINTAIN,,LIGHT,SHORT_DEEP_RUN_FILTER
focused_composite_b10_x50_e2_w15,1790880840000,EXIT,exit_sustained_rolling_motion,LIGHT,
focused_composite_b10_x50_e2_w15,1790880900000,ENTER,enter_stable_window,LIGHT,SHORT_DEEP_RUN_FILTER
focused_composite_b10_x50_e2_w15,1790880960000,MAINTAIN,,LIGHT,SHORT_DEEP_RUN_FILTER
focused_composite_b10_x50_e2_w15,1790881020000,MAINTAIN,,LIGHT,SHORT_DEEP_RUN_FILTER
focused_composite_b10_x50_e2_w15,1790881080000,MAINTAIN,,LIGHT,SHORT_DEEP_RUN_FILTER
focused_composite_b10_x50_e2_w15,1790881140000,MAINTAIN,,LIGHT,SHORT_DEEP_RUN_FILTER
focused_composite_b10_x50_e2_w15,1790881200000,EXIT,exit_sustained_rolling_motion,LIGHT,
focused_composite_b10_x50_e2_w15,1790881380000,ENTER,enter_stable_window,LIGHT,SHORT_DEEP_RUN_FILTER
focused_composite_b10_x50_e2_w15,1790881440000,MAINTAIN,,LIGHT,SHORT_DEEP_RUN_FILTER
focused_composite_b10_x50_e2_w15,1790881500000,EXIT,exit_sustained_rolling_motion,LIGHT,
focused_composite_b10_x50_e2_w15,1790885820000,ENTER,enter_stable_window,LIGHT,SHORT_DEEP_RUN_FILTER
focused_composite_b10_x50_e2_w15,1790885880000,MAINTAIN,,LIGHT,SHORT_DEEP_RUN_FILTER
focused_composite_b10_x50_e2_w15,1790885940000,MAINTAIN,,LIGHT,SHORT_DEEP_RUN_FILTER
focused_composite_b10_x50_e2_w15,1790886000000,MAINTAIN,,LIGHT,SHORT_DEEP_RUN_FILTER
focused_composite_b10_x50_e2_w15,1790886060000,MAINTAIN,,LIGHT,SHORT_DEEP_RUN_FILTER
focused_composite_b10_x50_e2_w15,1790886120000,MAINTAIN,,LIGHT,SHORT_DEEP_RUN_FILTER
focused_composite_b10_x50_e2_w15,1790886180000,EXIT,exit_sustained_rolling_motion,LIGHT,
focused_composite_b10_x50_e2_w15,1790886300000,ENTER,enter_stable_window,DEEP,
focused_composite_b10_x50_e2_w15,1790889780000,EXIT,exit_sustained_rolling_motion,LIGHT,
focused_composite_b10_x50_e2_w15,1790893080000,ENTER,enter_stable_window,LIGHT,SHORT_DEEP_RUN_FILTER
focused_composite_b10_x50_e2_w15,1790893140000,MAINTAIN,,LIGHT,SHORT_DEEP_RUN_FILTER
focused_composite_b10_x50_e2_w15,1790893200000,MAINTAIN,,LIGHT,SHORT_DEEP_RUN_FILTER
focused_composite_b10_x50_e2_w15,1790893260000,MAINTAIN,,LIGHT,SHORT_DEEP_RUN_FILTER
focused_composite_b10_x50_e2_w15,1790893320000,MAINTAIN,,LIGHT,SHORT_DEEP_RUN_FILTER
focused_composite_b10_x50_e2_w15,1790893380000,EXIT,exit_sustained_rolling_motion,LIGHT,
focused_composite_b10_x50_e2_w15,1790893560000,ENTER,enter_stable_window,DEEP,
focused_composite_b10_x50_e2_w15,1790894400000,EXIT,exit_sustained_rolling_motion,LIGHT,
focused_composite_b10_x50_e2_w15,1790894580000,ENTER,enter_stable_window,LIGHT,SHORT_DEEP_RUN_FILTER
focused_composite_b10_x50_e2_w15,1790894640000,MAINTAIN,,LIGHT,SHORT_DEEP_RUN_FILTER
focused_composite_b10_x50_e2_w15,1790894700000,MAINTAIN,,LIGHT,SHORT_DEEP_RUN_FILTER
focused_composite_b10_x50_e2_w15,1790894760000,MAINTAIN,,LIGHT,SHORT_DEEP_RUN_FILTER
focused_composite_b10_x50_e2_w15,1790894820000,EXIT,exit_sustained_rolling_motion,LIGHT,
focused_composite_b10_x50_e2_w15,1790895180000,ENTER,enter_stable_window,LIGHT,SHORT_DEEP_RUN_FILTER
focused_composite_b10_x50_e2_w15,1790895240000,MAINTAIN,,LIGHT,SHORT_DEEP_RUN_FILTER
focused_composite_b10_x50_e2_w15,1790895300000,EXIT,exit_sustained_rolling_motion,LIGHT,
focused_composite_b10_x50_e2_w15,1790895360000,ENTER,enter_stable_window,LIGHT,SHORT_DEEP_RUN_FILTER
focused_composite_b10_x50_e2_w15,1790895420000,MAINTAIN,,LIGHT,SHORT_DEEP_RUN_FILTER
focused_composite_b10_x50_e2_w15,1790895480000,MAINTAIN,,LIGHT,SHORT_DEEP_RUN_FILTER
focused_composite_b10_x50_e2_w15,1790895540000,MAINTAIN,,LIGHT,SHORT_DEEP_RUN_FILTER
focused_composite_b10_x50_e2_w15,1790895600000,MAINTAIN,,LIGHT,SHORT_DEEP_RUN_FILTER
focused_composite_b10_x50_e2_w15,1790895660000,MAINTAIN,,LIGHT,SHORT_DEEP_RUN_FILTER
focused_composite_b10_x50_e2_w15,1790895720000,MAINTAIN,,LIGHT,SHORT_DEEP_RUN_FILTER
focused_composite_b10_x50_e2_w15,1790895780000,EXIT,exit_sustained_rolling_motion,LIGHT,
focused_composite_b10_x50_e2_w15,1790895840000,ENTER,enter_stable_window,LIGHT,SHORT_DEEP_RUN_FILTER
focused_composite_b10_x50_e2_w15,1790895900000,MAINTAIN,,LIGHT,SHORT_DEEP_RUN_FILTER
focused_composite_b10_x50_e2_w15,1790895960000,EXIT,exit_sustained_rolling_motion,LIGHT,
focused_composite_b10_x50_e2_w15,1790896020000,ENTER,enter_stable_window,LIGHT,SHORT_DEEP_RUN_FILTER
focused_composite_b10_x50_e2_w15,1790896080000,MAINTAIN,,LIGHT,SHORT_DEEP_RUN_FILTER
focused_composite_b10_x50_e2_w15,1790896140000,MAINTAIN,,LIGHT,SHORT_DEEP_RUN_FILTER
focused_composite_b10_x50_e2_w15,1790896200000,MAINTAIN,,LIGHT,SHORT_DEEP_RUN_FILTER
focused_composite_b10_x50_e2_w15,1790896260000,MAINTAIN,,LIGHT,SHORT_DEEP_RUN_FILTER
focused_composite_b10_x50_e2_w15,1790896320000,EXIT,exit_missing_motion,LIGHT,
focused_composite_b10_x50_e2_w10,1790880360000,ENTER,enter_stable_window,LIGHT,SHORT_DEEP_RUN_FILTER
focused_composite_b10_x50_e2_w10,1790880420000,MAINTAIN,,LIGHT,SHORT_DEEP_RUN_FILTER
focused_composite_b10_x50_e2_w10,1790880480000,EXIT,exit_sustained_rolling_motion,LIGHT,
focused_composite_b10_x50_e2_w10,1790880540000,ENTER,enter_stable_window,LIGHT,SHORT_DEEP_RUN_FILTER
focused_composite_b10_x50_e2_w10,1790880600000,MAINTAIN,,LIGHT,SHORT_DEEP_RUN_FILTER
focused_composite_b10_x50_e2_w10,1790880660000,EXIT,exit_sustained_rolling_motion,LIGHT,
focused_composite_b10_x50_e2_w10,1790880720000,ENTER,enter_stable_window,LIGHT,SHORT_DEEP_RUN_FILTER
focused_composite_b10_x50_e2_w10,1790880780000,MAINTAIN,,LIGHT,SHORT_DEEP_RUN_FILTER
focused_composite_b10_x50_e2_w10,1790880840000,EXIT,exit_sustained_rolling_motion,LIGHT,
focused_composite_b10_x50_e2_w10,1790880900000,ENTER,enter_stable_window,LIGHT,SHORT_DEEP_RUN_FILTER
focused_composite_b10_x50_e2_w10,1790880960000,MAINTAIN,,LIGHT,SHORT_DEEP_RUN_FILTER
focused_composite_b10_x50_e2_w10,1790881020000,MAINTAIN,,LIGHT,SHORT_DEEP_RUN_FILTER
focused_composite_b10_x50_e2_w10,1790881080000,MAINTAIN,,LIGHT,SHORT_DEEP_RUN_FILTER
focused_composite_b10_x50_e2_w10,1790881140000,MAINTAIN,,LIGHT,SHORT_DEEP_RUN_FILTER
focused_composite_b10_x50_e2_w10,1790881200000,EXIT,exit_sustained_rolling_motion,LIGHT,
focused_composite_b10_x50_e2_w10,1790881800000,ENTER,enter_stable_window,LIGHT,SHORT_DEEP_RUN_FILTER
focused_composite_b10_x50_e2_w10,1790881860000,MAINTAIN,,LIGHT,SHORT_DEEP_RUN_FILTER
focused_composite_b10_x50_e2_w10,1790881920000,EXIT,exit_sustained_rolling_motion,LIGHT,
focused_composite_b10_x50_e2_w10,1790881980000,ENTER,enter_stable_window,LIGHT,SHORT_DEEP_RUN_FILTER
focused_composite_b10_x50_e2_w10,1790882040000,MAINTAIN,,LIGHT,SHORT_DEEP_RUN_FILTER
focused_composite_b10_x50_e2_w10,1790882100000,EXIT,exit_coupling_lost,LIGHT,
focused_composite_b10_x50_e2_w10,1790885160000,ENTER,enter_stable_window,LIGHT,SHORT_DEEP_RUN_FILTER
focused_composite_b10_x50_e2_w10,1790885220000,MAINTAIN,,LIGHT,SHORT_DEEP_RUN_FILTER
focused_composite_b10_x50_e2_w10,1790885280000,MAINTAIN,,LIGHT,SHORT_DEEP_RUN_FILTER
focused_composite_b10_x50_e2_w10,1790885340000,MAINTAIN,,LIGHT,SHORT_DEEP_RUN_FILTER
focused_composite_b10_x50_e2_w10,1790885400000,MAINTAIN,,LIGHT,SHORT_DEEP_RUN_FILTER
focused_composite_b10_x50_e2_w10,1790885460000,MAINTAIN,,LIGHT,SHORT_DEEP_RUN_FILTER
focused_composite_b10_x50_e2_w10,1790885520000,EXIT,exit_sustained_rolling_motion,LIGHT,
focused_composite_b10_x50_e2_w10,1790885820000,ENTER,enter_stable_window,LIGHT,SHORT_DEEP_RUN_FILTER
focused_composite_b10_x50_e2_w10,1790885880000,MAINTAIN,,LIGHT,SHORT_DEEP_RUN_FILTER
focused_composite_b10_x50_e2_w10,1790885940000,MAINTAIN,,LIGHT,SHORT_DEEP_RUN_FILTER
focused_composite_b10_x50_e2_w10,1790886000000,MAINTAIN,,LIGHT,SHORT_DEEP_RUN_FILTER
focused_composite_b10_x50_e2_w10,1790886060000,MAINTAIN,,LIGHT,SHORT_DEEP_RUN_FILTER
focused_composite_b10_x50_e2_w10,1790886120000,MAINTAIN,,LIGHT,SHORT_DEEP_RUN_FILTER
focused_composite_b10_x50_e2_w10,1790886180000,EXIT,exit_sustained_rolling_motion,LIGHT,
focused_composite_b10_x50_e2_w10,1790886300000,ENTER,enter_stable_window,DEEP,
focused_composite_b10_x50_e2_w10,1790889780000,EXIT,exit_sustained_rolling_motion,LIGHT,
focused_composite_b10_x50_e2_w10,1790892900000,ENTER,enter_stable_window,LIGHT,SHORT_DEEP_RUN_FILTER
focused_composite_b10_x50_e2_w10,1790892960000,MAINTAIN,,LIGHT,SHORT_DEEP_RUN_FILTER
focused_composite_b10_x50_e2_w10,1790893020000,MAINTAIN,,LIGHT,SHORT_DEEP_RUN_FILTER
focused_composite_b10_x50_e2_w10,1790893080000,MAINTAIN,,LIGHT,SHORT_DEEP_RUN_FILTER
focused_composite_b10_x50_e2_w10,1790893140000,MAINTAIN,,LIGHT,SHORT_DEEP_RUN_FILTER
focused_composite_b10_x50_e2_w10,1790893200000,MAINTAIN,,LIGHT,SHORT_DEEP_RUN_FILTER
focused_composite_b10_x50_e2_w10,1790893260000,MAINTAIN,,LIGHT,SHORT_DEEP_RUN_FILTER
focused_composite_b10_x50_e2_w10,1790893320000,MAINTAIN,,LIGHT,SHORT_DEEP_RUN_FILTER
focused_composite_b10_x50_e2_w10,1790893380000,EXIT,exit_sustained_rolling_motion,LIGHT,
focused_composite_b10_x50_e2_w10,1790893560000,ENTER,enter_stable_window,DEEP,
focused_composite_b10_x50_e2_w10,1790894400000,EXIT,exit_sustained_rolling_motion,LIGHT,
focused_composite_b10_x50_e2_w10,1790894580000,ENTER,enter_stable_window,LIGHT,SHORT_DEEP_RUN_FILTER
focused_composite_b10_x50_e2_w10,1790894640000,MAINTAIN,,LIGHT,SHORT_DEEP_RUN_FILTER
focused_composite_b10_x50_e2_w10,1790894700000,MAINTAIN,,LIGHT,SHORT_DEEP_RUN_FILTER
focused_composite_b10_x50_e2_w10,1790894760000,MAINTAIN,,LIGHT,SHORT_DEEP_RUN_FILTER
focused_composite_b10_x50_e2_w10,1790894820000,EXIT,exit_sustained_rolling_motion,LIGHT,
focused_composite_b10_x50_e2_w10,1790895420000,ENTER,enter_stable_window,LIGHT,SHORT_DEEP_RUN_FILTER
focused_composite_b10_x50_e2_w10,1790895480000,MAINTAIN,,LIGHT,SHORT_DEEP_RUN_FILTER
focused_composite_b10_x50_e2_w10,1790895540000,MAINTAIN,,LIGHT,SHORT_DEEP_RUN_FILTER
focused_composite_b10_x50_e2_w10,1790895600000,MAINTAIN,,LIGHT,SHORT_DEEP_RUN_FILTER
focused_composite_b10_x50_e2_w10,1790895660000,MAINTAIN,,LIGHT,SHORT_DEEP_RUN_FILTER
focused_composite_b10_x50_e2_w10,1790895720000,MAINTAIN,,LIGHT,SHORT_DEEP_RUN_FILTER
focused_composite_b10_x50_e2_w10,1790895780000,EXIT,exit_sustained_rolling_motion,LIGHT,
focused_composite_b10_x50_e2_w10,1790895840000,ENTER,enter_stable_window,LIGHT,SHORT_DEEP_RUN_FILTER
focused_composite_b10_x50_e2_w10,1790895900000,MAINTAIN,,LIGHT,SHORT_DEEP_RUN_FILTER
focused_composite_b10_x50_e2_w10,1790895960000,EXIT,exit_sustained_rolling_motion,LIGHT,
focused_composite_b10_x50_e2_w10,1790896020000,ENTER,enter_stable_window,LIGHT,SHORT_DEEP_RUN_FILTER
focused_composite_b10_x50_e2_w10,1790896080000,MAINTAIN,,LIGHT,SHORT_DEEP_RUN_FILTER
focused_composite_b10_x50_e2_w10,1790896140000,MAINTAIN,,LIGHT,SHORT_DEEP_RUN_FILTER
focused_composite_b10_x50_e2_w10,1790896200000,MAINTAIN,,LIGHT,SHORT_DEEP_RUN_FILTER
focused_composite_b10_x50_e2_w10,1790896260000,MAINTAIN,,LIGHT,SHORT_DEEP_RUN_FILTER
focused_composite_b10_x50_e2_w10,1790896320000,EXIT,exit_missing_motion,LIGHT,
focused_composite_b10_x50_e1_w15,1790880180000,ENTER,enter_stable_window,LIGHT,SHORT_DEEP_RUN_FILTER
focused_composite_b10_x50_e1_w15,1790880240000,EXIT,exit_sustained_rolling_motion,LIGHT,
focused_composite_b10_x50_e1_w15,1790880300000,ENTER,enter_stable_window,LIGHT,SHORT_DEEP_RUN_FILTER
focused_composite_b10_x50_e1_w15,1790880360000,EXIT,exit_sustained_rolling_motion,LIGHT,
focused_composite_b10_x50_e1_w15,1790880420000,ENTER,enter_stable_window,LIGHT,SHORT_DEEP_RUN_FILTER
focused_composite_b10_x50_e1_w15,1790880480000,EXIT,exit_sustained_rolling_motion,LIGHT,
focused_composite_b10_x50_e1_w15,1790880540000,ENTER,enter_stable_window,LIGHT,SHORT_DEEP_RUN_FILTER
focused_composite_b10_x50_e1_w15,1790880600000,EXIT,exit_sustained_rolling_motion,LIGHT,
focused_composite_b10_x50_e1_w15,1790880660000,ENTER,enter_stable_window,LIGHT,SHORT_DEEP_RUN_FILTER
focused_composite_b10_x50_e1_w15,1790880720000,EXIT,exit_sustained_rolling_motion,LIGHT,
focused_composite_b10_x50_e1_w15,1790880780000,ENTER,enter_stable_window,LIGHT,SHORT_DEEP_RUN_FILTER
focused_composite_b10_x50_e1_w15,1790880840000,EXIT,exit_sustained_rolling_motion,LIGHT,
focused_composite_b10_x50_e1_w15,1790880900000,ENTER,enter_stable_window,LIGHT,SHORT_DEEP_RUN_FILTER
focused_composite_b10_x50_e1_w15,1790880960000,EXIT,exit_sustained_rolling_motion,LIGHT,
focused_composite_b10_x50_e1_w15,1790881020000,ENTER,enter_stable_window,LIGHT,SHORT_DEEP_RUN_FILTER
focused_composite_b10_x50_e1_w15,1790881080000,MAINTAIN,,LIGHT,SHORT_DEEP_RUN_FILTER
focused_composite_b10_x50_e1_w15,1790881140000,EXIT,exit_sustained_rolling_motion,LIGHT,
focused_composite_b10_x50_e1_w15,1790881380000,ENTER,enter_stable_window,LIGHT,SHORT_DEEP_RUN_FILTER
focused_composite_b10_x50_e1_w15,1790881440000,EXIT,exit_sustained_rolling_motion,LIGHT,
focused_composite_b10_x50_e1_w15,1790885820000,ENTER,enter_stable_window,LIGHT,SHORT_DEEP_RUN_FILTER
focused_composite_b10_x50_e1_w15,1790885880000,MAINTAIN,,LIGHT,SHORT_DEEP_RUN_FILTER
focused_composite_b10_x50_e1_w15,1790885940000,MAINTAIN,,LIGHT,SHORT_DEEP_RUN_FILTER
focused_composite_b10_x50_e1_w15,1790886000000,MAINTAIN,,LIGHT,SHORT_DEEP_RUN_FILTER
focused_composite_b10_x50_e1_w15,1790886060000,MAINTAIN,,LIGHT,SHORT_DEEP_RUN_FILTER
focused_composite_b10_x50_e1_w15,1790886120000,EXIT,exit_sustained_rolling_motion,LIGHT,
focused_composite_b10_x50_e1_w15,1790886300000,ENTER,enter_stable_window,LIGHT,SHORT_DEEP_RUN_FILTER
focused_composite_b10_x50_e1_w15,1790886360000,EXIT,exit_sustained_rolling_motion,LIGHT,
focused_composite_b10_x50_e1_w15,1790886420000,ENTER,enter_stable_window,DEEP,
focused_composite_b10_x50_e1_w15,1790889720000,EXIT,exit_sustained_rolling_motion,LIGHT,
focused_composite_b10_x50_e1_w15,1790889780000,ENTER,enter_stable_window,LIGHT,SHORT_DEEP_RUN_FILTER
focused_composite_b10_x50_e1_w15,1790889840000,EXIT,exit_coupling_lost,LIGHT,
focused_composite_b10_x50_e1_w15,1790893080000,ENTER,enter_stable_window,LIGHT,SHORT_DEEP_RUN_FILTER
focused_composite_b10_x50_e1_w15,1790893140000,MAINTAIN,,LIGHT,SHORT_DEEP_RUN_FILTER
focused_composite_b10_x50_e1_w15,1790893200000,MAINTAIN,,LIGHT,SHORT_DEEP_RUN_FILTER
focused_composite_b10_x50_e1_w15,1790893260000,MAINTAIN,,LIGHT,SHORT_DEEP_RUN_FILTER
focused_composite_b10_x50_e1_w15,1790893320000,EXIT,exit_sustained_rolling_motion,LIGHT,
focused_composite_b10_x50_e1_w15,1790893560000,ENTER,enter_stable_window,DEEP,
focused_composite_b10_x50_e1_w15,1790894340000,EXIT,exit_sustained_rolling_motion,LIGHT,
focused_composite_b10_x50_e1_w15,1790894580000,ENTER,enter_stable_window,LIGHT,SHORT_DEEP_RUN_FILTER
focused_composite_b10_x50_e1_w15,1790894640000,MAINTAIN,,LIGHT,SHORT_DEEP_RUN_FILTER
focused_composite_b10_x50_e1_w15,1790894700000,MAINTAIN,,LIGHT,SHORT_DEEP_RUN_FILTER
focused_composite_b10_x50_e1_w15,1790894760000,EXIT,exit_sustained_rolling_motion,LIGHT,
focused_composite_b10_x50_e1_w15,1790895180000,ENTER,enter_stable_window,LIGHT,SHORT_DEEP_RUN_FILTER
focused_composite_b10_x50_e1_w15,1790895240000,EXIT,exit_sustained_rolling_motion,LIGHT,
focused_composite_b10_x50_e1_w15,1790895300000,ENTER,enter_stable_window,LIGHT,SHORT_DEEP_RUN_FILTER
focused_composite_b10_x50_e1_w15,1790895360000,EXIT,exit_sustained_rolling_motion,LIGHT,
focused_composite_b10_x50_e1_w15,1790895420000,ENTER,enter_stable_window,LIGHT,SHORT_DEEP_RUN_FILTER
focused_composite_b10_x50_e1_w15,1790895480000,MAINTAIN,,LIGHT,SHORT_DEEP_RUN_FILTER
focused_composite_b10_x50_e1_w15,1790895540000,MAINTAIN,,LIGHT,SHORT_DEEP_RUN_FILTER
focused_composite_b10_x50_e1_w15,1790895600000,MAINTAIN,,LIGHT,SHORT_DEEP_RUN_FILTER
focused_composite_b10_x50_e1_w15,1790895660000,MAINTAIN,,LIGHT,SHORT_DEEP_RUN_FILTER
focused_composite_b10_x50_e1_w15,1790895720000,EXIT,exit_sustained_rolling_motion,LIGHT,
focused_composite_b10_x50_e1_w15,1790895780000,ENTER,enter_stable_window,LIGHT,SHORT_DEEP_RUN_FILTER
focused_composite_b10_x50_e1_w15,1790895840000,EXIT,exit_sustained_rolling_motion,LIGHT,
focused_composite_b10_x50_e1_w15,1790895900000,ENTER,enter_stable_window,LIGHT,SHORT_DEEP_RUN_FILTER
focused_composite_b10_x50_e1_w15,1790895960000,EXIT,exit_sustained_rolling_motion,LIGHT,
focused_composite_b10_x50_e1_w15,1790896020000,ENTER,enter_stable_window,LIGHT,SHORT_DEEP_RUN_FILTER
focused_composite_b10_x50_e1_w15,1790896080000,MAINTAIN,,LIGHT,SHORT_DEEP_RUN_FILTER
focused_composite_b10_x50_e1_w15,1790896140000,MAINTAIN,,LIGHT,SHORT_DEEP_RUN_FILTER
focused_composite_b10_x50_e1_w15,1790896200000,MAINTAIN,,LIGHT,SHORT_DEEP_RUN_FILTER
focused_composite_b10_x50_e1_w15,1790896260000,MAINTAIN,,LIGHT,SHORT_DEEP_RUN_FILTER
focused_composite_b10_x50_e1_w15,1790896320000,EXIT,exit_missing_motion,LIGHT,
focused_composite_b10_x50_e1_w10,1790880360000,ENTER,enter_stable_window,LIGHT,SHORT_DEEP_RUN_FILTER
focused_composite_b10_x50_e1_w10,1790880420000,EXIT,exit_sustained_rolling_motion,LIGHT,
focused_composite_b10_x50_e1_w10,1790880480000,ENTER,enter_stable_window,LIGHT,SHORT_DEEP_RUN_FILTER
focused_composite_b10_x50_e1_w10,1790880540000,EXIT,exit_sustained_rolling_motion,LIGHT,
focused_composite_b10_x50_e1_w10,1790880600000,ENTER,enter_stable_window,LIGHT,SHORT_DEEP_RUN_FILTER
focused_composite_b10_x50_e1_w10,1790880660000,EXIT,exit_sustained_rolling_motion,LIGHT,
focused_composite_b10_x50_e1_w10,1790880720000,ENTER,enter_stable_window,LIGHT,SHORT_DEEP_RUN_FILTER
focused_composite_b10_x50_e1_w10,1790880780000,EXIT,exit_sustained_rolling_motion,LIGHT,
focused_composite_b10_x50_e1_w10,1790880840000,ENTER,enter_stable_window,LIGHT,SHORT_DEEP_RUN_FILTER
focused_composite_b10_x50_e1_w10,1790880900000,MAINTAIN,,LIGHT,SHORT_DEEP_RUN_FILTER
focused_composite_b10_x50_e1_w10,1790880960000,EXIT,exit_sustained_rolling_motion,LIGHT,
focused_composite_b10_x50_e1_w10,1790881020000,ENTER,enter_stable_window,LIGHT,SHORT_DEEP_RUN_FILTER
focused_composite_b10_x50_e1_w10,1790881080000,MAINTAIN,,LIGHT,SHORT_DEEP_RUN_FILTER
focused_composite_b10_x50_e1_w10,1790881140000,EXIT,exit_sustained_rolling_motion,LIGHT,
focused_composite_b10_x50_e1_w10,1790881800000,ENTER,enter_stable_window,LIGHT,SHORT_DEEP_RUN_FILTER
focused_composite_b10_x50_e1_w10,1790881860000,EXIT,exit_sustained_rolling_motion,LIGHT,
focused_composite_b10_x50_e1_w10,1790881920000,ENTER,enter_stable_window,LIGHT,SHORT_DEEP_RUN_FILTER
focused_composite_b10_x50_e1_w10,1790881980000,EXIT,exit_sustained_rolling_motion,LIGHT,
focused_composite_b10_x50_e1_w10,1790882040000,ENTER,enter_stable_window,LIGHT,SHORT_DEEP_RUN_FILTER
focused_composite_b10_x50_e1_w10,1790882100000,EXIT,exit_coupling_lost,LIGHT,
focused_composite_b10_x50_e1_w10,1790885160000,ENTER,enter_stable_window,LIGHT,SHORT_DEEP_RUN_FILTER
focused_composite_b10_x50_e1_w10,1790885220000,MAINTAIN,,LIGHT,SHORT_DEEP_RUN_FILTER
focused_composite_b10_x50_e1_w10,1790885280000,MAINTAIN,,LIGHT,SHORT_DEEP_RUN_FILTER
focused_composite_b10_x50_e1_w10,1790885340000,MAINTAIN,,LIGHT,SHORT_DEEP_RUN_FILTER
focused_composite_b10_x50_e1_w10,1790885400000,MAINTAIN,,LIGHT,SHORT_DEEP_RUN_FILTER
focused_composite_b10_x50_e1_w10,1790885460000,EXIT,exit_sustained_rolling_motion,LIGHT,
focused_composite_b10_x50_e1_w10,1790885520000,ENTER,enter_stable_window,LIGHT,SHORT_DEEP_RUN_FILTER
focused_composite_b10_x50_e1_w10,1790885580000,EXIT,exit_sustained_rolling_motion,LIGHT,
focused_composite_b10_x50_e1_w10,1790885820000,ENTER,enter_stable_window,LIGHT,SHORT_DEEP_RUN_FILTER
focused_composite_b10_x50_e1_w10,1790885880000,MAINTAIN,,LIGHT,SHORT_DEEP_RUN_FILTER
focused_composite_b10_x50_e1_w10,1790885940000,MAINTAIN,,LIGHT,SHORT_DEEP_RUN_FILTER
focused_composite_b10_x50_e1_w10,1790886000000,MAINTAIN,,LIGHT,SHORT_DEEP_RUN_FILTER
focused_composite_b10_x50_e1_w10,1790886060000,MAINTAIN,,LIGHT,SHORT_DEEP_RUN_FILTER
focused_composite_b10_x50_e1_w10,1790886120000,EXIT,exit_sustained_rolling_motion,LIGHT,
focused_composite_b10_x50_e1_w10,1790886300000,ENTER,enter_stable_window,LIGHT,SHORT_DEEP_RUN_FILTER
focused_composite_b10_x50_e1_w10,1790886360000,EXIT,exit_sustained_rolling_motion,LIGHT,
focused_composite_b10_x50_e1_w10,1790886420000,ENTER,enter_stable_window,DEEP,
focused_composite_b10_x50_e1_w10,1790889720000,EXIT,exit_sustained_rolling_motion,LIGHT,
focused_composite_b10_x50_e1_w10,1790889780000,ENTER,enter_stable_window,LIGHT,SHORT_DEEP_RUN_FILTER
focused_composite_b10_x50_e1_w10,1790889840000,EXIT,exit_coupling_lost,LIGHT,
focused_composite_b10_x50_e1_w10,1790892900000,ENTER,enter_stable_window,LIGHT,SHORT_DEEP_RUN_FILTER
focused_composite_b10_x50_e1_w10,1790892960000,MAINTAIN,,LIGHT,SHORT_DEEP_RUN_FILTER
focused_composite_b10_x50_e1_w10,1790893020000,MAINTAIN,,LIGHT,SHORT_DEEP_RUN_FILTER
focused_composite_b10_x50_e1_w10,1790893080000,MAINTAIN,,LIGHT,SHORT_DEEP_RUN_FILTER
focused_composite_b10_x50_e1_w10,1790893140000,MAINTAIN,,LIGHT,SHORT_DEEP_RUN_FILTER
focused_composite_b10_x50_e1_w10,1790893200000,MAINTAIN,,LIGHT,SHORT_DEEP_RUN_FILTER
focused_composite_b10_x50_e1_w10,1790893260000,MAINTAIN,,LIGHT,SHORT_DEEP_RUN_FILTER
focused_composite_b10_x50_e1_w10,1790893320000,EXIT,exit_sustained_rolling_motion,LIGHT,
focused_composite_b10_x50_e1_w10,1790893560000,ENTER,enter_stable_window,DEEP,
focused_composite_b10_x50_e1_w10,1790894340000,EXIT,exit_sustained_rolling_motion,LIGHT,
focused_composite_b10_x50_e1_w10,1790894580000,ENTER,enter_stable_window,LIGHT,SHORT_DEEP_RUN_FILTER
focused_composite_b10_x50_e1_w10,1790894640000,MAINTAIN,,LIGHT,SHORT_DEEP_RUN_FILTER
focused_composite_b10_x50_e1_w10,1790894700000,MAINTAIN,,LIGHT,SHORT_DEEP_RUN_FILTER
focused_composite_b10_x50_e1_w10,1790894760000,EXIT,exit_sustained_rolling_motion,LIGHT,
focused_composite_b10_x50_e1_w10,1790895420000,ENTER,enter_stable_window,LIGHT,SHORT_DEEP_RUN_FILTER
focused_composite_b10_x50_e1_w10,1790895480000,MAINTAIN,,LIGHT,SHORT_DEEP_RUN_FILTER
focused_composite_b10_x50_e1_w10,1790895540000,MAINTAIN,,LIGHT,SHORT_DEEP_RUN_FILTER
focused_composite_b10_x50_e1_w10,1790895600000,MAINTAIN,,LIGHT,SHORT_DEEP_RUN_FILTER
focused_composite_b10_x50_e1_w10,1790895660000,MAINTAIN,,LIGHT,SHORT_DEEP_RUN_FILTER
focused_composite_b10_x50_e1_w10,1790895720000,EXIT,exit_sustained_rolling_motion,LIGHT,
focused_composite_b10_x50_e1_w10,1790895780000,ENTER,enter_stable_window,LIGHT,SHORT_DEEP_RUN_FILTER
focused_composite_b10_x50_e1_w10,1790895840000,EXIT,exit_sustained_rolling_motion,LIGHT,
focused_composite_b10_x50_e1_w10,1790895900000,ENTER,enter_stable_window,LIGHT,SHORT_DEEP_RUN_FILTER
focused_composite_b10_x50_e1_w10,1790895960000,EXIT,exit_sustained_rolling_motion,LIGHT,
focused_composite_b10_x50_e1_w10,1790896020000,ENTER,enter_stable_window,LIGHT,SHORT_DEEP_RUN_FILTER
focused_composite_b10_x50_e1_w10,1790896080000,MAINTAIN,,LIGHT,SHORT_DEEP_RUN_FILTER
focused_composite_b10_x50_e1_w10,1790896140000,MAINTAIN,,LIGHT,SHORT_DEEP_RUN_FILTER
focused_composite_b10_x50_e1_w10,1790896200000,MAINTAIN,,LIGHT,SHORT_DEEP_RUN_FILTER
focused_composite_b10_x50_e1_w10,1790896260000,MAINTAIN,,LIGHT,SHORT_DEEP_RUN_FILTER
focused_composite_b10_x50_e1_w10,1790896320000,EXIT,exit_missing_motion,LIGHT,
focused_composite_b5_x70_e3_w15,1790880180000,ENTER,enter_stable_window,DEEP,
focused_composite_b5_x70_e3_w15,1790881260000,EXIT,exit_sustained_rolling_motion,LIGHT,
focused_composite_b5_x70_e3_w15,1790881380000,ENTER,enter_stable_window,DEEP,
focused_composite_b5_x70_e3_w15,1790882100000,EXIT,exit_coupling_lost,LIGHT,
focused_composite_b5_x70_e3_w15,1790885820000,ENTER,enter_stable_window,DEEP,
focused_composite_b5_x70_e3_w15,1790886240000,EXIT,exit_sustained_rolling_motion,LIGHT,
focused_composite_b5_x70_e3_w15,1790886300000,ENTER,enter_stable_window,DEEP,
focused_composite_b5_x70_e3_w15,1790889840000,EXIT,exit_coupling_lost,LIGHT,
focused_composite_b5_x70_e3_w15,1790893080000,ENTER,enter_stable_window,DEEP,
focused_composite_b5_x70_e3_w15,1790893440000,EXIT,exit_sustained_rolling_motion,LIGHT,
focused_composite_b5_x70_e3_w15,1790893560000,ENTER,enter_stable_window,DEEP,
focused_composite_b5_x70_e3_w15,1790894460000,EXIT,exit_sustained_rolling_motion,LIGHT,
focused_composite_b5_x70_e3_w15,1790894580000,ENTER,enter_stable_window,DEEP,
focused_composite_b5_x70_e3_w15,1790894940000,EXIT,exit_sustained_rolling_motion,LIGHT,
focused_composite_b5_x70_e3_w15,1790895180000,ENTER,enter_stable_window,DEEP,
focused_composite_b5_x70_e3_w15,1790896320000,EXIT,exit_missing_motion,LIGHT,
focused_composite_b5_x70_e3_w10,1790880360000,ENTER,enter_stable_window,DEEP,
focused_composite_b5_x70_e3_w10,1790881260000,EXIT,exit_sustained_rolling_motion,LIGHT,
focused_composite_b5_x70_e3_w10,1790881800000,ENTER,enter_stable_window,DEEP,
focused_composite_b5_x70_e3_w10,1790882100000,EXIT,exit_coupling_lost,LIGHT,
focused_composite_b5_x70_e3_w10,1790885160000,ENTER,enter_stable_window,DEEP,
focused_composite_b5_x70_e3_w10,1790885700000,EXIT,exit_sustained_rolling_motion,LIGHT,
focused_composite_b5_x70_e3_w10,1790885820000,ENTER,enter_stable_window,DEEP,
focused_composite_b5_x70_e3_w10,1790886240000,EXIT,exit_sustained_rolling_motion,LIGHT,
focused_composite_b5_x70_e3_w10,1790886300000,ENTER,enter_stable_window,DEEP,
focused_composite_b5_x70_e3_w10,1790889840000,EXIT,exit_coupling_lost,LIGHT,
focused_composite_b5_x70_e3_w10,1790892900000,ENTER,enter_stable_window,DEEP,
focused_composite_b5_x70_e3_w10,1790893440000,EXIT,exit_sustained_rolling_motion,LIGHT,
focused_composite_b5_x70_e3_w10,1790893560000,ENTER,enter_stable_window,DEEP,
focused_composite_b5_x70_e3_w10,1790894460000,EXIT,exit_sustained_rolling_motion,LIGHT,
focused_composite_b5_x70_e3_w10,1790894580000,ENTER,enter_stable_window,DEEP,
focused_composite_b5_x70_e3_w10,1790894940000,EXIT,exit_sustained_rolling_motion,LIGHT,
focused_composite_b5_x70_e3_w10,1790895420000,ENTER,enter_stable_window,DEEP,
focused_composite_b5_x70_e3_w10,1790896320000,EXIT,exit_missing_motion,LIGHT,
focused_composite_b5_x70_e2_w15,1790880180000,ENTER,enter_stable_window,DEEP,
focused_composite_b5_x70_e2_w15,1790881200000,EXIT,exit_sustained_rolling_motion,LIGHT,
focused_composite_b5_x70_e2_w15,1790881380000,ENTER,enter_stable_window,DEEP,
focused_composite_b5_x70_e2_w15,1790882100000,EXIT,exit_coupling_lost,LIGHT,
focused_composite_b5_x70_e2_w15,1790885820000,ENTER,enter_stable_window,DEEP,
focused_composite_b5_x70_e2_w15,1790886180000,EXIT,exit_sustained_rolling_motion,LIGHT,
focused_composite_b5_x70_e2_w15,1790886300000,ENTER,enter_stable_window,DEEP,
focused_composite_b5_x70_e2_w15,1790889840000,EXIT,exit_coupling_lost,LIGHT,
focused_composite_b5_x70_e2_w15,1790893080000,ENTER,enter_stable_window,DEEP,
focused_composite_b5_x70_e2_w15,1790893380000,EXIT,exit_sustained_rolling_motion,LIGHT,
focused_composite_b5_x70_e2_w15,1790893560000,ENTER,enter_stable_window,DEEP,
focused_composite_b5_x70_e2_w15,1790894400000,EXIT,exit_sustained_rolling_motion,LIGHT,
focused_composite_b5_x70_e2_w15,1790894580000,ENTER,enter_stable_window,DEEP,
focused_composite_b5_x70_e2_w15,1790894880000,EXIT,exit_sustained_rolling_motion,LIGHT,
focused_composite_b5_x70_e2_w15,1790895180000,ENTER,enter_stable_window,DEEP,
focused_composite_b5_x70_e2_w15,1790896320000,EXIT,exit_missing_motion,LIGHT,
focused_composite_b5_x70_e2_w10,1790880360000,ENTER,enter_stable_window,DEEP,
focused_composite_b5_x70_e2_w10,1790881200000,EXIT,exit_sustained_rolling_motion,LIGHT,
focused_composite_b5_x70_e2_w10,1790881800000,ENTER,enter_stable_window,DEEP,
focused_composite_b5_x70_e2_w10,1790882100000,EXIT,exit_coupling_lost,LIGHT,
focused_composite_b5_x70_e2_w10,1790885160000,ENTER,enter_stable_window,DEEP,
focused_composite_b5_x70_e2_w10,1790885640000,EXIT,exit_sustained_rolling_motion,LIGHT,
focused_composite_b5_x70_e2_w10,1790885820000,ENTER,enter_stable_window,DEEP,
focused_composite_b5_x70_e2_w10,1790886180000,EXIT,exit_sustained_rolling_motion,LIGHT,
focused_composite_b5_x70_e2_w10,1790886300000,ENTER,enter_stable_window,DEEP,
focused_composite_b5_x70_e2_w10,1790889840000,EXIT,exit_coupling_lost,LIGHT,
focused_composite_b5_x70_e2_w10,1790892900000,ENTER,enter_stable_window,DEEP,
focused_composite_b5_x70_e2_w10,1790893380000,EXIT,exit_sustained_rolling_motion,LIGHT,
focused_composite_b5_x70_e2_w10,1790893560000,ENTER,enter_stable_window,DEEP,
focused_composite_b5_x70_e2_w10,1790894400000,EXIT,exit_sustained_rolling_motion,LIGHT,
focused_composite_b5_x70_e2_w10,1790894580000,ENTER,enter_stable_window,DEEP,
focused_composite_b5_x70_e2_w10,1790894880000,EXIT,exit_sustained_rolling_motion,LIGHT,
focused_composite_b5_x70_e2_w10,1790895420000,ENTER,enter_stable_window,DEEP,
focused_composite_b5_x70_e2_w10,1790896320000,EXIT,exit_missing_motion,LIGHT,
focused_composite_b5_x70_e1_w15,1790880180000,ENTER,enter_stable_window,DEEP,
focused_composite_b5_x70_e1_w15,1790881140000,EXIT,exit_sustained_rolling_motion,LIGHT,
focused_composite_b5_x70_e1_w15,1790881380000,ENTER,enter_stable_window,DEEP,
focused_composite_b5_x70_e1_w15,1790882100000,EXIT,exit_coupling_lost,LIGHT,
focused_composite_b5_x70_e1_w15,1790885820000,ENTER,enter_stable_window,DEEP,
focused_composite_b5_x70_e1_w15,1790886120000,EXIT,exit_sustained_rolling_motion,LIGHT,
focused_composite_b5_x70_e1_w15,1790886300000,ENTER,enter_stable_window,DEEP,
focused_composite_b5_x70_e1_w15,1790889840000,EXIT,exit_coupling_lost,LIGHT,
focused_composite_b5_x70_e1_w15,1790893080000,ENTER,enter_stable_window,LIGHT,SHORT_DEEP_RUN_FILTER
focused_composite_b5_x70_e1_w15,1790893140000,MAINTAIN,,LIGHT,SHORT_DEEP_RUN_FILTER
focused_composite_b5_x70_e1_w15,1790893200000,MAINTAIN,,LIGHT,SHORT_DEEP_RUN_FILTER
focused_composite_b5_x70_e1_w15,1790893260000,MAINTAIN,,LIGHT,SHORT_DEEP_RUN_FILTER
focused_composite_b5_x70_e1_w15,1790893320000,EXIT,exit_sustained_rolling_motion,LIGHT,
focused_composite_b5_x70_e1_w15,1790893560000,ENTER,enter_stable_window,DEEP,
focused_composite_b5_x70_e1_w15,1790894340000,EXIT,exit_sustained_rolling_motion,LIGHT,
focused_composite_b5_x70_e1_w15,1790894580000,ENTER,enter_stable_window,LIGHT,SHORT_DEEP_RUN_FILTER
focused_composite_b5_x70_e1_w15,1790894640000,MAINTAIN,,LIGHT,SHORT_DEEP_RUN_FILTER
focused_composite_b5_x70_e1_w15,1790894700000,MAINTAIN,,LIGHT,SHORT_DEEP_RUN_FILTER
focused_composite_b5_x70_e1_w15,1790894760000,MAINTAIN,,LIGHT,SHORT_DEEP_RUN_FILTER
focused_composite_b5_x70_e1_w15,1790894820000,EXIT,exit_sustained_rolling_motion,LIGHT,
focused_composite_b5_x70_e1_w15,1790895180000,ENTER,enter_stable_window,DEEP,
focused_composite_b5_x70_e1_w15,1790896320000,EXIT,exit_missing_motion,LIGHT,
focused_composite_b5_x70_e1_w10,1790880360000,ENTER,enter_stable_window,DEEP,
focused_composite_b5_x70_e1_w10,1790881140000,EXIT,exit_sustained_rolling_motion,LIGHT,
focused_composite_b5_x70_e1_w10,1790881800000,ENTER,enter_stable_window,DEEP,
focused_composite_b5_x70_e1_w10,1790882100000,EXIT,exit_coupling_lost,LIGHT,
focused_composite_b5_x70_e1_w10,1790885160000,ENTER,enter_stable_window,DEEP,
focused_composite_b5_x70_e1_w10,1790885580000,EXIT,exit_sustained_rolling_motion,LIGHT,
focused_composite_b5_x70_e1_w10,1790885820000,ENTER,enter_stable_window,DEEP,
focused_composite_b5_x70_e1_w10,1790886120000,EXIT,exit_sustained_rolling_motion,LIGHT,
focused_composite_b5_x70_e1_w10,1790886300000,ENTER,enter_stable_window,DEEP,
focused_composite_b5_x70_e1_w10,1790889840000,EXIT,exit_coupling_lost,LIGHT,
focused_composite_b5_x70_e1_w10,1790892900000,ENTER,enter_stable_window,DEEP,
focused_composite_b5_x70_e1_w10,1790893320000,EXIT,exit_sustained_rolling_motion,LIGHT,
focused_composite_b5_x70_e1_w10,1790893560000,ENTER,enter_stable_window,DEEP,
focused_composite_b5_x70_e1_w10,1790894340000,EXIT,exit_sustained_rolling_motion,LIGHT,
focused_composite_b5_x70_e1_w10,1790894580000,ENTER,enter_stable_window,LIGHT,SHORT_DEEP_RUN_FILTER
focused_composite_b5_x70_e1_w10,1790894640000,MAINTAIN,,LIGHT,SHORT_DEEP_RUN_FILTER
focused_composite_b5_x70_e1_w10,1790894700000,MAINTAIN,,LIGHT,SHORT_DEEP_RUN_FILTER
focused_composite_b5_x70_e1_w10,1790894760000,MAINTAIN,,LIGHT,SHORT_DEEP_RUN_FILTER
focused_composite_b5_x70_e1_w10,1790894820000,EXIT,exit_sustained_rolling_motion,LIGHT,
focused_composite_b5_x70_e1_w10,1790895420000,ENTER,enter_stable_window,DEEP,
focused_composite_b5_x70_e1_w10,1790896320000,EXIT,exit_missing_motion,LIGHT,
focused_composite_b5_x65_e3_w15,1790880180000,ENTER,enter_stable_window,DEEP,
focused_composite_b5_x65_e3_w15,1790881260000,EXIT,exit_sustained_rolling_motion,LIGHT,
focused_composite_b5_x65_e3_w15,1790881380000,ENTER,enter_stable_window,LIGHT,SHORT_DEEP_RUN_FILTER
focused_composite_b5_x65_e3_w15,1790881440000,MAINTAIN,,LIGHT,SHORT_DEEP_RUN_FILTER
focused_composite_b5_x65_e3_w15,1790881500000,MAINTAIN,,LIGHT,SHORT_DEEP_RUN_FILTER
focused_composite_b5_x65_e3_w15,1790881560000,EXIT,exit_sustained_rolling_motion,LIGHT,
focused_composite_b5_x65_e3_w15,1790885820000,ENTER,enter_stable_window,DEEP,
focused_composite_b5_x65_e3_w15,1790886240000,EXIT,exit_sustained_rolling_motion,LIGHT,
focused_composite_b5_x65_e3_w15,1790886300000,ENTER,enter_stable_window,DEEP,
focused_composite_b5_x65_e3_w15,1790889840000,EXIT,exit_coupling_lost,LIGHT,
focused_composite_b5_x65_e3_w15,1790893080000,ENTER,enter_stable_window,DEEP,
focused_composite_b5_x65_e3_w15,1790893440000,EXIT,exit_sustained_rolling_motion,LIGHT,
focused_composite_b5_x65_e3_w15,1790893560000,ENTER,enter_stable_window,DEEP,
focused_composite_b5_x65_e3_w15,1790894460000,EXIT,exit_sustained_rolling_motion,LIGHT,
focused_composite_b5_x65_e3_w15,1790894580000,ENTER,enter_stable_window,DEEP,
focused_composite_b5_x65_e3_w15,1790894940000,EXIT,exit_sustained_rolling_motion,LIGHT,
focused_composite_b5_x65_e3_w15,1790895180000,ENTER,enter_stable_window,DEEP,
focused_composite_b5_x65_e3_w15,1790896320000,EXIT,exit_missing_motion,LIGHT,
focused_composite_b5_x65_e3_w10,1790880360000,ENTER,enter_stable_window,DEEP,
focused_composite_b5_x65_e3_w10,1790881260000,EXIT,exit_sustained_rolling_motion,LIGHT,
focused_composite_b5_x65_e3_w10,1790881800000,ENTER,enter_stable_window,DEEP,
focused_composite_b5_x65_e3_w10,1790882100000,EXIT,exit_coupling_lost,LIGHT,
focused_composite_b5_x65_e3_w10,1790885160000,ENTER,enter_stable_window,DEEP,
focused_composite_b5_x65_e3_w10,1790885580000,EXIT,exit_sustained_rolling_motion,LIGHT,
focused_composite_b5_x65_e3_w10,1790885820000,ENTER,enter_stable_window,DEEP,
focused_composite_b5_x65_e3_w10,1790886240000,EXIT,exit_sustained_rolling_motion,LIGHT,
focused_composite_b5_x65_e3_w10,1790886300000,ENTER,enter_stable_window,DEEP,
focused_composite_b5_x65_e3_w10,1790889840000,EXIT,exit_coupling_lost,LIGHT,
focused_composite_b5_x65_e3_w10,1790892900000,ENTER,enter_stable_window,DEEP,
focused_composite_b5_x65_e3_w10,1790893440000,EXIT,exit_sustained_rolling_motion,LIGHT,
focused_composite_b5_x65_e3_w10,1790893560000,ENTER,enter_stable_window,DEEP,
focused_composite_b5_x65_e3_w10,1790894460000,EXIT,exit_sustained_rolling_motion,LIGHT,
focused_composite_b5_x65_e3_w10,1790894580000,ENTER,enter_stable_window,DEEP,
focused_composite_b5_x65_e3_w10,1790894940000,EXIT,exit_sustained_rolling_motion,LIGHT,
focused_composite_b5_x65_e3_w10,1790895420000,ENTER,enter_stable_window,DEEP,
focused_composite_b5_x65_e3_w10,1790896320000,EXIT,exit_missing_motion,LIGHT,
focused_composite_b5_x65_e2_w15,1790880180000,ENTER,enter_stable_window,DEEP,
focused_composite_b5_x65_e2_w15,1790881200000,EXIT,exit_sustained_rolling_motion,LIGHT,
focused_composite_b5_x65_e2_w15,1790881380000,ENTER,enter_stable_window,LIGHT,SHORT_DEEP_RUN_FILTER
focused_composite_b5_x65_e2_w15,1790881440000,MAINTAIN,,LIGHT,SHORT_DEEP_RUN_FILTER
focused_composite_b5_x65_e2_w15,1790881500000,EXIT,exit_sustained_rolling_motion,LIGHT,
focused_composite_b5_x65_e2_w15,1790885820000,ENTER,enter_stable_window,DEEP,
focused_composite_b5_x65_e2_w15,1790886180000,EXIT,exit_sustained_rolling_motion,LIGHT,
focused_composite_b5_x65_e2_w15,1790886300000,ENTER,enter_stable_window,DEEP,
focused_composite_b5_x65_e2_w15,1790889840000,EXIT,exit_coupling_lost,LIGHT,
focused_composite_b5_x65_e2_w15,1790893080000,ENTER,enter_stable_window,DEEP,
focused_composite_b5_x65_e2_w15,1790893380000,EXIT,exit_sustained_rolling_motion,LIGHT,
focused_composite_b5_x65_e2_w15,1790893560000,ENTER,enter_stable_window,DEEP,
focused_composite_b5_x65_e2_w15,1790894400000,EXIT,exit_sustained_rolling_motion,LIGHT,
focused_composite_b5_x65_e2_w15,1790894580000,ENTER,enter_stable_window,DEEP,
focused_composite_b5_x65_e2_w15,1790894880000,EXIT,exit_sustained_rolling_motion,LIGHT,
focused_composite_b5_x65_e2_w15,1790895180000,ENTER,enter_stable_window,DEEP,
focused_composite_b5_x65_e2_w15,1790896320000,EXIT,exit_missing_motion,LIGHT,
focused_composite_b5_x65_e2_w10,1790880360000,ENTER,enter_stable_window,DEEP,
focused_composite_b5_x65_e2_w10,1790881200000,EXIT,exit_sustained_rolling_motion,LIGHT,
focused_composite_b5_x65_e2_w10,1790881800000,ENTER,enter_stable_window,DEEP,
focused_composite_b5_x65_e2_w10,1790882100000,EXIT,exit_coupling_lost,LIGHT,
focused_composite_b5_x65_e2_w10,1790885160000,ENTER,enter_stable_window,DEEP,
focused_composite_b5_x65_e2_w10,1790885520000,EXIT,exit_sustained_rolling_motion,LIGHT,
focused_composite_b5_x65_e2_w10,1790885820000,ENTER,enter_stable_window,DEEP,
focused_composite_b5_x65_e2_w10,1790886180000,EXIT,exit_sustained_rolling_motion,LIGHT,
focused_composite_b5_x65_e2_w10,1790886300000,ENTER,enter_stable_window,DEEP,
focused_composite_b5_x65_e2_w10,1790889840000,EXIT,exit_coupling_lost,LIGHT,
focused_composite_b5_x65_e2_w10,1790892900000,ENTER,enter_stable_window,DEEP,
focused_composite_b5_x65_e2_w10,1790893380000,EXIT,exit_sustained_rolling_motion,LIGHT,
focused_composite_b5_x65_e2_w10,1790893560000,ENTER,enter_stable_window,DEEP,
focused_composite_b5_x65_e2_w10,1790894400000,EXIT,exit_sustained_rolling_motion,LIGHT,
focused_composite_b5_x65_e2_w10,1790894580000,ENTER,enter_stable_window,DEEP,
focused_composite_b5_x65_e2_w10,1790894880000,EXIT,exit_sustained_rolling_motion,LIGHT,
focused_composite_b5_x65_e2_w10,1790895420000,ENTER,enter_stable_window,DEEP,
focused_composite_b5_x65_e2_w10,1790896320000,EXIT,exit_missing_motion,LIGHT,
focused_composite_b5_x65_e1_w15,1790880180000,ENTER,enter_stable_window,DEEP,
focused_composite_b5_x65_e1_w15,1790881140000,EXIT,exit_sustained_rolling_motion,LIGHT,
focused_composite_b5_x65_e1_w15,1790881380000,ENTER,enter_stable_window,LIGHT,SHORT_DEEP_RUN_FILTER
focused_composite_b5_x65_e1_w15,1790881440000,EXIT,exit_sustained_rolling_motion,LIGHT,
focused_composite_b5_x65_e1_w15,1790885820000,ENTER,enter_stable_window,DEEP,
focused_composite_b5_x65_e1_w15,1790886120000,EXIT,exit_sustained_rolling_motion,LIGHT,
focused_composite_b5_x65_e1_w15,1790886300000,ENTER,enter_stable_window,DEEP,
focused_composite_b5_x65_e1_w15,1790889840000,EXIT,exit_coupling_lost,LIGHT,
focused_composite_b5_x65_e1_w15,1790893080000,ENTER,enter_stable_window,LIGHT,SHORT_DEEP_RUN_FILTER
focused_composite_b5_x65_e1_w15,1790893140000,MAINTAIN,,LIGHT,SHORT_DEEP_RUN_FILTER
focused_composite_b5_x65_e1_w15,1790893200000,MAINTAIN,,LIGHT,SHORT_DEEP_RUN_FILTER
focused_composite_b5_x65_e1_w15,1790893260000,MAINTAIN,,LIGHT,SHORT_DEEP_RUN_FILTER
focused_composite_b5_x65_e1_w15,1790893320000,EXIT,exit_sustained_rolling_motion,LIGHT,
focused_composite_b5_x65_e1_w15,1790893560000,ENTER,enter_stable_window,DEEP,
focused_composite_b5_x65_e1_w15,1790894340000,EXIT,exit_sustained_rolling_motion,LIGHT,
focused_composite_b5_x65_e1_w15,1790894580000,ENTER,enter_stable_window,LIGHT,SHORT_DEEP_RUN_FILTER
focused_composite_b5_x65_e1_w15,1790894640000,MAINTAIN,,LIGHT,SHORT_DEEP_RUN_FILTER
focused_composite_b5_x65_e1_w15,1790894700000,MAINTAIN,,LIGHT,SHORT_DEEP_RUN_FILTER
focused_composite_b5_x65_e1_w15,1790894760000,MAINTAIN,,LIGHT,SHORT_DEEP_RUN_FILTER
focused_composite_b5_x65_e1_w15,1790894820000,EXIT,exit_sustained_rolling_motion,LIGHT,
focused_composite_b5_x65_e1_w15,1790895180000,ENTER,enter_stable_window,DEEP,
focused_composite_b5_x65_e1_w15,1790896320000,EXIT,exit_missing_motion,LIGHT,
focused_composite_b5_x65_e1_w10,1790880360000,ENTER,enter_stable_window,DEEP,
focused_composite_b5_x65_e1_w10,1790881140000,EXIT,exit_sustained_rolling_motion,LIGHT,
focused_composite_b5_x65_e1_w10,1790881800000,ENTER,enter_stable_window,LIGHT,SHORT_DEEP_RUN_FILTER
focused_composite_b5_x65_e1_w10,1790881860000,MAINTAIN,,LIGHT,SHORT_DEEP_RUN_FILTER
focused_composite_b5_x65_e1_w10,1790881920000,MAINTAIN,,LIGHT,SHORT_DEEP_RUN_FILTER
focused_composite_b5_x65_e1_w10,1790881980000,EXIT,exit_sustained_rolling_motion,LIGHT,
focused_composite_b5_x65_e1_w10,1790882040000,ENTER,enter_stable_window,LIGHT,SHORT_DEEP_RUN_FILTER
focused_composite_b5_x65_e1_w10,1790882100000,EXIT,exit_coupling_lost,LIGHT,
focused_composite_b5_x65_e1_w10,1790885160000,ENTER,enter_stable_window,DEEP,
focused_composite_b5_x65_e1_w10,1790885460000,EXIT,exit_sustained_rolling_motion,LIGHT,
focused_composite_b5_x65_e1_w10,1790885520000,ENTER,enter_stable_window,LIGHT,SHORT_DEEP_RUN_FILTER
focused_composite_b5_x65_e1_w10,1790885580000,EXIT,exit_sustained_rolling_motion,LIGHT,
focused_composite_b5_x65_e1_w10,1790885820000,ENTER,enter_stable_window,DEEP,
focused_composite_b5_x65_e1_w10,1790886120000,EXIT,exit_sustained_rolling_motion,LIGHT,
focused_composite_b5_x65_e1_w10,1790886300000,ENTER,enter_stable_window,DEEP,
focused_composite_b5_x65_e1_w10,1790889840000,EXIT,exit_coupling_lost,LIGHT,
focused_composite_b5_x65_e1_w10,1790892900000,ENTER,enter_stable_window,DEEP,
focused_composite_b5_x65_e1_w10,1790893320000,EXIT,exit_sustained_rolling_motion,LIGHT,
focused_composite_b5_x65_e1_w10,1790893560000,ENTER,enter_stable_window,DEEP,
focused_composite_b5_x65_e1_w10,1790894340000,EXIT,exit_sustained_rolling_motion,LIGHT,
focused_composite_b5_x65_e1_w10,1790894580000,ENTER,enter_stable_window,LIGHT,SHORT_DEEP_RUN_FILTER
focused_composite_b5_x65_e1_w10,1790894640000,MAINTAIN,,LIGHT,SHORT_DEEP_RUN_FILTER
focused_composite_b5_x65_e1_w10,1790894700000,MAINTAIN,,LIGHT,SHORT_DEEP_RUN_FILTER
focused_composite_b5_x65_e1_w10,1790894760000,MAINTAIN,,LIGHT,SHORT_DEEP_RUN_FILTER
focused_composite_b5_x65_e1_w10,1790894820000,EXIT,exit_sustained_rolling_motion,LIGHT,
focused_composite_b5_x65_e1_w10,1790895420000,ENTER,enter_stable_window,DEEP,
focused_composite_b5_x65_e1_w10,1790896320000,EXIT,exit_missing_motion,LIGHT,
focused_composite_b5_x50_e3_w15,1790880180000,ENTER,enter_stable_window,LIGHT,SHORT_DEEP_RUN_FILTER
focused_composite_b5_x50_e3_w15,1790880240000,MAINTAIN,,LIGHT,SHORT_DEEP_RUN_FILTER
focused_composite_b5_x50_e3_w15,1790880300000,MAINTAIN,,LIGHT,SHORT_DEEP_RUN_FILTER
focused_composite_b5_x50_e3_w15,1790880360000,EXIT,exit_sustained_rolling_motion,LIGHT,
focused_composite_b5_x50_e3_w15,1790880420000,ENTER,enter_stable_window,LIGHT,SHORT_DEEP_RUN_FILTER
focused_composite_b5_x50_e3_w15,1790880480000,MAINTAIN,,LIGHT,SHORT_DEEP_RUN_FILTER
focused_composite_b5_x50_e3_w15,1790880540000,MAINTAIN,,LIGHT,SHORT_DEEP_RUN_FILTER
focused_composite_b5_x50_e3_w15,1790880600000,EXIT,exit_sustained_rolling_motion,LIGHT,
focused_composite_b5_x50_e3_w15,1790880660000,ENTER,enter_stable_window,LIGHT,SHORT_DEEP_RUN_FILTER
focused_composite_b5_x50_e3_w15,1790880720000,MAINTAIN,,LIGHT,SHORT_DEEP_RUN_FILTER
focused_composite_b5_x50_e3_w15,1790880780000,MAINTAIN,,LIGHT,SHORT_DEEP_RUN_FILTER
focused_composite_b5_x50_e3_w15,1790880840000,EXIT,exit_sustained_rolling_motion,LIGHT,
focused_composite_b5_x50_e3_w15,1790880900000,ENTER,enter_stable_window,DEEP,
focused_composite_b5_x50_e3_w15,1790881260000,EXIT,exit_sustained_rolling_motion,LIGHT,
focused_composite_b5_x50_e3_w15,1790881380000,ENTER,enter_stable_window,LIGHT,SHORT_DEEP_RUN_FILTER
focused_composite_b5_x50_e3_w15,1790881440000,MAINTAIN,,LIGHT,SHORT_DEEP_RUN_FILTER
focused_composite_b5_x50_e3_w15,1790881500000,MAINTAIN,,LIGHT,SHORT_DEEP_RUN_FILTER
focused_composite_b5_x50_e3_w15,1790881560000,EXIT,exit_sustained_rolling_motion,LIGHT,
focused_composite_b5_x50_e3_w15,1790885820000,ENTER,enter_stable_window,DEEP,
focused_composite_b5_x50_e3_w15,1790886240000,EXIT,exit_sustained_rolling_motion,LIGHT,
focused_composite_b5_x50_e3_w15,1790886300000,ENTER,enter_stable_window,DEEP,
focused_composite_b5_x50_e3_w15,1790889840000,EXIT,exit_coupling_lost,LIGHT,
focused_composite_b5_x50_e3_w15,1790893080000,ENTER,enter_stable_window,DEEP,
focused_composite_b5_x50_e3_w15,1790893440000,EXIT,exit_sustained_rolling_motion,LIGHT,
focused_composite_b5_x50_e3_w15,1790893560000,ENTER,enter_stable_window,DEEP,
focused_composite_b5_x50_e3_w15,1790894460000,EXIT,exit_sustained_rolling_motion,LIGHT,
focused_composite_b5_x50_e3_w15,1790894580000,ENTER,enter_stable_window,DEEP,
focused_composite_b5_x50_e3_w15,1790894880000,EXIT,exit_sustained_rolling_motion,LIGHT,
focused_composite_b5_x50_e3_w15,1790895180000,ENTER,enter_stable_window,LIGHT,SHORT_DEEP_RUN_FILTER
focused_composite_b5_x50_e3_w15,1790895240000,MAINTAIN,,LIGHT,SHORT_DEEP_RUN_FILTER
focused_composite_b5_x50_e3_w15,1790895300000,MAINTAIN,,LIGHT,SHORT_DEEP_RUN_FILTER
focused_composite_b5_x50_e3_w15,1790895360000,EXIT,exit_sustained_rolling_motion,LIGHT,
focused_composite_b5_x50_e3_w15,1790895420000,ENTER,enter_stable_window,DEEP,
focused_composite_b5_x50_e3_w15,1790895840000,EXIT,exit_sustained_rolling_motion,LIGHT,
focused_composite_b5_x50_e3_w15,1790895900000,ENTER,enter_stable_window,DEEP,
focused_composite_b5_x50_e3_w15,1790896320000,EXIT,exit_missing_motion,LIGHT,
focused_composite_b5_x50_e3_w10,1790880360000,ENTER,enter_stable_window,LIGHT,SHORT_DEEP_RUN_FILTER
focused_composite_b5_x50_e3_w10,1790880420000,MAINTAIN,,LIGHT,SHORT_DEEP_RUN_FILTER
focused_composite_b5_x50_e3_w10,1790880480000,MAINTAIN,,LIGHT,SHORT_DEEP_RUN_FILTER
focused_composite_b5_x50_e3_w10,1790880540000,EXIT,exit_sustained_rolling_motion,LIGHT,
focused_composite_b5_x50_e3_w10,1790880600000,ENTER,enter_stable_window,LIGHT,SHORT_DEEP_RUN_FILTER
focused_composite_b5_x50_e3_w10,1790880660000,MAINTAIN,,LIGHT,SHORT_DEEP_RUN_FILTER
focused_composite_b5_x50_e3_w10,1790880720000,MAINTAIN,,LIGHT,SHORT_DEEP_RUN_FILTER
focused_composite_b5_x50_e3_w10,1790880780000,EXIT,exit_sustained_rolling_motion,LIGHT,
focused_composite_b5_x50_e3_w10,1790880840000,ENTER,enter_stable_window,DEEP,
focused_composite_b5_x50_e3_w10,1790881260000,EXIT,exit_sustained_rolling_motion,LIGHT,
focused_composite_b5_x50_e3_w10,1790881800000,ENTER,enter_stable_window,LIGHT,SHORT_DEEP_RUN_FILTER
focused_composite_b5_x50_e3_w10,1790881860000,MAINTAIN,,LIGHT,SHORT_DEEP_RUN_FILTER
focused_composite_b5_x50_e3_w10,1790881920000,MAINTAIN,,LIGHT,SHORT_DEEP_RUN_FILTER
focused_composite_b5_x50_e3_w10,1790881980000,EXIT,exit_sustained_rolling_motion,LIGHT,
focused_composite_b5_x50_e3_w10,1790882040000,ENTER,enter_stable_window,LIGHT,SHORT_DEEP_RUN_FILTER
focused_composite_b5_x50_e3_w10,1790882100000,EXIT,exit_coupling_lost,LIGHT,
focused_composite_b5_x50_e3_w10,1790885160000,ENTER,enter_stable_window,DEEP,
focused_composite_b5_x50_e3_w10,1790885580000,EXIT,exit_sustained_rolling_motion,LIGHT,
focused_composite_b5_x50_e3_w10,1790885820000,ENTER,enter_stable_window,DEEP,
focused_composite_b5_x50_e3_w10,1790886240000,EXIT,exit_sustained_rolling_motion,LIGHT,
focused_composite_b5_x50_e3_w10,1790886300000,ENTER,enter_stable_window,DEEP,
focused_composite_b5_x50_e3_w10,1790889840000,EXIT,exit_coupling_lost,LIGHT,
focused_composite_b5_x50_e3_w10,1790892900000,ENTER,enter_stable_window,DEEP,
focused_composite_b5_x50_e3_w10,1790893440000,EXIT,exit_sustained_rolling_motion,LIGHT,
focused_composite_b5_x50_e3_w10,1790893560000,ENTER,enter_stable_window,DEEP,
focused_composite_b5_x50_e3_w10,1790894460000,EXIT,exit_sustained_rolling_motion,LIGHT,
focused_composite_b5_x50_e3_w10,1790894580000,ENTER,enter_stable_window,DEEP,
focused_composite_b5_x50_e3_w10,1790894880000,EXIT,exit_sustained_rolling_motion,LIGHT,
focused_composite_b5_x50_e3_w10,1790895420000,ENTER,enter_stable_window,DEEP,
focused_composite_b5_x50_e3_w10,1790895840000,EXIT,exit_sustained_rolling_motion,LIGHT,
focused_composite_b5_x50_e3_w10,1790895900000,ENTER,enter_stable_window,DEEP,
focused_composite_b5_x50_e3_w10,1790896320000,EXIT,exit_missing_motion,LIGHT,
focused_composite_b5_x50_e2_w15,1790880180000,ENTER,enter_stable_window,LIGHT,SHORT_DEEP_RUN_FILTER
focused_composite_b5_x50_e2_w15,1790880240000,MAINTAIN,,LIGHT,SHORT_DEEP_RUN_FILTER
focused_composite_b5_x50_e2_w15,1790880300000,EXIT,exit_sustained_rolling_motion,LIGHT,
focused_composite_b5_x50_e2_w15,1790880360000,ENTER,enter_stable_window,LIGHT,SHORT_DEEP_RUN_FILTER
focused_composite_b5_x50_e2_w15,1790880420000,MAINTAIN,,LIGHT,SHORT_DEEP_RUN_FILTER
focused_composite_b5_x50_e2_w15,1790880480000,EXIT,exit_sustained_rolling_motion,LIGHT,
focused_composite_b5_x50_e2_w15,1790880540000,ENTER,enter_stable_window,LIGHT,SHORT_DEEP_RUN_FILTER
focused_composite_b5_x50_e2_w15,1790880600000,MAINTAIN,,LIGHT,SHORT_DEEP_RUN_FILTER
focused_composite_b5_x50_e2_w15,1790880660000,EXIT,exit_sustained_rolling_motion,LIGHT,
focused_composite_b5_x50_e2_w15,1790880720000,ENTER,enter_stable_window,LIGHT,SHORT_DEEP_RUN_FILTER
focused_composite_b5_x50_e2_w15,1790880780000,MAINTAIN,,LIGHT,SHORT_DEEP_RUN_FILTER
focused_composite_b5_x50_e2_w15,1790880840000,EXIT,exit_sustained_rolling_motion,LIGHT,
focused_composite_b5_x50_e2_w15,1790880900000,ENTER,enter_stable_window,DEEP,
focused_composite_b5_x50_e2_w15,1790881200000,EXIT,exit_sustained_rolling_motion,LIGHT,
focused_composite_b5_x50_e2_w15,1790881380000,ENTER,enter_stable_window,LIGHT,SHORT_DEEP_RUN_FILTER
focused_composite_b5_x50_e2_w15,1790881440000,MAINTAIN,,LIGHT,SHORT_DEEP_RUN_FILTER
focused_composite_b5_x50_e2_w15,1790881500000,EXIT,exit_sustained_rolling_motion,LIGHT,
focused_composite_b5_x50_e2_w15,1790885820000,ENTER,enter_stable_window,DEEP,
focused_composite_b5_x50_e2_w15,1790886180000,EXIT,exit_sustained_rolling_motion,LIGHT,
focused_composite_b5_x50_e2_w15,1790886300000,ENTER,enter_stable_window,DEEP,
focused_composite_b5_x50_e2_w15,1790889780000,EXIT,exit_sustained_rolling_motion,LIGHT,
focused_composite_b5_x50_e2_w15,1790893080000,ENTER,enter_stable_window,DEEP,
focused_composite_b5_x50_e2_w15,1790893380000,EXIT,exit_sustained_rolling_motion,LIGHT,
focused_composite_b5_x50_e2_w15,1790893560000,ENTER,enter_stable_window,DEEP,
focused_composite_b5_x50_e2_w15,1790894400000,EXIT,exit_sustained_rolling_motion,LIGHT,
focused_composite_b5_x50_e2_w15,1790894580000,ENTER,enter_stable_window,LIGHT,SHORT_DEEP_RUN_FILTER
focused_composite_b5_x50_e2_w15,1790894640000,MAINTAIN,,LIGHT,SHORT_DEEP_RUN_FILTER
focused_composite_b5_x50_e2_w15,1790894700000,MAINTAIN,,LIGHT,SHORT_DEEP_RUN_FILTER
focused_composite_b5_x50_e2_w15,1790894760000,MAINTAIN,,LIGHT,SHORT_DEEP_RUN_FILTER
focused_composite_b5_x50_e2_w15,1790894820000,EXIT,exit_sustained_rolling_motion,LIGHT,
focused_composite_b5_x50_e2_w15,1790895180000,ENTER,enter_stable_window,LIGHT,SHORT_DEEP_RUN_FILTER
focused_composite_b5_x50_e2_w15,1790895240000,MAINTAIN,,LIGHT,SHORT_DEEP_RUN_FILTER
focused_composite_b5_x50_e2_w15,1790895300000,EXIT,exit_sustained_rolling_motion,LIGHT,
focused_composite_b5_x50_e2_w15,1790895360000,ENTER,enter_stable_window,DEEP,
focused_composite_b5_x50_e2_w15,1790895780000,EXIT,exit_sustained_rolling_motion,LIGHT,
focused_composite_b5_x50_e2_w15,1790895840000,ENTER,enter_stable_window,LIGHT,SHORT_DEEP_RUN_FILTER
focused_composite_b5_x50_e2_w15,1790895900000,MAINTAIN,,LIGHT,SHORT_DEEP_RUN_FILTER
focused_composite_b5_x50_e2_w15,1790895960000,EXIT,exit_sustained_rolling_motion,LIGHT,
focused_composite_b5_x50_e2_w15,1790896020000,ENTER,enter_stable_window,DEEP,
focused_composite_b5_x50_e2_w15,1790896320000,EXIT,exit_missing_motion,LIGHT,
focused_composite_b5_x50_e2_w10,1790880360000,ENTER,enter_stable_window,LIGHT,SHORT_DEEP_RUN_FILTER
focused_composite_b5_x50_e2_w10,1790880420000,MAINTAIN,,LIGHT,SHORT_DEEP_RUN_FILTER
focused_composite_b5_x50_e2_w10,1790880480000,EXIT,exit_sustained_rolling_motion,LIGHT,
focused_composite_b5_x50_e2_w10,1790880540000,ENTER,enter_stable_window,LIGHT,SHORT_DEEP_RUN_FILTER
focused_composite_b5_x50_e2_w10,1790880600000,MAINTAIN,,LIGHT,SHORT_DEEP_RUN_FILTER
focused_composite_b5_x50_e2_w10,1790880660000,EXIT,exit_sustained_rolling_motion,LIGHT,
focused_composite_b5_x50_e2_w10,1790880720000,ENTER,enter_stable_window,LIGHT,SHORT_DEEP_RUN_FILTER
focused_composite_b5_x50_e2_w10,1790880780000,MAINTAIN,,LIGHT,SHORT_DEEP_RUN_FILTER
focused_composite_b5_x50_e2_w10,1790880840000,EXIT,exit_sustained_rolling_motion,LIGHT,
focused_composite_b5_x50_e2_w10,1790880900000,ENTER,enter_stable_window,DEEP,
focused_composite_b5_x50_e2_w10,1790881200000,EXIT,exit_sustained_rolling_motion,LIGHT,
focused_composite_b5_x50_e2_w10,1790881800000,ENTER,enter_stable_window,LIGHT,SHORT_DEEP_RUN_FILTER
focused_composite_b5_x50_e2_w10,1790881860000,MAINTAIN,,LIGHT,SHORT_DEEP_RUN_FILTER
focused_composite_b5_x50_e2_w10,1790881920000,EXIT,exit_sustained_rolling_motion,LIGHT,
focused_composite_b5_x50_e2_w10,1790881980000,ENTER,enter_stable_window,LIGHT,SHORT_DEEP_RUN_FILTER
focused_composite_b5_x50_e2_w10,1790882040000,MAINTAIN,,LIGHT,SHORT_DEEP_RUN_FILTER
focused_composite_b5_x50_e2_w10,1790882100000,EXIT,exit_coupling_lost,LIGHT,
focused_composite_b5_x50_e2_w10,1790885160000,ENTER,enter_stable_window,DEEP,
focused_composite_b5_x50_e2_w10,1790885520000,EXIT,exit_sustained_rolling_motion,LIGHT,
focused_composite_b5_x50_e2_w10,1790885820000,ENTER,enter_stable_window,DEEP,
focused_composite_b5_x50_e2_w10,1790886180000,EXIT,exit_sustained_rolling_motion,LIGHT,
focused_composite_b5_x50_e2_w10,1790886300000,ENTER,enter_stable_window,DEEP,
focused_composite_b5_x50_e2_w10,1790889780000,EXIT,exit_sustained_rolling_motion,LIGHT,
focused_composite_b5_x50_e2_w10,1790892900000,ENTER,enter_stable_window,DEEP,
focused_composite_b5_x50_e2_w10,1790893380000,EXIT,exit_sustained_rolling_motion,LIGHT,
focused_composite_b5_x50_e2_w10,1790893560000,ENTER,enter_stable_window,DEEP,
focused_composite_b5_x50_e2_w10,1790894400000,EXIT,exit_sustained_rolling_motion,LIGHT,
focused_composite_b5_x50_e2_w10,1790894580000,ENTER,enter_stable_window,LIGHT,SHORT_DEEP_RUN_FILTER
focused_composite_b5_x50_e2_w10,1790894640000,MAINTAIN,,LIGHT,SHORT_DEEP_RUN_FILTER
focused_composite_b5_x50_e2_w10,1790894700000,MAINTAIN,,LIGHT,SHORT_DEEP_RUN_FILTER
focused_composite_b5_x50_e2_w10,1790894760000,MAINTAIN,,LIGHT,SHORT_DEEP_RUN_FILTER
focused_composite_b5_x50_e2_w10,1790894820000,EXIT,exit_sustained_rolling_motion,LIGHT,
focused_composite_b5_x50_e2_w10,1790895420000,ENTER,enter_stable_window,DEEP,
focused_composite_b5_x50_e2_w10,1790895780000,EXIT,exit_sustained_rolling_motion,LIGHT,
focused_composite_b5_x50_e2_w10,1790895840000,ENTER,enter_stable_window,LIGHT,SHORT_DEEP_RUN_FILTER
focused_composite_b5_x50_e2_w10,1790895900000,MAINTAIN,,LIGHT,SHORT_DEEP_RUN_FILTER
focused_composite_b5_x50_e2_w10,1790895960000,EXIT,exit_sustained_rolling_motion,LIGHT,
focused_composite_b5_x50_e2_w10,1790896020000,ENTER,enter_stable_window,DEEP,
focused_composite_b5_x50_e2_w10,1790896320000,EXIT,exit_missing_motion,LIGHT,
focused_composite_b5_x50_e1_w15,1790880180000,ENTER,enter_stable_window,LIGHT,SHORT_DEEP_RUN_FILTER
focused_composite_b5_x50_e1_w15,1790880240000,EXIT,exit_sustained_rolling_motion,LIGHT,
focused_composite_b5_x50_e1_w15,1790880300000,ENTER,enter_stable_window,LIGHT,SHORT_DEEP_RUN_FILTER
focused_composite_b5_x50_e1_w15,1790880360000,EXIT,exit_sustained_rolling_motion,LIGHT,
focused_composite_b5_x50_e1_w15,1790880420000,ENTER,enter_stable_window,LIGHT,SHORT_DEEP_RUN_FILTER
focused_composite_b5_x50_e1_w15,1790880480000,EXIT,exit_sustained_rolling_motion,LIGHT,
focused_composite_b5_x50_e1_w15,1790880540000,ENTER,enter_stable_window,LIGHT,SHORT_DEEP_RUN_FILTER
focused_composite_b5_x50_e1_w15,1790880600000,EXIT,exit_sustained_rolling_motion,LIGHT,
focused_composite_b5_x50_e1_w15,1790880660000,ENTER,enter_stable_window,LIGHT,SHORT_DEEP_RUN_FILTER
focused_composite_b5_x50_e1_w15,1790880720000,EXIT,exit_sustained_rolling_motion,LIGHT,
focused_composite_b5_x50_e1_w15,1790880780000,ENTER,enter_stable_window,LIGHT,SHORT_DEEP_RUN_FILTER
focused_composite_b5_x50_e1_w15,1790880840000,EXIT,exit_sustained_rolling_motion,LIGHT,
focused_composite_b5_x50_e1_w15,1790880900000,ENTER,enter_stable_window,LIGHT,SHORT_DEEP_RUN_FILTER
focused_composite_b5_x50_e1_w15,1790880960000,EXIT,exit_sustained_rolling_motion,LIGHT,
focused_composite_b5_x50_e1_w15,1790881020000,ENTER,enter_stable_window,LIGHT,SHORT_DEEP_RUN_FILTER
focused_composite_b5_x50_e1_w15,1790881080000,MAINTAIN,,LIGHT,SHORT_DEEP_RUN_FILTER
focused_composite_b5_x50_e1_w15,1790881140000,EXIT,exit_sustained_rolling_motion,LIGHT,
focused_composite_b5_x50_e1_w15,1790881380000,ENTER,enter_stable_window,LIGHT,SHORT_DEEP_RUN_FILTER
focused_composite_b5_x50_e1_w15,1790881440000,EXIT,exit_sustained_rolling_motion,LIGHT,
focused_composite_b5_x50_e1_w15,1790885820000,ENTER,enter_stable_window,DEEP,
focused_composite_b5_x50_e1_w15,1790886120000,EXIT,exit_sustained_rolling_motion,LIGHT,
focused_composite_b5_x50_e1_w15,1790886300000,ENTER,enter_stable_window,LIGHT,SHORT_DEEP_RUN_FILTER
focused_composite_b5_x50_e1_w15,1790886360000,EXIT,exit_sustained_rolling_motion,LIGHT,
focused_composite_b5_x50_e1_w15,1790886420000,ENTER,enter_stable_window,DEEP,
focused_composite_b5_x50_e1_w15,1790889720000,EXIT,exit_sustained_rolling_motion,LIGHT,
focused_composite_b5_x50_e1_w15,1790889780000,ENTER,enter_stable_window,LIGHT,SHORT_DEEP_RUN_FILTER
focused_composite_b5_x50_e1_w15,1790889840000,EXIT,exit_coupling_lost,LIGHT,
focused_composite_b5_x50_e1_w15,1790893080000,ENTER,enter_stable_window,LIGHT,SHORT_DEEP_RUN_FILTER
focused_composite_b5_x50_e1_w15,1790893140000,MAINTAIN,,LIGHT,SHORT_DEEP_RUN_FILTER
focused_composite_b5_x50_e1_w15,1790893200000,MAINTAIN,,LIGHT,SHORT_DEEP_RUN_FILTER
focused_composite_b5_x50_e1_w15,1790893260000,MAINTAIN,,LIGHT,SHORT_DEEP_RUN_FILTER
focused_composite_b5_x50_e1_w15,1790893320000,EXIT,exit_sustained_rolling_motion,LIGHT,
focused_composite_b5_x50_e1_w15,1790893560000,ENTER,enter_stable_window,DEEP,
focused_composite_b5_x50_e1_w15,1790894340000,EXIT,exit_sustained_rolling_motion,LIGHT,
focused_composite_b5_x50_e1_w15,1790894580000,ENTER,enter_stable_window,LIGHT,SHORT_DEEP_RUN_FILTER
focused_composite_b5_x50_e1_w15,1790894640000,MAINTAIN,,LIGHT,SHORT_DEEP_RUN_FILTER
focused_composite_b5_x50_e1_w15,1790894700000,MAINTAIN,,LIGHT,SHORT_DEEP_RUN_FILTER
focused_composite_b5_x50_e1_w15,1790894760000,EXIT,exit_sustained_rolling_motion,LIGHT,
focused_composite_b5_x50_e1_w15,1790895180000,ENTER,enter_stable_window,LIGHT,SHORT_DEEP_RUN_FILTER
focused_composite_b5_x50_e1_w15,1790895240000,EXIT,exit_sustained_rolling_motion,LIGHT,
focused_composite_b5_x50_e1_w15,1790895300000,ENTER,enter_stable_window,LIGHT,SHORT_DEEP_RUN_FILTER
focused_composite_b5_x50_e1_w15,1790895360000,EXIT,exit_sustained_rolling_motion,LIGHT,
focused_composite_b5_x50_e1_w15,1790895420000,ENTER,enter_stable_window,DEEP,
focused_composite_b5_x50_e1_w15,1790895720000,EXIT,exit_sustained_rolling_motion,LIGHT,
focused_composite_b5_x50_e1_w15,1790895780000,ENTER,enter_stable_window,LIGHT,SHORT_DEEP_RUN_FILTER
focused_composite_b5_x50_e1_w15,1790895840000,EXIT,exit_sustained_rolling_motion,LIGHT,
focused_composite_b5_x50_e1_w15,1790895900000,ENTER,enter_stable_window,LIGHT,SHORT_DEEP_RUN_FILTER
focused_composite_b5_x50_e1_w15,1790895960000,EXIT,exit_sustained_rolling_motion,LIGHT,
focused_composite_b5_x50_e1_w15,1790896020000,ENTER,enter_stable_window,DEEP,
focused_composite_b5_x50_e1_w15,1790896320000,EXIT,exit_missing_motion,LIGHT,
focused_composite_b5_x50_e1_w10,1790880360000,ENTER,enter_stable_window,LIGHT,SHORT_DEEP_RUN_FILTER
focused_composite_b5_x50_e1_w10,1790880420000,EXIT,exit_sustained_rolling_motion,LIGHT,
focused_composite_b5_x50_e1_w10,1790880480000,ENTER,enter_stable_window,LIGHT,SHORT_DEEP_RUN_FILTER
focused_composite_b5_x50_e1_w10,1790880540000,EXIT,exit_sustained_rolling_motion,LIGHT,
focused_composite_b5_x50_e1_w10,1790880600000,ENTER,enter_stable_window,LIGHT,SHORT_DEEP_RUN_FILTER
focused_composite_b5_x50_e1_w10,1790880660000,EXIT,exit_sustained_rolling_motion,LIGHT,
focused_composite_b5_x50_e1_w10,1790880720000,ENTER,enter_stable_window,LIGHT,SHORT_DEEP_RUN_FILTER
focused_composite_b5_x50_e1_w10,1790880780000,EXIT,exit_sustained_rolling_motion,LIGHT,
focused_composite_b5_x50_e1_w10,1790880840000,ENTER,enter_stable_window,LIGHT,SHORT_DEEP_RUN_FILTER
focused_composite_b5_x50_e1_w10,1790880900000,MAINTAIN,,LIGHT,SHORT_DEEP_RUN_FILTER
focused_composite_b5_x50_e1_w10,1790880960000,EXIT,exit_sustained_rolling_motion,LIGHT,
focused_composite_b5_x50_e1_w10,1790881020000,ENTER,enter_stable_window,LIGHT,SHORT_DEEP_RUN_FILTER
focused_composite_b5_x50_e1_w10,1790881080000,MAINTAIN,,LIGHT,SHORT_DEEP_RUN_FILTER
focused_composite_b5_x50_e1_w10,1790881140000,EXIT,exit_sustained_rolling_motion,LIGHT,
focused_composite_b5_x50_e1_w10,1790881800000,ENTER,enter_stable_window,LIGHT,SHORT_DEEP_RUN_FILTER
focused_composite_b5_x50_e1_w10,1790881860000,EXIT,exit_sustained_rolling_motion,LIGHT,
focused_composite_b5_x50_e1_w10,1790881920000,ENTER,enter_stable_window,LIGHT,SHORT_DEEP_RUN_FILTER
focused_composite_b5_x50_e1_w10,1790881980000,EXIT,exit_sustained_rolling_motion,LIGHT,
focused_composite_b5_x50_e1_w10,1790882040000,ENTER,enter_stable_window,LIGHT,SHORT_DEEP_RUN_FILTER
focused_composite_b5_x50_e1_w10,1790882100000,EXIT,exit_coupling_lost,LIGHT,
focused_composite_b5_x50_e1_w10,1790885160000,ENTER,enter_stable_window,DEEP,
focused_composite_b5_x50_e1_w10,1790885460000,EXIT,exit_sustained_rolling_motion,LIGHT,
focused_composite_b5_x50_e1_w10,1790885520000,ENTER,enter_stable_window,LIGHT,SHORT_DEEP_RUN_FILTER
focused_composite_b5_x50_e1_w10,1790885580000,EXIT,exit_sustained_rolling_motion,LIGHT,
focused_composite_b5_x50_e1_w10,1790885820000,ENTER,enter_stable_window,DEEP,
focused_composite_b5_x50_e1_w10,1790886120000,EXIT,exit_sustained_rolling_motion,LIGHT,
focused_composite_b5_x50_e1_w10,1790886300000,ENTER,enter_stable_window,LIGHT,SHORT_DEEP_RUN_FILTER
focused_composite_b5_x50_e1_w10,1790886360000,EXIT,exit_sustained_rolling_motion,LIGHT,
focused_composite_b5_x50_e1_w10,1790886420000,ENTER,enter_stable_window,DEEP,
focused_composite_b5_x50_e1_w10,1790889720000,EXIT,exit_sustained_rolling_motion,LIGHT,
focused_composite_b5_x50_e1_w10,1790889780000,ENTER,enter_stable_window,LIGHT,SHORT_DEEP_RUN_FILTER
focused_composite_b5_x50_e1_w10,1790889840000,EXIT,exit_coupling_lost,LIGHT,
focused_composite_b5_x50_e1_w10,1790892900000,ENTER,enter_stable_window,DEEP,
focused_composite_b5_x50_e1_w10,1790893320000,EXIT,exit_sustained_rolling_motion,LIGHT,
focused_composite_b5_x50_e1_w10,1790893560000,ENTER,enter_stable_window,DEEP,
focused_composite_b5_x50_e1_w10,1790894340000,EXIT,exit_sustained_rolling_motion,LIGHT,
focused_composite_b5_x50_e1_w10,1790894580000,ENTER,enter_stable_window,LIGHT,SHORT_DEEP_RUN_FILTER
focused_composite_b5_x50_e1_w10,1790894640000,MAINTAIN,,LIGHT,SHORT_DEEP_RUN_FILTER
focused_composite_b5_x50_e1_w10,1790894700000,MAINTAIN,,LIGHT,SHORT_DEEP_RUN_FILTER
focused_composite_b5_x50_e1_w10,1790894760000,EXIT,exit_sustained_rolling_motion,LIGHT,
focused_composite_b5_x50_e1_w10,1790895420000,ENTER,enter_stable_window,DEEP,
focused_composite_b5_x50_e1_w10,1790895720000,EXIT,exit_sustained_rolling_motion,LIGHT,
focused_composite_b5_x50_e1_w10,1790895780000,ENTER,enter_stable_window,LIGHT,SHORT_DEEP_RUN_FILTER
focused_composite_b5_x50_e1_w10,1790895840000,EXIT,exit_sustained_rolling_motion,LIGHT,
focused_composite_b5_x50_e1_w10,1790895900000,ENTER,enter_stable_window,LIGHT,SHORT_DEEP_RUN_FILTER
focused_composite_b5_x50_e1_w10,1790895960000,EXIT,exit_sustained_rolling_motion,LIGHT,
focused_composite_b5_x50_e1_w10,1790896020000,ENTER,enter_stable_window,DEEP,
focused_composite_b5_x50_e1_w10,1790896320000,EXIT,exit_missing_motion,LIGHT,
focused_composite_b2_x70_e3_w15,1790880180000,ENTER,enter_stable_window,DEEP,
focused_composite_b2_x70_e3_w15,1790881260000,EXIT,exit_sustained_rolling_motion,LIGHT,
focused_composite_b2_x70_e3_w15,1790881380000,ENTER,enter_stable_window,DEEP,
focused_composite_b2_x70_e3_w15,1790882100000,EXIT,exit_coupling_lost,LIGHT,
focused_composite_b2_x70_e3_w15,1790885820000,ENTER,enter_stable_window,DEEP,
focused_composite_b2_x70_e3_w15,1790886240000,EXIT,exit_sustained_rolling_motion,LIGHT,
focused_composite_b2_x70_e3_w15,1790886300000,ENTER,enter_stable_window,DEEP,
focused_composite_b2_x70_e3_w15,1790889840000,EXIT,exit_coupling_lost,LIGHT,
focused_composite_b2_x70_e3_w15,1790893080000,ENTER,enter_stable_window,DEEP,
focused_composite_b2_x70_e3_w15,1790893440000,EXIT,exit_sustained_rolling_motion,LIGHT,
focused_composite_b2_x70_e3_w15,1790893560000,ENTER,enter_stable_window,DEEP,
focused_composite_b2_x70_e3_w15,1790894460000,EXIT,exit_sustained_rolling_motion,LIGHT,
focused_composite_b2_x70_e3_w15,1790894580000,ENTER,enter_stable_window,DEEP,
focused_composite_b2_x70_e3_w15,1790894940000,EXIT,exit_sustained_rolling_motion,LIGHT,
focused_composite_b2_x70_e3_w15,1790895180000,ENTER,enter_stable_window,DEEP,
focused_composite_b2_x70_e3_w15,1790896320000,EXIT,exit_missing_motion,LIGHT,
focused_composite_b2_x70_e3_w10,1790880360000,ENTER,enter_stable_window,DEEP,
focused_composite_b2_x70_e3_w10,1790881260000,EXIT,exit_sustained_rolling_motion,LIGHT,
focused_composite_b2_x70_e3_w10,1790881800000,ENTER,enter_stable_window,DEEP,
focused_composite_b2_x70_e3_w10,1790882100000,EXIT,exit_coupling_lost,LIGHT,
focused_composite_b2_x70_e3_w10,1790885160000,ENTER,enter_stable_window,DEEP,
focused_composite_b2_x70_e3_w10,1790885700000,EXIT,exit_sustained_rolling_motion,LIGHT,
focused_composite_b2_x70_e3_w10,1790885820000,ENTER,enter_stable_window,DEEP,
focused_composite_b2_x70_e3_w10,1790886240000,EXIT,exit_sustained_rolling_motion,LIGHT,
focused_composite_b2_x70_e3_w10,1790886300000,ENTER,enter_stable_window,DEEP,
focused_composite_b2_x70_e3_w10,1790889840000,EXIT,exit_coupling_lost,LIGHT,
focused_composite_b2_x70_e3_w10,1790892900000,ENTER,enter_stable_window,DEEP,
focused_composite_b2_x70_e3_w10,1790893440000,EXIT,exit_sustained_rolling_motion,LIGHT,
focused_composite_b2_x70_e3_w10,1790893560000,ENTER,enter_stable_window,DEEP,
focused_composite_b2_x70_e3_w10,1790894460000,EXIT,exit_sustained_rolling_motion,LIGHT,
focused_composite_b2_x70_e3_w10,1790894580000,ENTER,enter_stable_window,DEEP,
focused_composite_b2_x70_e3_w10,1790894940000,EXIT,exit_sustained_rolling_motion,LIGHT,
focused_composite_b2_x70_e3_w10,1790895420000,ENTER,enter_stable_window,DEEP,
focused_composite_b2_x70_e3_w10,1790896320000,EXIT,exit_missing_motion,LIGHT,
focused_composite_b2_x70_e2_w15,1790880180000,ENTER,enter_stable_window,DEEP,
focused_composite_b2_x70_e2_w15,1790881200000,EXIT,exit_sustained_rolling_motion,LIGHT,
focused_composite_b2_x70_e2_w15,1790881380000,ENTER,enter_stable_window,DEEP,
focused_composite_b2_x70_e2_w15,1790882100000,EXIT,exit_coupling_lost,LIGHT,
focused_composite_b2_x70_e2_w15,1790885820000,ENTER,enter_stable_window,DEEP,
focused_composite_b2_x70_e2_w15,1790886180000,EXIT,exit_sustained_rolling_motion,LIGHT,
focused_composite_b2_x70_e2_w15,1790886300000,ENTER,enter_stable_window,DEEP,
focused_composite_b2_x70_e2_w15,1790889840000,EXIT,exit_coupling_lost,LIGHT,
focused_composite_b2_x70_e2_w15,1790893080000,ENTER,enter_stable_window,DEEP,
focused_composite_b2_x70_e2_w15,1790893380000,EXIT,exit_sustained_rolling_motion,LIGHT,
focused_composite_b2_x70_e2_w15,1790893560000,ENTER,enter_stable_window,DEEP,
focused_composite_b2_x70_e2_w15,1790894400000,EXIT,exit_sustained_rolling_motion,LIGHT,
focused_composite_b2_x70_e2_w15,1790894580000,ENTER,enter_stable_window,DEEP,
focused_composite_b2_x70_e2_w15,1790894880000,EXIT,exit_sustained_rolling_motion,LIGHT,
focused_composite_b2_x70_e2_w15,1790895180000,ENTER,enter_stable_window,DEEP,
focused_composite_b2_x70_e2_w15,1790896320000,EXIT,exit_missing_motion,LIGHT,
focused_composite_b2_x70_e2_w10,1790880360000,ENTER,enter_stable_window,DEEP,
focused_composite_b2_x70_e2_w10,1790881200000,EXIT,exit_sustained_rolling_motion,LIGHT,
focused_composite_b2_x70_e2_w10,1790881800000,ENTER,enter_stable_window,DEEP,
focused_composite_b2_x70_e2_w10,1790882100000,EXIT,exit_coupling_lost,LIGHT,
focused_composite_b2_x70_e2_w10,1790885160000,ENTER,enter_stable_window,DEEP,
focused_composite_b2_x70_e2_w10,1790885640000,EXIT,exit_sustained_rolling_motion,LIGHT,
focused_composite_b2_x70_e2_w10,1790885820000,ENTER,enter_stable_window,DEEP,
focused_composite_b2_x70_e2_w10,1790886180000,EXIT,exit_sustained_rolling_motion,LIGHT,
focused_composite_b2_x70_e2_w10,1790886300000,ENTER,enter_stable_window,DEEP,
focused_composite_b2_x70_e2_w10,1790889840000,EXIT,exit_coupling_lost,LIGHT,
focused_composite_b2_x70_e2_w10,1790892900000,ENTER,enter_stable_window,DEEP,
focused_composite_b2_x70_e2_w10,1790893380000,EXIT,exit_sustained_rolling_motion,LIGHT,
focused_composite_b2_x70_e2_w10,1790893560000,ENTER,enter_stable_window,DEEP,
focused_composite_b2_x70_e2_w10,1790894400000,EXIT,exit_sustained_rolling_motion,LIGHT,
focused_composite_b2_x70_e2_w10,1790894580000,ENTER,enter_stable_window,DEEP,
focused_composite_b2_x70_e2_w10,1790894880000,EXIT,exit_sustained_rolling_motion,LIGHT,
focused_composite_b2_x70_e2_w10,1790895420000,ENTER,enter_stable_window,DEEP,
focused_composite_b2_x70_e2_w10,1790896320000,EXIT,exit_missing_motion,LIGHT,
focused_composite_b2_x70_e1_w15,1790880180000,ENTER,enter_stable_window,DEEP,
focused_composite_b2_x70_e1_w15,1790881140000,EXIT,exit_sustained_rolling_motion,LIGHT,
focused_composite_b2_x70_e1_w15,1790881380000,ENTER,enter_stable_window,DEEP,
focused_composite_b2_x70_e1_w15,1790882100000,EXIT,exit_coupling_lost,LIGHT,
focused_composite_b2_x70_e1_w15,1790885820000,ENTER,enter_stable_window,DEEP,
focused_composite_b2_x70_e1_w15,1790886120000,EXIT,exit_sustained_rolling_motion,LIGHT,
focused_composite_b2_x70_e1_w15,1790886300000,ENTER,enter_stable_window,DEEP,
focused_composite_b2_x70_e1_w15,1790889840000,EXIT,exit_coupling_lost,LIGHT,
focused_composite_b2_x70_e1_w15,1790893080000,ENTER,enter_stable_window,DEEP,
focused_composite_b2_x70_e1_w15,1790893320000,EXIT,exit_sustained_rolling_motion,LIGHT,
focused_composite_b2_x70_e1_w15,1790893560000,ENTER,enter_stable_window,DEEP,
focused_composite_b2_x70_e1_w15,1790894340000,EXIT,exit_sustained_rolling_motion,LIGHT,
focused_composite_b2_x70_e1_w15,1790894580000,ENTER,enter_stable_window,DEEP,
focused_composite_b2_x70_e1_w15,1790894820000,EXIT,exit_sustained_rolling_motion,LIGHT,
focused_composite_b2_x70_e1_w15,1790895180000,ENTER,enter_stable_window,DEEP,
focused_composite_b2_x70_e1_w15,1790896320000,EXIT,exit_missing_motion,LIGHT,
focused_composite_b2_x70_e1_w10,1790880360000,ENTER,enter_stable_window,DEEP,
focused_composite_b2_x70_e1_w10,1790881140000,EXIT,exit_sustained_rolling_motion,LIGHT,
focused_composite_b2_x70_e1_w10,1790881800000,ENTER,enter_stable_window,DEEP,
focused_composite_b2_x70_e1_w10,1790882100000,EXIT,exit_coupling_lost,LIGHT,
focused_composite_b2_x70_e1_w10,1790885160000,ENTER,enter_stable_window,DEEP,
focused_composite_b2_x70_e1_w10,1790885580000,EXIT,exit_sustained_rolling_motion,LIGHT,
focused_composite_b2_x70_e1_w10,1790885820000,ENTER,enter_stable_window,DEEP,
focused_composite_b2_x70_e1_w10,1790886120000,EXIT,exit_sustained_rolling_motion,LIGHT,
focused_composite_b2_x70_e1_w10,1790886300000,ENTER,enter_stable_window,DEEP,
focused_composite_b2_x70_e1_w10,1790889840000,EXIT,exit_coupling_lost,LIGHT,
focused_composite_b2_x70_e1_w10,1790892900000,ENTER,enter_stable_window,DEEP,
focused_composite_b2_x70_e1_w10,1790893320000,EXIT,exit_sustained_rolling_motion,LIGHT,
focused_composite_b2_x70_e1_w10,1790893560000,ENTER,enter_stable_window,DEEP,
focused_composite_b2_x70_e1_w10,1790894340000,EXIT,exit_sustained_rolling_motion,LIGHT,
focused_composite_b2_x70_e1_w10,1790894580000,ENTER,enter_stable_window,DEEP,
focused_composite_b2_x70_e1_w10,1790894820000,EXIT,exit_sustained_rolling_motion,LIGHT,
focused_composite_b2_x70_e1_w10,1790895420000,ENTER,enter_stable_window,DEEP,
focused_composite_b2_x70_e1_w10,1790896320000,EXIT,exit_missing_motion,LIGHT,
focused_composite_b2_x65_e3_w15,1790880180000,ENTER,enter_stable_window,DEEP,
focused_composite_b2_x65_e3_w15,1790881260000,EXIT,exit_sustained_rolling_motion,LIGHT,
focused_composite_b2_x65_e3_w15,1790881380000,ENTER,enter_stable_window,DEEP,
focused_composite_b2_x65_e3_w15,1790881560000,EXIT,exit_sustained_rolling_motion,LIGHT,
focused_composite_b2_x65_e3_w15,1790885820000,ENTER,enter_stable_window,DEEP,
focused_composite_b2_x65_e3_w15,1790886240000,EXIT,exit_sustained_rolling_motion,LIGHT,
focused_composite_b2_x65_e3_w15,1790886300000,ENTER,enter_stable_window,DEEP,
focused_composite_b2_x65_e3_w15,1790889840000,EXIT,exit_coupling_lost,LIGHT,
focused_composite_b2_x65_e3_w15,1790893080000,ENTER,enter_stable_window,DEEP,
focused_composite_b2_x65_e3_w15,1790893440000,EXIT,exit_sustained_rolling_motion,LIGHT,
focused_composite_b2_x65_e3_w15,1790893560000,ENTER,enter_stable_window,DEEP,
focused_composite_b2_x65_e3_w15,1790894460000,EXIT,exit_sustained_rolling_motion,LIGHT,
focused_composite_b2_x65_e3_w15,1790894580000,ENTER,enter_stable_window,DEEP,
focused_composite_b2_x65_e3_w15,1790894940000,EXIT,exit_sustained_rolling_motion,LIGHT,
focused_composite_b2_x65_e3_w15,1790895180000,ENTER,enter_stable_window,DEEP,
focused_composite_b2_x65_e3_w15,1790896320000,EXIT,exit_missing_motion,LIGHT,
focused_composite_b2_x65_e3_w10,1790880360000,ENTER,enter_stable_window,DEEP,
focused_composite_b2_x65_e3_w10,1790881260000,EXIT,exit_sustained_rolling_motion,LIGHT,
focused_composite_b2_x65_e3_w10,1790881800000,ENTER,enter_stable_window,DEEP,
focused_composite_b2_x65_e3_w10,1790882100000,EXIT,exit_coupling_lost,LIGHT,
focused_composite_b2_x65_e3_w10,1790885160000,ENTER,enter_stable_window,DEEP,
focused_composite_b2_x65_e3_w10,1790885580000,EXIT,exit_sustained_rolling_motion,LIGHT,
focused_composite_b2_x65_e3_w10,1790885820000,ENTER,enter_stable_window,DEEP,
focused_composite_b2_x65_e3_w10,1790886240000,EXIT,exit_sustained_rolling_motion,LIGHT,
focused_composite_b2_x65_e3_w10,1790886300000,ENTER,enter_stable_window,DEEP,
focused_composite_b2_x65_e3_w10,1790889840000,EXIT,exit_coupling_lost,LIGHT,
focused_composite_b2_x65_e3_w10,1790892900000,ENTER,enter_stable_window,DEEP,
focused_composite_b2_x65_e3_w10,1790893440000,EXIT,exit_sustained_rolling_motion,LIGHT,
focused_composite_b2_x65_e3_w10,1790893560000,ENTER,enter_stable_window,DEEP,
focused_composite_b2_x65_e3_w10,1790894460000,EXIT,exit_sustained_rolling_motion,LIGHT,
focused_composite_b2_x65_e3_w10,1790894580000,ENTER,enter_stable_window,DEEP,
focused_composite_b2_x65_e3_w10,1790894940000,EXIT,exit_sustained_rolling_motion,LIGHT,
focused_composite_b2_x65_e3_w10,1790895420000,ENTER,enter_stable_window,DEEP,
focused_composite_b2_x65_e3_w10,1790896320000,EXIT,exit_missing_motion,LIGHT,
focused_composite_b2_x65_e2_w15,1790880180000,ENTER,enter_stable_window,DEEP,
focused_composite_b2_x65_e2_w15,1790881200000,EXIT,exit_sustained_rolling_motion,LIGHT,
focused_composite_b2_x65_e2_w15,1790881380000,ENTER,enter_stable_window,DEEP,
focused_composite_b2_x65_e2_w15,1790881500000,EXIT,exit_sustained_rolling_motion,LIGHT,
focused_composite_b2_x65_e2_w15,1790885820000,ENTER,enter_stable_window,DEEP,
focused_composite_b2_x65_e2_w15,1790886180000,EXIT,exit_sustained_rolling_motion,LIGHT,
focused_composite_b2_x65_e2_w15,1790886300000,ENTER,enter_stable_window,DEEP,
focused_composite_b2_x65_e2_w15,1790889840000,EXIT,exit_coupling_lost,LIGHT,
focused_composite_b2_x65_e2_w15,1790893080000,ENTER,enter_stable_window,DEEP,
focused_composite_b2_x65_e2_w15,1790893380000,EXIT,exit_sustained_rolling_motion,LIGHT,
focused_composite_b2_x65_e2_w15,1790893560000,ENTER,enter_stable_window,DEEP,
focused_composite_b2_x65_e2_w15,1790894400000,EXIT,exit_sustained_rolling_motion,LIGHT,
focused_composite_b2_x65_e2_w15,1790894580000,ENTER,enter_stable_window,DEEP,
focused_composite_b2_x65_e2_w15,1790894880000,EXIT,exit_sustained_rolling_motion,LIGHT,
focused_composite_b2_x65_e2_w15,1790895180000,ENTER,enter_stable_window,DEEP,
focused_composite_b2_x65_e2_w15,1790896320000,EXIT,exit_missing_motion,LIGHT,
focused_composite_b2_x65_e2_w10,1790880360000,ENTER,enter_stable_window,DEEP,
focused_composite_b2_x65_e2_w10,1790881200000,EXIT,exit_sustained_rolling_motion,LIGHT,
focused_composite_b2_x65_e2_w10,1790881800000,ENTER,enter_stable_window,DEEP,
focused_composite_b2_x65_e2_w10,1790882100000,EXIT,exit_coupling_lost,LIGHT,
focused_composite_b2_x65_e2_w10,1790885160000,ENTER,enter_stable_window,DEEP,
focused_composite_b2_x65_e2_w10,1790885520000,EXIT,exit_sustained_rolling_motion,LIGHT,
focused_composite_b2_x65_e2_w10,1790885820000,ENTER,enter_stable_window,DEEP,
focused_composite_b2_x65_e2_w10,1790886180000,EXIT,exit_sustained_rolling_motion,LIGHT,
focused_composite_b2_x65_e2_w10,1790886300000,ENTER,enter_stable_window,DEEP,
focused_composite_b2_x65_e2_w10,1790889840000,EXIT,exit_coupling_lost,LIGHT,
focused_composite_b2_x65_e2_w10,1790892900000,ENTER,enter_stable_window,DEEP,
focused_composite_b2_x65_e2_w10,1790893380000,EXIT,exit_sustained_rolling_motion,LIGHT,
focused_composite_b2_x65_e2_w10,1790893560000,ENTER,enter_stable_window,DEEP,
focused_composite_b2_x65_e2_w10,1790894400000,EXIT,exit_sustained_rolling_motion,LIGHT,
focused_composite_b2_x65_e2_w10,1790894580000,ENTER,enter_stable_window,DEEP,
focused_composite_b2_x65_e2_w10,1790894880000,EXIT,exit_sustained_rolling_motion,LIGHT,
focused_composite_b2_x65_e2_w10,1790895420000,ENTER,enter_stable_window,DEEP,
focused_composite_b2_x65_e2_w10,1790896320000,EXIT,exit_missing_motion,LIGHT,
focused_composite_b2_x65_e1_w15,1790880180000,ENTER,enter_stable_window,DEEP,
focused_composite_b2_x65_e1_w15,1790881140000,EXIT,exit_sustained_rolling_motion,LIGHT,
focused_composite_b2_x65_e1_w15,1790881380000,ENTER,enter_stable_window,LIGHT,SHORT_DEEP_RUN_FILTER
focused_composite_b2_x65_e1_w15,1790881440000,EXIT,exit_sustained_rolling_motion,LIGHT,
focused_composite_b2_x65_e1_w15,1790885820000,ENTER,enter_stable_window,DEEP,
focused_composite_b2_x65_e1_w15,1790886120000,EXIT,exit_sustained_rolling_motion,LIGHT,
focused_composite_b2_x65_e1_w15,1790886300000,ENTER,enter_stable_window,DEEP,
focused_composite_b2_x65_e1_w15,1790889840000,EXIT,exit_coupling_lost,LIGHT,
focused_composite_b2_x65_e1_w15,1790893080000,ENTER,enter_stable_window,DEEP,
focused_composite_b2_x65_e1_w15,1790893320000,EXIT,exit_sustained_rolling_motion,LIGHT,
focused_composite_b2_x65_e1_w15,1790893560000,ENTER,enter_stable_window,DEEP,
focused_composite_b2_x65_e1_w15,1790894340000,EXIT,exit_sustained_rolling_motion,LIGHT,
focused_composite_b2_x65_e1_w15,1790894580000,ENTER,enter_stable_window,DEEP,
focused_composite_b2_x65_e1_w15,1790894820000,EXIT,exit_sustained_rolling_motion,LIGHT,
focused_composite_b2_x65_e1_w15,1790895180000,ENTER,enter_stable_window,DEEP,
focused_composite_b2_x65_e1_w15,1790896320000,EXIT,exit_missing_motion,LIGHT,
focused_composite_b2_x65_e1_w10,1790880360000,ENTER,enter_stable_window,DEEP,
focused_composite_b2_x65_e1_w10,1790881140000,EXIT,exit_sustained_rolling_motion,LIGHT,
focused_composite_b2_x65_e1_w10,1790881800000,ENTER,enter_stable_window,DEEP,
focused_composite_b2_x65_e1_w10,1790881980000,EXIT,exit_sustained_rolling_motion,LIGHT,
focused_composite_b2_x65_e1_w10,1790882040000,ENTER,enter_stable_window,LIGHT,SHORT_DEEP_RUN_FILTER
focused_composite_b2_x65_e1_w10,1790882100000,EXIT,exit_coupling_lost,LIGHT,
focused_composite_b2_x65_e1_w10,1790885160000,ENTER,enter_stable_window,DEEP,
focused_composite_b2_x65_e1_w10,1790885460000,EXIT,exit_sustained_rolling_motion,LIGHT,
focused_composite_b2_x65_e1_w10,1790885520000,ENTER,enter_stable_window,LIGHT,SHORT_DEEP_RUN_FILTER
focused_composite_b2_x65_e1_w10,1790885580000,EXIT,exit_sustained_rolling_motion,LIGHT,
focused_composite_b2_x65_e1_w10,1790885820000,ENTER,enter_stable_window,DEEP,
focused_composite_b2_x65_e1_w10,1790886120000,EXIT,exit_sustained_rolling_motion,LIGHT,
focused_composite_b2_x65_e1_w10,1790886300000,ENTER,enter_stable_window,DEEP,
focused_composite_b2_x65_e1_w10,1790889840000,EXIT,exit_coupling_lost,LIGHT,
focused_composite_b2_x65_e1_w10,1790892900000,ENTER,enter_stable_window,DEEP,
focused_composite_b2_x65_e1_w10,1790893320000,EXIT,exit_sustained_rolling_motion,LIGHT,
focused_composite_b2_x65_e1_w10,1790893560000,ENTER,enter_stable_window,DEEP,
focused_composite_b2_x65_e1_w10,1790894340000,EXIT,exit_sustained_rolling_motion,LIGHT,
focused_composite_b2_x65_e1_w10,1790894580000,ENTER,enter_stable_window,DEEP,
focused_composite_b2_x65_e1_w10,1790894820000,EXIT,exit_sustained_rolling_motion,LIGHT,
focused_composite_b2_x65_e1_w10,1790895420000,ENTER,enter_stable_window,DEEP,
focused_composite_b2_x65_e1_w10,1790896320000,EXIT,exit_missing_motion,LIGHT,
focused_composite_b2_x50_e3_w15,1790880180000,ENTER,enter_stable_window,DEEP,
focused_composite_b2_x50_e3_w15,1790880360000,EXIT,exit_sustained_rolling_motion,LIGHT,
focused_composite_b2_x50_e3_w15,1790880420000,ENTER,enter_stable_window,DEEP,
focused_composite_b2_x50_e3_w15,1790880600000,EXIT,exit_sustained_rolling_motion,LIGHT,
focused_composite_b2_x50_e3_w15,1790880660000,ENTER,enter_stable_window,DEEP,
focused_composite_b2_x50_e3_w15,1790880840000,EXIT,exit_sustained_rolling_motion,LIGHT,
focused_composite_b2_x50_e3_w15,1790880900000,ENTER,enter_stable_window,DEEP,
focused_composite_b2_x50_e3_w15,1790881260000,EXIT,exit_sustained_rolling_motion,LIGHT,
focused_composite_b2_x50_e3_w15,1790881380000,ENTER,enter_stable_window,DEEP,
focused_composite_b2_x50_e3_w15,1790881560000,EXIT,exit_sustained_rolling_motion,LIGHT,
focused_composite_b2_x50_e3_w15,1790885820000,ENTER,enter_stable_window,DEEP,
focused_composite_b2_x50_e3_w15,1790886240000,EXIT,exit_sustained_rolling_motion,LIGHT,
focused_composite_b2_x50_e3_w15,1790886300000,ENTER,enter_stable_window,DEEP,
focused_composite_b2_x50_e3_w15,1790889840000,EXIT,exit_coupling_lost,LIGHT,
focused_composite_b2_x50_e3_w15,1790893080000,ENTER,enter_stable_window,DEEP,
focused_composite_b2_x50_e3_w15,1790893440000,EXIT,exit_sustained_rolling_motion,LIGHT,
focused_composite_b2_x50_e3_w15,1790893560000,ENTER,enter_stable_window,DEEP,
focused_composite_b2_x50_e3_w15,1790894460000,EXIT,exit_sustained_rolling_motion,LIGHT,
focused_composite_b2_x50_e3_w15,1790894580000,ENTER,enter_stable_window,DEEP,
focused_composite_b2_x50_e3_w15,1790894880000,EXIT,exit_sustained_rolling_motion,LIGHT,
focused_composite_b2_x50_e3_w15,1790895180000,ENTER,enter_stable_window,DEEP,
focused_composite_b2_x50_e3_w15,1790895360000,EXIT,exit_sustained_rolling_motion,LIGHT,
focused_composite_b2_x50_e3_w15,1790895420000,ENTER,enter_stable_window,DEEP,
focused_composite_b2_x50_e3_w15,1790895840000,EXIT,exit_sustained_rolling_motion,LIGHT,
focused_composite_b2_x50_e3_w15,1790895900000,ENTER,enter_stable_window,DEEP,
focused_composite_b2_x50_e3_w15,1790896320000,EXIT,exit_missing_motion,LIGHT,
focused_composite_b2_x50_e3_w10,1790880360000,ENTER,enter_stable_window,DEEP,
focused_composite_b2_x50_e3_w10,1790880540000,EXIT,exit_sustained_rolling_motion,LIGHT,
focused_composite_b2_x50_e3_w10,1790880600000,ENTER,enter_stable_window,DEEP,
focused_composite_b2_x50_e3_w10,1790880780000,EXIT,exit_sustained_rolling_motion,LIGHT,
focused_composite_b2_x50_e3_w10,1790880840000,ENTER,enter_stable_window,DEEP,
focused_composite_b2_x50_e3_w10,1790881260000,EXIT,exit_sustained_rolling_motion,LIGHT,
focused_composite_b2_x50_e3_w10,1790881800000,ENTER,enter_stable_window,DEEP,
focused_composite_b2_x50_e3_w10,1790881980000,EXIT,exit_sustained_rolling_motion,LIGHT,
focused_composite_b2_x50_e3_w10,1790882040000,ENTER,enter_stable_window,LIGHT,SHORT_DEEP_RUN_FILTER
focused_composite_b2_x50_e3_w10,1790882100000,EXIT,exit_coupling_lost,LIGHT,
focused_composite_b2_x50_e3_w10,1790885160000,ENTER,enter_stable_window,DEEP,
focused_composite_b2_x50_e3_w10,1790885580000,EXIT,exit_sustained_rolling_motion,LIGHT,
focused_composite_b2_x50_e3_w10,1790885820000,ENTER,enter_stable_window,DEEP,
focused_composite_b2_x50_e3_w10,1790886240000,EXIT,exit_sustained_rolling_motion,LIGHT,
focused_composite_b2_x50_e3_w10,1790886300000,ENTER,enter_stable_window,DEEP,
focused_composite_b2_x50_e3_w10,1790889840000,EXIT,exit_coupling_lost,LIGHT,
focused_composite_b2_x50_e3_w10,1790892900000,ENTER,enter_stable_window,DEEP,
focused_composite_b2_x50_e3_w10,1790893440000,EXIT,exit_sustained_rolling_motion,LIGHT,
focused_composite_b2_x50_e3_w10,1790893560000,ENTER,enter_stable_window,DEEP,
focused_composite_b2_x50_e3_w10,1790894460000,EXIT,exit_sustained_rolling_motion,LIGHT,
focused_composite_b2_x50_e3_w10,1790894580000,ENTER,enter_stable_window,DEEP,
focused_composite_b2_x50_e3_w10,1790894880000,EXIT,exit_sustained_rolling_motion,LIGHT,
focused_composite_b2_x50_e3_w10,1790895420000,ENTER,enter_stable_window,DEEP,
focused_composite_b2_x50_e3_w10,1790895840000,EXIT,exit_sustained_rolling_motion,LIGHT,
focused_composite_b2_x50_e3_w10,1790895900000,ENTER,enter_stable_window,DEEP,
focused_composite_b2_x50_e3_w10,1790896320000,EXIT,exit_missing_motion,LIGHT,
focused_composite_b2_x50_e2_w15,1790880180000,ENTER,enter_stable_window,DEEP,
focused_composite_b2_x50_e2_w15,1790880300000,EXIT,exit_sustained_rolling_motion,LIGHT,
focused_composite_b2_x50_e2_w15,1790880360000,ENTER,enter_stable_window,DEEP,
focused_composite_b2_x50_e2_w15,1790880480000,EXIT,exit_sustained_rolling_motion,LIGHT,
focused_composite_b2_x50_e2_w15,1790880540000,ENTER,enter_stable_window,DEEP,
focused_composite_b2_x50_e2_w15,1790880660000,EXIT,exit_sustained_rolling_motion,LIGHT,
focused_composite_b2_x50_e2_w15,1790880720000,ENTER,enter_stable_window,DEEP,
focused_composite_b2_x50_e2_w15,1790880840000,EXIT,exit_sustained_rolling_motion,LIGHT,
focused_composite_b2_x50_e2_w15,1790880900000,ENTER,enter_stable_window,DEEP,
focused_composite_b2_x50_e2_w15,1790881200000,EXIT,exit_sustained_rolling_motion,LIGHT,
focused_composite_b2_x50_e2_w15,1790881380000,ENTER,enter_stable_window,DEEP,
focused_composite_b2_x50_e2_w15,1790881500000,EXIT,exit_sustained_rolling_motion,LIGHT,
focused_composite_b2_x50_e2_w15,1790885820000,ENTER,enter_stable_window,DEEP,
focused_composite_b2_x50_e2_w15,1790886180000,EXIT,exit_sustained_rolling_motion,LIGHT,
focused_composite_b2_x50_e2_w15,1790886300000,ENTER,enter_stable_window,DEEP,
focused_composite_b2_x50_e2_w15,1790889780000,EXIT,exit_sustained_rolling_motion,LIGHT,
focused_composite_b2_x50_e2_w15,1790893080000,ENTER,enter_stable_window,DEEP,
focused_composite_b2_x50_e2_w15,1790893380000,EXIT,exit_sustained_rolling_motion,LIGHT,
focused_composite_b2_x50_e2_w15,1790893560000,ENTER,enter_stable_window,DEEP,
focused_composite_b2_x50_e2_w15,1790894400000,EXIT,exit_sustained_rolling_motion,LIGHT,
focused_composite_b2_x50_e2_w15,1790894580000,ENTER,enter_stable_window,DEEP,
focused_composite_b2_x50_e2_w15,1790894820000,EXIT,exit_sustained_rolling_motion,LIGHT,
focused_composite_b2_x50_e2_w15,1790895180000,ENTER,enter_stable_window,DEEP,
focused_composite_b2_x50_e2_w15,1790895300000,EXIT,exit_sustained_rolling_motion,LIGHT,
focused_composite_b2_x50_e2_w15,1790895360000,ENTER,enter_stable_window,DEEP,
focused_composite_b2_x50_e2_w15,1790895780000,EXIT,exit_sustained_rolling_motion,LIGHT,
focused_composite_b2_x50_e2_w15,1790895840000,ENTER,enter_stable_window,DEEP,
focused_composite_b2_x50_e2_w15,1790895960000,EXIT,exit_sustained_rolling_motion,LIGHT,
focused_composite_b2_x50_e2_w15,1790896020000,ENTER,enter_stable_window,DEEP,
focused_composite_b2_x50_e2_w15,1790896320000,EXIT,exit_missing_motion,LIGHT,
focused_composite_b2_x50_e2_w10,1790880360000,ENTER,enter_stable_window,DEEP,
focused_composite_b2_x50_e2_w10,1790880480000,EXIT,exit_sustained_rolling_motion,LIGHT,
focused_composite_b2_x50_e2_w10,1790880540000,ENTER,enter_stable_window,DEEP,
focused_composite_b2_x50_e2_w10,1790880660000,EXIT,exit_sustained_rolling_motion,LIGHT,
focused_composite_b2_x50_e2_w10,1790880720000,ENTER,enter_stable_window,DEEP,
focused_composite_b2_x50_e2_w10,1790880840000,EXIT,exit_sustained_rolling_motion,LIGHT,
focused_composite_b2_x50_e2_w10,1790880900000,ENTER,enter_stable_window,DEEP,
focused_composite_b2_x50_e2_w10,1790881200000,EXIT,exit_sustained_rolling_motion,LIGHT,
focused_composite_b2_x50_e2_w10,1790881800000,ENTER,enter_stable_window,DEEP,
focused_composite_b2_x50_e2_w10,1790881920000,EXIT,exit_sustained_rolling_motion,LIGHT,
focused_composite_b2_x50_e2_w10,1790881980000,ENTER,enter_stable_window,DEEP,
focused_composite_b2_x50_e2_w10,1790882100000,EXIT,exit_coupling_lost,LIGHT,
focused_composite_b2_x50_e2_w10,1790885160000,ENTER,enter_stable_window,DEEP,
focused_composite_b2_x50_e2_w10,1790885520000,EXIT,exit_sustained_rolling_motion,LIGHT,
focused_composite_b2_x50_e2_w10,1790885820000,ENTER,enter_stable_window,DEEP,
focused_composite_b2_x50_e2_w10,1790886180000,EXIT,exit_sustained_rolling_motion,LIGHT,
focused_composite_b2_x50_e2_w10,1790886300000,ENTER,enter_stable_window,DEEP,
focused_composite_b2_x50_e2_w10,1790889780000,EXIT,exit_sustained_rolling_motion,LIGHT,
focused_composite_b2_x50_e2_w10,1790892900000,ENTER,enter_stable_window,DEEP,
focused_composite_b2_x50_e2_w10,1790893380000,EXIT,exit_sustained_rolling_motion,LIGHT,
focused_composite_b2_x50_e2_w10,1790893560000,ENTER,enter_stable_window,DEEP,
focused_composite_b2_x50_e2_w10,1790894400000,EXIT,exit_sustained_rolling_motion,LIGHT,
focused_composite_b2_x50_e2_w10,1790894580000,ENTER,enter_stable_window,DEEP,
focused_composite_b2_x50_e2_w10,1790894820000,EXIT,exit_sustained_rolling_motion,LIGHT,
focused_composite_b2_x50_e2_w10,1790895420000,ENTER,enter_stable_window,DEEP,
focused_composite_b2_x50_e2_w10,1790895780000,EXIT,exit_sustained_rolling_motion,LIGHT,
focused_composite_b2_x50_e2_w10,1790895840000,ENTER,enter_stable_window,DEEP,
focused_composite_b2_x50_e2_w10,1790895960000,EXIT,exit_sustained_rolling_motion,LIGHT,
focused_composite_b2_x50_e2_w10,1790896020000,ENTER,enter_stable_window,DEEP,
focused_composite_b2_x50_e2_w10,1790896320000,EXIT,exit_missing_motion,LIGHT,
focused_composite_b2_x50_e1_w15,1790880180000,ENTER,enter_stable_window,LIGHT,SHORT_DEEP_RUN_FILTER
focused_composite_b2_x50_e1_w15,1790880240000,EXIT,exit_sustained_rolling_motion,LIGHT,
focused_composite_b2_x50_e1_w15,1790880300000,ENTER,enter_stable_window,LIGHT,SHORT_DEEP_RUN_FILTER
focused_composite_b2_x50_e1_w15,1790880360000,EXIT,exit_sustained_rolling_motion,LIGHT,
focused_composite_b2_x50_e1_w15,1790880420000,ENTER,enter_stable_window,LIGHT,SHORT_DEEP_RUN_FILTER
focused_composite_b2_x50_e1_w15,1790880480000,EXIT,exit_sustained_rolling_motion,LIGHT,
focused_composite_b2_x50_e1_w15,1790880540000,ENTER,enter_stable_window,LIGHT,SHORT_DEEP_RUN_FILTER
focused_composite_b2_x50_e1_w15,1790880600000,EXIT,exit_sustained_rolling_motion,LIGHT,
focused_composite_b2_x50_e1_w15,1790880660000,ENTER,enter_stable_window,LIGHT,SHORT_DEEP_RUN_FILTER
focused_composite_b2_x50_e1_w15,1790880720000,EXIT,exit_sustained_rolling_motion,LIGHT,
focused_composite_b2_x50_e1_w15,1790880780000,ENTER,enter_stable_window,LIGHT,SHORT_DEEP_RUN_FILTER
focused_composite_b2_x50_e1_w15,1790880840000,EXIT,exit_sustained_rolling_motion,LIGHT,
focused_composite_b2_x50_e1_w15,1790880900000,ENTER,enter_stable_window,LIGHT,SHORT_DEEP_RUN_FILTER
focused_composite_b2_x50_e1_w15,1790880960000,EXIT,exit_sustained_rolling_motion,LIGHT,
focused_composite_b2_x50_e1_w15,1790881020000,ENTER,enter_stable_window,DEEP,
focused_composite_b2_x50_e1_w15,1790881140000,EXIT,exit_sustained_rolling_motion,LIGHT,
focused_composite_b2_x50_e1_w15,1790881380000,ENTER,enter_stable_window,LIGHT,SHORT_DEEP_RUN_FILTER
focused_composite_b2_x50_e1_w15,1790881440000,EXIT,exit_sustained_rolling_motion,LIGHT,
focused_composite_b2_x50_e1_w15,1790885820000,ENTER,enter_stable_window,DEEP,
focused_composite_b2_x50_e1_w15,1790886120000,EXIT,exit_sustained_rolling_motion,LIGHT,
focused_composite_b2_x50_e1_w15,1790886300000,ENTER,enter_stable_window,LIGHT,SHORT_DEEP_RUN_FILTER
focused_composite_b2_x50_e1_w15,1790886360000,EXIT,exit_sustained_rolling_motion,LIGHT,
focused_composite_b2_x50_e1_w15,1790886420000,ENTER,enter_stable_window,DEEP,
focused_composite_b2_x50_e1_w15,1790889720000,EXIT,exit_sustained_rolling_motion,LIGHT,
focused_composite_b2_x50_e1_w15,1790889780000,ENTER,enter_stable_window,LIGHT,SHORT_DEEP_RUN_FILTER
focused_composite_b2_x50_e1_w15,1790889840000,EXIT,exit_coupling_lost,LIGHT,
focused_composite_b2_x50_e1_w15,1790893080000,ENTER,enter_stable_window,DEEP,
focused_composite_b2_x50_e1_w15,1790893320000,EXIT,exit_sustained_rolling_motion,LIGHT,
focused_composite_b2_x50_e1_w15,1790893560000,ENTER,enter_stable_window,DEEP,
focused_composite_b2_x50_e1_w15,1790894340000,EXIT,exit_sustained_rolling_motion,LIGHT,
focused_composite_b2_x50_e1_w15,1790894580000,ENTER,enter_stable_window,DEEP,
focused_composite_b2_x50_e1_w15,1790894760000,EXIT,exit_sustained_rolling_motion,LIGHT,
focused_composite_b2_x50_e1_w15,1790895180000,ENTER,enter_stable_window,LIGHT,SHORT_DEEP_RUN_FILTER
focused_composite_b2_x50_e1_w15,1790895240000,EXIT,exit_sustained_rolling_motion,LIGHT,
focused_composite_b2_x50_e1_w15,1790895300000,ENTER,enter_stable_window,LIGHT,SHORT_DEEP_RUN_FILTER
focused_composite_b2_x50_e1_w15,1790895360000,EXIT,exit_sustained_rolling_motion,LIGHT,
focused_composite_b2_x50_e1_w15,1790895420000,ENTER,enter_stable_window,DEEP,
focused_composite_b2_x50_e1_w15,1790895720000,EXIT,exit_sustained_rolling_motion,LIGHT,
focused_composite_b2_x50_e1_w15,1790895780000,ENTER,enter_stable_window,LIGHT,SHORT_DEEP_RUN_FILTER
focused_composite_b2_x50_e1_w15,1790895840000,EXIT,exit_sustained_rolling_motion,LIGHT,
focused_composite_b2_x50_e1_w15,1790895900000,ENTER,enter_stable_window,LIGHT,SHORT_DEEP_RUN_FILTER
focused_composite_b2_x50_e1_w15,1790895960000,EXIT,exit_sustained_rolling_motion,LIGHT,
focused_composite_b2_x50_e1_w15,1790896020000,ENTER,enter_stable_window,DEEP,
focused_composite_b2_x50_e1_w15,1790896320000,EXIT,exit_missing_motion,LIGHT,
focused_composite_b2_x50_e1_w10,1790880360000,ENTER,enter_stable_window,LIGHT,SHORT_DEEP_RUN_FILTER
focused_composite_b2_x50_e1_w10,1790880420000,EXIT,exit_sustained_rolling_motion,LIGHT,
focused_composite_b2_x50_e1_w10,1790880480000,ENTER,enter_stable_window,LIGHT,SHORT_DEEP_RUN_FILTER
focused_composite_b2_x50_e1_w10,1790880540000,EXIT,exit_sustained_rolling_motion,LIGHT,
focused_composite_b2_x50_e1_w10,1790880600000,ENTER,enter_stable_window,LIGHT,SHORT_DEEP_RUN_FILTER
focused_composite_b2_x50_e1_w10,1790880660000,EXIT,exit_sustained_rolling_motion,LIGHT,
focused_composite_b2_x50_e1_w10,1790880720000,ENTER,enter_stable_window,LIGHT,SHORT_DEEP_RUN_FILTER
focused_composite_b2_x50_e1_w10,1790880780000,EXIT,exit_sustained_rolling_motion,LIGHT,
focused_composite_b2_x50_e1_w10,1790880840000,ENTER,enter_stable_window,DEEP,
focused_composite_b2_x50_e1_w10,1790880960000,EXIT,exit_sustained_rolling_motion,LIGHT,
focused_composite_b2_x50_e1_w10,1790881020000,ENTER,enter_stable_window,DEEP,
focused_composite_b2_x50_e1_w10,1790881140000,EXIT,exit_sustained_rolling_motion,LIGHT,
focused_composite_b2_x50_e1_w10,1790881800000,ENTER,enter_stable_window,LIGHT,SHORT_DEEP_RUN_FILTER
focused_composite_b2_x50_e1_w10,1790881860000,EXIT,exit_sustained_rolling_motion,LIGHT,
focused_composite_b2_x50_e1_w10,1790881920000,ENTER,enter_stable_window,LIGHT,SHORT_DEEP_RUN_FILTER
focused_composite_b2_x50_e1_w10,1790881980000,EXIT,exit_sustained_rolling_motion,LIGHT,
focused_composite_b2_x50_e1_w10,1790882040000,ENTER,enter_stable_window,LIGHT,SHORT_DEEP_RUN_FILTER
focused_composite_b2_x50_e1_w10,1790882100000,EXIT,exit_coupling_lost,LIGHT,
focused_composite_b2_x50_e1_w10,1790885160000,ENTER,enter_stable_window,DEEP,
focused_composite_b2_x50_e1_w10,1790885460000,EXIT,exit_sustained_rolling_motion,LIGHT,
focused_composite_b2_x50_e1_w10,1790885520000,ENTER,enter_stable_window,LIGHT,SHORT_DEEP_RUN_FILTER
focused_composite_b2_x50_e1_w10,1790885580000,EXIT,exit_sustained_rolling_motion,LIGHT,
focused_composite_b2_x50_e1_w10,1790885820000,ENTER,enter_stable_window,DEEP,
focused_composite_b2_x50_e1_w10,1790886120000,EXIT,exit_sustained_rolling_motion,LIGHT,
focused_composite_b2_x50_e1_w10,1790886300000,ENTER,enter_stable_window,LIGHT,SHORT_DEEP_RUN_FILTER
focused_composite_b2_x50_e1_w10,1790886360000,EXIT,exit_sustained_rolling_motion,LIGHT,
focused_composite_b2_x50_e1_w10,1790886420000,ENTER,enter_stable_window,DEEP,
focused_composite_b2_x50_e1_w10,1790889720000,EXIT,exit_sustained_rolling_motion,LIGHT,
focused_composite_b2_x50_e1_w10,1790889780000,ENTER,enter_stable_window,LIGHT,SHORT_DEEP_RUN_FILTER
focused_composite_b2_x50_e1_w10,1790889840000,EXIT,exit_coupling_lost,LIGHT,
focused_composite_b2_x50_e1_w10,1790892900000,ENTER,enter_stable_window,DEEP,
focused_composite_b2_x50_e1_w10,1790893320000,EXIT,exit_sustained_rolling_motion,LIGHT,
focused_composite_b2_x50_e1_w10,1790893560000,ENTER,enter_stable_window,DEEP,
focused_composite_b2_x50_e1_w10,1790894340000,EXIT,exit_sustained_rolling_motion,LIGHT,
focused_composite_b2_x50_e1_w10,1790894580000,ENTER,enter_stable_window,DEEP,
focused_composite_b2_x50_e1_w10,1790894760000,EXIT,exit_sustained_rolling_motion,LIGHT,
focused_composite_b2_x50_e1_w10,1790895420000,ENTER,enter_stable_window,DEEP,
focused_composite_b2_x50_e1_w10,1790895720000,EXIT,exit_sustained_rolling_motion,LIGHT,
focused_composite_b2_x50_e1_w10,1790895780000,ENTER,enter_stable_window,LIGHT,SHORT_DEEP_RUN_FILTER
focused_composite_b2_x50_e1_w10,1790895840000,EXIT,exit_sustained_rolling_motion,LIGHT,
focused_composite_b2_x50_e1_w10,1790895900000,ENTER,enter_stable_window,LIGHT,SHORT_DEEP_RUN_FILTER
focused_composite_b2_x50_e1_w10,1790895960000,EXIT,exit_sustained_rolling_motion,LIGHT,
focused_composite_b2_x50_e1_w10,1790896020000,ENTER,enter_stable_window,DEEP,
focused_composite_b2_x50_e1_w10,1790896320000,EXIT,exit_missing_motion,LIGHT,
